Supplier_ID,Supplier_Name,Supplier_Industry,Supplier_Year,Baseline_Year,Target_Year,Reported_Emissions,Scope1_Emission,Scope2_Emission,Scope3_Emission,Gross_Spend,Revenue,Total_Emission_Value,Emission_Source_Flag,Fallback_Applied_Flag,Data_Quality_Flag,Missing_Parameter_Flag,Validation_Flag,Forecast_Year,Forecast_Method_Flag,Baseline_Emission,Target_Emission,Forecast_Emission,Glide_Path_Emission,Absolute_Reduction,Emission_Intensity,Intensity_Reduction,Gap_to_Target,Annual_Reduction_Required,Carbon_Budget_Remaining,Cumulative_Emissions,Confidence_Score,Supplier_Risk_Category,Target_Achievement_Status
SUP-0001,Professional Supplier 001,Professional Services,2024,2021,2040,,79.7811,186.6403,668.1231,16663864.5,33844140.0,934.5445,Scope 1 + Scope 2 + Scope 3,True,High,Reported_Emissions,Valid,2025,Supplier Target Pathway,1339.4925,699.2151,1204.6973,1204.6973,134.7952,7.229e-05,0.100632,505.4822,33.6988,9982.7443,1204.6973,0.986,Critical,On Track to Glide Path
SUP-0001,Professional Supplier 001,Professional Services,2024,2021,2040,,79.7811,186.6403,668.1231,16663864.5,33844140.0,934.5445,Scope 1 + Scope 2 + Scope 3,True,High,Reported_Emissions,Valid,2026,Supplier Target Pathway,1339.4925,699.2151,1170.9984,1170.9984,168.4941,7.027e-05,0.125789,471.7834,33.6988,8811.7459,2375.6957,0.986,Critical,On Track to Glide Path
SUP-0001,Professional Supplier 001,Professional Services,2024,2021,2040,,79.7811,186.6403,668.1231,16663864.5,33844140.0,934.5445,Scope 1 + Scope 2 + Scope 3,True,High,Reported_Emissions,Valid,2027,Supplier Target Pathway,1339.4925,699.2151,1137.2996,1137.2996,202.1929,6.825e-05,0.150947,438.0845,33.6988,7674.4463,3512.9953,0.986,Critical,On Track to Glide Path
SUP-0001,Professional Supplier 001,Professional Services,2024,2021,2040,,79.7811,186.6403,668.1231,16663864.5,33844140.0,934.5445,Scope 1 + Scope 2 + Scope 3,True,High,Reported_Emissions,Valid,2028,Supplier Target Pathway,1339.4925,699.2151,1103.6008,1103.6008,235.8917,6.623e-05,0.176105,404.3857,33.6988,6570.8455,4616.5961,0.986,Critical,On Track to Glide Path
SUP-0001,Professional Supplier 001,Professional Services,2024,2021,2040,,79.7811,186.6403,668.1231,16663864.5,33844140.0,934.5445,Scope 1 + Scope 2 + Scope 3,True,High,Reported_Emissions,Valid,2029,Supplier Target Pathway,1339.4925,699.2151,1069.902,1069.902,269.5905,6.42e-05,0.201263,370.6869,33.6988,5500.9435,5686.4981,0.986,Critical,On Track to Glide Path
SUP-0001,Professional Supplier 001,Professional Services,2024,2021,2040,,79.7811,186.6403,668.1231,16663864.5,33844140.0,934.5445,Scope 1 + Scope 2 + Scope 3,True,High,Reported_Emissions,Valid,2030,Supplier Target Pathway,1339.4925,699.2151,1036.2032,1036.2032,303.2893,6.218e-05,0.226421,336.9881,33.6988,4464.7403,6722.7013,0.986,Critical,On Track to Glide Path
SUP-0001,Professional Supplier 001,Professional Services,2024,2021,2040,,79.7811,186.6403,668.1231,16663864.5,33844140.0,934.5445,Scope 1 + Scope 2 + Scope 3,True,High,Reported_Emissions,Valid,2031,Supplier Target Pathway,1339.4925,699.2151,1002.5044,1002.5044,336.9881,6.016e-05,0.251579,303.2893,33.6988,3462.2359,7725.2057,0.986,Critical,On Track to Glide Path
SUP-0001,Professional Supplier 001,Professional Services,2024,2021,2040,,79.7811,186.6403,668.1231,16663864.5,33844140.0,934.5445,Scope 1 + Scope 2 + Scope 3,True,High,Reported_Emissions,Valid,2032,Supplier Target Pathway,1339.4925,699.2151,968.8056,968.8056,370.6869,5.814e-05,0.276737,269.5905,33.6988,2493.4303,8694.0113,0.986,Critical,On Track to Glide Path
SUP-0001,Professional Supplier 001,Professional Services,2024,2021,2040,,79.7811,186.6403,668.1231,16663864.5,33844140.0,934.5445,Scope 1 + Scope 2 + Scope 3,True,High,Reported_Emissions,Valid,2033,Supplier Target Pathway,1339.4925,699.2151,935.1068,935.1068,404.3857,5.612e-05,0.301895,235.8917,33.6988,1558.3235,9629.1181,0.986,High,On Track to Glide Path
SUP-0001,Professional Supplier 001,Professional Services,2024,2021,2040,,79.7811,186.6403,668.1231,16663864.5,33844140.0,934.5445,Scope 1 + Scope 2 + Scope 3,True,High,Reported_Emissions,Valid,2034,Supplier Target Pathway,1339.4925,699.2151,901.408,901.408,438.0845,5.409e-05,0.327053,202.1929,33.6988,656.9155,10530.5261,0.986,High,On Track to Glide Path
SUP-0001,Professional Supplier 001,Professional Services,2024,2021,2040,,79.7811,186.6403,668.1231,16663864.5,33844140.0,934.5445,Scope 1 + Scope 2 + Scope 3,True,High,Reported_Emissions,Valid,2035,Supplier Target Pathway,1339.4925,699.2151,867.7091,867.7091,471.7834,5.207e-05,0.352211,168.4941,33.6988,-210.7936,11398.2352,0.986,High,On Track to Glide Path
SUP-0001,Professional Supplier 001,Professional Services,2024,2021,2040,,79.7811,186.6403,668.1231,16663864.5,33844140.0,934.5445,Scope 1 + Scope 2 + Scope 3,True,High,Reported_Emissions,Valid,2036,Supplier Target Pathway,1339.4925,699.2151,834.0103,834.0103,505.4822,5.005e-05,0.377368,134.7952,33.6988,-1044.8039,12232.2455,0.986,High,On Track to Glide Path
SUP-0001,Professional Supplier 001,Professional Services,2024,2021,2040,,79.7811,186.6403,668.1231,16663864.5,33844140.0,934.5445,Scope 1 + Scope 2 + Scope 3,True,High,Reported_Emissions,Valid,2037,Supplier Target Pathway,1339.4925,699.2151,800.3115,800.3115,539.181,4.803e-05,0.402526,101.0964,33.6988,-1845.1154,13032.557,0.986,Medium,On Track to Glide Path
SUP-0001,Professional Supplier 001,Professional Services,2024,2021,2040,,79.7811,186.6403,668.1231,16663864.5,33844140.0,934.5445,Scope 1 + Scope 2 + Scope 3,True,High,Reported_Emissions,Valid,2038,Supplier Target Pathway,1339.4925,699.2151,766.6127,766.6127,572.8798,4.6e-05,0.427684,67.3976,33.6988,-2611.7281,13799.1697,0.986,Medium,On Track to Glide Path
SUP-0001,Professional Supplier 001,Professional Services,2024,2021,2040,,79.7811,186.6403,668.1231,16663864.5,33844140.0,934.5445,Scope 1 + Scope 2 + Scope 3,True,High,Reported_Emissions,Valid,2039,Supplier Target Pathway,1339.4925,699.2151,732.9139,732.9139,606.5786,4.398e-05,0.452842,33.6988,33.6988,-3344.642,14532.0836,0.986,Medium,On Track to Glide Path
SUP-0001,Professional Supplier 001,Professional Services,2024,2021,2040,,79.7811,186.6403,668.1231,16663864.5,33844140.0,934.5445,Scope 1 + Scope 2 + Scope 3,True,High,Reported_Emissions,Valid,2040,Supplier Target Pathway,1339.4925,699.2151,699.2151,699.2151,640.2774,4.196e-05,0.478,0.0,33.6988,-4043.8571,15231.2987,0.986,Low,On Track
SUP-0002,Textiles Supplier 002,Textiles,2024,2021,2040,,959.4414,990.8535,7995.6351,28033642.13,159297478.5,9945.93,Scope 1 + Scope 2 + Scope 3,True,High,Reported_Emissions,Valid,2025,Supplier Target Pathway,7477.5105,5111.6262,6979.4296,6979.4296,498.0809,0.00024897,0.066611,1867.8034,124.5202,74806.5896,6979.4296,0.99,Critical,On Track to Glide Path
SUP-0002,Textiles Supplier 002,Textiles,2024,2021,2040,,959.4414,990.8535,7995.6351,28033642.13,159297478.5,9945.93,Scope 1 + Scope 2 + Scope 3,True,High,Reported_Emissions,Valid,2026,Supplier Target Pathway,7477.5105,5111.6262,6854.9094,6854.9094,622.6011,0.00024452,0.083263,1743.2832,124.5202,67951.6802,13834.339,0.99,High,On Track to Glide Path
SUP-0002,Textiles Supplier 002,Textiles,2024,2021,2040,,959.4414,990.8535,7995.6351,28033642.13,159297478.5,9945.93,Scope 1 + Scope 2 + Scope 3,True,High,Reported_Emissions,Valid,2027,Supplier Target Pathway,7477.5105,5111.6262,6730.3891,6730.3891,747.1214,0.00024008,0.099916,1618.763,124.5202,61221.2911,20564.7281,0.99,High,On Track to Glide Path
SUP-0002,Textiles Supplier 002,Textiles,2024,2021,2040,,959.4414,990.8535,7995.6351,28033642.13,159297478.5,9945.93,Scope 1 + Scope 2 + Scope 3,True,High,Reported_Emissions,Valid,2028,Supplier Target Pathway,7477.5105,5111.6262,6605.8689,6605.8689,871.6416,0.00023564,0.116568,1494.2427,124.5202,54615.4222,27170.597,0.99,High,On Track to Glide Path
SUP-0002,Textiles Supplier 002,Textiles,2024,2021,2040,,959.4414,990.8535,7995.6351,28033642.13,159297478.5,9945.93,Scope 1 + Scope 2 + Scope 3,True,High,Reported_Emissions,Valid,2029,Supplier Target Pathway,7477.5105,5111.6262,6481.3487,6481.3487,996.1618,0.0002312,0.133221,1369.7225,124.5202,48134.0735,33651.9457,0.99,High,On Track to Glide Path
SUP-0002,Textiles Supplier 002,Textiles,2024,2021,2040,,959.4414,990.8535,7995.6351,28033642.13,159297478.5,9945.93,Scope 1 + Scope 2 + Scope 3,True,High,Reported_Emissions,Valid,2030,Supplier Target Pathway,7477.5105,5111.6262,6356.8285,6356.8285,1120.682,0.00022676,0.149874,1245.2023,124.5202,41777.245,40008.7742,0.99,High,On Track to Glide Path
SUP-0002,Textiles Supplier 002,Textiles,2024,2021,2040,,959.4414,990.8535,7995.6351,28033642.13,159297478.5,9945.93,Scope 1 + Scope 2 + Scope 3,True,High,Reported_Emissions,Valid,2031,Supplier Target Pathway,7477.5105,5111.6262,6232.3082,6232.3082,1245.2023,0.00022232,0.166526,1120.682,124.5202,35544.9368,46241.0824,0.99,High,On Track to Glide Path
SUP-0002,Textiles Supplier 002,Textiles,2024,2021,2040,,959.4414,990.8535,7995.6351,28033642.13,159297478.5,9945.93,Scope 1 + Scope 2 + Scope 3,True,High,Reported_Emissions,Valid,2032,Supplier Target Pathway,7477.5105,5111.6262,6107.788,6107.788,1369.7225,0.00021787,0.183179,996.1618,124.5202,29437.1488,52348.8704,0.99,High,On Track to Glide Path
SUP-0002,Textiles Supplier 002,Textiles,2024,2021,2040,,959.4414,990.8535,7995.6351,28033642.13,159297478.5,9945.93,Scope 1 + Scope 2 + Scope 3,True,High,Reported_Emissions,Valid,2033,Supplier Target Pathway,7477.5105,5111.6262,5983.2678,5983.2678,1494.2427,0.00021343,0.199832,871.6416,124.5202,23453.881,58332.1382,0.99,High,On Track to Glide Path
SUP-0002,Textiles Supplier 002,Textiles,2024,2021,2040,,959.4414,990.8535,7995.6351,28033642.13,159297478.5,9945.93,Scope 1 + Scope 2 + Scope 3,True,High,Reported_Emissions,Valid,2034,Supplier Target Pathway,7477.5105,5111.6262,5858.7475,5858.7475,1618.763,0.00020899,0.216484,747.1214,124.5202,17595.1335,64190.8857,0.99,Medium,On Track to Glide Path
SUP-0002,Textiles Supplier 002,Textiles,2024,2021,2040,,959.4414,990.8535,7995.6351,28033642.13,159297478.5,9945.93,Scope 1 + Scope 2 + Scope 3,True,High,Reported_Emissions,Valid,2035,Supplier Target Pathway,7477.5105,5111.6262,5734.2273,5734.2273,1743.2832,0.00020455,0.233137,622.6011,124.5202,11860.9062,69925.113,0.99,Medium,On Track to Glide Path
SUP-0002,Textiles Supplier 002,Textiles,2024,2021,2040,,959.4414,990.8535,7995.6351,28033642.13,159297478.5,9945.93,Scope 1 + Scope 2 + Scope 3,True,High,Reported_Emissions,Valid,2036,Supplier Target Pathway,7477.5105,5111.6262,5609.7071,5609.7071,1867.8034,0.00020011,0.249789,498.0809,124.5202,6251.1991,75534.8201,0.99,Medium,On Track to Glide Path
SUP-0002,Textiles Supplier 002,Textiles,2024,2021,2040,,959.4414,990.8535,7995.6351,28033642.13,159297478.5,9945.93,Scope 1 + Scope 2 + Scope 3,True,High,Reported_Emissions,Valid,2037,Supplier Target Pathway,7477.5105,5111.6262,5485.1869,5485.1869,1992.3236,0.00019566,0.266442,373.5607,124.5202,766.0122,81020.007,0.99,Medium,On Track to Glide Path
SUP-0002,Textiles Supplier 002,Textiles,2024,2021,2040,,959.4414,990.8535,7995.6351,28033642.13,159297478.5,9945.93,Scope 1 + Scope 2 + Scope 3,True,High,Reported_Emissions,Valid,2038,Supplier Target Pathway,7477.5105,5111.6262,5360.6666,5360.6666,2116.8439,0.00019122,0.283095,249.0405,124.5202,-4594.6544,86380.6736,0.99,Medium,On Track to Glide Path
SUP-0002,Textiles Supplier 002,Textiles,2024,2021,2040,,959.4414,990.8535,7995.6351,28033642.13,159297478.5,9945.93,Scope 1 + Scope 2 + Scope 3,True,High,Reported_Emissions,Valid,2039,Supplier Target Pathway,7477.5105,5111.6262,5236.1464,5236.1464,2241.3641,0.00018678,0.299747,124.5202,124.5202,-9830.8008,91616.82,0.99,Medium,On Track to Glide Path
SUP-0002,Textiles Supplier 002,Textiles,2024,2021,2040,,959.4414,990.8535,7995.6351,28033642.13,159297478.5,9945.93,Scope 1 + Scope 2 + Scope 3,True,High,Reported_Emissions,Valid,2040,Supplier Target Pathway,7477.5105,5111.6262,5111.6262,5111.6262,2365.8843,0.00018234,0.3164,0.0,124.5202,-14942.427,96728.4462,0.99,Low,On Track
SUP-0003,Electronics Supplier 003,Electronics,2024,2018,2030,6408.6921,597.869,724.7649,,14433482.87,41008991.04,6408.6921,Supplier Reported Emissions,False,High,Scope_Emissions,Valid,2025,Supplier Target Pathway,4242.1461,2315.3633,3118.1895,3118.1895,1123.9566,0.00021604,0.26495,802.8261,160.5652,10773.9903,3118.1895,0.99,High,On Track to Glide Path
SUP-0003,Electronics Supplier 003,Electronics,2024,2018,2030,6408.6921,597.869,724.7649,,14433482.87,41008991.04,6408.6921,Supplier Reported Emissions,False,High,Scope_Emissions,Valid,2026,Supplier Target Pathway,4242.1461,2315.3633,2957.6243,2957.6243,1284.5218,0.00020491,0.3028,642.2609,160.5652,7816.366,6075.8138,0.99,High,On Track to Glide Path
SUP-0003,Electronics Supplier 003,Electronics,2024,2018,2030,6408.6921,597.869,724.7649,,14433482.87,41008991.04,6408.6921,Supplier Reported Emissions,False,High,Scope_Emissions,Valid,2027,Supplier Target Pathway,4242.1461,2315.3633,2797.059,2797.059,1445.0871,0.00019379,0.34065,481.6957,160.5652,5019.307,8872.8728,0.99,High,On Track to Glide Path
SUP-0003,Electronics Supplier 003,Electronics,2024,2018,2030,6408.6921,597.869,724.7649,,14433482.87,41008991.04,6408.6921,Supplier Reported Emissions,False,High,Scope_Emissions,Valid,2028,Supplier Target Pathway,4242.1461,2315.3633,2636.4938,2636.4938,1605.6523,0.00018267,0.3785,321.1305,160.5652,2382.8132,11509.3666,0.99,Medium,On Track to Glide Path
SUP-0003,Electronics Supplier 003,Electronics,2024,2018,2030,6408.6921,597.869,724.7649,,14433482.87,41008991.04,6408.6921,Supplier Reported Emissions,False,High,Scope_Emissions,Valid,2029,Supplier Target Pathway,4242.1461,2315.3633,2475.9286,2475.9286,1766.2175,0.00017154,0.41635,160.5652,160.5652,-93.1154,13985.2952,0.99,Medium,On Track to Glide Path
SUP-0003,Electronics Supplier 003,Electronics,2024,2018,2030,6408.6921,597.869,724.7649,,14433482.87,41008991.04,6408.6921,Supplier Reported Emissions,False,High,Scope_Emissions,Valid,2030,Supplier Target Pathway,4242.1461,2315.3633,2315.3633,2315.3633,1926.7828,0.00016042,0.4542,0.0,160.5652,-2408.4787,16300.6585,0.99,Low,On Track
SUP-0003,Electronics Supplier 003,Electronics,2024,2018,2030,6408.6921,597.869,724.7649,,14433482.87,41008991.04,6408.6921,Supplier Reported Emissions,False,High,Scope_Emissions,Valid,2031,Supplier Target Pathway,4242.1461,2315.3633,2315.3633,2315.3633,1926.7828,0.00016042,0.4542,0.0,160.5652,-4723.842,18616.0218,0.99,Low,On Track
SUP-0003,Electronics Supplier 003,Electronics,2024,2018,2030,6408.6921,597.869,724.7649,,14433482.87,41008991.04,6408.6921,Supplier Reported Emissions,False,High,Scope_Emissions,Valid,2032,Supplier Target Pathway,4242.1461,2315.3633,2315.3633,2315.3633,1926.7828,0.00016042,0.4542,0.0,160.5652,-7039.2053,20931.3851,0.99,Low,On Track
SUP-0003,Electronics Supplier 003,Electronics,2024,2018,2030,6408.6921,597.869,724.7649,,14433482.87,41008991.04,6408.6921,Supplier Reported Emissions,False,High,Scope_Emissions,Valid,2033,Supplier Target Pathway,4242.1461,2315.3633,2315.3633,2315.3633,1926.7828,0.00016042,0.4542,0.0,160.5652,-9354.5686,23246.7484,0.99,Low,On Track
SUP-0003,Electronics Supplier 003,Electronics,2024,2018,2030,6408.6921,597.869,724.7649,,14433482.87,41008991.04,6408.6921,Supplier Reported Emissions,False,High,Scope_Emissions,Valid,2034,Supplier Target Pathway,4242.1461,2315.3633,2315.3633,2315.3633,1926.7828,0.00016042,0.4542,0.0,160.5652,-11669.9319,25562.1117,0.99,Low,On Track
SUP-0003,Electronics Supplier 003,Electronics,2024,2018,2030,6408.6921,597.869,724.7649,,14433482.87,41008991.04,6408.6921,Supplier Reported Emissions,False,High,Scope_Emissions,Valid,2035,Supplier Target Pathway,4242.1461,2315.3633,2315.3633,2315.3633,1926.7828,0.00016042,0.4542,0.0,160.5652,-13985.2952,27877.475,0.99,Low,On Track
SUP-0003,Electronics Supplier 003,Electronics,2024,2018,2030,6408.6921,597.869,724.7649,,14433482.87,41008991.04,6408.6921,Supplier Reported Emissions,False,High,Scope_Emissions,Valid,2036,Supplier Target Pathway,4242.1461,2315.3633,2315.3633,2315.3633,1926.7828,0.00016042,0.4542,0.0,160.5652,-16300.6585,30192.8383,0.99,Low,On Track
SUP-0003,Electronics Supplier 003,Electronics,2024,2018,2030,6408.6921,597.869,724.7649,,14433482.87,41008991.04,6408.6921,Supplier Reported Emissions,False,High,Scope_Emissions,Valid,2037,Supplier Target Pathway,4242.1461,2315.3633,2315.3633,2315.3633,1926.7828,0.00016042,0.4542,0.0,160.5652,-18616.0218,32508.2016,0.99,Low,On Track
SUP-0003,Electronics Supplier 003,Electronics,2024,2018,2030,6408.6921,597.869,724.7649,,14433482.87,41008991.04,6408.6921,Supplier Reported Emissions,False,High,Scope_Emissions,Valid,2038,Supplier Target Pathway,4242.1461,2315.3633,2315.3633,2315.3633,1926.7828,0.00016042,0.4542,0.0,160.5652,-20931.3851,34823.5649,0.99,Low,On Track
SUP-0003,Electronics Supplier 003,Electronics,2024,2018,2030,6408.6921,597.869,724.7649,,14433482.87,41008991.04,6408.6921,Supplier Reported Emissions,False,High,Scope_Emissions,Valid,2039,Supplier Target Pathway,4242.1461,2315.3633,2315.3633,2315.3633,1926.7828,0.00016042,0.4542,0.0,160.5652,-23246.7484,37138.9282,0.99,Low,On Track
SUP-0003,Electronics Supplier 003,Electronics,2024,2018,2030,6408.6921,597.869,724.7649,,14433482.87,41008991.04,6408.6921,Supplier Reported Emissions,False,High,Scope_Emissions,Valid,2040,Supplier Target Pathway,4242.1461,2315.3633,2315.3633,2315.3633,1926.7828,0.00016042,0.4542,0.0,160.5652,-25562.1117,39454.2915,0.99,Low,On Track
SUP-0004,Agriculture Supplier 004,Agriculture,2024,2020,2040,3720.5628,416.9159,451.7582,3151.0702,5955769.2,37921597.27,3720.5628,Supplier Reported Emissions,False,High,None,Valid,2025,Supplier Target Pathway,3982.5637,1644.0023,3397.9233,3397.9233,584.6404,0.00057053,0.1468,1753.9211,116.9281,22906.1135,3397.9233,0.968,Critical,On Track to Glide Path
SUP-0004,Agriculture Supplier 004,Agriculture,2024,2020,2040,3720.5628,416.9159,451.7582,3151.0702,5955769.2,37921597.27,3720.5628,Supplier Reported Emissions,False,High,None,Valid,2026,Supplier Target Pathway,3982.5637,1644.0023,3280.9953,3280.9953,701.5684,0.00055089,0.17616,1636.993,116.9281,19625.1182,6678.9186,0.968,Critical,On Track to Glide Path
SUP-0004,Agriculture Supplier 004,Agriculture,2024,2020,2040,3720.5628,416.9159,451.7582,3151.0702,5955769.2,37921597.27,3720.5628,Supplier Reported Emissions,False,High,None,Valid,2027,Supplier Target Pathway,3982.5637,1644.0023,3164.0672,3164.0672,818.4965,0.00053126,0.20552,1520.0649,116.9281,16461.051,9842.9858,0.968,Critical,On Track to Glide Path
SUP-0004,Agriculture Supplier 004,Agriculture,2024,2020,2040,3720.5628,416.9159,451.7582,3151.0702,5955769.2,37921597.27,3720.5628,Supplier Reported Emissions,False,High,None,Valid,2028,Supplier Target Pathway,3982.5637,1644.0023,3047.1391,3047.1391,935.4246,0.00051163,0.23488,1403.1368,116.9281,13413.9119,12890.1249,0.968,Critical,On Track to Glide Path
SUP-0004,Agriculture Supplier 004,Agriculture,2024,2020,2040,3720.5628,416.9159,451.7582,3151.0702,5955769.2,37921597.27,3720.5628,Supplier Reported Emissions,False,High,None,Valid,2029,Supplier Target Pathway,3982.5637,1644.0023,2930.2111,2930.2111,1052.3526,0.000492,0.26424,1286.2088,116.9281,10483.7008,15820.336,0.968,Critical,On Track to Glide Path
SUP-0004,Agriculture Supplier 004,Agriculture,2024,2020,2040,3720.5628,416.9159,451.7582,3151.0702,5955769.2,37921597.27,3720.5628,Supplier Reported Emissions,False,High,None,Valid,2030,Supplier Target Pathway,3982.5637,1644.0023,2813.283,2813.283,1169.2807,0.00047236,0.2936,1169.2807,116.9281,7670.4178,18633.619,0.968,Critical,On Track to Glide Path
SUP-0004,Agriculture Supplier 004,Agriculture,2024,2020,2040,3720.5628,416.9159,451.7582,3151.0702,5955769.2,37921597.27,3720.5628,Supplier Reported Emissions,False,High,None,Valid,2031,Supplier Target Pathway,3982.5637,1644.0023,2696.3549,2696.3549,1286.2088,0.00045273,0.32296,1052.3526,116.9281,4974.0629,21329.9739,0.968,Critical,On Track to Glide Path
SUP-0004,Agriculture Supplier 004,Agriculture,2024,2020,2040,3720.5628,416.9159,451.7582,3151.0702,5955769.2,37921597.27,3720.5628,Supplier Reported Emissions,False,High,None,Valid,2032,Supplier Target Pathway,3982.5637,1644.0023,2579.4269,2579.4269,1403.1368,0.0004331,0.35232,935.4246,116.9281,2394.636,23909.4008,0.968,Critical,On Track to Glide Path
SUP-0004,Agriculture Supplier 004,Agriculture,2024,2020,2040,3720.5628,416.9159,451.7582,3151.0702,5955769.2,37921597.27,3720.5628,Supplier Reported Emissions,False,High,None,Valid,2033,Supplier Target Pathway,3982.5637,1644.0023,2462.4988,2462.4988,1520.0649,0.00041346,0.38168,818.4965,116.9281,-67.8628,26371.8996,0.968,Critical,On Track to Glide Path
SUP-0004,Agriculture Supplier 004,Agriculture,2024,2020,2040,3720.5628,416.9159,451.7582,3151.0702,5955769.2,37921597.27,3720.5628,Supplier Reported Emissions,False,High,None,Valid,2034,Supplier Target Pathway,3982.5637,1644.0023,2345.5707,2345.5707,1636.993,0.00039383,0.41104,701.5684,116.9281,-2413.4335,28717.4703,0.968,Critical,On Track to Glide Path
SUP-0004,Agriculture Supplier 004,Agriculture,2024,2020,2040,3720.5628,416.9159,451.7582,3151.0702,5955769.2,37921597.27,3720.5628,Supplier Reported Emissions,False,High,None,Valid,2035,Supplier Target Pathway,3982.5637,1644.0023,2228.6426,2228.6426,1753.9211,0.0003742,0.4404,584.6404,116.9281,-4642.0761,30946.1129,0.968,Critical,On Track to Glide Path
SUP-0004,Agriculture Supplier 004,Agriculture,2024,2020,2040,3720.5628,416.9159,451.7582,3151.0702,5955769.2,37921597.27,3720.5628,Supplier Reported Emissions,False,High,None,Valid,2036,Supplier Target Pathway,3982.5637,1644.0023,2111.7146,2111.7146,1870.8491,0.00035457,0.46976,467.7123,116.9281,-6753.7907,33057.8275,0.968,High,On Track to Glide Path
SUP-0004,Agriculture Supplier 004,Agriculture,2024,2020,2040,3720.5628,416.9159,451.7582,3151.0702,5955769.2,37921597.27,3720.5628,Supplier Reported Emissions,False,High,None,Valid,2037,Supplier Target Pathway,3982.5637,1644.0023,1994.7865,1994.7865,1987.7772,0.00033493,0.49912,350.7842,116.9281,-8748.5772,35052.614,0.968,High,On Track to Glide Path
SUP-0004,Agriculture Supplier 004,Agriculture,2024,2020,2040,3720.5628,416.9159,451.7582,3151.0702,5955769.2,37921597.27,3720.5628,Supplier Reported Emissions,False,High,None,Valid,2038,Supplier Target Pathway,3982.5637,1644.0023,1877.8584,1877.8584,2104.7053,0.0003153,0.52848,233.8561,116.9281,-10626.4356,36930.4724,0.968,Medium,On Track to Glide Path
SUP-0004,Agriculture Supplier 004,Agriculture,2024,2020,2040,3720.5628,416.9159,451.7582,3151.0702,5955769.2,37921597.27,3720.5628,Supplier Reported Emissions,False,High,None,Valid,2039,Supplier Target Pathway,3982.5637,1644.0023,1760.9304,1760.9304,2221.6333,0.00029567,0.55784,116.9281,116.9281,-12387.366,38691.4028,0.968,Medium,On Track to Glide Path
SUP-0004,Agriculture Supplier 004,Agriculture,2024,2020,2040,3720.5628,416.9159,451.7582,3151.0702,5955769.2,37921597.27,3720.5628,Supplier Reported Emissions,False,High,None,Valid,2040,Supplier Target Pathway,3982.5637,1644.0023,1644.0023,1644.0023,2338.5614,0.00027604,0.5872,0.0,116.9281,-14031.3683,40335.4051,0.968,Low,On Track
SUP-0005,Professional Supplier 005,Professional Services,2024,2015,2040,1266.1984,155.835,82.3667,,13635020.82,57675629.87,1266.1984,Supplier Reported Emissions,False,High,Scope_Emissions,Valid,2025,Historical Trend Pathway,1369.0155,1250.7736,1278.3079,1321.7188,90.7076,9.375e-05,0.066258,27.5343,4.7297,18734.0697,1278.3079,0.841,Medium,On Track to Glide Path
SUP-0005,Professional Supplier 005,Professional Services,2024,2015,2040,1266.1984,155.835,82.3667,,13635020.82,57675629.87,1266.1984,Supplier Reported Emissions,False,High,Scope_Emissions,Valid,2026,Historical Trend Pathway,1369.0155,1250.7736,1290.5333,1316.9891,78.4822,9.465e-05,0.057327,39.7597,4.7297,17443.5364,2568.8412,0.841,Medium,On Track to Glide Path
SUP-0005,Professional Supplier 005,Professional Services,2024,2015,2040,1266.1984,155.835,82.3667,,13635020.82,57675629.87,1266.1984,Supplier Reported Emissions,False,High,Scope_Emissions,Valid,2027,Historical Trend Pathway,1369.0155,1250.7736,1302.8756,1312.2594,66.1399,9.555e-05,0.048312,52.1019,4.7297,16140.6608,3871.7168,0.841,Medium,On Track to Glide Path
SUP-0005,Professional Supplier 005,Professional Services,2024,2015,2040,1266.1984,155.835,82.3667,,13635020.82,57675629.87,1266.1984,Supplier Reported Emissions,False,High,Scope_Emissions,Valid,2028,Historical Trend Pathway,1369.0155,1250.7736,1315.3359,1307.5297,53.6796,9.647e-05,0.03921,64.5622,4.7297,14825.3249,5187.0527,0.841,Medium,Off Track
SUP-0005,Professional Supplier 005,Professional Services,2024,2015,2040,1266.1984,155.835,82.3667,,13635020.82,57675629.87,1266.1984,Supplier Reported Emissions,False,High,Scope_Emissions,Valid,2029,Historical Trend Pathway,1369.0155,1250.7736,1327.9154,1302.8001,41.1001,9.739e-05,0.030022,77.1417,4.7297,13497.4095,6514.9681,0.841,Medium,Off Track
SUP-0005,Professional Supplier 005,Professional Services,2024,2015,2040,1266.1984,155.835,82.3667,,13635020.82,57675629.87,1266.1984,Supplier Reported Emissions,False,High,Scope_Emissions,Valid,2030,Historical Trend Pathway,1369.0155,1250.7736,1340.6151,1298.0704,28.4004,9.832e-05,0.020745,89.8415,4.7297,12156.7944,7855.5832,0.841,Medium,Off Track
SUP-0005,Professional Supplier 005,Professional Services,2024,2015,2040,1266.1984,155.835,82.3667,,13635020.82,57675629.87,1266.1984,Supplier Reported Emissions,False,High,Scope_Emissions,Valid,2031,Historical Trend Pathway,1369.0155,1250.7736,1353.4364,1293.3407,15.5791,9.926e-05,0.01138,102.6628,4.7297,10803.358,9209.0196,0.841,Medium,Off Track
SUP-0005,Professional Supplier 005,Professional Services,2024,2015,2040,1266.1984,155.835,82.3667,,13635020.82,57675629.87,1266.1984,Supplier Reported Emissions,False,High,Scope_Emissions,Valid,2032,Historical Trend Pathway,1369.0155,1250.7736,1366.3802,1288.611,2.6353,0.00010021,0.001925,115.6066,4.7297,9436.9778,10575.3998,0.841,Medium,Off Track
SUP-0005,Professional Supplier 005,Professional Services,2024,2015,2040,1266.1984,155.835,82.3667,,13635020.82,57675629.87,1266.1984,Supplier Reported Emissions,False,High,Scope_Emissions,Valid,2033,Historical Trend Pathway,1369.0155,1250.7736,1379.4479,1283.8814,-10.4324,0.00010117,-0.00762,128.6743,4.7297,8057.5299,11954.8477,0.841,Medium,Off Track
SUP-0005,Professional Supplier 005,Professional Services,2024,2015,2040,1266.1984,155.835,82.3667,,13635020.82,57675629.87,1266.1984,Supplier Reported Emissions,False,High,Scope_Emissions,Valid,2034,Historical Trend Pathway,1369.0155,1250.7736,1392.6405,1279.1517,-23.625,0.00010214,-0.017257,141.8669,4.7297,6664.8894,13347.4882,0.841,Medium,Off Track
SUP-0005,Professional Supplier 005,Professional Services,2024,2015,2040,1266.1984,155.835,82.3667,,13635020.82,57675629.87,1266.1984,Supplier Reported Emissions,False,High,Scope_Emissions,Valid,2035,Historical Trend Pathway,1369.0155,1250.7736,1405.9593,1274.422,-36.9438,0.00010311,-0.026986,155.1857,4.7297,5258.9301,14753.4475,0.841,Medium,Off Track
SUP-0005,Professional Supplier 005,Professional Services,2024,2015,2040,1266.1984,155.835,82.3667,,13635020.82,57675629.87,1266.1984,Supplier Reported Emissions,False,High,Scope_Emissions,Valid,2036,Historical Trend Pathway,1369.0155,1250.7736,1419.4055,1269.6923,-50.39,0.0001041,-0.036807,168.6319,4.7297,3839.5246,16172.853,0.841,Medium,Off Track
SUP-0005,Professional Supplier 005,Professional Services,2024,2015,2040,1266.1984,155.835,82.3667,,13635020.82,57675629.87,1266.1984,Supplier Reported Emissions,False,High,Scope_Emissions,Valid,2037,Historical Trend Pathway,1369.0155,1250.7736,1432.9803,1264.9627,-63.9648,0.0001051,-0.046723,182.2066,4.7297,2406.5443,17605.8333,0.841,Medium,Off Track
SUP-0005,Professional Supplier 005,Professional Services,2024,2015,2040,1266.1984,155.835,82.3667,,13635020.82,57675629.87,1266.1984,Supplier Reported Emissions,False,High,Scope_Emissions,Valid,2038,Historical Trend Pathway,1369.0155,1250.7736,1446.6848,1260.233,-77.6693,0.0001061,-0.056734,195.9112,4.7297,959.8595,19052.5181,0.841,High,Off Track
SUP-0005,Professional Supplier 005,Professional Services,2024,2015,2040,1266.1984,155.835,82.3667,,13635020.82,57675629.87,1266.1984,Supplier Reported Emissions,False,High,Scope_Emissions,Valid,2039,Historical Trend Pathway,1369.0155,1250.7736,1460.5205,1255.5033,-91.505,0.00010712,-0.06684,209.7469,4.7297,-500.661,20513.0386,0.841,High,Off Track
SUP-0005,Professional Supplier 005,Professional Services,2024,2015,2040,1266.1984,155.835,82.3667,,13635020.82,57675629.87,1266.1984,Supplier Reported Emissions,False,High,Scope_Emissions,Valid,2040,Historical Trend Pathway,1369.0155,1250.7736,1474.4885,1250.7736,-105.473,0.00010814,-0.077043,223.7149,4.7297,-1975.1495,21987.5271,0.841,High,Off Track
SUP-0006,Agriculture Supplier 006,Agriculture,2024,2015,2040,12271.2118,1665.9707,2684.8791,7593.9697,16986081.37,,12271.2118,Supplier Reported Emissions,False,High,Revenue,Valid,2025,Historical Trend Pathway,21302.6821,13846.7434,11648.7669,18320.3066,9653.9152,0.00068578,0.453178,-2197.9765,298.2375,209899.1275,11648.7669,0.78,Low,On Track to Glide Path
SUP-0006,Agriculture Supplier 006,Agriculture,2024,2015,2040,12271.2118,1665.9707,2684.8791,7593.9697,16986081.37,,12271.2118,Supplier Reported Emissions,False,High,Revenue,Valid,2026,Historical Trend Pathway,21302.6821,13846.7434,11057.8948,18022.0691,10244.7873,0.000651,0.480915,-2788.8486,298.2375,198841.2327,22706.6617,0.78,Low,On Track to Glide Path
SUP-0006,Agriculture Supplier 006,Agriculture,2024,2015,2040,12271.2118,1665.9707,2684.8791,7593.9697,16986081.37,,12271.2118,Supplier Reported Emissions,False,High,Revenue,Valid,2027,Historical Trend Pathway,21302.6821,13846.7434,10496.9941,17723.8315,10805.688,0.00061798,0.507245,-3349.7492,298.2375,188344.2386,33203.6558,0.78,Low,On Track to Glide Path
SUP-0006,Agriculture Supplier 006,Agriculture,2024,2015,2040,12271.2118,1665.9707,2684.8791,7593.9697,16986081.37,,12271.2118,Supplier Reported Emissions,False,High,Revenue,Valid,2028,Historical Trend Pathway,21302.6821,13846.7434,9964.5446,17425.594,11338.1375,0.00058663,0.53224,-3882.1987,298.2375,178379.694,43168.2004,0.78,Low,On Track to Glide Path
SUP-0006,Agriculture Supplier 006,Agriculture,2024,2015,2040,12271.2118,1665.9707,2684.8791,7593.9697,16986081.37,,12271.2118,Supplier Reported Emissions,False,High,Revenue,Valid,2029,Historical Trend Pathway,21302.6821,13846.7434,9459.1031,17127.3564,11843.579,0.00055687,0.555967,-4387.6403,298.2375,168920.5909,52627.3035,0.78,Low,On Track to Glide Path
SUP-0006,Agriculture Supplier 006,Agriculture,2024,2015,2040,12271.2118,1665.9707,2684.8791,7593.9697,16986081.37,,12271.2118,Supplier Reported Emissions,False,High,Revenue,Valid,2030,Historical Trend Pathway,21302.6821,13846.7434,8979.2995,16829.1189,12323.3826,0.00052863,0.57849,-4867.4439,298.2375,159941.2914,61606.603,0.78,Low,On Track to Glide Path
SUP-0006,Agriculture Supplier 006,Agriculture,2024,2015,2040,12271.2118,1665.9707,2684.8791,7593.9697,16986081.37,,12271.2118,Supplier Reported Emissions,False,High,Revenue,Valid,2031,Historical Trend Pathway,21302.6821,13846.7434,8523.8335,16530.8813,12778.8486,0.00050181,0.59987,-5322.9098,298.2375,151417.4579,70130.4365,0.78,Low,On Track to Glide Path
SUP-0006,Agriculture Supplier 006,Agriculture,2024,2015,2040,12271.2118,1665.9707,2684.8791,7593.9697,16986081.37,,12271.2118,Supplier Reported Emissions,False,High,Revenue,Valid,2032,Historical Trend Pathway,21302.6821,13846.7434,8091.4706,16232.6438,13211.2115,0.00047636,0.620167,-5755.2728,298.2375,143325.9873,78221.9071,0.78,Low,On Track to Glide Path
SUP-0006,Agriculture Supplier 006,Agriculture,2024,2015,2040,12271.2118,1665.9707,2684.8791,7593.9697,16986081.37,,12271.2118,Supplier Reported Emissions,False,High,Revenue,Valid,2033,Historical Trend Pathway,21302.6821,13846.7434,7681.0388,15934.4062,13621.6433,0.0004522,0.639433,-6165.7045,298.2375,135644.9485,85902.9459,0.78,Low,On Track to Glide Path
SUP-0006,Agriculture Supplier 006,Agriculture,2024,2015,2040,12271.2118,1665.9707,2684.8791,7593.9697,16986081.37,,12271.2118,Supplier Reported Emissions,False,High,Revenue,Valid,2034,Historical Trend Pathway,21302.6821,13846.7434,7291.4258,15636.1687,14011.2563,0.00042926,0.657723,-6555.3175,298.2375,128353.5227,93194.3717,0.78,Low,On Track to Glide Path
SUP-0006,Agriculture Supplier 006,Agriculture,2024,2015,2040,12271.2118,1665.9707,2684.8791,7593.9697,16986081.37,,12271.2118,Supplier Reported Emissions,False,High,Revenue,Valid,2035,Historical Trend Pathway,21302.6821,13846.7434,6921.5755,15337.9311,14381.1066,0.00040749,0.675084,-6925.1678,298.2375,121431.9472,100115.9472,0.78,Low,On Track to Glide Path
SUP-0006,Agriculture Supplier 006,Agriculture,2024,2015,2040,12271.2118,1665.9707,2684.8791,7593.9697,16986081.37,,12271.2118,Supplier Reported Emissions,False,High,Revenue,Valid,2036,Historical Trend Pathway,21302.6821,13846.7434,6570.4855,15039.6936,14732.1966,0.00038682,0.691565,-7276.2578,298.2375,114861.4617,106686.4327,0.78,Low,On Track to Glide Path
SUP-0006,Agriculture Supplier 006,Agriculture,2024,2015,2040,12271.2118,1665.9707,2684.8791,7593.9697,16986081.37,,12271.2118,Supplier Reported Emissions,False,High,Revenue,Valid,2037,Historical Trend Pathway,21302.6821,13846.7434,6237.2042,14741.456,15065.4779,0.0003672,0.70721,-7609.5391,298.2375,108624.2575,112923.6369,0.78,Low,On Track to Glide Path
SUP-0006,Agriculture Supplier 006,Agriculture,2024,2015,2040,12271.2118,1665.9707,2684.8791,7593.9697,16986081.37,,12271.2118,Supplier Reported Emissions,False,High,Revenue,Valid,2038,Historical Trend Pathway,21302.6821,13846.7434,5920.8283,14443.2185,15381.8538,0.00034857,0.722062,-7925.9151,298.2375,102703.4292,118844.4652,0.78,Low,On Track to Glide Path
SUP-0006,Agriculture Supplier 006,Agriculture,2024,2015,2040,12271.2118,1665.9707,2684.8791,7593.9697,16986081.37,,12271.2118,Supplier Reported Emissions,False,High,Revenue,Valid,2039,Historical Trend Pathway,21302.6821,13846.7434,5620.5002,14144.9809,15682.1819,0.00033089,0.73616,-8226.2432,298.2375,97082.929,124464.9654,0.78,Low,On Track to Glide Path
SUP-0006,Agriculture Supplier 006,Agriculture,2024,2015,2040,12271.2118,1665.9707,2684.8791,7593.9697,16986081.37,,12271.2118,Supplier Reported Emissions,False,High,Revenue,Valid,2040,Historical Trend Pathway,21302.6821,13846.7434,5335.4059,13846.7434,15967.2762,0.0003141,0.749543,-8511.3374,298.2375,91747.5231,129800.3713,0.78,Low,On Track
SUP-0007,Chemicals Supplier 007,Chemicals,2024,2019,2030,6696.6134,1664.6513,1142.706,,13812841.6,123886547.06,6696.6134,Supplier Reported Emissions,False,High,Scope_Emissions,Valid,2025,Supplier Target Pathway,8489.83,3673.5494,5862.7679,5862.7679,2627.0621,0.00042444,0.309436,2189.2184,437.8437,16178.5285,5862.7679,0.99,Critical,On Track to Glide Path
SUP-0007,Chemicals Supplier 007,Chemicals,2024,2019,2030,6696.6134,1664.6513,1142.706,,13812841.6,123886547.06,6696.6134,Supplier Reported Emissions,False,High,Scope_Emissions,Valid,2026,Supplier Target Pathway,8489.83,3673.5494,5424.9242,5424.9242,3064.9058,0.00039274,0.361009,1751.3747,437.8437,10753.6043,11287.6921,0.99,Critical,On Track to Glide Path
SUP-0007,Chemicals Supplier 007,Chemicals,2024,2019,2030,6696.6134,1664.6513,1142.706,,13812841.6,123886547.06,6696.6134,Supplier Reported Emissions,False,High,Scope_Emissions,Valid,2027,Supplier Target Pathway,8489.83,3673.5494,4987.0805,4987.0805,3502.7495,0.00036105,0.412582,1313.5311,437.8437,5766.5238,16274.7726,0.99,Critical,On Track to Glide Path
SUP-0007,Chemicals Supplier 007,Chemicals,2024,2019,2030,6696.6134,1664.6513,1142.706,,13812841.6,123886547.06,6696.6134,Supplier Reported Emissions,False,High,Scope_Emissions,Valid,2028,Supplier Target Pathway,8489.83,3673.5494,4549.2368,4549.2368,3940.5932,0.00032935,0.464155,875.6874,437.8437,1217.287,20824.0094,0.99,High,On Track to Glide Path
SUP-0007,Chemicals Supplier 007,Chemicals,2024,2019,2030,6696.6134,1664.6513,1142.706,,13812841.6,123886547.06,6696.6134,Supplier Reported Emissions,False,High,Scope_Emissions,Valid,2029,Supplier Target Pathway,8489.83,3673.5494,4111.3931,4111.3931,4378.4369,0.00029765,0.515727,437.8437,437.8437,-2894.1061,24935.4025,0.99,Medium,On Track to Glide Path
SUP-0007,Chemicals Supplier 007,Chemicals,2024,2019,2030,6696.6134,1664.6513,1142.706,,13812841.6,123886547.06,6696.6134,Supplier Reported Emissions,False,High,Scope_Emissions,Valid,2030,Supplier Target Pathway,8489.83,3673.5494,3673.5494,3673.5494,4816.2806,0.00026595,0.5673,0.0,437.8437,-6567.6555,28608.9519,0.99,Low,On Track
SUP-0007,Chemicals Supplier 007,Chemicals,2024,2019,2030,6696.6134,1664.6513,1142.706,,13812841.6,123886547.06,6696.6134,Supplier Reported Emissions,False,High,Scope_Emissions,Valid,2031,Supplier Target Pathway,8489.83,3673.5494,3673.5494,3673.5494,4816.2806,0.00026595,0.5673,0.0,437.8437,-10241.2049,32282.5013,0.99,Low,On Track
SUP-0007,Chemicals Supplier 007,Chemicals,2024,2019,2030,6696.6134,1664.6513,1142.706,,13812841.6,123886547.06,6696.6134,Supplier Reported Emissions,False,High,Scope_Emissions,Valid,2032,Supplier Target Pathway,8489.83,3673.5494,3673.5494,3673.5494,4816.2806,0.00026595,0.5673,0.0,437.8437,-13914.7543,35956.0507,0.99,Low,On Track
SUP-0007,Chemicals Supplier 007,Chemicals,2024,2019,2030,6696.6134,1664.6513,1142.706,,13812841.6,123886547.06,6696.6134,Supplier Reported Emissions,False,High,Scope_Emissions,Valid,2033,Supplier Target Pathway,8489.83,3673.5494,3673.5494,3673.5494,4816.2806,0.00026595,0.5673,0.0,437.8437,-17588.3037,39629.6001,0.99,Low,On Track
SUP-0007,Chemicals Supplier 007,Chemicals,2024,2019,2030,6696.6134,1664.6513,1142.706,,13812841.6,123886547.06,6696.6134,Supplier Reported Emissions,False,High,Scope_Emissions,Valid,2034,Supplier Target Pathway,8489.83,3673.5494,3673.5494,3673.5494,4816.2806,0.00026595,0.5673,0.0,437.8437,-21261.8531,43303.1495,0.99,Low,On Track
SUP-0007,Chemicals Supplier 007,Chemicals,2024,2019,2030,6696.6134,1664.6513,1142.706,,13812841.6,123886547.06,6696.6134,Supplier Reported Emissions,False,High,Scope_Emissions,Valid,2035,Supplier Target Pathway,8489.83,3673.5494,3673.5494,3673.5494,4816.2806,0.00026595,0.5673,0.0,437.8437,-24935.4025,46976.6989,0.99,Low,On Track
SUP-0007,Chemicals Supplier 007,Chemicals,2024,2019,2030,6696.6134,1664.6513,1142.706,,13812841.6,123886547.06,6696.6134,Supplier Reported Emissions,False,High,Scope_Emissions,Valid,2036,Supplier Target Pathway,8489.83,3673.5494,3673.5494,3673.5494,4816.2806,0.00026595,0.5673,0.0,437.8437,-28608.9519,50650.2483,0.99,Low,On Track
SUP-0007,Chemicals Supplier 007,Chemicals,2024,2019,2030,6696.6134,1664.6513,1142.706,,13812841.6,123886547.06,6696.6134,Supplier Reported Emissions,False,High,Scope_Emissions,Valid,2037,Supplier Target Pathway,8489.83,3673.5494,3673.5494,3673.5494,4816.2806,0.00026595,0.5673,0.0,437.8437,-32282.5013,54323.7977,0.99,Low,On Track
SUP-0007,Chemicals Supplier 007,Chemicals,2024,2019,2030,6696.6134,1664.6513,1142.706,,13812841.6,123886547.06,6696.6134,Supplier Reported Emissions,False,High,Scope_Emissions,Valid,2038,Supplier Target Pathway,8489.83,3673.5494,3673.5494,3673.5494,4816.2806,0.00026595,0.5673,0.0,437.8437,-35956.0507,57997.3471,0.99,Low,On Track
SUP-0007,Chemicals Supplier 007,Chemicals,2024,2019,2030,6696.6134,1664.6513,1142.706,,13812841.6,123886547.06,6696.6134,Supplier Reported Emissions,False,High,Scope_Emissions,Valid,2039,Supplier Target Pathway,8489.83,3673.5494,3673.5494,3673.5494,4816.2806,0.00026595,0.5673,0.0,437.8437,-39629.6001,61670.8965,0.99,Low,On Track
SUP-0007,Chemicals Supplier 007,Chemicals,2024,2019,2030,6696.6134,1664.6513,1142.706,,13812841.6,123886547.06,6696.6134,Supplier Reported Emissions,False,High,Scope_Emissions,Valid,2040,Supplier Target Pathway,8489.83,3673.5494,3673.5494,3673.5494,4816.2806,0.00026595,0.5673,0.0,437.8437,-43303.1495,65344.4459,0.99,Low,On Track
SUP-0008,Electronics Supplier 008,Electronics,2024,2015,2040,3292.5056,425.3445,213.5756,2732.5965,,13053571.69,3292.5056,Supplier Reported Emissions,False,High,Gross_Spend,Valid,2025,Industry Haircut Pathway,4234.703,2784.7407,3654.7181,3654.7181,579.9849,,,869.9774,57.9985,40901.1331,3654.7181,0.943,High,On Track to Glide Path
SUP-0008,Electronics Supplier 008,Electronics,2024,2015,2040,3292.5056,425.3445,213.5756,2732.5965,,13053571.69,3292.5056,Supplier Reported Emissions,False,High,Gross_Spend,Valid,2026,Industry Haircut Pathway,4234.703,2784.7407,3596.7196,3596.7196,637.9834,,,811.9789,57.9985,37304.4135,7251.4377,0.943,High,On Track to Glide Path
SUP-0008,Electronics Supplier 008,Electronics,2024,2015,2040,3292.5056,425.3445,213.5756,2732.5965,,13053571.69,3292.5056,Supplier Reported Emissions,False,High,Gross_Spend,Valid,2027,Industry Haircut Pathway,4234.703,2784.7407,3538.7211,3538.7211,695.9819,,,753.9804,57.9985,33765.6924,10790.1588,0.943,High,On Track to Glide Path
SUP-0008,Electronics Supplier 008,Electronics,2024,2015,2040,3292.5056,425.3445,213.5756,2732.5965,,13053571.69,3292.5056,Supplier Reported Emissions,False,High,Gross_Spend,Valid,2028,Industry Haircut Pathway,4234.703,2784.7407,3480.7226,3480.7226,753.9804,,,695.9819,57.9985,30284.9698,14270.8814,0.943,High,On Track to Glide Path
SUP-0008,Electronics Supplier 008,Electronics,2024,2015,2040,3292.5056,425.3445,213.5756,2732.5965,,13053571.69,3292.5056,Supplier Reported Emissions,False,High,Gross_Spend,Valid,2029,Industry Haircut Pathway,4234.703,2784.7407,3422.7241,3422.7241,811.9789,,,637.9834,57.9985,26862.2457,17693.6055,0.943,High,On Track to Glide Path
SUP-0008,Electronics Supplier 008,Electronics,2024,2015,2040,3292.5056,425.3445,213.5756,2732.5965,,13053571.69,3292.5056,Supplier Reported Emissions,False,High,Gross_Spend,Valid,2030,Industry Haircut Pathway,4234.703,2784.7407,3364.7256,3364.7256,869.9774,,,579.9849,57.9985,23497.5201,21058.3311,0.943,High,On Track to Glide Path
SUP-0008,Electronics Supplier 008,Electronics,2024,2015,2040,3292.5056,425.3445,213.5756,2732.5965,,13053571.69,3292.5056,Supplier Reported Emissions,False,High,Gross_Spend,Valid,2031,Industry Haircut Pathway,4234.703,2784.7407,3306.7271,3306.7271,927.9759,,,521.9864,57.9985,20190.793,24365.0582,0.943,High,On Track to Glide Path
SUP-0008,Electronics Supplier 008,Electronics,2024,2015,2040,3292.5056,425.3445,213.5756,2732.5965,,13053571.69,3292.5056,Supplier Reported Emissions,False,High,Gross_Spend,Valid,2032,Industry Haircut Pathway,4234.703,2784.7407,3248.7286,3248.7286,985.9744,,,463.9879,57.9985,16942.0644,27613.7868,0.943,High,On Track to Glide Path
SUP-0008,Electronics Supplier 008,Electronics,2024,2015,2040,3292.5056,425.3445,213.5756,2732.5965,,13053571.69,3292.5056,Supplier Reported Emissions,False,High,Gross_Spend,Valid,2033,Industry Haircut Pathway,4234.703,2784.7407,3190.7301,3190.7301,1043.9729,,,405.9894,57.9985,13751.3343,30804.5169,0.943,Medium,On Track to Glide Path
SUP-0008,Electronics Supplier 008,Electronics,2024,2015,2040,3292.5056,425.3445,213.5756,2732.5965,,13053571.69,3292.5056,Supplier Reported Emissions,False,High,Gross_Spend,Valid,2034,Industry Haircut Pathway,4234.703,2784.7407,3132.7316,3132.7316,1101.9714,,,347.991,57.9985,10618.6027,33937.2485,0.943,Medium,On Track to Glide Path
SUP-0008,Electronics Supplier 008,Electronics,2024,2015,2040,3292.5056,425.3445,213.5756,2732.5965,,13053571.69,3292.5056,Supplier Reported Emissions,False,High,Gross_Spend,Valid,2035,Industry Haircut Pathway,4234.703,2784.7407,3074.7332,3074.7332,1159.9698,,,289.9925,57.9985,7543.8695,37011.9817,0.943,Medium,On Track to Glide Path
SUP-0008,Electronics Supplier 008,Electronics,2024,2015,2040,3292.5056,425.3445,213.5756,2732.5965,,13053571.69,3292.5056,Supplier Reported Emissions,False,High,Gross_Spend,Valid,2036,Industry Haircut Pathway,4234.703,2784.7407,3016.7347,3016.7347,1217.9683,,,231.994,57.9985,4527.1348,40028.7164,0.943,Medium,On Track to Glide Path
SUP-0008,Electronics Supplier 008,Electronics,2024,2015,2040,3292.5056,425.3445,213.5756,2732.5965,,13053571.69,3292.5056,Supplier Reported Emissions,False,High,Gross_Spend,Valid,2037,Industry Haircut Pathway,4234.703,2784.7407,2958.7362,2958.7362,1275.9668,,,173.9955,57.9985,1568.3986,42987.4526,0.943,Medium,On Track to Glide Path
SUP-0008,Electronics Supplier 008,Electronics,2024,2015,2040,3292.5056,425.3445,213.5756,2732.5965,,13053571.69,3292.5056,Supplier Reported Emissions,False,High,Gross_Spend,Valid,2038,Industry Haircut Pathway,4234.703,2784.7407,2900.7377,2900.7377,1333.9653,,,115.997,57.9985,-1332.3391,45888.1903,0.943,Medium,On Track to Glide Path
SUP-0008,Electronics Supplier 008,Electronics,2024,2015,2040,3292.5056,425.3445,213.5756,2732.5965,,13053571.69,3292.5056,Supplier Reported Emissions,False,High,Gross_Spend,Valid,2039,Industry Haircut Pathway,4234.703,2784.7407,2842.7392,2842.7392,1391.9638,,,57.9985,57.9985,-4175.0783,48730.9295,0.943,Medium,On Track to Glide Path
SUP-0008,Electronics Supplier 008,Electronics,2024,2015,2040,3292.5056,425.3445,213.5756,2732.5965,,13053571.69,3292.5056,Supplier Reported Emissions,False,High,Gross_Spend,Valid,2040,Industry Haircut Pathway,4234.703,2784.7407,2784.7407,2784.7407,1449.9623,,,0.0,57.9985,-6959.819,51515.6702,0.943,Low,On Track
SUP-0009,Professional Supplier 009,Professional Services,2024,2015,2040,4325.7647,,780.5117,,52537789.25,67311812.73,4325.7647,Supplier Reported Emissions,False,High,Scope_Emissions,Valid,2025,Historical Trend Pathway,2606.5026,2476.1775,4620.4431,2554.3725,-2013.9405,8.795e-05,-0.77266,2144.2657,5.213,34998.3969,4620.4431,0.848,Critical,Off Track
SUP-0009,Professional Supplier 009,Professional Services,2024,2015,2040,4325.7647,,780.5117,,52537789.25,67311812.73,4325.7647,Supplier Reported Emissions,False,High,Scope_Emissions,Valid,2026,Historical Trend Pathway,2606.5026,2476.1775,4935.1956,2549.1595,-2328.693,9.394e-05,-0.893417,2459.0181,5.213,30063.2013,9555.6387,0.848,Critical,Off Track
SUP-0009,Professional Supplier 009,Professional Services,2024,2015,2040,4325.7647,,780.5117,,52537789.25,67311812.73,4325.7647,Supplier Reported Emissions,False,High,Scope_Emissions,Valid,2027,Historical Trend Pathway,2606.5026,2476.1775,5271.3895,2543.9465,-2664.8869,0.00010034,-1.022399,2795.212,5.213,24791.8118,14827.0282,0.848,Critical,Off Track
SUP-0009,Professional Supplier 009,Professional Services,2024,2015,2040,4325.7647,,780.5117,,52537789.25,67311812.73,4325.7647,Supplier Reported Emissions,False,High,Scope_Emissions,Valid,2028,Historical Trend Pathway,2606.5026,2476.1775,5630.4855,2538.7335,-3023.9829,0.00010717,-1.160169,3154.308,5.213,19161.3263,20457.5137,0.848,Critical,Off Track
SUP-0009,Professional Supplier 009,Professional Services,2024,2015,2040,4325.7647,,780.5117,,52537789.25,67311812.73,4325.7647,Supplier Reported Emissions,False,High,Scope_Emissions,Valid,2029,Historical Trend Pathway,2606.5026,2476.1775,6014.0438,2533.5205,-3407.5412,0.00011447,-1.307323,3537.8663,5.213,13147.2825,26471.5575,0.848,Critical,Off Track
SUP-0009,Professional Supplier 009,Professional Services,2024,2015,2040,4325.7647,,780.5117,,52537789.25,67311812.73,4325.7647,Supplier Reported Emissions,False,High,Scope_Emissions,Valid,2030,Historical Trend Pathway,2606.5026,2476.1775,6423.7306,2528.3075,-3817.228,0.00012227,-1.464502,3947.5532,5.213,6723.5519,32895.2881,0.848,Critical,Off Track
SUP-0009,Professional Supplier 009,Professional Services,2024,2015,2040,4325.7647,,780.5117,,52537789.25,67311812.73,4325.7647,Supplier Reported Emissions,False,High,Scope_Emissions,Valid,2031,Historical Trend Pathway,2606.5026,2476.1775,6861.3261,2523.0945,-4254.8235,0.0001306,-1.632388,4385.1486,5.213,-137.7742,39756.6142,0.848,Critical,Off Track
SUP-0009,Professional Supplier 009,Professional Services,2024,2015,2040,4325.7647,,780.5117,,52537789.25,67311812.73,4325.7647,Supplier Reported Emissions,False,High,Scope_Emissions,Valid,2032,Historical Trend Pathway,2606.5026,2476.1775,7328.7313,2517.8815,-4722.2287,0.00013949,-1.811711,4852.5538,5.213,-7466.5055,47085.3455,0.848,Critical,Off Track
SUP-0009,Professional Supplier 009,Professional Services,2024,2015,2040,4325.7647,,780.5117,,52537789.25,67311812.73,4325.7647,Supplier Reported Emissions,False,High,Scope_Emissions,Valid,2033,Historical Trend Pathway,2606.5026,2476.1775,7827.9769,2512.6685,-5221.4743,0.000149,-2.003249,5351.7995,5.213,-15294.4824,54913.3224,0.848,Critical,Off Track
SUP-0009,Professional Supplier 009,Professional Services,2024,2015,2040,4325.7647,,780.5117,,52537789.25,67311812.73,4325.7647,Supplier Reported Emissions,False,High,Scope_Emissions,Valid,2034,Historical Trend Pathway,2606.5026,2476.1775,8361.232,2507.4555,-5754.7294,0.00015915,-2.207836,5885.0546,5.213,-23655.7144,63274.5544,0.848,Critical,Off Track
SUP-0009,Professional Supplier 009,Professional Services,2024,2015,2040,4325.7647,,780.5117,,52537789.25,67311812.73,4325.7647,Supplier Reported Emissions,False,High,Scope_Emissions,Valid,2035,Historical Trend Pathway,2606.5026,2476.1775,8930.8134,2502.2425,-6324.3108,0.00016999,-2.426359,6454.6359,5.213,-32586.5278,72205.3678,0.848,Critical,Off Track
SUP-0009,Professional Supplier 009,Professional Services,2024,2015,2040,4325.7647,,780.5117,,52537789.25,67311812.73,4325.7647,Supplier Reported Emissions,False,High,Scope_Emissions,Valid,2036,Historical Trend Pathway,2606.5026,2476.1775,9539.1956,2497.0295,-6932.693,0.00018157,-2.659768,7063.0181,5.213,-42125.7234,81744.5634,0.848,Critical,Off Track
SUP-0009,Professional Supplier 009,Professional Services,2024,2015,2040,4325.7647,,780.5117,,52537789.25,67311812.73,4325.7647,Supplier Reported Emissions,False,High,Scope_Emissions,Valid,2037,Historical Trend Pathway,2606.5026,2476.1775,10189.0218,2491.8165,-7582.5192,0.00019394,-2.909078,7712.8443,5.213,-52314.7452,91933.5852,0.848,Critical,Off Track
SUP-0009,Professional Supplier 009,Professional Services,2024,2015,2040,4325.7647,,780.5117,,52537789.25,67311812.73,4325.7647,Supplier Reported Emissions,False,High,Scope_Emissions,Valid,2038,Historical Trend Pathway,2606.5026,2476.1775,10883.1153,2486.6035,-8276.6127,0.00020715,-3.175371,8406.9378,5.213,-63197.8605,102816.7005,0.848,Critical,Off Track
SUP-0009,Professional Supplier 009,Professional Services,2024,2015,2040,4325.7647,,780.5117,,52537789.25,67311812.73,4325.7647,Supplier Reported Emissions,False,High,Scope_Emissions,Valid,2039,Historical Trend Pathway,2606.5026,2476.1775,11624.4916,2481.3905,-9017.989,0.00022126,-3.459804,9148.3141,5.213,-74822.3521,114441.1921,0.848,Critical,Off Track
SUP-0009,Professional Supplier 009,Professional Services,2024,2015,2040,4325.7647,,780.5117,,52537789.25,67311812.73,4325.7647,Supplier Reported Emissions,False,High,Scope_Emissions,Valid,2040,Historical Trend Pathway,2606.5026,2476.1775,12416.3717,2476.1775,-9809.8691,0.00023633,-3.763614,9940.1942,5.213,-87238.7238,126857.5638,0.848,Critical,Off Track
SUP-0010,Packaging Supplier 010,Packaging,2024,2018,2035,929.0374,202.7525,178.1147,,1024486.81,2139138.22,929.0374,Supplier Reported Emissions,False,High,Scope_Emissions,Valid,2025,Supplier Target Pathway,1197.5142,722.9393,1002.101,1002.101,195.4132,0.00097815,0.163182,279.1617,27.9162,6950.2313,1002.101,0.99,Critical,On Track to Glide Path
SUP-0010,Packaging Supplier 010,Packaging,2024,2018,2035,929.0374,202.7525,178.1147,,1024486.81,2139138.22,929.0374,Supplier Reported Emissions,False,High,Scope_Emissions,Valid,2026,Supplier Target Pathway,1197.5142,722.9393,974.1848,974.1848,223.3294,0.0009509,0.186494,251.2455,27.9162,5976.0465,1976.2858,0.99,High,On Track to Glide Path
SUP-0010,Packaging Supplier 010,Packaging,2024,2018,2035,929.0374,202.7525,178.1147,,1024486.81,2139138.22,929.0374,Supplier Reported Emissions,False,High,Scope_Emissions,Valid,2027,Supplier Target Pathway,1197.5142,722.9393,946.2687,946.2687,251.2455,0.00092365,0.209806,223.3294,27.9162,5029.7778,2922.5545,0.99,High,On Track to Glide Path
SUP-0010,Packaging Supplier 010,Packaging,2024,2018,2035,929.0374,202.7525,178.1147,,1024486.81,2139138.22,929.0374,Supplier Reported Emissions,False,High,Scope_Emissions,Valid,2028,Supplier Target Pathway,1197.5142,722.9393,918.3525,918.3525,279.1617,0.0008964,0.233118,195.4132,27.9162,4111.4253,3840.907,0.99,High,On Track to Glide Path
SUP-0010,Packaging Supplier 010,Packaging,2024,2018,2035,929.0374,202.7525,178.1147,,1024486.81,2139138.22,929.0374,Supplier Reported Emissions,False,High,Scope_Emissions,Valid,2029,Supplier Target Pathway,1197.5142,722.9393,890.4363,890.4363,307.0779,0.00086915,0.256429,167.497,27.9162,3220.989,4731.3433,0.99,High,On Track to Glide Path
SUP-0010,Packaging Supplier 010,Packaging,2024,2018,2035,929.0374,202.7525,178.1147,,1024486.81,2139138.22,929.0374,Supplier Reported Emissions,False,High,Scope_Emissions,Valid,2030,Supplier Target Pathway,1197.5142,722.9393,862.5202,862.5202,334.994,0.0008419,0.279741,139.5808,27.9162,2358.4688,5593.8635,0.99,High,On Track to Glide Path
SUP-0010,Packaging Supplier 010,Packaging,2024,2018,2035,929.0374,202.7525,178.1147,,1024486.81,2139138.22,929.0374,Supplier Reported Emissions,False,High,Scope_Emissions,Valid,2031,Supplier Target Pathway,1197.5142,722.9393,834.604,834.604,362.9102,0.00081466,0.303053,111.6647,27.9162,1523.8648,6428.4675,0.99,High,On Track to Glide Path
SUP-0010,Packaging Supplier 010,Packaging,2024,2018,2035,929.0374,202.7525,178.1147,,1024486.81,2139138.22,929.0374,Supplier Reported Emissions,False,High,Scope_Emissions,Valid,2032,Supplier Target Pathway,1197.5142,722.9393,806.6878,806.6878,390.8264,0.00078741,0.326365,83.7485,27.9162,717.177,7235.1553,0.99,Medium,On Track to Glide Path
SUP-0010,Packaging Supplier 010,Packaging,2024,2018,2035,929.0374,202.7525,178.1147,,1024486.81,2139138.22,929.0374,Supplier Reported Emissions,False,High,Scope_Emissions,Valid,2033,Supplier Target Pathway,1197.5142,722.9393,778.7717,778.7717,418.7425,0.00076016,0.349676,55.8323,27.9162,-61.5947,8013.927,0.99,Medium,On Track to Glide Path
SUP-0010,Packaging Supplier 010,Packaging,2024,2018,2035,929.0374,202.7525,178.1147,,1024486.81,2139138.22,929.0374,Supplier Reported Emissions,False,High,Scope_Emissions,Valid,2034,Supplier Target Pathway,1197.5142,722.9393,750.8555,750.8555,446.6587,0.00073291,0.372988,27.9162,27.9162,-812.4502,8764.7825,0.99,Medium,On Track to Glide Path
SUP-0010,Packaging Supplier 010,Packaging,2024,2018,2035,929.0374,202.7525,178.1147,,1024486.81,2139138.22,929.0374,Supplier Reported Emissions,False,High,Scope_Emissions,Valid,2035,Supplier Target Pathway,1197.5142,722.9393,722.9393,722.9393,474.5749,0.00070566,0.3963,0.0,27.9162,-1535.3895,9487.7218,0.99,Low,On Track
SUP-0010,Packaging Supplier 010,Packaging,2024,2018,2035,929.0374,202.7525,178.1147,,1024486.81,2139138.22,929.0374,Supplier Reported Emissions,False,High,Scope_Emissions,Valid,2036,Supplier Target Pathway,1197.5142,722.9393,722.9393,722.9393,474.5749,0.00070566,0.3963,0.0,27.9162,-2258.3288,10210.6611,0.99,Low,On Track
SUP-0010,Packaging Supplier 010,Packaging,2024,2018,2035,929.0374,202.7525,178.1147,,1024486.81,2139138.22,929.0374,Supplier Reported Emissions,False,High,Scope_Emissions,Valid,2037,Supplier Target Pathway,1197.5142,722.9393,722.9393,722.9393,474.5749,0.00070566,0.3963,0.0,27.9162,-2981.2681,10933.6004,0.99,Low,On Track
SUP-0010,Packaging Supplier 010,Packaging,2024,2018,2035,929.0374,202.7525,178.1147,,1024486.81,2139138.22,929.0374,Supplier Reported Emissions,False,High,Scope_Emissions,Valid,2038,Supplier Target Pathway,1197.5142,722.9393,722.9393,722.9393,474.5749,0.00070566,0.3963,0.0,27.9162,-3704.2074,11656.5397,0.99,Low,On Track
SUP-0010,Packaging Supplier 010,Packaging,2024,2018,2035,929.0374,202.7525,178.1147,,1024486.81,2139138.22,929.0374,Supplier Reported Emissions,False,High,Scope_Emissions,Valid,2039,Supplier Target Pathway,1197.5142,722.9393,722.9393,722.9393,474.5749,0.00070566,0.3963,0.0,27.9162,-4427.1467,12379.479,0.99,Low,On Track
SUP-0010,Packaging Supplier 010,Packaging,2024,2018,2035,929.0374,202.7525,178.1147,,1024486.81,2139138.22,929.0374,Supplier Reported Emissions,False,High,Scope_Emissions,Valid,2040,Supplier Target Pathway,1197.5142,722.9393,722.9393,722.9393,474.5749,0.00070566,0.3963,0.0,27.9162,-5150.086,13102.4183,0.99,Low,On Track
SUP-0011,Agriculture Supplier 011,Agriculture,2024,2020,2040,8620.5301,1962.8937,1129.2387,,9452299.33,14891854.76,8620.5301,Supplier Reported Emissions,False,High,Scope_Emissions,Valid,2025,Supplier Target Pathway,10221.962,6667.7858,9333.418,9333.418,888.544,0.00098742,0.086925,2665.6321,177.7088,97351.1548,9333.418,0.99,Critical,On Track to Glide Path
SUP-0011,Agriculture Supplier 011,Agriculture,2024,2020,2040,8620.5301,1962.8937,1129.2387,,9452299.33,14891854.76,8620.5301,Supplier Reported Emissions,False,High,Scope_Emissions,Valid,2026,Supplier Target Pathway,10221.962,6667.7858,9155.7091,9155.7091,1066.2529,0.00096862,0.10431,2487.9233,177.7088,88195.4457,18489.1271,0.99,Critical,On Track to Glide Path
SUP-0011,Agriculture Supplier 011,Agriculture,2024,2020,2040,8620.5301,1962.8937,1129.2387,,9452299.33,14891854.76,8620.5301,Supplier Reported Emissions,False,High,Scope_Emissions,Valid,2027,Supplier Target Pathway,10221.962,6667.7858,8978.0003,8978.0003,1243.9617,0.00094982,0.121695,2310.2145,177.7088,79217.4454,27467.1274,0.99,High,On Track to Glide Path
SUP-0011,Agriculture Supplier 011,Agriculture,2024,2020,2040,8620.5301,1962.8937,1129.2387,,9452299.33,14891854.76,8620.5301,Supplier Reported Emissions,False,High,Scope_Emissions,Valid,2028,Supplier Target Pathway,10221.962,6667.7858,8800.2915,8800.2915,1421.6705,0.00093102,0.13908,2132.5057,177.7088,70417.1539,36267.4189,0.99,High,On Track to Glide Path
SUP-0011,Agriculture Supplier 011,Agriculture,2024,2020,2040,8620.5301,1962.8937,1129.2387,,9452299.33,14891854.76,8620.5301,Supplier Reported Emissions,False,High,Scope_Emissions,Valid,2029,Supplier Target Pathway,10221.962,6667.7858,8622.5827,8622.5827,1599.3793,0.00091222,0.156465,1954.7969,177.7088,61794.5712,44890.0016,0.99,High,On Track to Glide Path
SUP-0011,Agriculture Supplier 011,Agriculture,2024,2020,2040,8620.5301,1962.8937,1129.2387,,9452299.33,14891854.76,8620.5301,Supplier Reported Emissions,False,High,Scope_Emissions,Valid,2030,Supplier Target Pathway,10221.962,6667.7858,8444.8739,8444.8739,1777.0881,0.00089342,0.17385,1777.0881,177.7088,53349.6973,53334.8755,0.99,High,On Track to Glide Path
SUP-0011,Agriculture Supplier 011,Agriculture,2024,2020,2040,8620.5301,1962.8937,1129.2387,,9452299.33,14891854.76,8620.5301,Supplier Reported Emissions,False,High,Scope_Emissions,Valid,2031,Supplier Target Pathway,10221.962,6667.7858,8267.1651,8267.1651,1954.7969,0.00087462,0.191235,1599.3793,177.7088,45082.5322,61602.0406,0.99,High,On Track to Glide Path
SUP-0011,Agriculture Supplier 011,Agriculture,2024,2020,2040,8620.5301,1962.8937,1129.2387,,9452299.33,14891854.76,8620.5301,Supplier Reported Emissions,False,High,Scope_Emissions,Valid,2032,Supplier Target Pathway,10221.962,6667.7858,8089.4563,8089.4563,2132.5057,0.00085582,0.20862,1421.6705,177.7088,36993.0759,69691.4969,0.99,High,On Track to Glide Path
SUP-0011,Agriculture Supplier 011,Agriculture,2024,2020,2040,8620.5301,1962.8937,1129.2387,,9452299.33,14891854.76,8620.5301,Supplier Reported Emissions,False,High,Scope_Emissions,Valid,2033,Supplier Target Pathway,10221.962,6667.7858,7911.7475,7911.7475,2310.2145,0.00083702,0.226005,1243.9617,177.7088,29081.3284,77603.2444,0.99,High,On Track to Glide Path
SUP-0011,Agriculture Supplier 011,Agriculture,2024,2020,2040,8620.5301,1962.8937,1129.2387,,9452299.33,14891854.76,8620.5301,Supplier Reported Emissions,False,High,Scope_Emissions,Valid,2034,Supplier Target Pathway,10221.962,6667.7858,7734.0387,7734.0387,2487.9233,0.00081822,0.24339,1066.2529,177.7088,21347.2897,85337.2831,0.99,High,On Track to Glide Path
SUP-0011,Agriculture Supplier 011,Agriculture,2024,2020,2040,8620.5301,1962.8937,1129.2387,,9452299.33,14891854.76,8620.5301,Supplier Reported Emissions,False,High,Scope_Emissions,Valid,2035,Supplier Target Pathway,10221.962,6667.7858,7556.3299,7556.3299,2665.6321,0.00079942,0.260775,888.544,177.7088,13790.9598,92893.613,0.99,Medium,On Track to Glide Path
SUP-0011,Agriculture Supplier 011,Agriculture,2024,2020,2040,8620.5301,1962.8937,1129.2387,,9452299.33,14891854.76,8620.5301,Supplier Reported Emissions,False,High,Scope_Emissions,Valid,2036,Supplier Target Pathway,10221.962,6667.7858,7378.6211,7378.6211,2843.3409,0.00078062,0.27816,710.8352,177.7088,6412.3387,100272.2341,0.99,Medium,On Track to Glide Path
SUP-0011,Agriculture Supplier 011,Agriculture,2024,2020,2040,8620.5301,1962.8937,1129.2387,,9452299.33,14891854.76,8620.5301,Supplier Reported Emissions,False,High,Scope_Emissions,Valid,2037,Supplier Target Pathway,10221.962,6667.7858,7200.9122,7200.9122,3021.0498,0.00076182,0.295545,533.1264,177.7088,-788.5735,107473.1463,0.99,Medium,On Track to Glide Path
SUP-0011,Agriculture Supplier 011,Agriculture,2024,2020,2040,8620.5301,1962.8937,1129.2387,,9452299.33,14891854.76,8620.5301,Supplier Reported Emissions,False,High,Scope_Emissions,Valid,2038,Supplier Target Pathway,10221.962,6667.7858,7023.2034,7023.2034,3198.7586,0.00074302,0.31293,355.4176,177.7088,-7811.7769,114496.3497,0.99,Medium,On Track to Glide Path
SUP-0011,Agriculture Supplier 011,Agriculture,2024,2020,2040,8620.5301,1962.8937,1129.2387,,9452299.33,14891854.76,8620.5301,Supplier Reported Emissions,False,High,Scope_Emissions,Valid,2039,Supplier Target Pathway,10221.962,6667.7858,6845.4946,6845.4946,3376.4674,0.00072421,0.330315,177.7088,177.7088,-14657.2715,121341.8443,0.99,Medium,On Track to Glide Path
SUP-0011,Agriculture Supplier 011,Agriculture,2024,2020,2040,8620.5301,1962.8937,1129.2387,,9452299.33,14891854.76,8620.5301,Supplier Reported Emissions,False,High,Scope_Emissions,Valid,2040,Supplier Target Pathway,10221.962,6667.7858,6667.7858,6667.7858,3554.1762,0.00070541,0.3477,0.0,177.7088,-21325.0573,128009.6301,0.99,Low,On Track
SUP-0012,Textiles Supplier 012,Textiles,2024,2015,2030,,892.7094,,2640.714,21655788.06,146539952.95,6328.0378,Spend-Based Estimate,True,Medium,Reported_Emissions; Scope_Emissions,Valid,2025,Industry Haircut Pathway,4123.5761,2815.9901,3251.8521,3251.8521,871.724,0.00015016,0.2114,435.862,87.1724,13644.0885,3251.8521,0.861,High,On Track to Glide Path
SUP-0012,Textiles Supplier 012,Textiles,2024,2015,2030,,892.7094,,2640.714,21655788.06,146539952.95,6328.0378,Spend-Based Estimate,True,Medium,Reported_Emissions; Scope_Emissions,Valid,2026,Industry Haircut Pathway,4123.5761,2815.9901,3164.6797,3164.6797,958.8964,0.00014614,0.23254,348.6896,87.1724,10479.4088,6416.5318,0.861,Medium,On Track to Glide Path
SUP-0012,Textiles Supplier 012,Textiles,2024,2015,2030,,892.7094,,2640.714,21655788.06,146539952.95,6328.0378,Spend-Based Estimate,True,Medium,Reported_Emissions; Scope_Emissions,Valid,2027,Industry Haircut Pathway,4123.5761,2815.9901,3077.5073,3077.5073,1046.0688,0.00014211,0.25368,261.5172,87.1724,7401.9015,9494.0391,0.861,Medium,On Track to Glide Path
SUP-0012,Textiles Supplier 012,Textiles,2024,2015,2030,,892.7094,,2640.714,21655788.06,146539952.95,6328.0378,Spend-Based Estimate,True,Medium,Reported_Emissions; Scope_Emissions,Valid,2028,Industry Haircut Pathway,4123.5761,2815.9901,2990.3349,2990.3349,1133.2412,0.00013808,0.27482,174.3448,87.1724,4411.5666,12484.374,0.861,Medium,On Track to Glide Path
SUP-0012,Textiles Supplier 012,Textiles,2024,2015,2030,,892.7094,,2640.714,21655788.06,146539952.95,6328.0378,Spend-Based Estimate,True,Medium,Reported_Emissions; Scope_Emissions,Valid,2029,Industry Haircut Pathway,4123.5761,2815.9901,2903.1625,2903.1625,1220.4136,0.00013406,0.29596,87.1724,87.1724,1508.4041,15387.5365,0.861,Medium,On Track to Glide Path
SUP-0012,Textiles Supplier 012,Textiles,2024,2015,2030,,892.7094,,2640.714,21655788.06,146539952.95,6328.0378,Spend-Based Estimate,True,Medium,Reported_Emissions; Scope_Emissions,Valid,2030,Industry Haircut Pathway,4123.5761,2815.9901,2815.9901,2815.9901,1307.586,0.00013003,0.3171,0.0,87.1724,-1307.586,18203.5266,0.861,Low,On Track
SUP-0012,Textiles Supplier 012,Textiles,2024,2015,2030,,892.7094,,2640.714,21655788.06,146539952.95,6328.0378,Spend-Based Estimate,True,Medium,Reported_Emissions; Scope_Emissions,Valid,2031,Industry Haircut Pathway,4123.5761,2815.9901,2815.9901,2815.9901,1307.586,0.00013003,0.3171,0.0,87.1724,-4123.5761,21019.5167,0.861,Low,On Track
SUP-0012,Textiles Supplier 012,Textiles,2024,2015,2030,,892.7094,,2640.714,21655788.06,146539952.95,6328.0378,Spend-Based Estimate,True,Medium,Reported_Emissions; Scope_Emissions,Valid,2032,Industry Haircut Pathway,4123.5761,2815.9901,2815.9901,2815.9901,1307.586,0.00013003,0.3171,0.0,87.1724,-6939.5662,23835.5068,0.861,Low,On Track
SUP-0012,Textiles Supplier 012,Textiles,2024,2015,2030,,892.7094,,2640.714,21655788.06,146539952.95,6328.0378,Spend-Based Estimate,True,Medium,Reported_Emissions; Scope_Emissions,Valid,2033,Industry Haircut Pathway,4123.5761,2815.9901,2815.9901,2815.9901,1307.586,0.00013003,0.3171,0.0,87.1724,-9755.5563,26651.4969,0.861,Low,On Track
SUP-0012,Textiles Supplier 012,Textiles,2024,2015,2030,,892.7094,,2640.714,21655788.06,146539952.95,6328.0378,Spend-Based Estimate,True,Medium,Reported_Emissions; Scope_Emissions,Valid,2034,Industry Haircut Pathway,4123.5761,2815.9901,2815.9901,2815.9901,1307.586,0.00013003,0.3171,0.0,87.1724,-12571.5464,29467.487,0.861,Low,On Track
SUP-0012,Textiles Supplier 012,Textiles,2024,2015,2030,,892.7094,,2640.714,21655788.06,146539952.95,6328.0378,Spend-Based Estimate,True,Medium,Reported_Emissions; Scope_Emissions,Valid,2035,Industry Haircut Pathway,4123.5761,2815.9901,2815.9901,2815.9901,1307.586,0.00013003,0.3171,0.0,87.1724,-15387.5365,32283.4771,0.861,Low,On Track
SUP-0012,Textiles Supplier 012,Textiles,2024,2015,2030,,892.7094,,2640.714,21655788.06,146539952.95,6328.0378,Spend-Based Estimate,True,Medium,Reported_Emissions; Scope_Emissions,Valid,2036,Industry Haircut Pathway,4123.5761,2815.9901,2815.9901,2815.9901,1307.586,0.00013003,0.3171,0.0,87.1724,-18203.5266,35099.4672,0.861,Low,On Track
SUP-0012,Textiles Supplier 012,Textiles,2024,2015,2030,,892.7094,,2640.714,21655788.06,146539952.95,6328.0378,Spend-Based Estimate,True,Medium,Reported_Emissions; Scope_Emissions,Valid,2037,Industry Haircut Pathway,4123.5761,2815.9901,2815.9901,2815.9901,1307.586,0.00013003,0.3171,0.0,87.1724,-21019.5167,37915.4573,0.861,Low,On Track
SUP-0012,Textiles Supplier 012,Textiles,2024,2015,2030,,892.7094,,2640.714,21655788.06,146539952.95,6328.0378,Spend-Based Estimate,True,Medium,Reported_Emissions; Scope_Emissions,Valid,2038,Industry Haircut Pathway,4123.5761,2815.9901,2815.9901,2815.9901,1307.586,0.00013003,0.3171,0.0,87.1724,-23835.5068,40731.4474,0.861,Low,On Track
SUP-0012,Textiles Supplier 012,Textiles,2024,2015,2030,,892.7094,,2640.714,21655788.06,146539952.95,6328.0378,Spend-Based Estimate,True,Medium,Reported_Emissions; Scope_Emissions,Valid,2039,Industry Haircut Pathway,4123.5761,2815.9901,2815.9901,2815.9901,1307.586,0.00013003,0.3171,0.0,87.1724,-26651.4969,43547.4375,0.861,Low,On Track
SUP-0012,Textiles Supplier 012,Textiles,2024,2015,2030,,892.7094,,2640.714,21655788.06,146539952.95,6328.0378,Spend-Based Estimate,True,Medium,Reported_Emissions; Scope_Emissions,Valid,2040,Industry Haircut Pathway,4123.5761,2815.9901,2815.9901,2815.9901,1307.586,0.00013003,0.3171,0.0,87.1724,-29467.487,46363.4276,0.861,Low,On Track
SUP-0013,Electronics Supplier 013,Electronics,2024,2015,2040,,,3136.7134,17552.63,44154429.98,373405405.33,38019.1719,Spend-Based Estimate,True,Medium,Reported_Emissions; Scope_Emissions,Valid,2025,Industry Haircut Pathway,17475.0503,11491.5931,15081.6674,15081.6674,2393.3829,0.00034157,0.13696,3590.0743,239.3383,168783.8222,15081.6674,0.911,High,On Track to Glide Path
SUP-0013,Electronics Supplier 013,Electronics,2024,2015,2040,,,3136.7134,17552.63,44154429.98,373405405.33,38019.1719,Spend-Based Estimate,True,Medium,Reported_Emissions; Scope_Emissions,Valid,2026,Industry Haircut Pathway,17475.0503,11491.5931,14842.3291,14842.3291,2632.7212,0.00033615,0.150656,3350.736,239.3383,153941.4931,29923.9965,0.911,High,On Track to Glide Path
SUP-0013,Electronics Supplier 013,Electronics,2024,2015,2040,,,3136.7134,17552.63,44154429.98,373405405.33,38019.1719,Spend-Based Estimate,True,Medium,Reported_Emissions; Scope_Emissions,Valid,2027,Industry Haircut Pathway,17475.0503,11491.5931,14602.9908,14602.9908,2872.0595,0.00033073,0.164352,3111.3978,239.3383,139338.5023,44526.9873,0.911,High,On Track to Glide Path
SUP-0013,Electronics Supplier 013,Electronics,2024,2015,2040,,,3136.7134,17552.63,44154429.98,373405405.33,38019.1719,Spend-Based Estimate,True,Medium,Reported_Emissions; Scope_Emissions,Valid,2028,Industry Haircut Pathway,17475.0503,11491.5931,14363.6525,14363.6525,3111.3978,0.0003253,0.178048,2872.0595,239.3383,124974.8498,58890.6398,0.911,High,On Track to Glide Path
SUP-0013,Electronics Supplier 013,Electronics,2024,2015,2040,,,3136.7134,17552.63,44154429.98,373405405.33,38019.1719,Spend-Based Estimate,True,Medium,Reported_Emissions; Scope_Emissions,Valid,2029,Industry Haircut Pathway,17475.0503,11491.5931,14124.3143,14124.3143,3350.736,0.00031988,0.191744,2632.7212,239.3383,110850.5355,73014.9541,0.911,High,On Track to Glide Path
SUP-0013,Electronics Supplier 013,Electronics,2024,2015,2040,,,3136.7134,17552.63,44154429.98,373405405.33,38019.1719,Spend-Based Estimate,True,Medium,Reported_Emissions; Scope_Emissions,Valid,2030,Industry Haircut Pathway,17475.0503,11491.5931,13884.976,13884.976,3590.0743,0.00031446,0.20544,2393.3829,239.3383,96965.5595,86899.9301,0.911,High,On Track to Glide Path
SUP-0013,Electronics Supplier 013,Electronics,2024,2015,2040,,,3136.7134,17552.63,44154429.98,373405405.33,38019.1719,Spend-Based Estimate,True,Medium,Reported_Emissions; Scope_Emissions,Valid,2031,Industry Haircut Pathway,17475.0503,11491.5931,13645.6377,13645.6377,3829.4126,0.00030904,0.219136,2154.0446,239.3383,83319.9218,100545.5678,0.911,High,On Track to Glide Path
SUP-0013,Electronics Supplier 013,Electronics,2024,2015,2040,,,3136.7134,17552.63,44154429.98,373405405.33,38019.1719,Spend-Based Estimate,True,Medium,Reported_Emissions; Scope_Emissions,Valid,2032,Industry Haircut Pathway,17475.0503,11491.5931,13406.2994,13406.2994,4068.7509,0.00030362,0.232832,1914.7063,239.3383,69913.6224,113951.8672,0.911,High,On Track to Glide Path
SUP-0013,Electronics Supplier 013,Electronics,2024,2015,2040,,,3136.7134,17552.63,44154429.98,373405405.33,38019.1719,Spend-Based Estimate,True,Medium,Reported_Emissions; Scope_Emissions,Valid,2033,Industry Haircut Pathway,17475.0503,11491.5931,13166.9611,13166.9611,4308.0892,0.0002982,0.246528,1675.368,239.3383,56746.6613,127118.8283,0.911,Medium,On Track to Glide Path
SUP-0013,Electronics Supplier 013,Electronics,2024,2015,2040,,,3136.7134,17552.63,44154429.98,373405405.33,38019.1719,Spend-Based Estimate,True,Medium,Reported_Emissions; Scope_Emissions,Valid,2034,Industry Haircut Pathway,17475.0503,11491.5931,12927.6228,12927.6228,4547.4275,0.00029278,0.260224,1436.0297,239.3383,43819.0385,140046.4511,0.911,Medium,On Track to Glide Path
SUP-0013,Electronics Supplier 013,Electronics,2024,2015,2040,,,3136.7134,17552.63,44154429.98,373405405.33,38019.1719,Spend-Based Estimate,True,Medium,Reported_Emissions; Scope_Emissions,Valid,2035,Industry Haircut Pathway,17475.0503,11491.5931,12688.2845,12688.2845,4786.7658,0.00028736,0.27392,1196.6914,239.3383,31130.754,152734.7356,0.911,Medium,On Track to Glide Path
SUP-0013,Electronics Supplier 013,Electronics,2024,2015,2040,,,3136.7134,17552.63,44154429.98,373405405.33,38019.1719,Spend-Based Estimate,True,Medium,Reported_Emissions; Scope_Emissions,Valid,2036,Industry Haircut Pathway,17475.0503,11491.5931,12448.9462,12448.9462,5026.1041,0.00028194,0.287616,957.3532,239.3383,18681.8078,165183.6818,0.911,Medium,On Track to Glide Path
SUP-0013,Electronics Supplier 013,Electronics,2024,2015,2040,,,3136.7134,17552.63,44154429.98,373405405.33,38019.1719,Spend-Based Estimate,True,Medium,Reported_Emissions; Scope_Emissions,Valid,2037,Industry Haircut Pathway,17475.0503,11491.5931,12209.6079,12209.6079,5265.4424,0.00027652,0.301312,718.0149,239.3383,6472.1999,177393.2897,0.911,Medium,On Track to Glide Path
SUP-0013,Electronics Supplier 013,Electronics,2024,2015,2040,,,3136.7134,17552.63,44154429.98,373405405.33,38019.1719,Spend-Based Estimate,True,Medium,Reported_Emissions; Scope_Emissions,Valid,2038,Industry Haircut Pathway,17475.0503,11491.5931,11970.2697,11970.2697,5504.7806,0.0002711,0.315008,478.6766,239.3383,-5498.0698,189363.5594,0.911,Medium,On Track to Glide Path
SUP-0013,Electronics Supplier 013,Electronics,2024,2015,2040,,,3136.7134,17552.63,44154429.98,373405405.33,38019.1719,Spend-Based Estimate,True,Medium,Reported_Emissions; Scope_Emissions,Valid,2039,Industry Haircut Pathway,17475.0503,11491.5931,11730.9314,11730.9314,5744.1189,0.00026568,0.328704,239.3383,239.3383,-17229.0012,201094.4908,0.911,Medium,On Track to Glide Path
SUP-0013,Electronics Supplier 013,Electronics,2024,2015,2040,,,3136.7134,17552.63,44154429.98,373405405.33,38019.1719,Spend-Based Estimate,True,Medium,Reported_Emissions; Scope_Emissions,Valid,2040,Industry Haircut Pathway,17475.0503,11491.5931,11491.5931,11491.5931,5983.4572,0.00026026,0.3424,0.0,239.3383,-28720.5943,212586.0839,0.911,Low,On Track
SUP-0014,Textiles Supplier 014,Textiles,2024,2015,2030,3472.4816,406.9801,645.8626,,16888486.43,86249629.91,3472.4816,Supplier Reported Emissions,False,High,Scope_Emissions,Valid,2025,Industry Haircut Pathway,8453.9382,5773.1944,6666.7757,6666.7757,1787.1625,0.00039475,0.2114,893.5813,178.7163,27972.3907,6666.7757,0.918,High,On Track to Glide Path
SUP-0014,Textiles Supplier 014,Textiles,2024,2015,2030,3472.4816,406.9801,645.8626,,16888486.43,86249629.91,3472.4816,Supplier Reported Emissions,False,High,Scope_Emissions,Valid,2026,Industry Haircut Pathway,8453.9382,5773.1944,6488.0594,6488.0594,1965.8788,0.00038417,0.23254,714.865,178.7163,21484.3313,13154.8351,0.918,Medium,On Track to Glide Path
SUP-0014,Textiles Supplier 014,Textiles,2024,2015,2030,3472.4816,406.9801,645.8626,,16888486.43,86249629.91,3472.4816,Supplier Reported Emissions,False,High,Scope_Emissions,Valid,2027,Industry Haircut Pathway,8453.9382,5773.1944,6309.3432,6309.3432,2144.595,0.00037359,0.25368,536.1488,178.7163,15174.9881,19464.1783,0.918,Medium,On Track to Glide Path
SUP-0014,Textiles Supplier 014,Textiles,2024,2015,2030,3472.4816,406.9801,645.8626,,16888486.43,86249629.91,3472.4816,Supplier Reported Emissions,False,High,Scope_Emissions,Valid,2028,Industry Haircut Pathway,8453.9382,5773.1944,6130.6269,6130.6269,2323.3113,0.00036301,0.27482,357.4325,178.7163,9044.3612,25594.8052,0.918,Medium,On Track to Glide Path
SUP-0014,Textiles Supplier 014,Textiles,2024,2015,2030,3472.4816,406.9801,645.8626,,16888486.43,86249629.91,3472.4816,Supplier Reported Emissions,False,High,Scope_Emissions,Valid,2029,Industry Haircut Pathway,8453.9382,5773.1944,5951.9107,5951.9107,2502.0275,0.00035242,0.29596,178.7163,178.7163,3092.4505,31546.7159,0.918,Medium,On Track to Glide Path
SUP-0014,Textiles Supplier 014,Textiles,2024,2015,2030,3472.4816,406.9801,645.8626,,16888486.43,86249629.91,3472.4816,Supplier Reported Emissions,False,High,Scope_Emissions,Valid,2030,Industry Haircut Pathway,8453.9382,5773.1944,5773.1944,5773.1944,2680.7438,0.00034184,0.3171,0.0,178.7163,-2680.7439,37319.9103,0.918,Low,On Track
SUP-0014,Textiles Supplier 014,Textiles,2024,2015,2030,3472.4816,406.9801,645.8626,,16888486.43,86249629.91,3472.4816,Supplier Reported Emissions,False,High,Scope_Emissions,Valid,2031,Industry Haircut Pathway,8453.9382,5773.1944,5773.1944,5773.1944,2680.7438,0.00034184,0.3171,0.0,178.7163,-8453.9383,43093.1047,0.918,Low,On Track
SUP-0014,Textiles Supplier 014,Textiles,2024,2015,2030,3472.4816,406.9801,645.8626,,16888486.43,86249629.91,3472.4816,Supplier Reported Emissions,False,High,Scope_Emissions,Valid,2032,Industry Haircut Pathway,8453.9382,5773.1944,5773.1944,5773.1944,2680.7438,0.00034184,0.3171,0.0,178.7163,-14227.1327,48866.2991,0.918,Low,On Track
SUP-0014,Textiles Supplier 014,Textiles,2024,2015,2030,3472.4816,406.9801,645.8626,,16888486.43,86249629.91,3472.4816,Supplier Reported Emissions,False,High,Scope_Emissions,Valid,2033,Industry Haircut Pathway,8453.9382,5773.1944,5773.1944,5773.1944,2680.7438,0.00034184,0.3171,0.0,178.7163,-20000.3271,54639.4935,0.918,Low,On Track
SUP-0014,Textiles Supplier 014,Textiles,2024,2015,2030,3472.4816,406.9801,645.8626,,16888486.43,86249629.91,3472.4816,Supplier Reported Emissions,False,High,Scope_Emissions,Valid,2034,Industry Haircut Pathway,8453.9382,5773.1944,5773.1944,5773.1944,2680.7438,0.00034184,0.3171,0.0,178.7163,-25773.5215,60412.6879,0.918,Low,On Track
SUP-0014,Textiles Supplier 014,Textiles,2024,2015,2030,3472.4816,406.9801,645.8626,,16888486.43,86249629.91,3472.4816,Supplier Reported Emissions,False,High,Scope_Emissions,Valid,2035,Industry Haircut Pathway,8453.9382,5773.1944,5773.1944,5773.1944,2680.7438,0.00034184,0.3171,0.0,178.7163,-31546.7159,66185.8823,0.918,Low,On Track
SUP-0014,Textiles Supplier 014,Textiles,2024,2015,2030,3472.4816,406.9801,645.8626,,16888486.43,86249629.91,3472.4816,Supplier Reported Emissions,False,High,Scope_Emissions,Valid,2036,Industry Haircut Pathway,8453.9382,5773.1944,5773.1944,5773.1944,2680.7438,0.00034184,0.3171,0.0,178.7163,-37319.9103,71959.0767,0.918,Low,On Track
SUP-0014,Textiles Supplier 014,Textiles,2024,2015,2030,3472.4816,406.9801,645.8626,,16888486.43,86249629.91,3472.4816,Supplier Reported Emissions,False,High,Scope_Emissions,Valid,2037,Industry Haircut Pathway,8453.9382,5773.1944,5773.1944,5773.1944,2680.7438,0.00034184,0.3171,0.0,178.7163,-43093.1047,77732.2711,0.918,Low,On Track
SUP-0014,Textiles Supplier 014,Textiles,2024,2015,2030,3472.4816,406.9801,645.8626,,16888486.43,86249629.91,3472.4816,Supplier Reported Emissions,False,High,Scope_Emissions,Valid,2038,Industry Haircut Pathway,8453.9382,5773.1944,5773.1944,5773.1944,2680.7438,0.00034184,0.3171,0.0,178.7163,-48866.2991,83505.4655,0.918,Low,On Track
SUP-0014,Textiles Supplier 014,Textiles,2024,2015,2030,3472.4816,406.9801,645.8626,,16888486.43,86249629.91,3472.4816,Supplier Reported Emissions,False,High,Scope_Emissions,Valid,2039,Industry Haircut Pathway,8453.9382,5773.1944,5773.1944,5773.1944,2680.7438,0.00034184,0.3171,0.0,178.7163,-54639.4935,89278.6599,0.918,Low,On Track
SUP-0014,Textiles Supplier 014,Textiles,2024,2015,2030,3472.4816,406.9801,645.8626,,16888486.43,86249629.91,3472.4816,Supplier Reported Emissions,False,High,Scope_Emissions,Valid,2040,Industry Haircut Pathway,8453.9382,5773.1944,5773.1944,5773.1944,2680.7438,0.00034184,0.3171,0.0,178.7163,-60412.6879,95051.8543,0.918,Low,On Track
SUP-0015,Packaging Supplier 015,Packaging,2024,2019,2040,23747.9613,3219.745,4441.0993,,22456674.89,113404484.34,23747.9613,Supplier Reported Emissions,False,High,Scope_Emissions,Valid,2025,Supplier Target Pathway,26229.5269,19606.5714,24337.2539,24337.2539,1892.273,0.00108374,0.072143,4730.6825,315.3788,289367.8885,24337.2539,0.99,High,On Track to Glide Path
SUP-0015,Packaging Supplier 015,Packaging,2024,2019,2040,23747.9613,3219.745,4441.0993,,22456674.89,113404484.34,23747.9613,Supplier Reported Emissions,False,High,Scope_Emissions,Valid,2026,Supplier Target Pathway,26229.5269,19606.5714,24021.8751,24021.8751,2207.6518,0.0010697,0.084167,4415.3037,315.3788,265346.0134,48359.129,0.99,High,On Track to Glide Path
SUP-0015,Packaging Supplier 015,Packaging,2024,2019,2040,23747.9613,3219.745,4441.0993,,22456674.89,113404484.34,23747.9613,Supplier Reported Emissions,False,High,Scope_Emissions,Valid,2027,Supplier Target Pathway,26229.5269,19606.5714,23706.4962,23706.4962,2523.0307,0.00105565,0.09619,4099.9249,315.3788,241639.5172,72065.6252,0.99,High,On Track to Glide Path
SUP-0015,Packaging Supplier 015,Packaging,2024,2019,2040,23747.9613,3219.745,4441.0993,,22456674.89,113404484.34,23747.9613,Supplier Reported Emissions,False,High,Scope_Emissions,Valid,2028,Supplier Target Pathway,26229.5269,19606.5714,23391.1174,23391.1174,2838.4095,0.00104161,0.108214,3784.546,315.3788,218248.3998,95456.7426,0.99,High,On Track to Glide Path
SUP-0015,Packaging Supplier 015,Packaging,2024,2019,2040,23747.9613,3219.745,4441.0993,,22456674.89,113404484.34,23747.9613,Supplier Reported Emissions,False,High,Scope_Emissions,Valid,2029,Supplier Target Pathway,26229.5269,19606.5714,23075.7385,23075.7385,3153.7884,0.00102757,0.120238,3469.1672,315.3788,195172.6613,118532.4811,0.99,High,On Track to Glide Path
SUP-0015,Packaging Supplier 015,Packaging,2024,2019,2040,23747.9613,3219.745,4441.0993,,22456674.89,113404484.34,23747.9613,Supplier Reported Emissions,False,High,Scope_Emissions,Valid,2030,Supplier Target Pathway,26229.5269,19606.5714,22760.3597,22760.3597,3469.1672,0.00101352,0.132262,3153.7884,315.3788,172412.3016,141292.8408,0.99,High,On Track to Glide Path
SUP-0015,Packaging Supplier 015,Packaging,2024,2019,2040,23747.9613,3219.745,4441.0993,,22456674.89,113404484.34,23747.9613,Supplier Reported Emissions,False,High,Scope_Emissions,Valid,2031,Supplier Target Pathway,26229.5269,19606.5714,22444.9809,22444.9809,3784.546,0.00099948,0.144286,2838.4095,315.3788,149967.3207,163737.8217,0.99,Medium,On Track to Glide Path
SUP-0015,Packaging Supplier 015,Packaging,2024,2019,2040,23747.9613,3219.745,4441.0993,,22456674.89,113404484.34,23747.9613,Supplier Reported Emissions,False,High,Scope_Emissions,Valid,2032,Supplier Target Pathway,26229.5269,19606.5714,22129.602,22129.602,4099.9249,0.00098544,0.15631,2523.0307,315.3788,127837.7187,185867.4237,0.99,Medium,On Track to Glide Path
SUP-0015,Packaging Supplier 015,Packaging,2024,2019,2040,23747.9613,3219.745,4441.0993,,22456674.89,113404484.34,23747.9613,Supplier Reported Emissions,False,High,Scope_Emissions,Valid,2033,Supplier Target Pathway,26229.5269,19606.5714,21814.2232,21814.2232,4415.3037,0.00097139,0.168333,2207.6518,315.3788,106023.4955,207681.6469,0.99,Medium,On Track to Glide Path
SUP-0015,Packaging Supplier 015,Packaging,2024,2019,2040,23747.9613,3219.745,4441.0993,,22456674.89,113404484.34,23747.9613,Supplier Reported Emissions,False,High,Scope_Emissions,Valid,2034,Supplier Target Pathway,26229.5269,19606.5714,21498.8444,21498.8444,4730.6825,0.00095735,0.180357,1892.273,315.3788,84524.6511,229180.4913,0.99,Medium,On Track to Glide Path
SUP-0015,Packaging Supplier 015,Packaging,2024,2019,2040,23747.9613,3219.745,4441.0993,,22456674.89,113404484.34,23747.9613,Supplier Reported Emissions,False,High,Scope_Emissions,Valid,2035,Supplier Target Pathway,26229.5269,19606.5714,21183.4655,21183.4655,5046.0614,0.0009433,0.192381,1576.8942,315.3788,63341.1856,250363.9568,0.99,Medium,On Track to Glide Path
SUP-0015,Packaging Supplier 015,Packaging,2024,2019,2040,23747.9613,3219.745,4441.0993,,22456674.89,113404484.34,23747.9613,Supplier Reported Emissions,False,High,Scope_Emissions,Valid,2036,Supplier Target Pathway,26229.5269,19606.5714,20868.0867,20868.0867,5361.4402,0.00092926,0.204405,1261.5153,315.3788,42473.0989,271232.0435,0.99,Medium,On Track to Glide Path
SUP-0015,Packaging Supplier 015,Packaging,2024,2019,2040,23747.9613,3219.745,4441.0993,,22456674.89,113404484.34,23747.9613,Supplier Reported Emissions,False,High,Scope_Emissions,Valid,2037,Supplier Target Pathway,26229.5269,19606.5714,20552.7079,20552.7079,5676.819,0.00091522,0.216429,946.1365,315.3788,21920.391,291784.7514,0.99,Medium,On Track to Glide Path
SUP-0015,Packaging Supplier 015,Packaging,2024,2019,2040,23747.9613,3219.745,4441.0993,,22456674.89,113404484.34,23747.9613,Supplier Reported Emissions,False,High,Scope_Emissions,Valid,2038,Supplier Target Pathway,26229.5269,19606.5714,20237.329,20237.329,5992.1979,0.00090117,0.228452,630.7577,315.3788,1683.062,312022.0804,0.99,Medium,On Track to Glide Path
SUP-0015,Packaging Supplier 015,Packaging,2024,2019,2040,23747.9613,3219.745,4441.0993,,22456674.89,113404484.34,23747.9613,Supplier Reported Emissions,False,High,Scope_Emissions,Valid,2039,Supplier Target Pathway,26229.5269,19606.5714,19921.9502,19921.9502,6307.5767,0.00088713,0.240476,315.3788,315.3788,-18238.8882,331944.0306,0.99,Medium,On Track to Glide Path
SUP-0015,Packaging Supplier 015,Packaging,2024,2019,2040,23747.9613,3219.745,4441.0993,,22456674.89,113404484.34,23747.9613,Supplier Reported Emissions,False,High,Scope_Emissions,Valid,2040,Supplier Target Pathway,26229.5269,19606.5714,19606.5714,19606.5714,6622.9555,0.00087308,0.2525,0.0,315.3788,-37845.4596,351550.602,0.99,Low,On Track
SUP-0016,Metals Supplier 016,Metals,2024,2018,2040,,2668.1832,1561.6493,10042.1493,15066149.88,44846003.77,14271.9818,Scope 1 + Scope 2 + Scope 3,True,High,Reported_Emissions,Valid,2025,Supplier Target Pathway,11796.9131,8730.8954,10821.362,10821.362,975.5511,0.00071826,0.082695,2090.4666,139.3644,128872.9644,10821.362,0.99,High,On Track to Glide Path
SUP-0016,Metals Supplier 016,Metals,2024,2018,2040,,2668.1832,1561.6493,10042.1493,15066149.88,44846003.77,14271.9818,Scope 1 + Scope 2 + Scope 3,True,High,Reported_Emissions,Valid,2026,Supplier Target Pathway,11796.9131,8730.8954,10681.9976,10681.9976,1114.9155,0.00070901,0.094509,1951.1022,139.3644,118190.9668,21503.3596,0.99,High,On Track to Glide Path
SUP-0016,Metals Supplier 016,Metals,2024,2018,2040,,2668.1832,1561.6493,10042.1493,15066149.88,44846003.77,14271.9818,Scope 1 + Scope 2 + Scope 3,True,High,Reported_Emissions,Valid,2027,Supplier Target Pathway,11796.9131,8730.8954,10542.6331,10542.6331,1254.28,0.00069976,0.106323,1811.7377,139.3644,107648.3337,32045.9927,0.99,High,On Track to Glide Path
SUP-0016,Metals Supplier 016,Metals,2024,2018,2040,,2668.1832,1561.6493,10042.1493,15066149.88,44846003.77,14271.9818,Scope 1 + Scope 2 + Scope 3,True,High,Reported_Emissions,Valid,2028,Supplier Target Pathway,11796.9131,8730.8954,10403.2687,10403.2687,1393.6444,0.00069051,0.118136,1672.3733,139.3644,97245.065,42449.2614,0.99,High,On Track to Glide Path
SUP-0016,Metals Supplier 016,Metals,2024,2018,2040,,2668.1832,1561.6493,10042.1493,15066149.88,44846003.77,14271.9818,Scope 1 + Scope 2 + Scope 3,True,High,Reported_Emissions,Valid,2029,Supplier Target Pathway,11796.9131,8730.8954,10263.9042,10263.9042,1533.0089,0.00068126,0.12995,1533.0089,139.3644,86981.1608,52713.1656,0.99,High,On Track to Glide Path
SUP-0016,Metals Supplier 016,Metals,2024,2018,2040,,2668.1832,1561.6493,10042.1493,15066149.88,44846003.77,14271.9818,Scope 1 + Scope 2 + Scope 3,True,High,Reported_Emissions,Valid,2030,Supplier Target Pathway,11796.9131,8730.8954,10124.5398,10124.5398,1672.3733,0.00067201,0.141764,1393.6444,139.3644,76856.621,62837.7054,0.99,High,On Track to Glide Path
SUP-0016,Metals Supplier 016,Metals,2024,2018,2040,,2668.1832,1561.6493,10042.1493,15066149.88,44846003.77,14271.9818,Scope 1 + Scope 2 + Scope 3,True,High,Reported_Emissions,Valid,2031,Supplier Target Pathway,11796.9131,8730.8954,9985.1754,9985.1754,1811.7377,0.00066276,0.153577,1254.28,139.3644,66871.4456,72822.8808,0.99,Medium,On Track to Glide Path
SUP-0016,Metals Supplier 016,Metals,2024,2018,2040,,2668.1832,1561.6493,10042.1493,15066149.88,44846003.77,14271.9818,Scope 1 + Scope 2 + Scope 3,True,High,Reported_Emissions,Valid,2032,Supplier Target Pathway,11796.9131,8730.8954,9845.8109,9845.8109,1951.1022,0.00065351,0.165391,1114.9155,139.3644,57025.6347,82668.6917,0.99,Medium,On Track to Glide Path
SUP-0016,Metals Supplier 016,Metals,2024,2018,2040,,2668.1832,1561.6493,10042.1493,15066149.88,44846003.77,14271.9818,Scope 1 + Scope 2 + Scope 3,True,High,Reported_Emissions,Valid,2033,Supplier Target Pathway,11796.9131,8730.8954,9706.4465,9706.4465,2090.4666,0.00064426,0.177205,975.5511,139.3644,47319.1882,92375.1382,0.99,Medium,On Track to Glide Path
SUP-0016,Metals Supplier 016,Metals,2024,2018,2040,,2668.1832,1561.6493,10042.1493,15066149.88,44846003.77,14271.9818,Scope 1 + Scope 2 + Scope 3,True,High,Reported_Emissions,Valid,2034,Supplier Target Pathway,11796.9131,8730.8954,9567.082,9567.082,2229.8311,0.00063501,0.189018,836.1866,139.3644,37752.1062,101942.2202,0.99,Medium,On Track to Glide Path
SUP-0016,Metals Supplier 016,Metals,2024,2018,2040,,2668.1832,1561.6493,10042.1493,15066149.88,44846003.77,14271.9818,Scope 1 + Scope 2 + Scope 3,True,High,Reported_Emissions,Valid,2035,Supplier Target Pathway,11796.9131,8730.8954,9427.7176,9427.7176,2369.1955,0.00062575,0.200832,696.8222,139.3644,28324.3886,111369.9378,0.99,Medium,On Track to Glide Path
SUP-0016,Metals Supplier 016,Metals,2024,2018,2040,,2668.1832,1561.6493,10042.1493,15066149.88,44846003.77,14271.9818,Scope 1 + Scope 2 + Scope 3,True,High,Reported_Emissions,Valid,2036,Supplier Target Pathway,11796.9131,8730.8954,9288.3532,9288.3532,2508.5599,0.0006165,0.212645,557.4578,139.3644,19036.0354,120658.291,0.99,Medium,On Track to Glide Path
SUP-0016,Metals Supplier 016,Metals,2024,2018,2040,,2668.1832,1561.6493,10042.1493,15066149.88,44846003.77,14271.9818,Scope 1 + Scope 2 + Scope 3,True,High,Reported_Emissions,Valid,2037,Supplier Target Pathway,11796.9131,8730.8954,9148.9887,9148.9887,2647.9244,0.00060725,0.224459,418.0933,139.3644,9887.0467,129807.2797,0.99,Medium,On Track to Glide Path
SUP-0016,Metals Supplier 016,Metals,2024,2018,2040,,2668.1832,1561.6493,10042.1493,15066149.88,44846003.77,14271.9818,Scope 1 + Scope 2 + Scope 3,True,High,Reported_Emissions,Valid,2038,Supplier Target Pathway,11796.9131,8730.8954,9009.6243,9009.6243,2787.2888,0.000598,0.236273,278.7289,139.3644,877.4224,138816.904,0.99,Medium,On Track to Glide Path
SUP-0016,Metals Supplier 016,Metals,2024,2018,2040,,2668.1832,1561.6493,10042.1493,15066149.88,44846003.77,14271.9818,Scope 1 + Scope 2 + Scope 3,True,High,Reported_Emissions,Valid,2039,Supplier Target Pathway,11796.9131,8730.8954,8870.2598,8870.2598,2926.6533,0.00058875,0.248086,139.3644,139.3644,-7992.8374,147687.1638,0.99,Medium,On Track to Glide Path
SUP-0016,Metals Supplier 016,Metals,2024,2018,2040,,2668.1832,1561.6493,10042.1493,15066149.88,44846003.77,14271.9818,Scope 1 + Scope 2 + Scope 3,True,High,Reported_Emissions,Valid,2040,Supplier Target Pathway,11796.9131,8730.8954,8730.8954,8730.8954,3066.0177,0.0005795,0.2599,0.0,139.3644,-16723.7328,156418.0592,0.99,Low,On Track
SUP-0017,Electronics Supplier 017,Electronics,2024,2020,2035,13125.3202,,,9101.9459,16073434.72,43836752.72,13125.3202,Supplier Reported Emissions,False,High,Scope_Emissions,Valid,2025,Supplier Target Pathway,13961.8183,5586.1235,11169.92,11169.92,2791.8983,0.00069493,0.199967,5583.7965,558.3797,50277.4385,11169.92,0.99,Critical,On Track to Glide Path
SUP-0017,Electronics Supplier 017,Electronics,2024,2020,2035,13125.3202,,,9101.9459,16073434.72,43836752.72,13125.3202,Supplier Reported Emissions,False,High,Scope_Emissions,Valid,2026,Supplier Target Pathway,13961.8183,5586.1235,10611.5404,10611.5404,3350.2779,0.00066019,0.23996,5025.4169,558.3797,39665.8981,21781.4604,0.99,Critical,On Track to Glide Path
SUP-0017,Electronics Supplier 017,Electronics,2024,2020,2035,13125.3202,,,9101.9459,16073434.72,43836752.72,13125.3202,Supplier Reported Emissions,False,High,Scope_Emissions,Valid,2027,Supplier Target Pathway,13961.8183,5586.1235,10053.1607,10053.1607,3908.6576,0.00062545,0.279953,4467.0372,558.3797,29612.7374,31834.6211,0.99,Critical,On Track to Glide Path
SUP-0017,Electronics Supplier 017,Electronics,2024,2020,2035,13125.3202,,,9101.9459,16073434.72,43836752.72,13125.3202,Supplier Reported Emissions,False,High,Scope_Emissions,Valid,2028,Supplier Target Pathway,13961.8183,5586.1235,9494.7811,9494.7811,4467.0372,0.00059071,0.319947,3908.6576,558.3797,20117.9563,41329.4022,0.99,Critical,On Track to Glide Path
SUP-0017,Electronics Supplier 017,Electronics,2024,2020,2035,13125.3202,,,9101.9459,16073434.72,43836752.72,13125.3202,Supplier Reported Emissions,False,High,Scope_Emissions,Valid,2029,Supplier Target Pathway,13961.8183,5586.1235,8936.4014,8936.4014,5025.4169,0.00055597,0.35994,3350.2779,558.3797,11181.5549,50265.8036,0.99,Critical,On Track to Glide Path
SUP-0017,Electronics Supplier 017,Electronics,2024,2020,2035,13125.3202,,,9101.9459,16073434.72,43836752.72,13125.3202,Supplier Reported Emissions,False,High,Scope_Emissions,Valid,2030,Supplier Target Pathway,13961.8183,5586.1235,8378.0218,8378.0218,5583.7965,0.00052123,0.399933,2791.8983,558.3797,2803.5331,58643.8254,0.99,Critical,On Track to Glide Path
SUP-0017,Electronics Supplier 017,Electronics,2024,2020,2035,13125.3202,,,9101.9459,16073434.72,43836752.72,13125.3202,Supplier Reported Emissions,False,High,Scope_Emissions,Valid,2031,Supplier Target Pathway,13961.8183,5586.1235,7819.6421,7819.6421,6142.1762,0.00048649,0.439927,2233.5186,558.3797,-5016.109,66463.4675,0.99,Critical,On Track to Glide Path
SUP-0017,Electronics Supplier 017,Electronics,2024,2020,2035,13125.3202,,,9101.9459,16073434.72,43836752.72,13125.3202,Supplier Reported Emissions,False,High,Scope_Emissions,Valid,2032,Supplier Target Pathway,13961.8183,5586.1235,7261.2625,7261.2625,6700.5558,0.00045176,0.47992,1675.139,558.3797,-12277.3715,73724.73,0.99,High,On Track to Glide Path
SUP-0017,Electronics Supplier 017,Electronics,2024,2020,2035,13125.3202,,,9101.9459,16073434.72,43836752.72,13125.3202,Supplier Reported Emissions,False,High,Scope_Emissions,Valid,2033,Supplier Target Pathway,13961.8183,5586.1235,6702.8828,6702.8828,7258.9355,0.00041702,0.519913,1116.7593,558.3797,-18980.2543,80427.6128,0.99,High,On Track to Glide Path
SUP-0017,Electronics Supplier 017,Electronics,2024,2020,2035,13125.3202,,,9101.9459,16073434.72,43836752.72,13125.3202,Supplier Reported Emissions,False,High,Scope_Emissions,Valid,2034,Supplier Target Pathway,13961.8183,5586.1235,6144.5032,6144.5032,7817.3151,0.00038228,0.559907,558.3797,558.3797,-25124.7575,86572.116,0.99,Medium,On Track to Glide Path
SUP-0017,Electronics Supplier 017,Electronics,2024,2020,2035,13125.3202,,,9101.9459,16073434.72,43836752.72,13125.3202,Supplier Reported Emissions,False,High,Scope_Emissions,Valid,2035,Supplier Target Pathway,13961.8183,5586.1235,5586.1235,5586.1235,8375.6948,0.00034754,0.5999,0.0,558.3797,-30710.881,92158.2395,0.99,Low,On Track
SUP-0017,Electronics Supplier 017,Electronics,2024,2020,2035,13125.3202,,,9101.9459,16073434.72,43836752.72,13125.3202,Supplier Reported Emissions,False,High,Scope_Emissions,Valid,2036,Supplier Target Pathway,13961.8183,5586.1235,5586.1235,5586.1235,8375.6948,0.00034754,0.5999,0.0,558.3797,-36297.0045,97744.363,0.99,Low,On Track
SUP-0017,Electronics Supplier 017,Electronics,2024,2020,2035,13125.3202,,,9101.9459,16073434.72,43836752.72,13125.3202,Supplier Reported Emissions,False,High,Scope_Emissions,Valid,2037,Supplier Target Pathway,13961.8183,5586.1235,5586.1235,5586.1235,8375.6948,0.00034754,0.5999,0.0,558.3797,-41883.128,103330.4865,0.99,Low,On Track
SUP-0017,Electronics Supplier 017,Electronics,2024,2020,2035,13125.3202,,,9101.9459,16073434.72,43836752.72,13125.3202,Supplier Reported Emissions,False,High,Scope_Emissions,Valid,2038,Supplier Target Pathway,13961.8183,5586.1235,5586.1235,5586.1235,8375.6948,0.00034754,0.5999,0.0,558.3797,-47469.2515,108916.61,0.99,Low,On Track
SUP-0017,Electronics Supplier 017,Electronics,2024,2020,2035,13125.3202,,,9101.9459,16073434.72,43836752.72,13125.3202,Supplier Reported Emissions,False,High,Scope_Emissions,Valid,2039,Supplier Target Pathway,13961.8183,5586.1235,5586.1235,5586.1235,8375.6948,0.00034754,0.5999,0.0,558.3797,-53055.375,114502.7335,0.99,Low,On Track
SUP-0017,Electronics Supplier 017,Electronics,2024,2020,2035,13125.3202,,,9101.9459,16073434.72,43836752.72,13125.3202,Supplier Reported Emissions,False,High,Scope_Emissions,Valid,2040,Supplier Target Pathway,13961.8183,5586.1235,5586.1235,5586.1235,8375.6948,0.00034754,0.5999,0.0,558.3797,-58641.4985,120088.857,0.99,Low,On Track
SUP-0018,Professional Supplier 018,Professional Services,2024,2015,2040,3029.8477,476.8177,252.2195,2403.8315,27725818.17,35389398.07,3029.8477,Supplier Reported Emissions,False,High,None,Valid,2025,Historical Trend Pathway,3481.9675,2948.0078,3020.1231,3268.3836,461.8444,0.00010893,0.132639,72.1153,21.3584,44148.0017,3020.1231,0.855,Medium,On Track to Glide Path
SUP-0018,Professional Supplier 018,Professional Services,2024,2015,2040,3029.8477,476.8177,252.2195,2403.8315,27725818.17,35389398.07,3029.8477,Supplier Reported Emissions,False,High,None,Valid,2026,Historical Trend Pathway,3481.9675,2948.0078,3010.4297,3247.0252,471.5378,0.00010858,0.135423,62.4219,21.3584,41137.572,6030.5528,0.855,Medium,On Track to Glide Path
SUP-0018,Professional Supplier 018,Professional Services,2024,2015,2040,3029.8477,476.8177,252.2195,2403.8315,27725818.17,35389398.07,3029.8477,Supplier Reported Emissions,False,High,None,Valid,2027,Historical Trend Pathway,3481.9675,2948.0078,3000.7674,3225.6668,481.2001,0.00010823,0.138198,52.7597,21.3584,38136.8046,9031.3202,0.855,Medium,On Track to Glide Path
SUP-0018,Professional Supplier 018,Professional Services,2024,2015,2040,3029.8477,476.8177,252.2195,2403.8315,27725818.17,35389398.07,3029.8477,Supplier Reported Emissions,False,High,None,Valid,2028,Historical Trend Pathway,3481.9675,2948.0078,2991.1362,3204.3084,490.8313,0.00010788,0.140964,43.1284,21.3584,35145.6684,12022.4564,0.855,Medium,On Track to Glide Path
SUP-0018,Professional Supplier 018,Professional Services,2024,2015,2040,3029.8477,476.8177,252.2195,2403.8315,27725818.17,35389398.07,3029.8477,Supplier Reported Emissions,False,High,None,Valid,2029,Historical Trend Pathway,3481.9675,2948.0078,2981.5358,3182.9501,500.4317,0.00010754,0.143721,33.528,21.3584,32164.1326,15003.9922,0.855,Medium,On Track to Glide Path
SUP-0018,Professional Supplier 018,Professional Services,2024,2015,2040,3029.8477,476.8177,252.2195,2403.8315,27725818.17,35389398.07,3029.8477,Supplier Reported Emissions,False,High,None,Valid,2030,Historical Trend Pathway,3481.9675,2948.0078,2971.9663,3161.5917,510.0012,0.00010719,0.146469,23.9585,21.3584,29192.1663,17975.9585,0.855,Medium,On Track to Glide Path
SUP-0018,Professional Supplier 018,Professional Services,2024,2015,2040,3029.8477,476.8177,252.2195,2403.8315,27725818.17,35389398.07,3029.8477,Supplier Reported Emissions,False,High,None,Valid,2031,Historical Trend Pathway,3481.9675,2948.0078,2962.4275,3140.2333,519.54,0.00010685,0.149209,14.4197,21.3584,26229.7388,20938.386,0.855,Medium,On Track to Glide Path
SUP-0018,Professional Supplier 018,Professional Services,2024,2015,2040,3029.8477,476.8177,252.2195,2403.8315,27725818.17,35389398.07,3029.8477,Supplier Reported Emissions,False,High,None,Valid,2032,Historical Trend Pathway,3481.9675,2948.0078,2952.9193,3118.8749,529.0482,0.0001065,0.151939,4.9115,21.3584,23276.8195,23891.3053,0.855,Medium,On Track to Glide Path
SUP-0018,Professional Supplier 018,Professional Services,2024,2015,2040,3029.8477,476.8177,252.2195,2403.8315,27725818.17,35389398.07,3029.8477,Supplier Reported Emissions,False,High,None,Valid,2033,Historical Trend Pathway,3481.9675,2948.0078,2943.4416,3097.5165,538.5259,0.00010616,0.154661,-4.5662,21.3584,20333.3779,26834.7469,0.855,Low,On Track to Glide Path
SUP-0018,Professional Supplier 018,Professional Services,2024,2015,2040,3029.8477,476.8177,252.2195,2403.8315,27725818.17,35389398.07,3029.8477,Supplier Reported Emissions,False,High,None,Valid,2034,Historical Trend Pathway,3481.9675,2948.0078,2933.9943,3076.1581,547.9732,0.00010582,0.157375,-14.0135,21.3584,17399.3836,29768.7412,0.855,Low,On Track to Glide Path
SUP-0018,Professional Supplier 018,Professional Services,2024,2015,2040,3029.8477,476.8177,252.2195,2403.8315,27725818.17,35389398.07,3029.8477,Supplier Reported Emissions,False,High,None,Valid,2035,Historical Trend Pathway,3481.9675,2948.0078,2924.5773,3054.7997,557.3902,0.00010548,0.160079,-23.4304,21.3584,14474.8063,32693.3185,0.855,Low,On Track to Glide Path
SUP-0018,Professional Supplier 018,Professional Services,2024,2015,2040,3029.8477,476.8177,252.2195,2403.8315,27725818.17,35389398.07,3029.8477,Supplier Reported Emissions,False,High,None,Valid,2036,Historical Trend Pathway,3481.9675,2948.0078,2915.1906,3033.4413,566.7769,0.00010514,0.162775,-32.8172,21.3584,11559.6157,35608.5091,0.855,Low,On Track to Glide Path
SUP-0018,Professional Supplier 018,Professional Services,2024,2015,2040,3029.8477,476.8177,252.2195,2403.8315,27725818.17,35389398.07,3029.8477,Supplier Reported Emissions,False,High,None,Valid,2037,Historical Trend Pathway,3481.9675,2948.0078,2905.834,3012.0829,576.1335,0.00010481,0.165462,-42.1738,21.3584,8653.7817,38514.3431,0.855,Low,On Track to Glide Path
SUP-0018,Professional Supplier 018,Professional Services,2024,2015,2040,3029.8477,476.8177,252.2195,2403.8315,27725818.17,35389398.07,3029.8477,Supplier Reported Emissions,False,High,None,Valid,2038,Historical Trend Pathway,3481.9675,2948.0078,2896.5075,2990.7246,585.46,0.00010447,0.168141,-51.5003,21.3584,5757.2742,41410.8506,0.855,Low,On Track to Glide Path
SUP-0018,Professional Supplier 018,Professional Services,2024,2015,2040,3029.8477,476.8177,252.2195,2403.8315,27725818.17,35389398.07,3029.8477,Supplier Reported Emissions,False,High,None,Valid,2039,Historical Trend Pathway,3481.9675,2948.0078,2887.2108,2969.3662,594.7567,0.00010413,0.170811,-60.7969,21.3584,2870.0634,44298.0614,0.855,Low,On Track to Glide Path
SUP-0018,Professional Supplier 018,Professional Services,2024,2015,2040,3029.8477,476.8177,252.2195,2403.8315,27725818.17,35389398.07,3029.8477,Supplier Reported Emissions,False,High,None,Valid,2040,Historical Trend Pathway,3481.9675,2948.0078,2877.944,2948.0078,604.0235,0.0001038,0.173472,-70.0637,21.3584,-7.8806,47176.0054,0.855,Low,On Track
SUP-0019,Metals Supplier 019,Metals,2024,2021,2035,,3459.5557,,,37295083.38,66297440.8,37554.2842,Spend-Based Estimate,True,Medium,Reported_Emissions; Scope_Emissions,Valid,2025,Supplier Target Pathway,21793.9654,10519.9471,18572.8173,18572.8173,3221.1481,0.000498,0.1478,8052.8702,805.287,97146.6008,18572.8173,0.986,Critical,On Track to Glide Path
SUP-0019,Metals Supplier 019,Metals,2024,2021,2035,,3459.5557,,,37295083.38,66297440.8,37554.2842,Spend-Based Estimate,True,Medium,Reported_Emissions; Scope_Emissions,Valid,2026,Supplier Target Pathway,21793.9654,10519.9471,17767.5303,17767.5303,4026.4351,0.0004764,0.18475,7247.5832,805.287,79379.0705,36340.3476,0.986,Critical,On Track to Glide Path
SUP-0019,Metals Supplier 019,Metals,2024,2021,2035,,3459.5557,,,37295083.38,66297440.8,37554.2842,Spend-Based Estimate,True,Medium,Reported_Emissions; Scope_Emissions,Valid,2027,Supplier Target Pathway,21793.9654,10519.9471,16962.2433,16962.2433,4831.7221,0.00045481,0.2217,6442.2962,805.287,62416.8272,53302.5909,0.986,Critical,On Track to Glide Path
SUP-0019,Metals Supplier 019,Metals,2024,2021,2035,,3459.5557,,,37295083.38,66297440.8,37554.2842,Spend-Based Estimate,True,Medium,Reported_Emissions; Scope_Emissions,Valid,2028,Supplier Target Pathway,21793.9654,10519.9471,16156.9562,16156.9562,5637.0092,0.00043322,0.25865,5637.0092,805.287,46259.871,69459.5471,0.986,Critical,On Track to Glide Path
SUP-0019,Metals Supplier 019,Metals,2024,2021,2035,,3459.5557,,,37295083.38,66297440.8,37554.2842,Spend-Based Estimate,True,Medium,Reported_Emissions; Scope_Emissions,Valid,2029,Supplier Target Pathway,21793.9654,10519.9471,15351.6692,15351.6692,6442.2962,0.00041163,0.2956,4831.7221,805.287,30908.2018,84811.2163,0.986,Critical,On Track to Glide Path
SUP-0019,Metals Supplier 019,Metals,2024,2021,2035,,3459.5557,,,37295083.38,66297440.8,37554.2842,Spend-Based Estimate,True,Medium,Reported_Emissions; Scope_Emissions,Valid,2030,Supplier Target Pathway,21793.9654,10519.9471,14546.3822,14546.3822,7247.5832,0.00039003,0.33255,4026.4351,805.287,16361.8196,99357.5985,0.986,Critical,On Track to Glide Path
SUP-0019,Metals Supplier 019,Metals,2024,2021,2035,,3459.5557,,,37295083.38,66297440.8,37554.2842,Spend-Based Estimate,True,Medium,Reported_Emissions; Scope_Emissions,Valid,2031,Supplier Target Pathway,21793.9654,10519.9471,13741.0952,13741.0952,8052.8702,0.00036844,0.3695,3221.1481,805.287,2620.7244,113098.6937,0.986,High,On Track to Glide Path
SUP-0019,Metals Supplier 019,Metals,2024,2021,2035,,3459.5557,,,37295083.38,66297440.8,37554.2842,Spend-Based Estimate,True,Medium,Reported_Emissions; Scope_Emissions,Valid,2032,Supplier Target Pathway,21793.9654,10519.9471,12935.8082,12935.8082,8858.1572,0.00034685,0.40645,2415.8611,805.287,-10315.0838,126034.5019,0.986,High,On Track to Glide Path
SUP-0019,Metals Supplier 019,Metals,2024,2021,2035,,3459.5557,,,37295083.38,66297440.8,37554.2842,Spend-Based Estimate,True,Medium,Reported_Emissions; Scope_Emissions,Valid,2033,Supplier Target Pathway,21793.9654,10519.9471,12130.5211,12130.5211,9663.4443,0.00032526,0.4434,1610.574,805.287,-22445.6049,138165.023,0.986,High,On Track to Glide Path
SUP-0019,Metals Supplier 019,Metals,2024,2021,2035,,3459.5557,,,37295083.38,66297440.8,37554.2842,Spend-Based Estimate,True,Medium,Reported_Emissions; Scope_Emissions,Valid,2034,Supplier Target Pathway,21793.9654,10519.9471,11325.2341,11325.2341,10468.7313,0.00030367,0.48035,805.287,805.287,-33770.839,149490.2571,0.986,Medium,On Track to Glide Path
SUP-0019,Metals Supplier 019,Metals,2024,2021,2035,,3459.5557,,,37295083.38,66297440.8,37554.2842,Spend-Based Estimate,True,Medium,Reported_Emissions; Scope_Emissions,Valid,2035,Supplier Target Pathway,21793.9654,10519.9471,10519.9471,10519.9471,11274.0183,0.00028207,0.5173,0.0,805.287,-44290.7861,160010.2042,0.986,Low,On Track
SUP-0019,Metals Supplier 019,Metals,2024,2021,2035,,3459.5557,,,37295083.38,66297440.8,37554.2842,Spend-Based Estimate,True,Medium,Reported_Emissions; Scope_Emissions,Valid,2036,Supplier Target Pathway,21793.9654,10519.9471,10519.9471,10519.9471,11274.0183,0.00028207,0.5173,0.0,805.287,-54810.7332,170530.1513,0.986,Low,On Track
SUP-0019,Metals Supplier 019,Metals,2024,2021,2035,,3459.5557,,,37295083.38,66297440.8,37554.2842,Spend-Based Estimate,True,Medium,Reported_Emissions; Scope_Emissions,Valid,2037,Supplier Target Pathway,21793.9654,10519.9471,10519.9471,10519.9471,11274.0183,0.00028207,0.5173,0.0,805.287,-65330.6803,181050.0984,0.986,Low,On Track
SUP-0019,Metals Supplier 019,Metals,2024,2021,2035,,3459.5557,,,37295083.38,66297440.8,37554.2842,Spend-Based Estimate,True,Medium,Reported_Emissions; Scope_Emissions,Valid,2038,Supplier Target Pathway,21793.9654,10519.9471,10519.9471,10519.9471,11274.0183,0.00028207,0.5173,0.0,805.287,-75850.6274,191570.0455,0.986,Low,On Track
SUP-0019,Metals Supplier 019,Metals,2024,2021,2035,,3459.5557,,,37295083.38,66297440.8,37554.2842,Spend-Based Estimate,True,Medium,Reported_Emissions; Scope_Emissions,Valid,2039,Supplier Target Pathway,21793.9654,10519.9471,10519.9471,10519.9471,11274.0183,0.00028207,0.5173,0.0,805.287,-86370.5745,202089.9926,0.986,Low,On Track
SUP-0019,Metals Supplier 019,Metals,2024,2021,2035,,3459.5557,,,37295083.38,66297440.8,37554.2842,Spend-Based Estimate,True,Medium,Reported_Emissions; Scope_Emissions,Valid,2040,Supplier Target Pathway,21793.9654,10519.9471,10519.9471,10519.9471,11274.0183,0.00028207,0.5173,0.0,805.287,-96890.5216,212609.9397,0.986,Low,On Track
SUP-0020,Logistics Supplier 020,Logistics,2024,2020,2035,3981.359,,922.1822,2042.0147,16706856.05,90210085.53,3981.359,Supplier Reported Emissions,False,High,Scope_Emissions,Valid,2025,Supplier Target Pathway,3808.153,1264.3068,2960.2043,2960.2043,847.9487,0.00017718,0.222667,1695.8975,169.5897,10947.1705,2960.2043,0.975,Critical,On Track to Glide Path
SUP-0020,Logistics Supplier 020,Logistics,2024,2020,2035,3981.359,,922.1822,2042.0147,16706856.05,90210085.53,3981.359,Supplier Reported Emissions,False,High,Scope_Emissions,Valid,2026,Supplier Target Pathway,3808.153,1264.3068,2790.6145,2790.6145,1017.5385,0.00016703,0.2672,1526.3077,169.5897,8156.556,5750.8188,0.975,Critical,On Track to Glide Path
SUP-0020,Logistics Supplier 020,Logistics,2024,2020,2035,3981.359,,922.1822,2042.0147,16706856.05,90210085.53,3981.359,Supplier Reported Emissions,False,High,Scope_Emissions,Valid,2027,Supplier Target Pathway,3808.153,1264.3068,2621.0248,2621.0248,1187.1282,0.00015688,0.311733,1356.718,169.5897,5535.5312,8371.8436,0.975,Critical,On Track to Glide Path
SUP-0020,Logistics Supplier 020,Logistics,2024,2020,2035,3981.359,,922.1822,2042.0147,16706856.05,90210085.53,3981.359,Supplier Reported Emissions,False,High,Scope_Emissions,Valid,2028,Supplier Target Pathway,3808.153,1264.3068,2451.435,2451.435,1356.718,0.00014673,0.356267,1187.1282,169.5897,3084.0962,10823.2786,0.975,Critical,On Track to Glide Path
SUP-0020,Logistics Supplier 020,Logistics,2024,2020,2035,3981.359,,922.1822,2042.0147,16706856.05,90210085.53,3981.359,Supplier Reported Emissions,False,High,Scope_Emissions,Valid,2029,Supplier Target Pathway,3808.153,1264.3068,2281.8453,2281.8453,1526.3077,0.00013658,0.4008,1017.5385,169.5897,802.2509,13105.1239,0.975,Critical,On Track to Glide Path
SUP-0020,Logistics Supplier 020,Logistics,2024,2020,2035,3981.359,,922.1822,2042.0147,16706856.05,90210085.53,3981.359,Supplier Reported Emissions,False,High,Scope_Emissions,Valid,2030,Supplier Target Pathway,3808.153,1264.3068,2112.2555,2112.2555,1695.8975,0.00012643,0.445333,847.9487,169.5897,-1310.0046,15217.3794,0.975,Critical,On Track to Glide Path
SUP-0020,Logistics Supplier 020,Logistics,2024,2020,2035,3981.359,,922.1822,2042.0147,16706856.05,90210085.53,3981.359,Supplier Reported Emissions,False,High,Scope_Emissions,Valid,2031,Supplier Target Pathway,3808.153,1264.3068,1942.6658,1942.6658,1865.4872,0.00011628,0.489867,678.359,169.5897,-3252.6704,17160.0452,0.975,Critical,On Track to Glide Path
SUP-0020,Logistics Supplier 020,Logistics,2024,2020,2035,3981.359,,922.1822,2042.0147,16706856.05,90210085.53,3981.359,Supplier Reported Emissions,False,High,Scope_Emissions,Valid,2032,Supplier Target Pathway,3808.153,1264.3068,1773.076,1773.076,2035.077,0.00010613,0.5344,508.7692,169.5897,-5025.7464,18933.1212,0.975,Critical,On Track to Glide Path
SUP-0020,Logistics Supplier 020,Logistics,2024,2020,2035,3981.359,,922.1822,2042.0147,16706856.05,90210085.53,3981.359,Supplier Reported Emissions,False,High,Scope_Emissions,Valid,2033,Supplier Target Pathway,3808.153,1264.3068,1603.4863,1603.4863,2204.6667,9.598e-05,0.578933,339.1795,169.5897,-6629.2327,20536.6075,0.975,High,On Track to Glide Path
SUP-0020,Logistics Supplier 020,Logistics,2024,2020,2035,3981.359,,922.1822,2042.0147,16706856.05,90210085.53,3981.359,Supplier Reported Emissions,False,High,Scope_Emissions,Valid,2034,Supplier Target Pathway,3808.153,1264.3068,1433.8965,1433.8965,2374.2565,8.583e-05,0.623467,169.5897,169.5897,-8063.1292,21970.504,0.975,Medium,On Track to Glide Path
SUP-0020,Logistics Supplier 020,Logistics,2024,2020,2035,3981.359,,922.1822,2042.0147,16706856.05,90210085.53,3981.359,Supplier Reported Emissions,False,High,Scope_Emissions,Valid,2035,Supplier Target Pathway,3808.153,1264.3068,1264.3068,1264.3068,2543.8462,7.568e-05,0.668,0.0,169.5897,-9327.436,23234.8108,0.975,Low,On Track
SUP-0020,Logistics Supplier 020,Logistics,2024,2020,2035,3981.359,,922.1822,2042.0147,16706856.05,90210085.53,3981.359,Supplier Reported Emissions,False,High,Scope_Emissions,Valid,2036,Supplier Target Pathway,3808.153,1264.3068,1264.3068,1264.3068,2543.8462,7.568e-05,0.668,0.0,169.5897,-10591.7428,24499.1176,0.975,Low,On Track
SUP-0020,Logistics Supplier 020,Logistics,2024,2020,2035,3981.359,,922.1822,2042.0147,16706856.05,90210085.53,3981.359,Supplier Reported Emissions,False,High,Scope_Emissions,Valid,2037,Supplier Target Pathway,3808.153,1264.3068,1264.3068,1264.3068,2543.8462,7.568e-05,0.668,0.0,169.5897,-11856.0496,25763.4244,0.975,Low,On Track
SUP-0020,Logistics Supplier 020,Logistics,2024,2020,2035,3981.359,,922.1822,2042.0147,16706856.05,90210085.53,3981.359,Supplier Reported Emissions,False,High,Scope_Emissions,Valid,2038,Supplier Target Pathway,3808.153,1264.3068,1264.3068,1264.3068,2543.8462,7.568e-05,0.668,0.0,169.5897,-13120.3564,27027.7312,0.975,Low,On Track
SUP-0020,Logistics Supplier 020,Logistics,2024,2020,2035,3981.359,,922.1822,2042.0147,16706856.05,90210085.53,3981.359,Supplier Reported Emissions,False,High,Scope_Emissions,Valid,2039,Supplier Target Pathway,3808.153,1264.3068,1264.3068,1264.3068,2543.8462,7.568e-05,0.668,0.0,169.5897,-14384.6632,28292.038,0.975,Low,On Track
SUP-0020,Logistics Supplier 020,Logistics,2024,2020,2035,3981.359,,922.1822,2042.0147,16706856.05,90210085.53,3981.359,Supplier Reported Emissions,False,High,Scope_Emissions,Valid,2040,Supplier Target Pathway,3808.153,1264.3068,1264.3068,1264.3068,2543.8462,7.568e-05,0.668,0.0,169.5897,-15648.97,29556.3448,0.975,Low,On Track
SUP-0021,Textiles Supplier 021,Textiles,2024,2018,2030,1610.0749,398.3082,,1050.747,9197090.86,34774642.83,1610.0749,Supplier Reported Emissions,False,High,Scope_Emissions,Valid,2025,Supplier Target Pathway,1485.2844,768.6347,1067.2387,1067.2387,418.0457,0.00011604,0.281458,298.6041,59.7208,3544.5695,1067.2387,0.99,Critical,On Track to Glide Path
SUP-0021,Textiles Supplier 021,Textiles,2024,2018,2030,1610.0749,398.3082,,1050.747,9197090.86,34774642.83,1610.0749,Supplier Reported Emissions,False,High,Scope_Emissions,Valid,2026,Supplier Target Pathway,1485.2844,768.6347,1007.5179,1007.5179,477.7665,0.00010955,0.321667,238.8832,59.7208,2537.0516,2074.7566,0.99,High,On Track to Glide Path
SUP-0021,Textiles Supplier 021,Textiles,2024,2018,2030,1610.0749,398.3082,,1050.747,9197090.86,34774642.83,1610.0749,Supplier Reported Emissions,False,High,Scope_Emissions,Valid,2027,Supplier Target Pathway,1485.2844,768.6347,947.7971,947.7971,537.4873,0.00010305,0.361875,179.1624,59.7208,1589.2545,3022.5537,0.99,High,On Track to Glide Path
SUP-0021,Textiles Supplier 021,Textiles,2024,2018,2030,1610.0749,398.3082,,1050.747,9197090.86,34774642.83,1610.0749,Supplier Reported Emissions,False,High,Scope_Emissions,Valid,2028,Supplier Target Pathway,1485.2844,768.6347,888.0763,888.0763,597.2081,9.656e-05,0.402083,119.4416,59.7208,701.1782,3910.63,0.99,High,On Track to Glide Path
SUP-0021,Textiles Supplier 021,Textiles,2024,2018,2030,1610.0749,398.3082,,1050.747,9197090.86,34774642.83,1610.0749,Supplier Reported Emissions,False,High,Scope_Emissions,Valid,2029,Supplier Target Pathway,1485.2844,768.6347,828.3555,828.3555,656.9289,9.007e-05,0.442292,59.7208,59.7208,-127.1773,4738.9855,0.99,Medium,On Track to Glide Path
SUP-0021,Textiles Supplier 021,Textiles,2024,2018,2030,1610.0749,398.3082,,1050.747,9197090.86,34774642.83,1610.0749,Supplier Reported Emissions,False,High,Scope_Emissions,Valid,2030,Supplier Target Pathway,1485.2844,768.6347,768.6347,768.6347,716.6497,8.357e-05,0.4825,0.0,59.7208,-895.812,5507.6202,0.99,Low,On Track
SUP-0021,Textiles Supplier 021,Textiles,2024,2018,2030,1610.0749,398.3082,,1050.747,9197090.86,34774642.83,1610.0749,Supplier Reported Emissions,False,High,Scope_Emissions,Valid,2031,Supplier Target Pathway,1485.2844,768.6347,768.6347,768.6347,716.6497,8.357e-05,0.4825,0.0,59.7208,-1664.4467,6276.2549,0.99,Low,On Track
SUP-0021,Textiles Supplier 021,Textiles,2024,2018,2030,1610.0749,398.3082,,1050.747,9197090.86,34774642.83,1610.0749,Supplier Reported Emissions,False,High,Scope_Emissions,Valid,2032,Supplier Target Pathway,1485.2844,768.6347,768.6347,768.6347,716.6497,8.357e-05,0.4825,0.0,59.7208,-2433.0814,7044.8896,0.99,Low,On Track
SUP-0021,Textiles Supplier 021,Textiles,2024,2018,2030,1610.0749,398.3082,,1050.747,9197090.86,34774642.83,1610.0749,Supplier Reported Emissions,False,High,Scope_Emissions,Valid,2033,Supplier Target Pathway,1485.2844,768.6347,768.6347,768.6347,716.6497,8.357e-05,0.4825,0.0,59.7208,-3201.7161,7813.5243,0.99,Low,On Track
SUP-0021,Textiles Supplier 021,Textiles,2024,2018,2030,1610.0749,398.3082,,1050.747,9197090.86,34774642.83,1610.0749,Supplier Reported Emissions,False,High,Scope_Emissions,Valid,2034,Supplier Target Pathway,1485.2844,768.6347,768.6347,768.6347,716.6497,8.357e-05,0.4825,0.0,59.7208,-3970.3508,8582.159,0.99,Low,On Track
SUP-0021,Textiles Supplier 021,Textiles,2024,2018,2030,1610.0749,398.3082,,1050.747,9197090.86,34774642.83,1610.0749,Supplier Reported Emissions,False,High,Scope_Emissions,Valid,2035,Supplier Target Pathway,1485.2844,768.6347,768.6347,768.6347,716.6497,8.357e-05,0.4825,0.0,59.7208,-4738.9855,9350.7937,0.99,Low,On Track
SUP-0021,Textiles Supplier 021,Textiles,2024,2018,2030,1610.0749,398.3082,,1050.747,9197090.86,34774642.83,1610.0749,Supplier Reported Emissions,False,High,Scope_Emissions,Valid,2036,Supplier Target Pathway,1485.2844,768.6347,768.6347,768.6347,716.6497,8.357e-05,0.4825,0.0,59.7208,-5507.6202,10119.4284,0.99,Low,On Track
SUP-0021,Textiles Supplier 021,Textiles,2024,2018,2030,1610.0749,398.3082,,1050.747,9197090.86,34774642.83,1610.0749,Supplier Reported Emissions,False,High,Scope_Emissions,Valid,2037,Supplier Target Pathway,1485.2844,768.6347,768.6347,768.6347,716.6497,8.357e-05,0.4825,0.0,59.7208,-6276.2549,10888.0631,0.99,Low,On Track
SUP-0021,Textiles Supplier 021,Textiles,2024,2018,2030,1610.0749,398.3082,,1050.747,9197090.86,34774642.83,1610.0749,Supplier Reported Emissions,False,High,Scope_Emissions,Valid,2038,Supplier Target Pathway,1485.2844,768.6347,768.6347,768.6347,716.6497,8.357e-05,0.4825,0.0,59.7208,-7044.8896,11656.6978,0.99,Low,On Track
SUP-0021,Textiles Supplier 021,Textiles,2024,2018,2030,1610.0749,398.3082,,1050.747,9197090.86,34774642.83,1610.0749,Supplier Reported Emissions,False,High,Scope_Emissions,Valid,2039,Supplier Target Pathway,1485.2844,768.6347,768.6347,768.6347,716.6497,8.357e-05,0.4825,0.0,59.7208,-7813.5243,12425.3325,0.99,Low,On Track
SUP-0021,Textiles Supplier 021,Textiles,2024,2018,2030,1610.0749,398.3082,,1050.747,9197090.86,34774642.83,1610.0749,Supplier Reported Emissions,False,High,Scope_Emissions,Valid,2040,Supplier Target Pathway,1485.2844,768.6347,768.6347,768.6347,716.6497,8.357e-05,0.4825,0.0,59.7208,-8582.159,13193.9672,0.99,Low,On Track
SUP-0022,Chemicals Supplier 022,Chemicals,2024,2015,2035,,7473.9866,2614.5193,17684.5289,27410943.79,264885835.43,27773.0348,Scope 1 + Scope 2 + Scope 3,True,High,Reported_Emissions,Valid,2025,Industry Haircut Pathway,21460.6994,10238.8997,15849.7995,15849.7995,5610.8999,0.00057823,0.26145,5610.8999,561.09,96778.0972,15849.7995,0.918,Critical,On Track to Glide Path
SUP-0022,Chemicals Supplier 022,Chemicals,2024,2015,2035,,7473.9866,2614.5193,17684.5289,27410943.79,264885835.43,27773.0348,Scope 1 + Scope 2 + Scope 3,True,High,Reported_Emissions,Valid,2026,Industry Haircut Pathway,21460.6994,10238.8997,15288.7096,15288.7096,6171.9898,0.00055776,0.287595,5049.8099,561.09,81489.3876,31138.5091,0.918,Critical,On Track to Glide Path
SUP-0022,Chemicals Supplier 022,Chemicals,2024,2015,2035,,7473.9866,2614.5193,17684.5289,27410943.79,264885835.43,27773.0348,Scope 1 + Scope 2 + Scope 3,True,High,Reported_Emissions,Valid,2027,Industry Haircut Pathway,21460.6994,10238.8997,14727.6196,14727.6196,6733.0798,0.00053729,0.31374,4488.7199,561.09,66761.768,45866.1287,0.918,Critical,On Track to Glide Path
SUP-0022,Chemicals Supplier 022,Chemicals,2024,2015,2035,,7473.9866,2614.5193,17684.5289,27410943.79,264885835.43,27773.0348,Scope 1 + Scope 2 + Scope 3,True,High,Reported_Emissions,Valid,2028,Industry Haircut Pathway,21460.6994,10238.8997,14166.5296,14166.5296,7294.1698,0.00051682,0.339885,3927.6299,561.09,52595.2384,60032.6583,0.918,Critical,On Track to Glide Path
SUP-0022,Chemicals Supplier 022,Chemicals,2024,2015,2035,,7473.9866,2614.5193,17684.5289,27410943.79,264885835.43,27773.0348,Scope 1 + Scope 2 + Scope 3,True,High,Reported_Emissions,Valid,2029,Industry Haircut Pathway,21460.6994,10238.8997,13605.4396,13605.4396,7855.2598,0.00049635,0.36603,3366.5399,561.09,38989.7988,73638.0979,0.918,High,On Track to Glide Path
SUP-0022,Chemicals Supplier 022,Chemicals,2024,2015,2035,,7473.9866,2614.5193,17684.5289,27410943.79,264885835.43,27773.0348,Scope 1 + Scope 2 + Scope 3,True,High,Reported_Emissions,Valid,2030,Industry Haircut Pathway,21460.6994,10238.8997,13044.3496,13044.3496,8416.3498,0.00047588,0.392175,2805.4499,561.09,25945.4492,86682.4475,0.918,High,On Track to Glide Path
SUP-0022,Chemicals Supplier 022,Chemicals,2024,2015,2035,,7473.9866,2614.5193,17684.5289,27410943.79,264885835.43,27773.0348,Scope 1 + Scope 2 + Scope 3,True,High,Reported_Emissions,Valid,2031,Industry Haircut Pathway,21460.6994,10238.8997,12483.2596,12483.2596,8977.4398,0.00045541,0.41832,2244.3599,561.09,13462.1896,99165.7071,0.918,High,On Track to Glide Path
SUP-0022,Chemicals Supplier 022,Chemicals,2024,2015,2035,,7473.9866,2614.5193,17684.5289,27410943.79,264885835.43,27773.0348,Scope 1 + Scope 2 + Scope 3,True,High,Reported_Emissions,Valid,2032,Industry Haircut Pathway,21460.6994,10238.8997,11922.1696,11922.1696,9538.5298,0.00043494,0.444465,1683.27,561.09,1540.02,111087.8767,0.918,High,On Track to Glide Path
SUP-0022,Chemicals Supplier 022,Chemicals,2024,2015,2035,,7473.9866,2614.5193,17684.5289,27410943.79,264885835.43,27773.0348,Scope 1 + Scope 2 + Scope 3,True,High,Reported_Emissions,Valid,2033,Industry Haircut Pathway,21460.6994,10238.8997,11361.0797,11361.0797,10099.6197,0.00041447,0.47061,1122.18,561.09,-9821.0597,122448.9564,0.918,Medium,On Track to Glide Path
SUP-0022,Chemicals Supplier 022,Chemicals,2024,2015,2035,,7473.9866,2614.5193,17684.5289,27410943.79,264885835.43,27773.0348,Scope 1 + Scope 2 + Scope 3,True,High,Reported_Emissions,Valid,2034,Industry Haircut Pathway,21460.6994,10238.8997,10799.9897,10799.9897,10660.7097,0.000394,0.496755,561.09,561.09,-20621.0494,133248.9461,0.918,Medium,On Track to Glide Path
SUP-0022,Chemicals Supplier 022,Chemicals,2024,2015,2035,,7473.9866,2614.5193,17684.5289,27410943.79,264885835.43,27773.0348,Scope 1 + Scope 2 + Scope 3,True,High,Reported_Emissions,Valid,2035,Industry Haircut Pathway,21460.6994,10238.8997,10238.8997,10238.8997,11221.7997,0.00037353,0.5229,0.0,561.09,-30859.9491,143487.8458,0.918,Low,On Track
SUP-0022,Chemicals Supplier 022,Chemicals,2024,2015,2035,,7473.9866,2614.5193,17684.5289,27410943.79,264885835.43,27773.0348,Scope 1 + Scope 2 + Scope 3,True,High,Reported_Emissions,Valid,2036,Industry Haircut Pathway,21460.6994,10238.8997,10238.8997,10238.8997,11221.7997,0.00037353,0.5229,0.0,561.09,-41098.8488,153726.7455,0.918,Low,On Track
SUP-0022,Chemicals Supplier 022,Chemicals,2024,2015,2035,,7473.9866,2614.5193,17684.5289,27410943.79,264885835.43,27773.0348,Scope 1 + Scope 2 + Scope 3,True,High,Reported_Emissions,Valid,2037,Industry Haircut Pathway,21460.6994,10238.8997,10238.8997,10238.8997,11221.7997,0.00037353,0.5229,0.0,561.09,-51337.7485,163965.6452,0.918,Low,On Track
SUP-0022,Chemicals Supplier 022,Chemicals,2024,2015,2035,,7473.9866,2614.5193,17684.5289,27410943.79,264885835.43,27773.0348,Scope 1 + Scope 2 + Scope 3,True,High,Reported_Emissions,Valid,2038,Industry Haircut Pathway,21460.6994,10238.8997,10238.8997,10238.8997,11221.7997,0.00037353,0.5229,0.0,561.09,-61576.6482,174204.5449,0.918,Low,On Track
SUP-0022,Chemicals Supplier 022,Chemicals,2024,2015,2035,,7473.9866,2614.5193,17684.5289,27410943.79,264885835.43,27773.0348,Scope 1 + Scope 2 + Scope 3,True,High,Reported_Emissions,Valid,2039,Industry Haircut Pathway,21460.6994,10238.8997,10238.8997,10238.8997,11221.7997,0.00037353,0.5229,0.0,561.09,-71815.5479,184443.4446,0.918,Low,On Track
SUP-0022,Chemicals Supplier 022,Chemicals,2024,2015,2035,,7473.9866,2614.5193,17684.5289,27410943.79,264885835.43,27773.0348,Scope 1 + Scope 2 + Scope 3,True,High,Reported_Emissions,Valid,2040,Industry Haircut Pathway,21460.6994,10238.8997,10238.8997,10238.8997,11221.7997,0.00037353,0.5229,0.0,561.09,-82054.4476,194682.3443,0.918,Low,On Track
SUP-0023,Agriculture Supplier 023,Agriculture,2024,2018,2040,11517.2867,2459.652,1739.9117,7388.5997,20252911.75,109441448.01,11517.2867,Supplier Reported Emissions,False,High,None,Valid,2025,Supplier Target Pathway,11886.3235,7856.8598,10604.2214,10604.2214,1282.1021,0.00052359,0.107864,2747.3616,183.1574,115105.5354,10604.2214,0.99,High,On Track to Glide Path
SUP-0023,Agriculture Supplier 023,Agriculture,2024,2018,2040,11517.2867,2459.652,1739.9117,7388.5997,20252911.75,109441448.01,11517.2867,Supplier Reported Emissions,False,High,None,Valid,2026,Supplier Target Pathway,11886.3235,7856.8598,10421.064,10421.064,1465.2595,0.00051455,0.123273,2564.2042,183.1574,104684.4714,21025.2854,0.99,High,On Track to Glide Path
SUP-0023,Agriculture Supplier 023,Agriculture,2024,2018,2040,11517.2867,2459.652,1739.9117,7388.5997,20252911.75,109441448.01,11517.2867,Supplier Reported Emissions,False,High,None,Valid,2027,Supplier Target Pathway,11886.3235,7856.8598,10237.9065,10237.9065,1648.417,0.0005055,0.138682,2381.0467,183.1574,94446.5649,31263.1919,0.99,High,On Track to Glide Path
SUP-0023,Agriculture Supplier 023,Agriculture,2024,2018,2040,11517.2867,2459.652,1739.9117,7388.5997,20252911.75,109441448.01,11517.2867,Supplier Reported Emissions,False,High,None,Valid,2028,Supplier Target Pathway,11886.3235,7856.8598,10054.7491,10054.7491,1831.5744,0.00049646,0.154091,2197.8893,183.1574,84391.8158,41317.941,0.99,High,On Track to Glide Path
SUP-0023,Agriculture Supplier 023,Agriculture,2024,2018,2040,11517.2867,2459.652,1739.9117,7388.5997,20252911.75,109441448.01,11517.2867,Supplier Reported Emissions,False,High,None,Valid,2029,Supplier Target Pathway,11886.3235,7856.8598,9871.5917,9871.5917,2014.7318,0.00048742,0.1695,2014.7318,183.1574,74520.2241,51189.5327,0.99,High,On Track to Glide Path
SUP-0023,Agriculture Supplier 023,Agriculture,2024,2018,2040,11517.2867,2459.652,1739.9117,7388.5997,20252911.75,109441448.01,11517.2867,Supplier Reported Emissions,False,High,None,Valid,2030,Supplier Target Pathway,11886.3235,7856.8598,9688.4342,9688.4342,2197.8893,0.00047837,0.184909,1831.5744,183.1574,64831.7899,60877.9669,0.99,High,On Track to Glide Path
SUP-0023,Agriculture Supplier 023,Agriculture,2024,2018,2040,11517.2867,2459.652,1739.9117,7388.5997,20252911.75,109441448.01,11517.2867,Supplier Reported Emissions,False,High,None,Valid,2031,Supplier Target Pathway,11886.3235,7856.8598,9505.2768,9505.2768,2381.0467,0.00046933,0.200318,1648.417,183.1574,55326.5131,70383.2437,0.99,High,On Track to Glide Path
SUP-0023,Agriculture Supplier 023,Agriculture,2024,2018,2040,11517.2867,2459.652,1739.9117,7388.5997,20252911.75,109441448.01,11517.2867,Supplier Reported Emissions,False,High,None,Valid,2032,Supplier Target Pathway,11886.3235,7856.8598,9322.1193,9322.1193,2564.2042,0.00046029,0.215727,1465.2595,183.1574,46004.3938,79705.363,0.99,High,On Track to Glide Path
SUP-0023,Agriculture Supplier 023,Agriculture,2024,2018,2040,11517.2867,2459.652,1739.9117,7388.5997,20252911.75,109441448.01,11517.2867,Supplier Reported Emissions,False,High,None,Valid,2033,Supplier Target Pathway,11886.3235,7856.8598,9138.9619,9138.9619,2747.3616,0.00045124,0.231136,1282.1021,183.1574,36865.4319,88844.3249,0.99,High,On Track to Glide Path
SUP-0023,Agriculture Supplier 023,Agriculture,2024,2018,2040,11517.2867,2459.652,1739.9117,7388.5997,20252911.75,109441448.01,11517.2867,Supplier Reported Emissions,False,High,None,Valid,2034,Supplier Target Pathway,11886.3235,7856.8598,8955.8045,8955.8045,2930.519,0.0004422,0.246545,1098.9446,183.1574,27909.6274,97800.1294,0.99,Medium,On Track to Glide Path
SUP-0023,Agriculture Supplier 023,Agriculture,2024,2018,2040,11517.2867,2459.652,1739.9117,7388.5997,20252911.75,109441448.01,11517.2867,Supplier Reported Emissions,False,High,None,Valid,2035,Supplier Target Pathway,11886.3235,7856.8598,8772.647,8772.647,3113.6765,0.00043315,0.261955,915.7872,183.1574,19136.9804,106572.7764,0.99,Medium,On Track to Glide Path
SUP-0023,Agriculture Supplier 023,Agriculture,2024,2018,2040,11517.2867,2459.652,1739.9117,7388.5997,20252911.75,109441448.01,11517.2867,Supplier Reported Emissions,False,High,None,Valid,2036,Supplier Target Pathway,11886.3235,7856.8598,8589.4896,8589.4896,3296.8339,0.00042411,0.277364,732.6298,183.1574,10547.4908,115162.266,0.99,Medium,On Track to Glide Path
SUP-0023,Agriculture Supplier 023,Agriculture,2024,2018,2040,11517.2867,2459.652,1739.9117,7388.5997,20252911.75,109441448.01,11517.2867,Supplier Reported Emissions,False,High,None,Valid,2037,Supplier Target Pathway,11886.3235,7856.8598,8406.3322,8406.3322,3479.9913,0.00041507,0.292773,549.4723,183.1574,2141.1586,123568.5982,0.99,Medium,On Track to Glide Path
SUP-0023,Agriculture Supplier 023,Agriculture,2024,2018,2040,11517.2867,2459.652,1739.9117,7388.5997,20252911.75,109441448.01,11517.2867,Supplier Reported Emissions,False,High,None,Valid,2038,Supplier Target Pathway,11886.3235,7856.8598,8223.1747,8223.1747,3663.1488,0.00040602,0.308182,366.3149,183.1574,-6082.0161,131791.7729,0.99,Medium,On Track to Glide Path
SUP-0023,Agriculture Supplier 023,Agriculture,2024,2018,2040,11517.2867,2459.652,1739.9117,7388.5997,20252911.75,109441448.01,11517.2867,Supplier Reported Emissions,False,High,None,Valid,2039,Supplier Target Pathway,11886.3235,7856.8598,8040.0173,8040.0173,3846.3062,0.00039698,0.323591,183.1574,183.1574,-14122.0334,139831.7902,0.99,Medium,On Track to Glide Path
SUP-0023,Agriculture Supplier 023,Agriculture,2024,2018,2040,11517.2867,2459.652,1739.9117,7388.5997,20252911.75,109441448.01,11517.2867,Supplier Reported Emissions,False,High,None,Valid,2040,Supplier Target Pathway,11886.3235,7856.8598,7856.8598,7856.8598,4029.4637,0.00038794,0.339,0.0,183.1574,-21978.8932,147688.65,0.99,Low,On Track
SUP-0024,Agriculture Supplier 024,Agriculture,2024,2015,2040,7216.6437,1449.3491,729.1111,,8310024.54,22134447.97,7216.6437,Supplier Reported Emissions,False,High,Scope_Emissions,Valid,2025,Historical Trend Pathway,4114.647,3908.9146,7743.9191,4032.3541,-3629.2721,0.00093188,-0.882037,3835.0045,8.2293,54798.7145,7743.9191,0.809,Critical,Off Track
SUP-0024,Agriculture Supplier 024,Agriculture,2024,2015,2040,7216.6437,1449.3491,729.1111,,8310024.54,22134447.97,7216.6437,Supplier Reported Emissions,False,High,Scope_Emissions,Valid,2026,Historical Trend Pathway,4114.647,3908.9146,8309.7193,4024.1248,-4195.0723,0.00099996,-1.019546,4400.8046,8.2293,46488.9952,16053.6384,0.809,Critical,Off Track
SUP-0024,Agriculture Supplier 024,Agriculture,2024,2015,2040,7216.6437,1449.3491,729.1111,,8310024.54,22134447.97,7216.6437,Supplier Reported Emissions,False,High,Scope_Emissions,Valid,2027,Historical Trend Pathway,4114.647,3908.9146,8916.8589,4015.8955,-4802.2119,0.00107302,-1.167102,5007.9443,8.2293,37572.1363,24970.4973,0.809,Critical,Off Track
SUP-0024,Agriculture Supplier 024,Agriculture,2024,2015,2040,7216.6437,1449.3491,729.1111,,8310024.54,22134447.97,7216.6437,Supplier Reported Emissions,False,High,Scope_Emissions,Valid,2028,Historical Trend Pathway,4114.647,3908.9146,9568.3585,4007.6662,-5453.7115,0.00115142,-1.325438,5659.4439,8.2293,28003.7778,34538.8558,0.809,Critical,Off Track
SUP-0024,Agriculture Supplier 024,Agriculture,2024,2015,2040,7216.6437,1449.3491,729.1111,,8310024.54,22134447.97,7216.6437,Supplier Reported Emissions,False,High,Scope_Emissions,Valid,2029,Historical Trend Pathway,4114.647,3908.9146,10267.4592,3999.4369,-6152.8122,0.00123555,-1.495344,6358.5445,8.2293,17736.3186,44806.315,0.809,Critical,Off Track
SUP-0024,Agriculture Supplier 024,Agriculture,2024,2015,2040,7216.6437,1449.3491,729.1111,,8310024.54,22134447.97,7216.6437,Supplier Reported Emissions,False,High,Scope_Emissions,Valid,2030,Historical Trend Pathway,4114.647,3908.9146,11017.6388,3991.2076,-6902.9918,0.00132583,-1.677663,7108.7241,8.2293,6718.6798,55823.9538,0.809,Critical,Off Track
SUP-0024,Agriculture Supplier 024,Agriculture,2024,2015,2040,7216.6437,1449.3491,729.1111,,8310024.54,22134447.97,7216.6437,Supplier Reported Emissions,False,High,Scope_Emissions,Valid,2031,Historical Trend Pathway,4114.647,3908.9146,11822.6293,3982.9783,-7707.9823,0.00142269,-1.873303,7913.7147,8.2293,-5103.9495,67646.5831,0.809,Critical,Off Track
SUP-0024,Agriculture Supplier 024,Agriculture,2024,2015,2040,7216.6437,1449.3491,729.1111,,8310024.54,22134447.97,7216.6437,Supplier Reported Emissions,False,High,Scope_Emissions,Valid,2032,Historical Trend Pathway,4114.647,3908.9146,12686.4355,3974.749,-8571.7885,0.00152664,-2.083238,8777.5209,8.2293,-17790.385,80333.0186,0.809,Critical,Off Track
SUP-0024,Agriculture Supplier 024,Agriculture,2024,2015,2040,7216.6437,1449.3491,729.1111,,8310024.54,22134447.97,7216.6437,Supplier Reported Emissions,False,High,Scope_Emissions,Valid,2033,Historical Trend Pathway,4114.647,3908.9146,13613.3547,3966.5197,-9498.7077,0.00163818,-2.308511,9704.4401,8.2293,-31403.7397,93946.3733,0.809,Critical,Off Track
SUP-0024,Agriculture Supplier 024,Agriculture,2024,2015,2040,7216.6437,1449.3491,729.1111,,8310024.54,22134447.97,7216.6437,Supplier Reported Emissions,False,High,Scope_Emissions,Valid,2034,Historical Trend Pathway,4114.647,3908.9146,14607.9981,3958.2904,-10493.3511,0.00175788,-2.550243,10699.0835,8.2293,-46011.7378,108554.3714,0.809,Critical,Off Track
SUP-0024,Agriculture Supplier 024,Agriculture,2024,2015,2040,7216.6437,1449.3491,729.1111,,8310024.54,22134447.97,7216.6437,Supplier Reported Emissions,False,High,Scope_Emissions,Valid,2035,Historical Trend Pathway,4114.647,3908.9146,15675.314,3950.0611,-11560.667,0.00188631,-2.809638,11766.3993,8.2293,-61687.0518,124229.6854,0.809,Critical,Off Track
SUP-0024,Agriculture Supplier 024,Agriculture,2024,2015,2040,7216.6437,1449.3491,729.1111,,8310024.54,22134447.97,7216.6437,Supplier Reported Emissions,False,High,Scope_Emissions,Valid,2036,Historical Trend Pathway,4114.647,3908.9146,16820.612,3941.8318,-12705.965,0.00202414,-3.087984,12911.6974,8.2293,-78507.6638,141050.2974,0.809,Critical,Off Track
SUP-0024,Agriculture Supplier 024,Agriculture,2024,2015,2040,7216.6437,1449.3491,729.1111,,8310024.54,22134447.97,7216.6437,Supplier Reported Emissions,False,High,Scope_Emissions,Valid,2037,Historical Trend Pathway,4114.647,3908.9146,18049.5898,3933.6025,-13934.9428,0.00217203,-3.386668,14140.6752,8.2293,-96557.2536,159099.8872,0.809,Critical,Off Track
SUP-0024,Agriculture Supplier 024,Agriculture,2024,2015,2040,7216.6437,1449.3491,729.1111,,8310024.54,22134447.97,7216.6437,Supplier Reported Emissions,False,High,Scope_Emissions,Valid,2038,Historical Trend Pathway,4114.647,3908.9146,19368.3615,3925.3732,-15253.7145,0.00233072,-3.707175,15459.4468,8.2293,-115925.6151,178468.2487,0.809,Critical,Off Track
SUP-0024,Agriculture Supplier 024,Agriculture,2024,2015,2040,7216.6437,1449.3491,729.1111,,8310024.54,22134447.97,7216.6437,Supplier Reported Emissions,False,High,Scope_Emissions,Valid,2039,Historical Trend Pathway,4114.647,3908.9146,20783.4875,3917.1439,-16668.8405,0.00250101,-4.051099,16874.5729,8.2293,-136709.1026,199251.7362,0.809,Critical,Off Track
SUP-0024,Agriculture Supplier 024,Agriculture,2024,2015,2040,7216.6437,1449.3491,729.1111,,8310024.54,22134447.97,7216.6437,Supplier Reported Emissions,False,High,Scope_Emissions,Valid,2040,Historical Trend Pathway,4114.647,3908.9146,22302.0081,3908.9146,-18187.3611,0.00268375,-4.420151,18393.0935,8.2293,-159011.1107,221553.7443,0.809,Critical,Off Track
SUP-0025,Metals Supplier 025,Metals,2024,2020,2030,,2751.899,1764.5582,8462.4191,19690840.4,63623341.52,12978.8763,Scope 1 + Scope 2 + Scope 3,True,High,Reported_Emissions,Valid,2025,Supplier Target Pathway,10912.0046,6729.4332,8820.7189,8820.7189,2091.2857,0.00044796,0.19165,2091.2857,418.2571,31555.8803,8820.7189,0.99,High,On Track to Glide Path
SUP-0025,Metals Supplier 025,Metals,2024,2020,2030,,2751.899,1764.5582,8462.4191,19690840.4,63623341.52,12978.8763,Scope 1 + Scope 2 + Scope 3,True,High,Reported_Emissions,Valid,2026,Supplier Target Pathway,10912.0046,6729.4332,8402.4618,8402.4618,2509.5428,0.00042672,0.22998,1673.0285,418.2571,23153.4185,17223.1807,0.99,High,On Track to Glide Path
SUP-0025,Metals Supplier 025,Metals,2024,2020,2030,,2751.899,1764.5582,8462.4191,19690840.4,63623341.52,12978.8763,Scope 1 + Scope 2 + Scope 3,True,High,Reported_Emissions,Valid,2027,Supplier Target Pathway,10912.0046,6729.4332,7984.2046,7984.2046,2927.8,0.00040548,0.26831,1254.7714,418.2571,15169.2139,25207.3853,0.99,High,On Track to Glide Path
SUP-0025,Metals Supplier 025,Metals,2024,2020,2030,,2751.899,1764.5582,8462.4191,19690840.4,63623341.52,12978.8763,Scope 1 + Scope 2 + Scope 3,True,High,Reported_Emissions,Valid,2028,Supplier Target Pathway,10912.0046,6729.4332,7565.9475,7565.9475,3346.0571,0.00038424,0.30664,836.5143,418.2571,7603.2664,32773.3328,0.99,Medium,On Track to Glide Path
SUP-0025,Metals Supplier 025,Metals,2024,2020,2030,,2751.899,1764.5582,8462.4191,19690840.4,63623341.52,12978.8763,Scope 1 + Scope 2 + Scope 3,True,High,Reported_Emissions,Valid,2029,Supplier Target Pathway,10912.0046,6729.4332,7147.6904,7147.6904,3764.3142,0.000363,0.34497,418.2571,418.2571,455.576,39921.0232,0.99,Medium,On Track to Glide Path
SUP-0025,Metals Supplier 025,Metals,2024,2020,2030,,2751.899,1764.5582,8462.4191,19690840.4,63623341.52,12978.8763,Scope 1 + Scope 2 + Scope 3,True,High,Reported_Emissions,Valid,2030,Supplier Target Pathway,10912.0046,6729.4332,6729.4332,6729.4332,4182.5714,0.00034175,0.3833,0.0,418.2571,-6273.8572,46650.4564,0.99,Low,On Track
SUP-0025,Metals Supplier 025,Metals,2024,2020,2030,,2751.899,1764.5582,8462.4191,19690840.4,63623341.52,12978.8763,Scope 1 + Scope 2 + Scope 3,True,High,Reported_Emissions,Valid,2031,Supplier Target Pathway,10912.0046,6729.4332,6729.4332,6729.4332,4182.5714,0.00034175,0.3833,0.0,418.2571,-13003.2904,53379.8896,0.99,Low,On Track
SUP-0025,Metals Supplier 025,Metals,2024,2020,2030,,2751.899,1764.5582,8462.4191,19690840.4,63623341.52,12978.8763,Scope 1 + Scope 2 + Scope 3,True,High,Reported_Emissions,Valid,2032,Supplier Target Pathway,10912.0046,6729.4332,6729.4332,6729.4332,4182.5714,0.00034175,0.3833,0.0,418.2571,-19732.7236,60109.3228,0.99,Low,On Track
SUP-0025,Metals Supplier 025,Metals,2024,2020,2030,,2751.899,1764.5582,8462.4191,19690840.4,63623341.52,12978.8763,Scope 1 + Scope 2 + Scope 3,True,High,Reported_Emissions,Valid,2033,Supplier Target Pathway,10912.0046,6729.4332,6729.4332,6729.4332,4182.5714,0.00034175,0.3833,0.0,418.2571,-26462.1568,66838.756,0.99,Low,On Track
SUP-0025,Metals Supplier 025,Metals,2024,2020,2030,,2751.899,1764.5582,8462.4191,19690840.4,63623341.52,12978.8763,Scope 1 + Scope 2 + Scope 3,True,High,Reported_Emissions,Valid,2034,Supplier Target Pathway,10912.0046,6729.4332,6729.4332,6729.4332,4182.5714,0.00034175,0.3833,0.0,418.2571,-33191.59,73568.1892,0.99,Low,On Track
SUP-0025,Metals Supplier 025,Metals,2024,2020,2030,,2751.899,1764.5582,8462.4191,19690840.4,63623341.52,12978.8763,Scope 1 + Scope 2 + Scope 3,True,High,Reported_Emissions,Valid,2035,Supplier Target Pathway,10912.0046,6729.4332,6729.4332,6729.4332,4182.5714,0.00034175,0.3833,0.0,418.2571,-39921.0232,80297.6224,0.99,Low,On Track
SUP-0025,Metals Supplier 025,Metals,2024,2020,2030,,2751.899,1764.5582,8462.4191,19690840.4,63623341.52,12978.8763,Scope 1 + Scope 2 + Scope 3,True,High,Reported_Emissions,Valid,2036,Supplier Target Pathway,10912.0046,6729.4332,6729.4332,6729.4332,4182.5714,0.00034175,0.3833,0.0,418.2571,-46650.4564,87027.0556,0.99,Low,On Track
SUP-0025,Metals Supplier 025,Metals,2024,2020,2030,,2751.899,1764.5582,8462.4191,19690840.4,63623341.52,12978.8763,Scope 1 + Scope 2 + Scope 3,True,High,Reported_Emissions,Valid,2037,Supplier Target Pathway,10912.0046,6729.4332,6729.4332,6729.4332,4182.5714,0.00034175,0.3833,0.0,418.2571,-53379.8896,93756.4888,0.99,Low,On Track
SUP-0025,Metals Supplier 025,Metals,2024,2020,2030,,2751.899,1764.5582,8462.4191,19690840.4,63623341.52,12978.8763,Scope 1 + Scope 2 + Scope 3,True,High,Reported_Emissions,Valid,2038,Supplier Target Pathway,10912.0046,6729.4332,6729.4332,6729.4332,4182.5714,0.00034175,0.3833,0.0,418.2571,-60109.3228,100485.922,0.99,Low,On Track
SUP-0025,Metals Supplier 025,Metals,2024,2020,2030,,2751.899,1764.5582,8462.4191,19690840.4,63623341.52,12978.8763,Scope 1 + Scope 2 + Scope 3,True,High,Reported_Emissions,Valid,2039,Supplier Target Pathway,10912.0046,6729.4332,6729.4332,6729.4332,4182.5714,0.00034175,0.3833,0.0,418.2571,-66838.756,107215.3552,0.99,Low,On Track
SUP-0025,Metals Supplier 025,Metals,2024,2020,2030,,2751.899,1764.5582,8462.4191,19690840.4,63623341.52,12978.8763,Scope 1 + Scope 2 + Scope 3,True,High,Reported_Emissions,Valid,2040,Supplier Target Pathway,10912.0046,6729.4332,6729.4332,6729.4332,4182.5714,0.00034175,0.3833,0.0,418.2571,-73568.1892,113944.7884,0.99,Low,On Track
SUP-0026,Professional Supplier 026,Professional Services,2024,2019,2040,666.988,161.5647,67.8168,,8791587.92,10355275.5,666.988,Supplier Reported Emissions,False,High,Scope_Emissions,Valid,2025,Supplier Target Pathway,640.9258,324.5648,550.537,550.537,90.3888,6.262e-05,0.141029,225.9721,15.0648,4642.4998,550.537,0.99,Critical,On Track to Glide Path
SUP-0026,Professional Supplier 026,Professional Services,2024,2019,2040,666.988,161.5647,67.8168,,8791587.92,10355275.5,666.988,Supplier Reported Emissions,False,High,Scope_Emissions,Valid,2026,Supplier Target Pathway,640.9258,324.5648,535.4721,535.4721,105.4537,6.091e-05,0.164533,210.9073,15.0648,4107.0277,1086.0091,0.99,Critical,On Track to Glide Path
SUP-0026,Professional Supplier 026,Professional Services,2024,2019,2040,666.988,161.5647,67.8168,,8791587.92,10355275.5,666.988,Supplier Reported Emissions,False,High,Scope_Emissions,Valid,2027,Supplier Target Pathway,640.9258,324.5648,520.4073,520.4073,120.5185,5.919e-05,0.188038,195.8425,15.0648,3586.6204,1606.4164,0.99,Critical,On Track to Glide Path
SUP-0026,Professional Supplier 026,Professional Services,2024,2019,2040,666.988,161.5647,67.8168,,8791587.92,10355275.5,666.988,Supplier Reported Emissions,False,High,Scope_Emissions,Valid,2028,Supplier Target Pathway,640.9258,324.5648,505.3425,505.3425,135.5833,5.748e-05,0.211543,180.7777,15.0648,3081.2779,2111.7589,0.99,Critical,On Track to Glide Path
SUP-0026,Professional Supplier 026,Professional Services,2024,2019,2040,666.988,161.5647,67.8168,,8791587.92,10355275.5,666.988,Supplier Reported Emissions,False,High,Scope_Emissions,Valid,2029,Supplier Target Pathway,640.9258,324.5648,490.2777,490.2777,150.6481,5.577e-05,0.235048,165.7129,15.0648,2591.0002,2602.0366,0.99,Critical,On Track to Glide Path
SUP-0026,Professional Supplier 026,Professional Services,2024,2019,2040,666.988,161.5647,67.8168,,8791587.92,10355275.5,666.988,Supplier Reported Emissions,False,High,Scope_Emissions,Valid,2030,Supplier Target Pathway,640.9258,324.5648,475.2129,475.2129,165.7129,5.405e-05,0.258552,150.6481,15.0648,2115.7873,3077.2495,0.99,Critical,On Track to Glide Path
SUP-0026,Professional Supplier 026,Professional Services,2024,2019,2040,666.988,161.5647,67.8168,,8791587.92,10355275.5,666.988,Supplier Reported Emissions,False,High,Scope_Emissions,Valid,2031,Supplier Target Pathway,640.9258,324.5648,460.1481,460.1481,180.7777,5.234e-05,0.282057,135.5833,15.0648,1655.6392,3537.3976,0.99,Critical,On Track to Glide Path
SUP-0026,Professional Supplier 026,Professional Services,2024,2019,2040,666.988,161.5647,67.8168,,8791587.92,10355275.5,666.988,Supplier Reported Emissions,False,High,Scope_Emissions,Valid,2032,Supplier Target Pathway,640.9258,324.5648,445.0833,445.0833,195.8425,5.063e-05,0.305562,120.5185,15.0648,1210.5559,3982.4809,0.99,Critical,On Track to Glide Path
SUP-0026,Professional Supplier 026,Professional Services,2024,2019,2040,666.988,161.5647,67.8168,,8791587.92,10355275.5,666.988,Supplier Reported Emissions,False,High,Scope_Emissions,Valid,2033,Supplier Target Pathway,640.9258,324.5648,430.0185,430.0185,210.9073,4.891e-05,0.329067,105.4537,15.0648,780.5374,4412.4994,0.99,High,On Track to Glide Path
SUP-0026,Professional Supplier 026,Professional Services,2024,2019,2040,666.988,161.5647,67.8168,,8791587.92,10355275.5,666.988,Supplier Reported Emissions,False,High,Scope_Emissions,Valid,2034,Supplier Target Pathway,640.9258,324.5648,414.9537,414.9537,225.9721,4.72e-05,0.352571,90.3888,15.0648,365.5837,4827.4531,0.99,High,On Track to Glide Path
SUP-0026,Professional Supplier 026,Professional Services,2024,2019,2040,666.988,161.5647,67.8168,,8791587.92,10355275.5,666.988,Supplier Reported Emissions,False,High,Scope_Emissions,Valid,2035,Supplier Target Pathway,640.9258,324.5648,399.8889,399.8889,241.0369,4.549e-05,0.376076,75.324,15.0648,-34.3052,5227.342,0.99,High,On Track to Glide Path
SUP-0026,Professional Supplier 026,Professional Services,2024,2019,2040,666.988,161.5647,67.8168,,8791587.92,10355275.5,666.988,Supplier Reported Emissions,False,High,Scope_Emissions,Valid,2036,Supplier Target Pathway,640.9258,324.5648,384.8241,384.8241,256.1017,4.377e-05,0.399581,60.2592,15.0648,-419.1293,5612.1661,0.99,High,On Track to Glide Path
SUP-0026,Professional Supplier 026,Professional Services,2024,2019,2040,666.988,161.5647,67.8168,,8791587.92,10355275.5,666.988,Supplier Reported Emissions,False,High,Scope_Emissions,Valid,2037,Supplier Target Pathway,640.9258,324.5648,369.7593,369.7593,271.1665,4.206e-05,0.423086,45.1944,15.0648,-788.8886,5981.9254,0.99,Medium,On Track to Glide Path
SUP-0026,Professional Supplier 026,Professional Services,2024,2019,2040,666.988,161.5647,67.8168,,8791587.92,10355275.5,666.988,Supplier Reported Emissions,False,High,Scope_Emissions,Valid,2038,Supplier Target Pathway,640.9258,324.5648,354.6944,354.6944,286.2314,4.034e-05,0.44659,30.1296,15.0648,-1143.583,6336.6198,0.99,Medium,On Track to Glide Path
SUP-0026,Professional Supplier 026,Professional Services,2024,2019,2040,666.988,161.5647,67.8168,,8791587.92,10355275.5,666.988,Supplier Reported Emissions,False,High,Scope_Emissions,Valid,2039,Supplier Target Pathway,640.9258,324.5648,339.6296,339.6296,301.2962,3.863e-05,0.470095,15.0648,15.0648,-1483.2126,6676.2494,0.99,Medium,On Track to Glide Path
SUP-0026,Professional Supplier 026,Professional Services,2024,2019,2040,666.988,161.5647,67.8168,,8791587.92,10355275.5,666.988,Supplier Reported Emissions,False,High,Scope_Emissions,Valid,2040,Supplier Target Pathway,640.9258,324.5648,324.5648,324.5648,316.361,3.692e-05,0.4936,0.0,15.0648,-1807.7774,7000.8142,0.99,Low,On Track
SUP-0027,Metals Supplier 027,Metals,2024,2019,2030,,105.1004,99.2618,557.8825,807454.96,4098288.76,762.2447,Scope 1 + Scope 2 + Scope 3,True,High,Reported_Emissions,Valid,2025,Supplier Target Pathway,1093.7815,794.1947,930.3705,930.3705,163.411,0.00115223,0.1494,136.1758,27.2352,3834.7977,930.3705,0.99,High,On Track to Glide Path
SUP-0027,Metals Supplier 027,Metals,2024,2019,2030,,105.1004,99.2618,557.8825,807454.96,4098288.76,762.2447,Scope 1 + Scope 2 + Scope 3,True,High,Reported_Emissions,Valid,2026,Supplier Target Pathway,1093.7815,794.1947,903.1354,903.1354,190.6461,0.0011185,0.1743,108.9406,27.2352,2931.6623,1833.5059,0.99,Medium,On Track to Glide Path
SUP-0027,Metals Supplier 027,Metals,2024,2019,2030,,105.1004,99.2618,557.8825,807454.96,4098288.76,762.2447,Scope 1 + Scope 2 + Scope 3,True,High,Reported_Emissions,Valid,2027,Supplier Target Pathway,1093.7815,794.1947,875.9002,875.9002,217.8813,0.00108477,0.1992,81.7055,27.2352,2055.7621,2709.4061,0.99,Medium,On Track to Glide Path
SUP-0027,Metals Supplier 027,Metals,2024,2019,2030,,105.1004,99.2618,557.8825,807454.96,4098288.76,762.2447,Scope 1 + Scope 2 + Scope 3,True,High,Reported_Emissions,Valid,2028,Supplier Target Pathway,1093.7815,794.1947,848.6651,848.6651,245.1164,0.00105104,0.2241,54.4703,27.2352,1207.097,3558.0712,0.99,Medium,On Track to Glide Path
SUP-0027,Metals Supplier 027,Metals,2024,2019,2030,,105.1004,99.2618,557.8825,807454.96,4098288.76,762.2447,Scope 1 + Scope 2 + Scope 3,True,High,Reported_Emissions,Valid,2029,Supplier Target Pathway,1093.7815,794.1947,821.4299,821.4299,272.3516,0.00101731,0.249,27.2352,27.2352,385.6671,4379.5011,0.99,Medium,On Track to Glide Path
SUP-0027,Metals Supplier 027,Metals,2024,2019,2030,,105.1004,99.2618,557.8825,807454.96,4098288.76,762.2447,Scope 1 + Scope 2 + Scope 3,True,High,Reported_Emissions,Valid,2030,Supplier Target Pathway,1093.7815,794.1947,794.1947,794.1947,299.5868,0.00098358,0.2739,0.0,27.2352,-408.5276,5173.6958,0.99,Low,On Track
SUP-0027,Metals Supplier 027,Metals,2024,2019,2030,,105.1004,99.2618,557.8825,807454.96,4098288.76,762.2447,Scope 1 + Scope 2 + Scope 3,True,High,Reported_Emissions,Valid,2031,Supplier Target Pathway,1093.7815,794.1947,794.1947,794.1947,299.5868,0.00098358,0.2739,0.0,27.2352,-1202.7223,5967.8905,0.99,Low,On Track
SUP-0027,Metals Supplier 027,Metals,2024,2019,2030,,105.1004,99.2618,557.8825,807454.96,4098288.76,762.2447,Scope 1 + Scope 2 + Scope 3,True,High,Reported_Emissions,Valid,2032,Supplier Target Pathway,1093.7815,794.1947,794.1947,794.1947,299.5868,0.00098358,0.2739,0.0,27.2352,-1996.917,6762.0852,0.99,Low,On Track
SUP-0027,Metals Supplier 027,Metals,2024,2019,2030,,105.1004,99.2618,557.8825,807454.96,4098288.76,762.2447,Scope 1 + Scope 2 + Scope 3,True,High,Reported_Emissions,Valid,2033,Supplier Target Pathway,1093.7815,794.1947,794.1947,794.1947,299.5868,0.00098358,0.2739,0.0,27.2352,-2791.1117,7556.2799,0.99,Low,On Track
SUP-0027,Metals Supplier 027,Metals,2024,2019,2030,,105.1004,99.2618,557.8825,807454.96,4098288.76,762.2447,Scope 1 + Scope 2 + Scope 3,True,High,Reported_Emissions,Valid,2034,Supplier Target Pathway,1093.7815,794.1947,794.1947,794.1947,299.5868,0.00098358,0.2739,0.0,27.2352,-3585.3064,8350.4746,0.99,Low,On Track
SUP-0027,Metals Supplier 027,Metals,2024,2019,2030,,105.1004,99.2618,557.8825,807454.96,4098288.76,762.2447,Scope 1 + Scope 2 + Scope 3,True,High,Reported_Emissions,Valid,2035,Supplier Target Pathway,1093.7815,794.1947,794.1947,794.1947,299.5868,0.00098358,0.2739,0.0,27.2352,-4379.5011,9144.6693,0.99,Low,On Track
SUP-0027,Metals Supplier 027,Metals,2024,2019,2030,,105.1004,99.2618,557.8825,807454.96,4098288.76,762.2447,Scope 1 + Scope 2 + Scope 3,True,High,Reported_Emissions,Valid,2036,Supplier Target Pathway,1093.7815,794.1947,794.1947,794.1947,299.5868,0.00098358,0.2739,0.0,27.2352,-5173.6958,9938.864,0.99,Low,On Track
SUP-0027,Metals Supplier 027,Metals,2024,2019,2030,,105.1004,99.2618,557.8825,807454.96,4098288.76,762.2447,Scope 1 + Scope 2 + Scope 3,True,High,Reported_Emissions,Valid,2037,Supplier Target Pathway,1093.7815,794.1947,794.1947,794.1947,299.5868,0.00098358,0.2739,0.0,27.2352,-5967.8905,10733.0587,0.99,Low,On Track
SUP-0027,Metals Supplier 027,Metals,2024,2019,2030,,105.1004,99.2618,557.8825,807454.96,4098288.76,762.2447,Scope 1 + Scope 2 + Scope 3,True,High,Reported_Emissions,Valid,2038,Supplier Target Pathway,1093.7815,794.1947,794.1947,794.1947,299.5868,0.00098358,0.2739,0.0,27.2352,-6762.0852,11527.2534,0.99,Low,On Track
SUP-0027,Metals Supplier 027,Metals,2024,2019,2030,,105.1004,99.2618,557.8825,807454.96,4098288.76,762.2447,Scope 1 + Scope 2 + Scope 3,True,High,Reported_Emissions,Valid,2039,Supplier Target Pathway,1093.7815,794.1947,794.1947,794.1947,299.5868,0.00098358,0.2739,0.0,27.2352,-7556.2799,12321.4481,0.99,Low,On Track
SUP-0027,Metals Supplier 027,Metals,2024,2019,2030,,105.1004,99.2618,557.8825,807454.96,4098288.76,762.2447,Scope 1 + Scope 2 + Scope 3,True,High,Reported_Emissions,Valid,2040,Supplier Target Pathway,1093.7815,794.1947,794.1947,794.1947,299.5868,0.00098358,0.2739,0.0,27.2352,-8350.4746,13115.6428,0.99,Low,On Track
SUP-0028,Professional Supplier 028,Professional Services,2024,2020,2035,1741.4047,388.2657,234.8407,993.9453,9677584.16,43385189.05,1741.4047,Supplier Reported Emissions,False,High,None,Valid,2025,Supplier Target Pathway,1451.4961,631.6911,1178.2278,1178.2278,273.2683,0.00012175,0.188267,546.5367,54.6537,5770.3743,1178.2278,0.99,Critical,On Track to Glide Path
SUP-0028,Professional Supplier 028,Professional Services,2024,2020,2035,1741.4047,388.2657,234.8407,993.9453,9677584.16,43385189.05,1741.4047,Supplier Reported Emissions,False,High,None,Valid,2026,Supplier Target Pathway,1451.4961,631.6911,1123.5741,1123.5741,327.922,0.0001161,0.22592,491.883,54.6537,4646.8002,2301.8019,0.99,Critical,On Track to Glide Path
SUP-0028,Professional Supplier 028,Professional Services,2024,2020,2035,1741.4047,388.2657,234.8407,993.9453,9677584.16,43385189.05,1741.4047,Supplier Reported Emissions,False,High,None,Valid,2027,Supplier Target Pathway,1451.4961,631.6911,1068.9204,1068.9204,382.5757,0.00011045,0.263573,437.2293,54.6537,3577.8798,3370.7223,0.99,Critical,On Track to Glide Path
SUP-0028,Professional Supplier 028,Professional Services,2024,2020,2035,1741.4047,388.2657,234.8407,993.9453,9677584.16,43385189.05,1741.4047,Supplier Reported Emissions,False,High,None,Valid,2028,Supplier Target Pathway,1451.4961,631.6911,1014.2668,1014.2668,437.2293,0.00010481,0.301227,382.5757,54.6537,2563.613,4384.9891,0.99,Critical,On Track to Glide Path
SUP-0028,Professional Supplier 028,Professional Services,2024,2020,2035,1741.4047,388.2657,234.8407,993.9453,9677584.16,43385189.05,1741.4047,Supplier Reported Emissions,False,High,None,Valid,2029,Supplier Target Pathway,1451.4961,631.6911,959.6131,959.6131,491.883,9.916e-05,0.33888,327.922,54.6537,1603.9999,5344.6022,0.99,Critical,On Track to Glide Path
SUP-0028,Professional Supplier 028,Professional Services,2024,2020,2035,1741.4047,388.2657,234.8407,993.9453,9677584.16,43385189.05,1741.4047,Supplier Reported Emissions,False,High,None,Valid,2030,Supplier Target Pathway,1451.4961,631.6911,904.9594,904.9594,546.5367,9.351e-05,0.376533,273.2683,54.6537,699.0405,6249.5616,0.99,Critical,On Track to Glide Path
SUP-0028,Professional Supplier 028,Professional Services,2024,2020,2035,1741.4047,388.2657,234.8407,993.9453,9677584.16,43385189.05,1741.4047,Supplier Reported Emissions,False,High,None,Valid,2031,Supplier Target Pathway,1451.4961,631.6911,850.3058,850.3058,601.1903,8.786e-05,0.414187,218.6147,54.6537,-151.2653,7099.8674,0.99,High,On Track to Glide Path
SUP-0028,Professional Supplier 028,Professional Services,2024,2020,2035,1741.4047,388.2657,234.8407,993.9453,9677584.16,43385189.05,1741.4047,Supplier Reported Emissions,False,High,None,Valid,2032,Supplier Target Pathway,1451.4961,631.6911,795.6521,795.6521,655.844,8.222e-05,0.45184,163.961,54.6537,-946.9174,7895.5195,0.99,High,On Track to Glide Path
SUP-0028,Professional Supplier 028,Professional Services,2024,2020,2035,1741.4047,388.2657,234.8407,993.9453,9677584.16,43385189.05,1741.4047,Supplier Reported Emissions,False,High,None,Valid,2033,Supplier Target Pathway,1451.4961,631.6911,740.9984,740.9984,710.4977,7.657e-05,0.489493,109.3073,54.6537,-1687.9158,8636.5179,0.99,High,On Track to Glide Path
SUP-0028,Professional Supplier 028,Professional Services,2024,2020,2035,1741.4047,388.2657,234.8407,993.9453,9677584.16,43385189.05,1741.4047,Supplier Reported Emissions,False,High,None,Valid,2034,Supplier Target Pathway,1451.4961,631.6911,686.3448,686.3448,765.1513,7.092e-05,0.527147,54.6537,54.6537,-2374.2606,9322.8627,0.99,Medium,On Track to Glide Path
SUP-0028,Professional Supplier 028,Professional Services,2024,2020,2035,1741.4047,388.2657,234.8407,993.9453,9677584.16,43385189.05,1741.4047,Supplier Reported Emissions,False,High,None,Valid,2035,Supplier Target Pathway,1451.4961,631.6911,631.6911,631.6911,819.805,6.527e-05,0.5648,0.0,54.6537,-3005.9517,9954.5538,0.99,Low,On Track
SUP-0028,Professional Supplier 028,Professional Services,2024,2020,2035,1741.4047,388.2657,234.8407,993.9453,9677584.16,43385189.05,1741.4047,Supplier Reported Emissions,False,High,None,Valid,2036,Supplier Target Pathway,1451.4961,631.6911,631.6911,631.6911,819.805,6.527e-05,0.5648,0.0,54.6537,-3637.6428,10586.2449,0.99,Low,On Track
SUP-0028,Professional Supplier 028,Professional Services,2024,2020,2035,1741.4047,388.2657,234.8407,993.9453,9677584.16,43385189.05,1741.4047,Supplier Reported Emissions,False,High,None,Valid,2037,Supplier Target Pathway,1451.4961,631.6911,631.6911,631.6911,819.805,6.527e-05,0.5648,0.0,54.6537,-4269.3339,11217.936,0.99,Low,On Track
SUP-0028,Professional Supplier 028,Professional Services,2024,2020,2035,1741.4047,388.2657,234.8407,993.9453,9677584.16,43385189.05,1741.4047,Supplier Reported Emissions,False,High,None,Valid,2038,Supplier Target Pathway,1451.4961,631.6911,631.6911,631.6911,819.805,6.527e-05,0.5648,0.0,54.6537,-4901.025,11849.6271,0.99,Low,On Track
SUP-0028,Professional Supplier 028,Professional Services,2024,2020,2035,1741.4047,388.2657,234.8407,993.9453,9677584.16,43385189.05,1741.4047,Supplier Reported Emissions,False,High,None,Valid,2039,Supplier Target Pathway,1451.4961,631.6911,631.6911,631.6911,819.805,6.527e-05,0.5648,0.0,54.6537,-5532.7161,12481.3182,0.99,Low,On Track
SUP-0028,Professional Supplier 028,Professional Services,2024,2020,2035,1741.4047,388.2657,234.8407,993.9453,9677584.16,43385189.05,1741.4047,Supplier Reported Emissions,False,High,None,Valid,2040,Supplier Target Pathway,1451.4961,631.6911,631.6911,631.6911,819.805,6.527e-05,0.5648,0.0,54.6537,-6164.4072,13113.0093,0.99,Low,On Track
SUP-0029,Electronics Supplier 029,Electronics,2024,2015,2040,7133.4316,,,3970.456,,22555584.41,7133.4316,Supplier Reported Emissions,False,High,Gross_Spend; Scope_Emissions,Valid,2025,Industry Haircut Pathway,8124.5053,5342.6747,7011.7731,7011.7731,1112.7322,,,1669.0984,111.2732,78471.0221,7011.7731,0.925,High,On Track to Glide Path
SUP-0029,Electronics Supplier 029,Electronics,2024,2015,2040,7133.4316,,,3970.456,,22555584.41,7133.4316,Supplier Reported Emissions,False,High,Gross_Spend; Scope_Emissions,Valid,2026,Industry Haircut Pathway,8124.5053,5342.6747,6900.4998,6900.4998,1224.0055,,,1557.8251,111.2732,71570.5223,13912.2729,0.925,High,On Track to Glide Path
SUP-0029,Electronics Supplier 029,Electronics,2024,2015,2040,7133.4316,,,3970.456,,22555584.41,7133.4316,Supplier Reported Emissions,False,High,Gross_Spend; Scope_Emissions,Valid,2027,Industry Haircut Pathway,8124.5053,5342.6747,6789.2266,6789.2266,1335.2787,,,1446.5519,111.2732,64781.2957,20701.4995,0.925,High,On Track to Glide Path
SUP-0029,Electronics Supplier 029,Electronics,2024,2015,2040,7133.4316,,,3970.456,,22555584.41,7133.4316,Supplier Reported Emissions,False,High,Gross_Spend; Scope_Emissions,Valid,2028,Industry Haircut Pathway,8124.5053,5342.6747,6677.9534,6677.9534,1446.5519,,,1335.2787,111.2732,58103.3423,27379.4529,0.925,High,On Track to Glide Path
SUP-0029,Electronics Supplier 029,Electronics,2024,2015,2040,7133.4316,,,3970.456,,22555584.41,7133.4316,Supplier Reported Emissions,False,High,Gross_Spend; Scope_Emissions,Valid,2029,Industry Haircut Pathway,8124.5053,5342.6747,6566.6802,6566.6802,1557.8251,,,1224.0055,111.2732,51536.6621,33946.1331,0.925,High,On Track to Glide Path
SUP-0029,Electronics Supplier 029,Electronics,2024,2015,2040,7133.4316,,,3970.456,,22555584.41,7133.4316,Supplier Reported Emissions,False,High,Gross_Spend; Scope_Emissions,Valid,2030,Industry Haircut Pathway,8124.5053,5342.6747,6455.4069,6455.4069,1669.0984,,,1112.7322,111.2732,45081.2552,40401.54,0.925,High,On Track to Glide Path
SUP-0029,Electronics Supplier 029,Electronics,2024,2015,2040,7133.4316,,,3970.456,,22555584.41,7133.4316,Supplier Reported Emissions,False,High,Gross_Spend; Scope_Emissions,Valid,2031,Industry Haircut Pathway,8124.5053,5342.6747,6344.1337,6344.1337,1780.3716,,,1001.459,111.2732,38737.1215,46745.6737,0.925,High,On Track to Glide Path
SUP-0029,Electronics Supplier 029,Electronics,2024,2015,2040,7133.4316,,,3970.456,,22555584.41,7133.4316,Supplier Reported Emissions,False,High,Gross_Spend; Scope_Emissions,Valid,2032,Industry Haircut Pathway,8124.5053,5342.6747,6232.8605,6232.8605,1891.6448,,,890.1858,111.2732,32504.261,52978.5342,0.925,High,On Track to Glide Path
SUP-0029,Electronics Supplier 029,Electronics,2024,2015,2040,7133.4316,,,3970.456,,22555584.41,7133.4316,Supplier Reported Emissions,False,High,Gross_Spend; Scope_Emissions,Valid,2033,Industry Haircut Pathway,8124.5053,5342.6747,6121.5873,6121.5873,2002.918,,,778.9126,111.2732,26382.6737,59100.1215,0.925,Medium,On Track to Glide Path
SUP-0029,Electronics Supplier 029,Electronics,2024,2015,2040,7133.4316,,,3970.456,,22555584.41,7133.4316,Supplier Reported Emissions,False,High,Gross_Spend; Scope_Emissions,Valid,2034,Industry Haircut Pathway,8124.5053,5342.6747,6010.314,6010.314,2114.1913,,,667.6393,111.2732,20372.3597,65110.4355,0.925,Medium,On Track to Glide Path
SUP-0029,Electronics Supplier 029,Electronics,2024,2015,2040,7133.4316,,,3970.456,,22555584.41,7133.4316,Supplier Reported Emissions,False,High,Gross_Spend; Scope_Emissions,Valid,2035,Industry Haircut Pathway,8124.5053,5342.6747,5899.0408,5899.0408,2225.4645,,,556.3661,111.2732,14473.3189,71009.4763,0.925,Medium,On Track to Glide Path
SUP-0029,Electronics Supplier 029,Electronics,2024,2015,2040,7133.4316,,,3970.456,,22555584.41,7133.4316,Supplier Reported Emissions,False,High,Gross_Spend; Scope_Emissions,Valid,2036,Industry Haircut Pathway,8124.5053,5342.6747,5787.7676,5787.7676,2336.7377,,,445.0929,111.2732,8685.5513,76797.2439,0.925,Medium,On Track to Glide Path
SUP-0029,Electronics Supplier 029,Electronics,2024,2015,2040,7133.4316,,,3970.456,,22555584.41,7133.4316,Supplier Reported Emissions,False,High,Gross_Spend; Scope_Emissions,Valid,2037,Industry Haircut Pathway,8124.5053,5342.6747,5676.4944,5676.4944,2448.0109,,,333.8197,111.2732,3009.0569,82473.7383,0.925,Medium,On Track to Glide Path
SUP-0029,Electronics Supplier 029,Electronics,2024,2015,2040,7133.4316,,,3970.456,,22555584.41,7133.4316,Supplier Reported Emissions,False,High,Gross_Spend; Scope_Emissions,Valid,2038,Industry Haircut Pathway,8124.5053,5342.6747,5565.2211,5565.2211,2559.2842,,,222.5464,111.2732,-2556.1642,88038.9594,0.925,Medium,On Track to Glide Path
SUP-0029,Electronics Supplier 029,Electronics,2024,2015,2040,7133.4316,,,3970.456,,22555584.41,7133.4316,Supplier Reported Emissions,False,High,Gross_Spend; Scope_Emissions,Valid,2039,Industry Haircut Pathway,8124.5053,5342.6747,5453.9479,5453.9479,2670.5574,,,111.2732,111.2732,-8010.1121,93492.9073,0.925,Medium,On Track to Glide Path
SUP-0029,Electronics Supplier 029,Electronics,2024,2015,2040,7133.4316,,,3970.456,,22555584.41,7133.4316,Supplier Reported Emissions,False,High,Gross_Spend; Scope_Emissions,Valid,2040,Industry Haircut Pathway,8124.5053,5342.6747,5342.6747,5342.6747,2781.8306,,,0.0,111.2732,-13352.7868,98835.582,0.925,Low,On Track
SUP-0030,Agriculture Supplier 030,Agriculture,2024,2015,2040,,2203.8091,1657.8494,,15915540.15,,14548.8727,Spend-Based Estimate,True,Medium,Reported_Emissions; Revenue; Scope_Emissions,Valid,2025,Historical Trend Pathway,18618.9736,13585.3341,14222.7394,16605.5178,4396.2342,0.00089364,0.236116,637.4053,201.3456,203142.6062,14222.7394,0.805,Medium,On Track to Glide Path
SUP-0030,Agriculture Supplier 030,Agriculture,2024,2015,2040,,2203.8091,1657.8494,,15915540.15,,14548.8727,Spend-Based Estimate,True,Medium,Reported_Emissions; Revenue; Scope_Emissions,Valid,2026,Historical Trend Pathway,18618.9736,13585.3341,13903.9167,16404.1722,4715.0569,0.00087361,0.253239,318.5826,201.3456,189238.6895,28126.6561,0.805,Medium,On Track to Glide Path
SUP-0030,Agriculture Supplier 030,Agriculture,2024,2015,2040,,2203.8091,1657.8494,,15915540.15,,14548.8727,Spend-Based Estimate,True,Medium,Reported_Emissions; Revenue; Scope_Emissions,Valid,2027,Historical Trend Pathway,18618.9736,13585.3341,13592.241,16202.8266,5026.7326,0.00085402,0.269979,6.9069,201.3456,175646.4485,41718.8971,0.805,Medium,On Track to Glide Path
SUP-0030,Agriculture Supplier 030,Agriculture,2024,2015,2040,,2203.8091,1657.8494,,15915540.15,,14548.8727,Spend-Based Estimate,True,Medium,Reported_Emissions; Revenue; Scope_Emissions,Valid,2028,Historical Trend Pathway,18618.9736,13585.3341,13287.5519,16001.4811,5331.4217,0.00083488,0.286343,-297.7822,201.3456,162358.8966,55006.449,0.805,Low,On Track to Glide Path
SUP-0030,Agriculture Supplier 030,Agriculture,2024,2015,2040,,2203.8091,1657.8494,,15915540.15,,14548.8727,Spend-Based Estimate,True,Medium,Reported_Emissions; Revenue; Scope_Emissions,Valid,2029,Historical Trend Pathway,18618.9736,13585.3341,12989.6928,15800.1355,5629.2808,0.00081616,0.302341,-595.6413,201.3456,149369.2038,67996.1418,0.805,Low,On Track to Glide Path
SUP-0030,Agriculture Supplier 030,Agriculture,2024,2015,2040,,2203.8091,1657.8494,,15915540.15,,14548.8727,Spend-Based Estimate,True,Medium,Reported_Emissions; Revenue; Scope_Emissions,Valid,2030,Historical Trend Pathway,18618.9736,13585.3341,12698.5106,15598.7899,5920.463,0.00079787,0.31798,-886.8234,201.3456,136670.6932,80694.6524,0.805,Low,On Track to Glide Path
SUP-0030,Agriculture Supplier 030,Agriculture,2024,2015,2040,,2203.8091,1657.8494,,15915540.15,,14548.8727,Spend-Based Estimate,True,Medium,Reported_Emissions; Revenue; Scope_Emissions,Valid,2031,Historical Trend Pathway,18618.9736,13585.3341,12413.8557,15397.4443,6205.1179,0.00077998,0.333269,-1171.4783,201.3456,124256.8375,93108.5081,0.805,Low,On Track to Glide Path
SUP-0030,Agriculture Supplier 030,Agriculture,2024,2015,2040,,2203.8091,1657.8494,,15915540.15,,14548.8727,Spend-Based Estimate,True,Medium,Reported_Emissions; Revenue; Scope_Emissions,Valid,2032,Historical Trend Pathway,18618.9736,13585.3341,12135.5818,15196.0987,6483.3918,0.0007625,0.348214,-1449.7523,201.3456,112121.2557,105244.0899,0.805,Low,On Track to Glide Path
SUP-0030,Agriculture Supplier 030,Agriculture,2024,2015,2040,,2203.8091,1657.8494,,15915540.15,,14548.8727,Spend-Based Estimate,True,Medium,Reported_Emissions; Revenue; Scope_Emissions,Valid,2033,Historical Trend Pathway,18618.9736,13585.3341,11863.5457,14994.7532,6755.4279,0.00074541,0.362825,-1721.7884,201.3456,100257.71,117107.6356,0.805,Low,On Track to Glide Path
SUP-0030,Agriculture Supplier 030,Agriculture,2024,2015,2040,,2203.8091,1657.8494,,15915540.15,,14548.8727,Spend-Based Estimate,True,Medium,Reported_Emissions; Revenue; Scope_Emissions,Valid,2034,Historical Trend Pathway,18618.9736,13585.3341,11597.6077,14793.4076,7021.3659,0.0007287,0.377108,-1987.7263,201.3456,88660.1023,128705.2433,0.805,Low,On Track to Glide Path
SUP-0030,Agriculture Supplier 030,Agriculture,2024,2015,2040,,2203.8091,1657.8494,,15915540.15,,14548.8727,Spend-Based Estimate,True,Medium,Reported_Emissions; Revenue; Scope_Emissions,Valid,2035,Historical Trend Pathway,18618.9736,13585.3341,11337.6311,14592.062,7281.3425,0.00071236,0.391071,-2247.703,201.3456,77322.4712,140042.8744,0.805,Low,On Track to Glide Path
SUP-0030,Agriculture Supplier 030,Agriculture,2024,2015,2040,,2203.8091,1657.8494,,15915540.15,,14548.8727,Spend-Based Estimate,True,Medium,Reported_Emissions; Revenue; Scope_Emissions,Valid,2036,Historical Trend Pathway,18618.9736,13585.3341,11083.4823,14390.7164,7535.4913,0.00069639,0.404721,-2501.8518,201.3456,66238.9889,151126.3567,0.805,Low,On Track to Glide Path
SUP-0030,Agriculture Supplier 030,Agriculture,2024,2015,2040,,2203.8091,1657.8494,,15915540.15,,14548.8727,Spend-Based Estimate,True,Medium,Reported_Emissions; Revenue; Scope_Emissions,Valid,2037,Historical Trend Pathway,18618.9736,13585.3341,10835.0305,14189.3708,7783.9431,0.00068078,0.418065,-2750.3036,201.3456,55403.9584,161961.3872,0.805,Low,On Track to Glide Path
SUP-0030,Agriculture Supplier 030,Agriculture,2024,2015,2040,,2203.8091,1657.8494,,15915540.15,,14548.8727,Spend-Based Estimate,True,Medium,Reported_Emissions; Revenue; Scope_Emissions,Valid,2038,Historical Trend Pathway,18618.9736,13585.3341,10592.1481,13988.0252,8026.8255,0.00066552,0.43111,-2993.186,201.3456,44811.8103,172553.5353,0.805,Low,On Track to Glide Path
SUP-0030,Agriculture Supplier 030,Agriculture,2024,2015,2040,,2203.8091,1657.8494,,15915540.15,,14548.8727,Spend-Based Estimate,True,Medium,Reported_Emissions; Revenue; Scope_Emissions,Valid,2039,Historical Trend Pathway,18618.9736,13585.3341,10354.7103,13786.6797,8264.2633,0.0006506,0.443862,-3230.6238,201.3456,34457.1,182908.2456,0.805,Low,On Track to Glide Path
SUP-0030,Agriculture Supplier 030,Agriculture,2024,2015,2040,,2203.8091,1657.8494,,15915540.15,,14548.8727,Spend-Based Estimate,True,Medium,Reported_Emissions; Revenue; Scope_Emissions,Valid,2040,Historical Trend Pathway,18618.9736,13585.3341,10122.595,13585.3341,8496.3786,0.00063602,0.456329,-3462.7391,201.3456,24334.505,193030.8406,0.805,Low,On Track
SUP-0031,Professional Supplier 031,Professional Services,2024,2020,2040,478.731,128.1063,68.4752,322.0936,4199829.89,25452946.39,478.731,Supplier Reported Emissions,False,High,None,Valid,2025,Supplier Target Pathway,421.5757,150.4182,353.7863,353.7863,67.7894,8.424e-05,0.1608,203.3681,13.5579,2052.9049,353.7863,0.99,Critical,On Track to Glide Path
SUP-0031,Professional Supplier 031,Professional Services,2024,2020,2040,478.731,128.1063,68.4752,322.0936,4199829.89,25452946.39,478.731,Supplier Reported Emissions,False,High,None,Valid,2026,Supplier Target Pathway,421.5757,150.4182,340.2285,340.2285,81.3472,8.101e-05,0.19296,189.8102,13.5579,1712.6764,694.0148,0.99,Critical,On Track to Glide Path
SUP-0031,Professional Supplier 031,Professional Services,2024,2020,2040,478.731,128.1063,68.4752,322.0936,4199829.89,25452946.39,478.731,Supplier Reported Emissions,False,High,None,Valid,2027,Supplier Target Pathway,421.5757,150.4182,326.6706,326.6706,94.9051,7.778e-05,0.22512,176.2524,13.5579,1386.0058,1020.6854,0.99,Critical,On Track to Glide Path
SUP-0031,Professional Supplier 031,Professional Services,2024,2020,2040,478.731,128.1063,68.4752,322.0936,4199829.89,25452946.39,478.731,Supplier Reported Emissions,False,High,None,Valid,2028,Supplier Target Pathway,421.5757,150.4182,313.1127,313.1127,108.463,7.455e-05,0.25728,162.6945,13.5579,1072.8931,1333.7981,0.99,Critical,On Track to Glide Path
SUP-0031,Professional Supplier 031,Professional Services,2024,2020,2040,478.731,128.1063,68.4752,322.0936,4199829.89,25452946.39,478.731,Supplier Reported Emissions,False,High,None,Valid,2029,Supplier Target Pathway,421.5757,150.4182,299.5548,299.5548,122.0209,7.133e-05,0.28944,149.1366,13.5579,773.3383,1633.3529,0.99,Critical,On Track to Glide Path
SUP-0031,Professional Supplier 031,Professional Services,2024,2020,2040,478.731,128.1063,68.4752,322.0936,4199829.89,25452946.39,478.731,Supplier Reported Emissions,False,High,None,Valid,2030,Supplier Target Pathway,421.5757,150.4182,285.997,285.997,135.5787,6.81e-05,0.3216,135.5787,13.5579,487.3413,1919.3499,0.99,Critical,On Track to Glide Path
SUP-0031,Professional Supplier 031,Professional Services,2024,2020,2040,478.731,128.1063,68.4752,322.0936,4199829.89,25452946.39,478.731,Supplier Reported Emissions,False,High,None,Valid,2031,Supplier Target Pathway,421.5757,150.4182,272.4391,272.4391,149.1366,6.487e-05,0.35376,122.0209,13.5579,214.9022,2191.789,0.99,Critical,On Track to Glide Path
SUP-0031,Professional Supplier 031,Professional Services,2024,2020,2040,478.731,128.1063,68.4752,322.0936,4199829.89,25452946.39,478.731,Supplier Reported Emissions,False,High,None,Valid,2032,Supplier Target Pathway,421.5757,150.4182,258.8812,258.8812,162.6945,6.164e-05,0.38592,108.463,13.5579,-43.979,2450.6702,0.99,Critical,On Track to Glide Path
SUP-0031,Professional Supplier 031,Professional Services,2024,2020,2040,478.731,128.1063,68.4752,322.0936,4199829.89,25452946.39,478.731,Supplier Reported Emissions,False,High,None,Valid,2033,Supplier Target Pathway,421.5757,150.4182,245.3233,245.3233,176.2524,5.841e-05,0.41808,94.9051,13.5579,-289.3023,2695.9935,0.99,Critical,On Track to Glide Path
SUP-0031,Professional Supplier 031,Professional Services,2024,2020,2040,478.731,128.1063,68.4752,322.0936,4199829.89,25452946.39,478.731,Supplier Reported Emissions,False,High,None,Valid,2034,Supplier Target Pathway,421.5757,150.4182,231.7655,231.7655,189.8102,5.518e-05,0.45024,81.3472,13.5579,-521.0678,2927.759,0.99,Critical,On Track to Glide Path
SUP-0031,Professional Supplier 031,Professional Services,2024,2020,2040,478.731,128.1063,68.4752,322.0936,4199829.89,25452946.39,478.731,Supplier Reported Emissions,False,High,None,Valid,2035,Supplier Target Pathway,421.5757,150.4182,218.2076,218.2076,203.3681,5.196e-05,0.4824,67.7894,13.5579,-739.2754,3145.9666,0.99,Critical,On Track to Glide Path
SUP-0031,Professional Supplier 031,Professional Services,2024,2020,2040,478.731,128.1063,68.4752,322.0936,4199829.89,25452946.39,478.731,Supplier Reported Emissions,False,High,None,Valid,2036,Supplier Target Pathway,421.5757,150.4182,204.6497,204.6497,216.926,4.873e-05,0.51456,54.2315,13.5579,-943.9251,3350.6163,0.99,Critical,On Track to Glide Path
SUP-0031,Professional Supplier 031,Professional Services,2024,2020,2040,478.731,128.1063,68.4752,322.0936,4199829.89,25452946.39,478.731,Supplier Reported Emissions,False,High,None,Valid,2037,Supplier Target Pathway,421.5757,150.4182,191.0918,191.0918,230.4839,4.55e-05,0.54672,40.6736,13.5579,-1135.0169,3541.7081,0.99,High,On Track to Glide Path
SUP-0031,Professional Supplier 031,Professional Services,2024,2020,2040,478.731,128.1063,68.4752,322.0936,4199829.89,25452946.39,478.731,Supplier Reported Emissions,False,High,None,Valid,2038,Supplier Target Pathway,421.5757,150.4182,177.534,177.534,244.0417,4.227e-05,0.57888,27.1157,13.5579,-1312.5509,3719.2421,0.99,High,On Track to Glide Path
SUP-0031,Professional Supplier 031,Professional Services,2024,2020,2040,478.731,128.1063,68.4752,322.0936,4199829.89,25452946.39,478.731,Supplier Reported Emissions,False,High,None,Valid,2039,Supplier Target Pathway,421.5757,150.4182,163.9761,163.9761,257.5996,3.904e-05,0.61104,13.5579,13.5579,-1476.527,3883.2182,0.99,Medium,On Track to Glide Path
SUP-0031,Professional Supplier 031,Professional Services,2024,2020,2040,478.731,128.1063,68.4752,322.0936,4199829.89,25452946.39,478.731,Supplier Reported Emissions,False,High,None,Valid,2040,Supplier Target Pathway,421.5757,150.4182,150.4182,150.4182,271.1575,3.582e-05,0.6432,0.0,13.5579,-1626.9452,4033.6364,0.99,Low,On Track
SUP-0032,Agriculture Supplier 032,Agriculture,2024,2018,2035,,,2269.1156,9169.4448,15593002.96,95127801.88,14254.0318,Spend-Based Estimate,True,Medium,Reported_Emissions; Scope_Emissions,Valid,2025,Supplier Target Pathway,12826.0723,7386.535,10586.2628,10586.2628,2239.8095,0.00067891,0.174629,3199.7278,319.9728,70665.6222,10586.2628,0.968,Critical,On Track to Glide Path
SUP-0032,Agriculture Supplier 032,Agriculture,2024,2018,2035,,,2269.1156,9169.4448,15593002.96,95127801.88,14254.0318,Spend-Based Estimate,True,Medium,Reported_Emissions; Scope_Emissions,Valid,2026,Supplier Target Pathway,12826.0723,7386.535,10266.2901,10266.2901,2559.7822,0.00065839,0.199576,2879.755,319.9728,60399.3321,20852.5529,0.968,Critical,On Track to Glide Path
SUP-0032,Agriculture Supplier 032,Agriculture,2024,2018,2035,,,2269.1156,9169.4448,15593002.96,95127801.88,14254.0318,Spend-Based Estimate,True,Medium,Reported_Emissions; Scope_Emissions,Valid,2027,Supplier Target Pathway,12826.0723,7386.535,9946.3173,9946.3173,2879.755,0.00063787,0.224524,2559.7822,319.9728,50453.0148,30798.8702,0.968,High,On Track to Glide Path
SUP-0032,Agriculture Supplier 032,Agriculture,2024,2018,2035,,,2269.1156,9169.4448,15593002.96,95127801.88,14254.0318,Spend-Based Estimate,True,Medium,Reported_Emissions; Scope_Emissions,Valid,2028,Supplier Target Pathway,12826.0723,7386.535,9626.3445,9626.3445,3199.7278,0.00061735,0.249471,2239.8095,319.9728,40826.6703,40425.2147,0.968,High,On Track to Glide Path
SUP-0032,Agriculture Supplier 032,Agriculture,2024,2018,2035,,,2269.1156,9169.4448,15593002.96,95127801.88,14254.0318,Spend-Based Estimate,True,Medium,Reported_Emissions; Scope_Emissions,Valid,2029,Supplier Target Pathway,12826.0723,7386.535,9306.3717,9306.3717,3519.7006,0.00059683,0.274418,1919.8367,319.9728,31520.2986,49731.5864,0.968,High,On Track to Glide Path
SUP-0032,Agriculture Supplier 032,Agriculture,2024,2018,2035,,,2269.1156,9169.4448,15593002.96,95127801.88,14254.0318,Spend-Based Estimate,True,Medium,Reported_Emissions; Scope_Emissions,Valid,2030,Supplier Target Pathway,12826.0723,7386.535,8986.3989,8986.3989,3839.6734,0.00057631,0.299365,1599.8639,319.9728,22533.8997,58717.9853,0.968,High,On Track to Glide Path
SUP-0032,Agriculture Supplier 032,Agriculture,2024,2018,2035,,,2269.1156,9169.4448,15593002.96,95127801.88,14254.0318,Spend-Based Estimate,True,Medium,Reported_Emissions; Scope_Emissions,Valid,2031,Supplier Target Pathway,12826.0723,7386.535,8666.4262,8666.4262,4159.6461,0.00055579,0.324312,1279.8911,319.9728,13867.4735,67384.4115,0.968,High,On Track to Glide Path
SUP-0032,Agriculture Supplier 032,Agriculture,2024,2018,2035,,,2269.1156,9169.4448,15593002.96,95127801.88,14254.0318,Spend-Based Estimate,True,Medium,Reported_Emissions; Scope_Emissions,Valid,2032,Supplier Target Pathway,12826.0723,7386.535,8346.4534,8346.4534,4479.6189,0.00053527,0.349259,959.9183,319.9728,5521.0201,75730.8649,0.968,Medium,On Track to Glide Path
SUP-0032,Agriculture Supplier 032,Agriculture,2024,2018,2035,,,2269.1156,9169.4448,15593002.96,95127801.88,14254.0318,Spend-Based Estimate,True,Medium,Reported_Emissions; Scope_Emissions,Valid,2033,Supplier Target Pathway,12826.0723,7386.535,8026.4806,8026.4806,4799.5917,0.00051475,0.374206,639.9456,319.9728,-2505.4605,83757.3455,0.968,Medium,On Track to Glide Path
SUP-0032,Agriculture Supplier 032,Agriculture,2024,2018,2035,,,2269.1156,9169.4448,15593002.96,95127801.88,14254.0318,Spend-Based Estimate,True,Medium,Reported_Emissions; Scope_Emissions,Valid,2034,Supplier Target Pathway,12826.0723,7386.535,7706.5078,7706.5078,5119.5645,0.00049423,0.399153,319.9728,319.9728,-10211.9683,91463.8533,0.968,Medium,On Track to Glide Path
SUP-0032,Agriculture Supplier 032,Agriculture,2024,2018,2035,,,2269.1156,9169.4448,15593002.96,95127801.88,14254.0318,Spend-Based Estimate,True,Medium,Reported_Emissions; Scope_Emissions,Valid,2035,Supplier Target Pathway,12826.0723,7386.535,7386.535,7386.535,5439.5373,0.00047371,0.4241,0.0,319.9728,-17598.5033,98850.3883,0.968,Low,On Track
SUP-0032,Agriculture Supplier 032,Agriculture,2024,2018,2035,,,2269.1156,9169.4448,15593002.96,95127801.88,14254.0318,Spend-Based Estimate,True,Medium,Reported_Emissions; Scope_Emissions,Valid,2036,Supplier Target Pathway,12826.0723,7386.535,7386.535,7386.535,5439.5373,0.00047371,0.4241,0.0,319.9728,-24985.0383,106236.9233,0.968,Low,On Track
SUP-0032,Agriculture Supplier 032,Agriculture,2024,2018,2035,,,2269.1156,9169.4448,15593002.96,95127801.88,14254.0318,Spend-Based Estimate,True,Medium,Reported_Emissions; Scope_Emissions,Valid,2037,Supplier Target Pathway,12826.0723,7386.535,7386.535,7386.535,5439.5373,0.00047371,0.4241,0.0,319.9728,-32371.5733,113623.4583,0.968,Low,On Track
SUP-0032,Agriculture Supplier 032,Agriculture,2024,2018,2035,,,2269.1156,9169.4448,15593002.96,95127801.88,14254.0318,Spend-Based Estimate,True,Medium,Reported_Emissions; Scope_Emissions,Valid,2038,Supplier Target Pathway,12826.0723,7386.535,7386.535,7386.535,5439.5373,0.00047371,0.4241,0.0,319.9728,-39758.1083,121009.9933,0.968,Low,On Track
SUP-0032,Agriculture Supplier 032,Agriculture,2024,2018,2035,,,2269.1156,9169.4448,15593002.96,95127801.88,14254.0318,Spend-Based Estimate,True,Medium,Reported_Emissions; Scope_Emissions,Valid,2039,Supplier Target Pathway,12826.0723,7386.535,7386.535,7386.535,5439.5373,0.00047371,0.4241,0.0,319.9728,-47144.6433,128396.5283,0.968,Low,On Track
SUP-0032,Agriculture Supplier 032,Agriculture,2024,2018,2035,,,2269.1156,9169.4448,15593002.96,95127801.88,14254.0318,Spend-Based Estimate,True,Medium,Reported_Emissions; Scope_Emissions,Valid,2040,Supplier Target Pathway,12826.0723,7386.535,7386.535,7386.535,5439.5373,0.00047371,0.4241,0.0,319.9728,-54531.1783,135783.0633,0.968,Low,On Track
SUP-0033,Metals Supplier 033,Metals,2024,2021,2030,36124.2244,,6049.4667,25776.7657,37962429.31,112049870.81,36124.2244,Supplier Reported Emissions,False,High,Scope_Emissions,Valid,2025,Supplier Target Pathway,31208.1641,21209.0683,26764.1215,26764.1215,4444.0426,0.00070502,0.1424,5555.0532,1111.0106,100490.2883,26764.1215,0.99,High,On Track to Glide Path
SUP-0033,Metals Supplier 033,Metals,2024,2021,2030,36124.2244,,6049.4667,25776.7657,37962429.31,112049870.81,36124.2244,Supplier Reported Emissions,False,High,Scope_Emissions,Valid,2026,Supplier Target Pathway,31208.1641,21209.0683,25653.1109,25653.1109,5555.0532,0.00067575,0.178,4444.0426,1111.0106,74837.1774,52417.2324,0.99,High,On Track to Glide Path
SUP-0033,Metals Supplier 033,Metals,2024,2021,2030,36124.2244,,6049.4667,25776.7657,37962429.31,112049870.81,36124.2244,Supplier Reported Emissions,False,High,Scope_Emissions,Valid,2027,Supplier Target Pathway,31208.1641,21209.0683,24542.1002,24542.1002,6666.0639,0.00064648,0.2136,3333.0319,1111.0106,50295.0772,76959.3326,0.99,High,On Track to Glide Path
SUP-0033,Metals Supplier 033,Metals,2024,2021,2030,36124.2244,,6049.4667,25776.7657,37962429.31,112049870.81,36124.2244,Supplier Reported Emissions,False,High,Scope_Emissions,Valid,2028,Supplier Target Pathway,31208.1641,21209.0683,23431.0896,23431.0896,7777.0745,0.00061722,0.2492,2222.0213,1111.0106,26863.9876,100390.4222,0.99,Medium,On Track to Glide Path
SUP-0033,Metals Supplier 033,Metals,2024,2021,2030,36124.2244,,6049.4667,25776.7657,37962429.31,112049870.81,36124.2244,Supplier Reported Emissions,False,High,Scope_Emissions,Valid,2029,Supplier Target Pathway,31208.1641,21209.0683,22320.079,22320.079,8888.0851,0.00058795,0.2848,1111.0106,1111.0106,4543.9086,122710.5012,0.99,Medium,On Track to Glide Path
SUP-0033,Metals Supplier 033,Metals,2024,2021,2030,36124.2244,,6049.4667,25776.7657,37962429.31,112049870.81,36124.2244,Supplier Reported Emissions,False,High,Scope_Emissions,Valid,2030,Supplier Target Pathway,31208.1641,21209.0683,21209.0683,21209.0683,9999.0958,0.00055869,0.3204,0.0,1111.0106,-16665.1597,143919.5695,0.99,Low,On Track
SUP-0033,Metals Supplier 033,Metals,2024,2021,2030,36124.2244,,6049.4667,25776.7657,37962429.31,112049870.81,36124.2244,Supplier Reported Emissions,False,High,Scope_Emissions,Valid,2031,Supplier Target Pathway,31208.1641,21209.0683,21209.0683,21209.0683,9999.0958,0.00055869,0.3204,0.0,1111.0106,-37874.228,165128.6378,0.99,Low,On Track
SUP-0033,Metals Supplier 033,Metals,2024,2021,2030,36124.2244,,6049.4667,25776.7657,37962429.31,112049870.81,36124.2244,Supplier Reported Emissions,False,High,Scope_Emissions,Valid,2032,Supplier Target Pathway,31208.1641,21209.0683,21209.0683,21209.0683,9999.0958,0.00055869,0.3204,0.0,1111.0106,-59083.2963,186337.7061,0.99,Low,On Track
SUP-0033,Metals Supplier 033,Metals,2024,2021,2030,36124.2244,,6049.4667,25776.7657,37962429.31,112049870.81,36124.2244,Supplier Reported Emissions,False,High,Scope_Emissions,Valid,2033,Supplier Target Pathway,31208.1641,21209.0683,21209.0683,21209.0683,9999.0958,0.00055869,0.3204,0.0,1111.0106,-80292.3646,207546.7744,0.99,Low,On Track
SUP-0033,Metals Supplier 033,Metals,2024,2021,2030,36124.2244,,6049.4667,25776.7657,37962429.31,112049870.81,36124.2244,Supplier Reported Emissions,False,High,Scope_Emissions,Valid,2034,Supplier Target Pathway,31208.1641,21209.0683,21209.0683,21209.0683,9999.0958,0.00055869,0.3204,0.0,1111.0106,-101501.4329,228755.8427,0.99,Low,On Track
SUP-0033,Metals Supplier 033,Metals,2024,2021,2030,36124.2244,,6049.4667,25776.7657,37962429.31,112049870.81,36124.2244,Supplier Reported Emissions,False,High,Scope_Emissions,Valid,2035,Supplier Target Pathway,31208.1641,21209.0683,21209.0683,21209.0683,9999.0958,0.00055869,0.3204,0.0,1111.0106,-122710.5012,249964.911,0.99,Low,On Track
SUP-0033,Metals Supplier 033,Metals,2024,2021,2030,36124.2244,,6049.4667,25776.7657,37962429.31,112049870.81,36124.2244,Supplier Reported Emissions,False,High,Scope_Emissions,Valid,2036,Supplier Target Pathway,31208.1641,21209.0683,21209.0683,21209.0683,9999.0958,0.00055869,0.3204,0.0,1111.0106,-143919.5695,271173.9793,0.99,Low,On Track
SUP-0033,Metals Supplier 033,Metals,2024,2021,2030,36124.2244,,6049.4667,25776.7657,37962429.31,112049870.81,36124.2244,Supplier Reported Emissions,False,High,Scope_Emissions,Valid,2037,Supplier Target Pathway,31208.1641,21209.0683,21209.0683,21209.0683,9999.0958,0.00055869,0.3204,0.0,1111.0106,-165128.6378,292383.0476,0.99,Low,On Track
SUP-0033,Metals Supplier 033,Metals,2024,2021,2030,36124.2244,,6049.4667,25776.7657,37962429.31,112049870.81,36124.2244,Supplier Reported Emissions,False,High,Scope_Emissions,Valid,2038,Supplier Target Pathway,31208.1641,21209.0683,21209.0683,21209.0683,9999.0958,0.00055869,0.3204,0.0,1111.0106,-186337.7061,313592.1159,0.99,Low,On Track
SUP-0033,Metals Supplier 033,Metals,2024,2021,2030,36124.2244,,6049.4667,25776.7657,37962429.31,112049870.81,36124.2244,Supplier Reported Emissions,False,High,Scope_Emissions,Valid,2039,Supplier Target Pathway,31208.1641,21209.0683,21209.0683,21209.0683,9999.0958,0.00055869,0.3204,0.0,1111.0106,-207546.7744,334801.1842,0.99,Low,On Track
SUP-0033,Metals Supplier 033,Metals,2024,2021,2030,36124.2244,,6049.4667,25776.7657,37962429.31,112049870.81,36124.2244,Supplier Reported Emissions,False,High,Scope_Emissions,Valid,2040,Supplier Target Pathway,31208.1641,21209.0683,21209.0683,21209.0683,9999.0958,0.00055869,0.3204,0.0,1111.0106,-228755.8427,356010.2525,0.99,Low,On Track
SUP-0034,Logistics Supplier 034,Logistics,2024,2020,2035,2270.0275,494.8927,482.9003,1239.3185,7148885.07,18559711.1,2270.0275,Supplier Reported Emissions,False,High,None,Valid,2025,Supplier Target Pathway,2616.4397,1293.0445,2175.308,2175.308,441.1317,0.00030429,0.1686,882.2635,88.2263,12048.1815,2175.308,0.99,Critical,On Track to Glide Path
SUP-0034,Logistics Supplier 034,Logistics,2024,2020,2035,2270.0275,494.8927,482.9003,1239.3185,7148885.07,18559711.1,2270.0275,Supplier Reported Emissions,False,High,None,Valid,2026,Supplier Target Pathway,2616.4397,1293.0445,2087.0816,2087.0816,529.3581,0.00029195,0.20232,794.0371,88.2263,9961.0999,4262.3896,0.99,Critical,On Track to Glide Path
SUP-0034,Logistics Supplier 034,Logistics,2024,2020,2035,2270.0275,494.8927,482.9003,1239.3185,7148885.07,18559711.1,2270.0275,Supplier Reported Emissions,False,High,None,Valid,2027,Supplier Target Pathway,2616.4397,1293.0445,1998.8553,1998.8553,617.5844,0.0002796,0.23604,705.8108,88.2263,7962.2446,6261.2449,0.99,Critical,On Track to Glide Path
SUP-0034,Logistics Supplier 034,Logistics,2024,2020,2035,2270.0275,494.8927,482.9003,1239.3185,7148885.07,18559711.1,2270.0275,Supplier Reported Emissions,False,High,None,Valid,2028,Supplier Target Pathway,2616.4397,1293.0445,1910.6289,1910.6289,705.8108,0.00026726,0.26976,617.5844,88.2263,6051.6157,8171.8738,0.99,Critical,On Track to Glide Path
SUP-0034,Logistics Supplier 034,Logistics,2024,2020,2035,2270.0275,494.8927,482.9003,1239.3185,7148885.07,18559711.1,2270.0275,Supplier Reported Emissions,False,High,None,Valid,2029,Supplier Target Pathway,2616.4397,1293.0445,1822.4026,1822.4026,794.0371,0.00025492,0.30348,529.3581,88.2263,4229.2131,9994.2764,0.99,Critical,On Track to Glide Path
SUP-0034,Logistics Supplier 034,Logistics,2024,2020,2035,2270.0275,494.8927,482.9003,1239.3185,7148885.07,18559711.1,2270.0275,Supplier Reported Emissions,False,High,None,Valid,2030,Supplier Target Pathway,2616.4397,1293.0445,1734.1762,1734.1762,882.2635,0.00024258,0.3372,441.1317,88.2263,2495.0369,11728.4526,0.99,High,On Track to Glide Path
SUP-0034,Logistics Supplier 034,Logistics,2024,2020,2035,2270.0275,494.8927,482.9003,1239.3185,7148885.07,18559711.1,2270.0275,Supplier Reported Emissions,False,High,None,Valid,2031,Supplier Target Pathway,2616.4397,1293.0445,1645.9499,1645.9499,970.4898,0.00023024,0.37092,352.9054,88.2263,849.087,13374.4025,0.99,High,On Track to Glide Path
SUP-0034,Logistics Supplier 034,Logistics,2024,2020,2035,2270.0275,494.8927,482.9003,1239.3185,7148885.07,18559711.1,2270.0275,Supplier Reported Emissions,False,High,None,Valid,2032,Supplier Target Pathway,2616.4397,1293.0445,1557.7235,1557.7235,1058.7162,0.0002179,0.40464,264.679,88.2263,-708.6365,14932.126,0.99,High,On Track to Glide Path
SUP-0034,Logistics Supplier 034,Logistics,2024,2020,2035,2270.0275,494.8927,482.9003,1239.3185,7148885.07,18559711.1,2270.0275,Supplier Reported Emissions,False,High,None,Valid,2033,Supplier Target Pathway,2616.4397,1293.0445,1469.4972,1469.4972,1146.9425,0.00020556,0.43836,176.4527,88.2263,-2178.1337,16401.6232,0.99,Medium,On Track to Glide Path
SUP-0034,Logistics Supplier 034,Logistics,2024,2020,2035,2270.0275,494.8927,482.9003,1239.3185,7148885.07,18559711.1,2270.0275,Supplier Reported Emissions,False,High,None,Valid,2034,Supplier Target Pathway,2616.4397,1293.0445,1381.2708,1381.2708,1235.1689,0.00019321,0.47208,88.2263,88.2263,-3559.4045,17782.894,0.99,Medium,On Track to Glide Path
SUP-0034,Logistics Supplier 034,Logistics,2024,2020,2035,2270.0275,494.8927,482.9003,1239.3185,7148885.07,18559711.1,2270.0275,Supplier Reported Emissions,False,High,None,Valid,2035,Supplier Target Pathway,2616.4397,1293.0445,1293.0445,1293.0445,1323.3952,0.00018087,0.5058,0.0,88.2263,-4852.449,19075.9385,0.99,Low,On Track
SUP-0034,Logistics Supplier 034,Logistics,2024,2020,2035,2270.0275,494.8927,482.9003,1239.3185,7148885.07,18559711.1,2270.0275,Supplier Reported Emissions,False,High,None,Valid,2036,Supplier Target Pathway,2616.4397,1293.0445,1293.0445,1293.0445,1323.3952,0.00018087,0.5058,0.0,88.2263,-6145.4935,20368.983,0.99,Low,On Track
SUP-0034,Logistics Supplier 034,Logistics,2024,2020,2035,2270.0275,494.8927,482.9003,1239.3185,7148885.07,18559711.1,2270.0275,Supplier Reported Emissions,False,High,None,Valid,2037,Supplier Target Pathway,2616.4397,1293.0445,1293.0445,1293.0445,1323.3952,0.00018087,0.5058,0.0,88.2263,-7438.538,21662.0275,0.99,Low,On Track
SUP-0034,Logistics Supplier 034,Logistics,2024,2020,2035,2270.0275,494.8927,482.9003,1239.3185,7148885.07,18559711.1,2270.0275,Supplier Reported Emissions,False,High,None,Valid,2038,Supplier Target Pathway,2616.4397,1293.0445,1293.0445,1293.0445,1323.3952,0.00018087,0.5058,0.0,88.2263,-8731.5825,22955.072,0.99,Low,On Track
SUP-0034,Logistics Supplier 034,Logistics,2024,2020,2035,2270.0275,494.8927,482.9003,1239.3185,7148885.07,18559711.1,2270.0275,Supplier Reported Emissions,False,High,None,Valid,2039,Supplier Target Pathway,2616.4397,1293.0445,1293.0445,1293.0445,1323.3952,0.00018087,0.5058,0.0,88.2263,-10024.627,24248.1165,0.99,Low,On Track
SUP-0034,Logistics Supplier 034,Logistics,2024,2020,2035,2270.0275,494.8927,482.9003,1239.3185,7148885.07,18559711.1,2270.0275,Supplier Reported Emissions,False,High,None,Valid,2040,Supplier Target Pathway,2616.4397,1293.0445,1293.0445,1293.0445,1323.3952,0.00018087,0.5058,0.0,88.2263,-11317.6715,25541.161,0.99,Low,On Track
SUP-0035,Electronics Supplier 035,Electronics,2024,2015,2040,6953.4706,1693.7246,682.607,4916.7978,9349838.89,19154531.46,6953.4706,Supplier Reported Emissions,False,High,None,Valid,2025,Industry Haircut Pathway,15198.8368,9994.7551,13117.2041,13117.2041,2081.6327,0.00140293,0.13696,3122.449,208.1633,146798.8775,13117.2041,0.918,High,On Track to Glide Path
SUP-0035,Electronics Supplier 035,Electronics,2024,2015,2040,6953.4706,1693.7246,682.607,4916.7978,9349838.89,19154531.46,6953.4706,Supplier Reported Emissions,False,High,None,Valid,2026,Industry Haircut Pathway,15198.8368,9994.7551,12909.0408,12909.0408,2289.796,0.00138067,0.150656,2914.2858,208.1633,133889.8367,26026.2449,0.918,High,On Track to Glide Path
SUP-0035,Electronics Supplier 035,Electronics,2024,2015,2040,6953.4706,1693.7246,682.607,4916.7978,9349838.89,19154531.46,6953.4706,Supplier Reported Emissions,False,High,None,Valid,2027,Industry Haircut Pathway,15198.8368,9994.7551,12700.8776,12700.8776,2497.9592,0.00135841,0.164352,2706.1225,208.1633,121188.9591,38727.1225,0.918,High,On Track to Glide Path
SUP-0035,Electronics Supplier 035,Electronics,2024,2015,2040,6953.4706,1693.7246,682.607,4916.7978,9349838.89,19154531.46,6953.4706,Supplier Reported Emissions,False,High,None,Valid,2028,Industry Haircut Pathway,15198.8368,9994.7551,12492.7143,12492.7143,2706.1225,0.00133614,0.178048,2497.9592,208.1633,108696.2448,51219.8368,0.918,High,On Track to Glide Path
SUP-0035,Electronics Supplier 035,Electronics,2024,2015,2040,6953.4706,1693.7246,682.607,4916.7978,9349838.89,19154531.46,6953.4706,Supplier Reported Emissions,False,High,None,Valid,2029,Industry Haircut Pathway,15198.8368,9994.7551,12284.551,12284.551,2914.2858,0.00131388,0.191744,2289.796,208.1633,96411.6938,63504.3878,0.918,High,On Track to Glide Path
SUP-0035,Electronics Supplier 035,Electronics,2024,2015,2040,6953.4706,1693.7246,682.607,4916.7978,9349838.89,19154531.46,6953.4706,Supplier Reported Emissions,False,High,None,Valid,2030,Industry Haircut Pathway,15198.8368,9994.7551,12076.3878,12076.3878,3122.449,0.00129161,0.20544,2081.6327,208.1633,84335.306,75580.7756,0.918,High,On Track to Glide Path
SUP-0035,Electronics Supplier 035,Electronics,2024,2015,2040,6953.4706,1693.7246,682.607,4916.7978,9349838.89,19154531.46,6953.4706,Supplier Reported Emissions,False,High,None,Valid,2031,Industry Haircut Pathway,15198.8368,9994.7551,11868.2245,11868.2245,3330.6123,0.00126935,0.219136,1873.4694,208.1633,72467.0815,87449.0001,0.918,High,On Track to Glide Path
SUP-0035,Electronics Supplier 035,Electronics,2024,2015,2040,6953.4706,1693.7246,682.607,4916.7978,9349838.89,19154531.46,6953.4706,Supplier Reported Emissions,False,High,None,Valid,2032,Industry Haircut Pathway,15198.8368,9994.7551,11660.0612,11660.0612,3538.7756,0.00124709,0.232832,1665.3062,208.1633,60807.0203,99109.0613,0.918,High,On Track to Glide Path
SUP-0035,Electronics Supplier 035,Electronics,2024,2015,2040,6953.4706,1693.7246,682.607,4916.7978,9349838.89,19154531.46,6953.4706,Supplier Reported Emissions,False,High,None,Valid,2033,Industry Haircut Pathway,15198.8368,9994.7551,11451.898,11451.898,3746.9388,0.00122482,0.246528,1457.1429,208.1633,49355.1223,110560.9593,0.918,Medium,On Track to Glide Path
SUP-0035,Electronics Supplier 035,Electronics,2024,2015,2040,6953.4706,1693.7246,682.607,4916.7978,9349838.89,19154531.46,6953.4706,Supplier Reported Emissions,False,High,None,Valid,2034,Industry Haircut Pathway,15198.8368,9994.7551,11243.7347,11243.7347,3955.1021,0.00120256,0.260224,1248.9796,208.1633,38111.3876,121804.694,0.918,Medium,On Track to Glide Path
SUP-0035,Electronics Supplier 035,Electronics,2024,2015,2040,6953.4706,1693.7246,682.607,4916.7978,9349838.89,19154531.46,6953.4706,Supplier Reported Emissions,False,High,None,Valid,2035,Industry Haircut Pathway,15198.8368,9994.7551,11035.5714,11035.5714,4163.2654,0.0011803,0.27392,1040.8163,208.1633,27075.8162,132840.2654,0.918,Medium,On Track to Glide Path
SUP-0035,Electronics Supplier 035,Electronics,2024,2015,2040,6953.4706,1693.7246,682.607,4916.7978,9349838.89,19154531.46,6953.4706,Supplier Reported Emissions,False,High,None,Valid,2036,Industry Haircut Pathway,15198.8368,9994.7551,10827.4082,10827.4082,4371.4286,0.00115803,0.287616,832.6531,208.1633,16248.408,143667.6736,0.918,Medium,On Track to Glide Path
SUP-0035,Electronics Supplier 035,Electronics,2024,2015,2040,6953.4706,1693.7246,682.607,4916.7978,9349838.89,19154531.46,6953.4706,Supplier Reported Emissions,False,High,None,Valid,2037,Industry Haircut Pathway,15198.8368,9994.7551,10619.2449,10619.2449,4579.5919,0.00113577,0.301312,624.4898,208.1633,5629.1631,154286.9185,0.918,Medium,On Track to Glide Path
SUP-0035,Electronics Supplier 035,Electronics,2024,2015,2040,6953.4706,1693.7246,682.607,4916.7978,9349838.89,19154531.46,6953.4706,Supplier Reported Emissions,False,High,None,Valid,2038,Industry Haircut Pathway,15198.8368,9994.7551,10411.0816,10411.0816,4787.7552,0.0011135,0.315008,416.3265,208.1633,-4781.9185,164698.0001,0.918,Medium,On Track to Glide Path
SUP-0035,Electronics Supplier 035,Electronics,2024,2015,2040,6953.4706,1693.7246,682.607,4916.7978,9349838.89,19154531.46,6953.4706,Supplier Reported Emissions,False,High,None,Valid,2039,Industry Haircut Pathway,15198.8368,9994.7551,10202.9183,10202.9183,4995.9185,0.00109124,0.328704,208.1633,208.1633,-14984.8368,174900.9184,0.918,Medium,On Track to Glide Path
SUP-0035,Electronics Supplier 035,Electronics,2024,2015,2040,6953.4706,1693.7246,682.607,4916.7978,9349838.89,19154531.46,6953.4706,Supplier Reported Emissions,False,High,None,Valid,2040,Industry Haircut Pathway,15198.8368,9994.7551,9994.7551,9994.7551,5204.0817,0.00106898,0.3424,0.0,208.1633,-24979.5919,184895.6735,0.918,Low,On Track
SUP-0036,Metals Supplier 036,Metals,2024,2015,2030,15692.3728,3296.4657,2402.7106,9642.7596,12457093.49,110411320.56,15692.3728,Supplier Reported Emissions,False,High,None,Valid,2025,Industry Haircut Pathway,16020.528,9849.4206,11906.4564,11906.4564,4114.0716,0.0009558,0.2568,2057.0358,411.4072,47190.0672,11906.4564,0.843,High,On Track to Glide Path
SUP-0036,Metals Supplier 036,Metals,2024,2015,2030,15692.3728,3296.4657,2402.7106,9642.7596,12457093.49,110411320.56,15692.3728,Supplier Reported Emissions,False,High,None,Valid,2026,Industry Haircut Pathway,16020.528,9849.4206,11495.0493,11495.0493,4525.4787,0.00092277,0.28248,1645.6286,411.4072,35695.0179,23401.5057,0.843,High,On Track to Glide Path
SUP-0036,Metals Supplier 036,Metals,2024,2015,2030,15692.3728,3296.4657,2402.7106,9642.7596,12457093.49,110411320.56,15692.3728,Supplier Reported Emissions,False,High,None,Valid,2027,Industry Haircut Pathway,16020.528,9849.4206,11083.6421,11083.6421,4936.8859,0.00088975,0.30816,1234.2215,411.4072,24611.3758,34485.1478,0.843,Medium,On Track to Glide Path
SUP-0036,Metals Supplier 036,Metals,2024,2015,2030,15692.3728,3296.4657,2402.7106,9642.7596,12457093.49,110411320.56,15692.3728,Supplier Reported Emissions,False,High,None,Valid,2028,Industry Haircut Pathway,16020.528,9849.4206,10672.2349,10672.2349,5348.2931,0.00085672,0.33384,822.8143,411.4072,13939.1409,45157.3827,0.843,Medium,On Track to Glide Path
SUP-0036,Metals Supplier 036,Metals,2024,2015,2030,15692.3728,3296.4657,2402.7106,9642.7596,12457093.49,110411320.56,15692.3728,Supplier Reported Emissions,False,High,None,Valid,2029,Industry Haircut Pathway,16020.528,9849.4206,10260.8278,10260.8278,5759.7002,0.00082369,0.35952,411.4072,411.4072,3678.3131,55418.2105,0.843,Medium,On Track to Glide Path
SUP-0036,Metals Supplier 036,Metals,2024,2015,2030,15692.3728,3296.4657,2402.7106,9642.7596,12457093.49,110411320.56,15692.3728,Supplier Reported Emissions,False,High,None,Valid,2030,Industry Haircut Pathway,16020.528,9849.4206,9849.4206,9849.4206,6171.1074,0.00079067,0.3852,0.0,411.4072,-6171.1075,65267.6311,0.843,Low,On Track
SUP-0036,Metals Supplier 036,Metals,2024,2015,2030,15692.3728,3296.4657,2402.7106,9642.7596,12457093.49,110411320.56,15692.3728,Supplier Reported Emissions,False,High,None,Valid,2031,Industry Haircut Pathway,16020.528,9849.4206,9849.4206,9849.4206,6171.1074,0.00079067,0.3852,0.0,411.4072,-16020.5281,75117.0517,0.843,Low,On Track
SUP-0036,Metals Supplier 036,Metals,2024,2015,2030,15692.3728,3296.4657,2402.7106,9642.7596,12457093.49,110411320.56,15692.3728,Supplier Reported Emissions,False,High,None,Valid,2032,Industry Haircut Pathway,16020.528,9849.4206,9849.4206,9849.4206,6171.1074,0.00079067,0.3852,0.0,411.4072,-25869.9487,84966.4723,0.843,Low,On Track
SUP-0036,Metals Supplier 036,Metals,2024,2015,2030,15692.3728,3296.4657,2402.7106,9642.7596,12457093.49,110411320.56,15692.3728,Supplier Reported Emissions,False,High,None,Valid,2033,Industry Haircut Pathway,16020.528,9849.4206,9849.4206,9849.4206,6171.1074,0.00079067,0.3852,0.0,411.4072,-35719.3693,94815.8929,0.843,Low,On Track
SUP-0036,Metals Supplier 036,Metals,2024,2015,2030,15692.3728,3296.4657,2402.7106,9642.7596,12457093.49,110411320.56,15692.3728,Supplier Reported Emissions,False,High,None,Valid,2034,Industry Haircut Pathway,16020.528,9849.4206,9849.4206,9849.4206,6171.1074,0.00079067,0.3852,0.0,411.4072,-45568.7899,104665.3135,0.843,Low,On Track
SUP-0036,Metals Supplier 036,Metals,2024,2015,2030,15692.3728,3296.4657,2402.7106,9642.7596,12457093.49,110411320.56,15692.3728,Supplier Reported Emissions,False,High,None,Valid,2035,Industry Haircut Pathway,16020.528,9849.4206,9849.4206,9849.4206,6171.1074,0.00079067,0.3852,0.0,411.4072,-55418.2105,114514.7341,0.843,Low,On Track
SUP-0036,Metals Supplier 036,Metals,2024,2015,2030,15692.3728,3296.4657,2402.7106,9642.7596,12457093.49,110411320.56,15692.3728,Supplier Reported Emissions,False,High,None,Valid,2036,Industry Haircut Pathway,16020.528,9849.4206,9849.4206,9849.4206,6171.1074,0.00079067,0.3852,0.0,411.4072,-65267.6311,124364.1547,0.843,Low,On Track
SUP-0036,Metals Supplier 036,Metals,2024,2015,2030,15692.3728,3296.4657,2402.7106,9642.7596,12457093.49,110411320.56,15692.3728,Supplier Reported Emissions,False,High,None,Valid,2037,Industry Haircut Pathway,16020.528,9849.4206,9849.4206,9849.4206,6171.1074,0.00079067,0.3852,0.0,411.4072,-75117.0517,134213.5753,0.843,Low,On Track
SUP-0036,Metals Supplier 036,Metals,2024,2015,2030,15692.3728,3296.4657,2402.7106,9642.7596,12457093.49,110411320.56,15692.3728,Supplier Reported Emissions,False,High,None,Valid,2038,Industry Haircut Pathway,16020.528,9849.4206,9849.4206,9849.4206,6171.1074,0.00079067,0.3852,0.0,411.4072,-84966.4723,144062.9959,0.843,Low,On Track
SUP-0036,Metals Supplier 036,Metals,2024,2015,2030,15692.3728,3296.4657,2402.7106,9642.7596,12457093.49,110411320.56,15692.3728,Supplier Reported Emissions,False,High,None,Valid,2039,Industry Haircut Pathway,16020.528,9849.4206,9849.4206,9849.4206,6171.1074,0.00079067,0.3852,0.0,411.4072,-94815.8929,153912.4165,0.843,Low,On Track
SUP-0036,Metals Supplier 036,Metals,2024,2015,2030,15692.3728,3296.4657,2402.7106,9642.7596,12457093.49,110411320.56,15692.3728,Supplier Reported Emissions,False,High,None,Valid,2040,Industry Haircut Pathway,16020.528,9849.4206,9849.4206,9849.4206,6171.1074,0.00079067,0.3852,0.0,411.4072,-104665.3135,163761.8371,0.843,Low,On Track
SUP-0037,Agriculture Supplier 037,Agriculture,2024,2019,2035,24172.2297,,3839.1525,15298.1023,35588458.58,116985827.89,24172.2297,Supplier Reported Emissions,False,High,Scope_Emissions,Valid,2025,Supplier Target Pathway,13104.249,5898.2225,10401.9891,10401.9891,2702.2599,0.00029229,0.206212,4503.7666,450.3767,54478.4584,10401.9891,0.99,Critical,On Track to Glide Path
SUP-0037,Agriculture Supplier 037,Agriculture,2024,2019,2035,24172.2297,,3839.1525,15298.1023,35588458.58,116985827.89,24172.2297,Supplier Reported Emissions,False,High,Scope_Emissions,Valid,2026,Supplier Target Pathway,13104.249,5898.2225,9951.6124,9951.6124,3152.6366,0.00027963,0.240581,4053.3899,450.3767,44526.846,20353.6015,0.99,Critical,On Track to Glide Path
SUP-0037,Agriculture Supplier 037,Agriculture,2024,2019,2035,24172.2297,,3839.1525,15298.1023,35588458.58,116985827.89,24172.2297,Supplier Reported Emissions,False,High,Scope_Emissions,Valid,2027,Supplier Target Pathway,13104.249,5898.2225,9501.2357,9501.2357,3603.0133,0.00026698,0.27495,3603.0133,450.3767,35025.6103,29854.8372,0.99,Critical,On Track to Glide Path
SUP-0037,Agriculture Supplier 037,Agriculture,2024,2019,2035,24172.2297,,3839.1525,15298.1023,35588458.58,116985827.89,24172.2297,Supplier Reported Emissions,False,High,Scope_Emissions,Valid,2028,Supplier Target Pathway,13104.249,5898.2225,9050.8591,9050.8591,4053.3899,0.00025432,0.309319,3152.6366,450.3767,25974.7512,38905.6963,0.99,Critical,On Track to Glide Path
SUP-0037,Agriculture Supplier 037,Agriculture,2024,2019,2035,24172.2297,,3839.1525,15298.1023,35588458.58,116985827.89,24172.2297,Supplier Reported Emissions,False,High,Scope_Emissions,Valid,2029,Supplier Target Pathway,13104.249,5898.2225,8600.4824,8600.4824,4503.7666,0.00024166,0.343688,2702.2599,450.3767,17374.2688,47506.1787,0.99,Critical,On Track to Glide Path
SUP-0037,Agriculture Supplier 037,Agriculture,2024,2019,2035,24172.2297,,3839.1525,15298.1023,35588458.58,116985827.89,24172.2297,Supplier Reported Emissions,False,High,Scope_Emissions,Valid,2030,Supplier Target Pathway,13104.249,5898.2225,8150.1058,8150.1058,4954.1432,0.00022901,0.378056,2251.8833,450.3767,9224.163,55656.2845,0.99,Critical,On Track to Glide Path
SUP-0037,Agriculture Supplier 037,Agriculture,2024,2019,2035,24172.2297,,3839.1525,15298.1023,35588458.58,116985827.89,24172.2297,Supplier Reported Emissions,False,High,Scope_Emissions,Valid,2031,Supplier Target Pathway,13104.249,5898.2225,7699.7291,7699.7291,5404.5199,0.00021635,0.412425,1801.5066,450.3767,1524.4339,63356.0136,0.99,High,On Track to Glide Path
SUP-0037,Agriculture Supplier 037,Agriculture,2024,2019,2035,24172.2297,,3839.1525,15298.1023,35588458.58,116985827.89,24172.2297,Supplier Reported Emissions,False,High,Scope_Emissions,Valid,2032,Supplier Target Pathway,13104.249,5898.2225,7249.3524,7249.3524,5854.8966,0.0002037,0.446794,1351.13,450.3767,-5724.9185,70605.366,0.99,High,On Track to Glide Path
SUP-0037,Agriculture Supplier 037,Agriculture,2024,2019,2035,24172.2297,,3839.1525,15298.1023,35588458.58,116985827.89,24172.2297,Supplier Reported Emissions,False,High,Scope_Emissions,Valid,2033,Supplier Target Pathway,13104.249,5898.2225,6798.9758,6798.9758,6305.2732,0.00019104,0.481163,900.7533,450.3767,-12523.8943,77404.3418,0.99,High,On Track to Glide Path
SUP-0037,Agriculture Supplier 037,Agriculture,2024,2019,2035,24172.2297,,3839.1525,15298.1023,35588458.58,116985827.89,24172.2297,Supplier Reported Emissions,False,High,Scope_Emissions,Valid,2034,Supplier Target Pathway,13104.249,5898.2225,6348.5991,6348.5991,6755.6499,0.00017839,0.515531,450.3767,450.3767,-18872.4934,83752.9409,0.99,Medium,On Track to Glide Path
SUP-0037,Agriculture Supplier 037,Agriculture,2024,2019,2035,24172.2297,,3839.1525,15298.1023,35588458.58,116985827.89,24172.2297,Supplier Reported Emissions,False,High,Scope_Emissions,Valid,2035,Supplier Target Pathway,13104.249,5898.2225,5898.2225,5898.2225,7206.0265,0.00016573,0.5499,0.0,450.3767,-24770.7159,89651.1634,0.99,Low,On Track
SUP-0037,Agriculture Supplier 037,Agriculture,2024,2019,2035,24172.2297,,3839.1525,15298.1023,35588458.58,116985827.89,24172.2297,Supplier Reported Emissions,False,High,Scope_Emissions,Valid,2036,Supplier Target Pathway,13104.249,5898.2225,5898.2225,5898.2225,7206.0265,0.00016573,0.5499,0.0,450.3767,-30668.9384,95549.3859,0.99,Low,On Track
SUP-0037,Agriculture Supplier 037,Agriculture,2024,2019,2035,24172.2297,,3839.1525,15298.1023,35588458.58,116985827.89,24172.2297,Supplier Reported Emissions,False,High,Scope_Emissions,Valid,2037,Supplier Target Pathway,13104.249,5898.2225,5898.2225,5898.2225,7206.0265,0.00016573,0.5499,0.0,450.3767,-36567.1609,101447.6084,0.99,Low,On Track
SUP-0037,Agriculture Supplier 037,Agriculture,2024,2019,2035,24172.2297,,3839.1525,15298.1023,35588458.58,116985827.89,24172.2297,Supplier Reported Emissions,False,High,Scope_Emissions,Valid,2038,Supplier Target Pathway,13104.249,5898.2225,5898.2225,5898.2225,7206.0265,0.00016573,0.5499,0.0,450.3767,-42465.3834,107345.8309,0.99,Low,On Track
SUP-0037,Agriculture Supplier 037,Agriculture,2024,2019,2035,24172.2297,,3839.1525,15298.1023,35588458.58,116985827.89,24172.2297,Supplier Reported Emissions,False,High,Scope_Emissions,Valid,2039,Supplier Target Pathway,13104.249,5898.2225,5898.2225,5898.2225,7206.0265,0.00016573,0.5499,0.0,450.3767,-48363.6059,113244.0534,0.99,Low,On Track
SUP-0037,Agriculture Supplier 037,Agriculture,2024,2019,2035,24172.2297,,3839.1525,15298.1023,35588458.58,116985827.89,24172.2297,Supplier Reported Emissions,False,High,Scope_Emissions,Valid,2040,Supplier Target Pathway,13104.249,5898.2225,5898.2225,5898.2225,7206.0265,0.00016573,0.5499,0.0,450.3767,-54261.8284,119142.2759,0.99,Low,On Track
SUP-0038,Agriculture Supplier 038,Agriculture,2024,2020,2040,29649.8869,7511.1592,,17952.3869,44421179.83,343175981.25,29649.8869,Supplier Reported Emissions,False,High,Scope_Emissions,Valid,2025,Supplier Target Pathway,33223.8893,10578.4864,27562.5386,27562.5386,5661.3507,0.00062048,0.1704,16984.0522,1132.2701,141693.2438,27562.5386,0.99,Critical,On Track to Glide Path
SUP-0038,Agriculture Supplier 038,Agriculture,2024,2020,2040,29649.8869,7511.1592,,17952.3869,44421179.83,343175981.25,29649.8869,Supplier Reported Emissions,False,High,Scope_Emissions,Valid,2026,Supplier Target Pathway,33223.8893,10578.4864,26430.2684,26430.2684,6793.6209,0.00059499,0.20448,15851.7821,1132.2701,115262.9754,53992.807,0.99,Critical,On Track to Glide Path
SUP-0038,Agriculture Supplier 038,Agriculture,2024,2020,2040,29649.8869,7511.1592,,17952.3869,44421179.83,343175981.25,29649.8869,Supplier Reported Emissions,False,High,Scope_Emissions,Valid,2027,Supplier Target Pathway,33223.8893,10578.4864,25297.9983,25297.9983,7925.891,0.0005695,0.23856,14719.5119,1132.2701,89964.9771,79290.8053,0.99,Critical,On Track to Glide Path
SUP-0038,Agriculture Supplier 038,Agriculture,2024,2020,2040,29649.8869,7511.1592,,17952.3869,44421179.83,343175981.25,29649.8869,Supplier Reported Emissions,False,High,Scope_Emissions,Valid,2028,Supplier Target Pathway,33223.8893,10578.4864,24165.7281,24165.7281,9058.1612,0.00054401,0.27264,13587.2418,1132.2701,65799.249,103456.5334,0.99,Critical,On Track to Glide Path
SUP-0038,Agriculture Supplier 038,Agriculture,2024,2020,2040,29649.8869,7511.1592,,17952.3869,44421179.83,343175981.25,29649.8869,Supplier Reported Emissions,False,High,Scope_Emissions,Valid,2029,Supplier Target Pathway,33223.8893,10578.4864,23033.458,23033.458,10190.4313,0.00051852,0.30672,12454.9716,1132.2701,42765.791,126489.9914,0.99,Critical,On Track to Glide Path
SUP-0038,Agriculture Supplier 038,Agriculture,2024,2020,2040,29649.8869,7511.1592,,17952.3869,44421179.83,343175981.25,29649.8869,Supplier Reported Emissions,False,High,Scope_Emissions,Valid,2030,Supplier Target Pathway,33223.8893,10578.4864,21901.1878,21901.1878,11322.7015,0.00049303,0.3408,11322.7015,1132.2701,20864.6032,148391.1792,0.99,Critical,On Track to Glide Path
SUP-0038,Agriculture Supplier 038,Agriculture,2024,2020,2040,29649.8869,7511.1592,,17952.3869,44421179.83,343175981.25,29649.8869,Supplier Reported Emissions,False,High,Scope_Emissions,Valid,2031,Supplier Target Pathway,33223.8893,10578.4864,20768.9177,20768.9177,12454.9716,0.00046755,0.37488,10190.4313,1132.2701,95.6855,169160.0969,0.99,Critical,On Track to Glide Path
SUP-0038,Agriculture Supplier 038,Agriculture,2024,2020,2040,29649.8869,7511.1592,,17952.3869,44421179.83,343175981.25,29649.8869,Supplier Reported Emissions,False,High,Scope_Emissions,Valid,2032,Supplier Target Pathway,33223.8893,10578.4864,19636.6475,19636.6475,13587.2418,0.00044206,0.40896,9058.1612,1132.2701,-19540.962,188796.7444,0.99,Critical,On Track to Glide Path
SUP-0038,Agriculture Supplier 038,Agriculture,2024,2020,2040,29649.8869,7511.1592,,17952.3869,44421179.83,343175981.25,29649.8869,Supplier Reported Emissions,False,High,Scope_Emissions,Valid,2033,Supplier Target Pathway,33223.8893,10578.4864,18504.3774,18504.3774,14719.5119,0.00041657,0.44304,7925.891,1132.2701,-38045.3394,207301.1218,0.99,Critical,On Track to Glide Path
SUP-0038,Agriculture Supplier 038,Agriculture,2024,2020,2040,29649.8869,7511.1592,,17952.3869,44421179.83,343175981.25,29649.8869,Supplier Reported Emissions,False,High,Scope_Emissions,Valid,2034,Supplier Target Pathway,33223.8893,10578.4864,17372.1072,17372.1072,15851.7821,0.00039108,0.47712,6793.6209,1132.2701,-55417.4466,224673.229,0.99,Critical,On Track to Glide Path
SUP-0038,Agriculture Supplier 038,Agriculture,2024,2020,2040,29649.8869,7511.1592,,17952.3869,44421179.83,343175981.25,29649.8869,Supplier Reported Emissions,False,High,Scope_Emissions,Valid,2035,Supplier Target Pathway,33223.8893,10578.4864,16239.8371,16239.8371,16984.0522,0.00036559,0.5112,5661.3507,1132.2701,-71657.2837,240913.0661,0.99,Critical,On Track to Glide Path
SUP-0038,Agriculture Supplier 038,Agriculture,2024,2020,2040,29649.8869,7511.1592,,17952.3869,44421179.83,343175981.25,29649.8869,Supplier Reported Emissions,False,High,Scope_Emissions,Valid,2036,Supplier Target Pathway,33223.8893,10578.4864,15107.5669,15107.5669,18116.3224,0.0003401,0.54528,4529.0806,1132.2701,-86764.8506,256020.633,0.99,Critical,On Track to Glide Path
SUP-0038,Agriculture Supplier 038,Agriculture,2024,2020,2040,29649.8869,7511.1592,,17952.3869,44421179.83,343175981.25,29649.8869,Supplier Reported Emissions,False,High,Scope_Emissions,Valid,2037,Supplier Target Pathway,33223.8893,10578.4864,13975.2968,13975.2968,19248.5925,0.00031461,0.57936,3396.8104,1132.2701,-100740.1474,269995.9298,0.99,High,On Track to Glide Path
SUP-0038,Agriculture Supplier 038,Agriculture,2024,2020,2040,29649.8869,7511.1592,,17952.3869,44421179.83,343175981.25,29649.8869,Supplier Reported Emissions,False,High,Scope_Emissions,Valid,2038,Supplier Target Pathway,33223.8893,10578.4864,12843.0266,12843.0266,20380.8627,0.00028912,0.61344,2264.5403,1132.2701,-113583.174,282838.9564,0.99,High,On Track to Glide Path
SUP-0038,Agriculture Supplier 038,Agriculture,2024,2020,2040,29649.8869,7511.1592,,17952.3869,44421179.83,343175981.25,29649.8869,Supplier Reported Emissions,False,High,Scope_Emissions,Valid,2039,Supplier Target Pathway,33223.8893,10578.4864,11710.7565,11710.7565,21513.1328,0.00026363,0.64752,1132.2701,1132.2701,-125293.9305,294549.7129,0.99,Medium,On Track to Glide Path
SUP-0038,Agriculture Supplier 038,Agriculture,2024,2020,2040,29649.8869,7511.1592,,17952.3869,44421179.83,343175981.25,29649.8869,Supplier Reported Emissions,False,High,Scope_Emissions,Valid,2040,Supplier Target Pathway,33223.8893,10578.4864,10578.4864,10578.4864,22645.4029,0.00023814,0.6816,0.0,1132.2701,-135872.4169,305128.1993,0.99,Low,On Track
SUP-0039,Electronics Supplier 039,Electronics,2024,2015,2040,19219.8697,3401.2031,3857.2562,,13478264.2,58884198.31,19219.8697,Supplier Reported Emissions,False,High,Scope_Emissions,Valid,2025,Industry Haircut Pathway,13252.7874,8715.033,11437.6856,11437.6856,1815.1018,0.0008486,0.13696,2722.6526,181.5102,128002.8424,11437.6856,0.901,High,On Track to Glide Path
SUP-0039,Electronics Supplier 039,Electronics,2024,2015,2040,19219.8697,3401.2031,3857.2562,,13478264.2,58884198.31,19219.8697,Supplier Reported Emissions,False,High,Scope_Emissions,Valid,2026,Industry Haircut Pathway,13252.7874,8715.033,11256.1755,11256.1755,1996.6119,0.00083514,0.150656,2541.1425,181.5102,116746.6669,22693.8611,0.901,High,On Track to Glide Path
SUP-0039,Electronics Supplier 039,Electronics,2024,2015,2040,19219.8697,3401.2031,3857.2562,,13478264.2,58884198.31,19219.8697,Supplier Reported Emissions,False,High,Scope_Emissions,Valid,2027,Industry Haircut Pathway,13252.7874,8715.033,11074.6653,11074.6653,2178.1221,0.00082167,0.164352,2359.6323,181.5102,105672.0016,33768.5264,0.901,High,On Track to Glide Path
SUP-0039,Electronics Supplier 039,Electronics,2024,2015,2040,19219.8697,3401.2031,3857.2562,,13478264.2,58884198.31,19219.8697,Supplier Reported Emissions,False,High,Scope_Emissions,Valid,2028,Industry Haircut Pathway,13252.7874,8715.033,10893.1551,10893.1551,2359.6323,0.0008082,0.178048,2178.1221,181.5102,94778.8465,44661.6815,0.901,High,On Track to Glide Path
SUP-0039,Electronics Supplier 039,Electronics,2024,2015,2040,19219.8697,3401.2031,3857.2562,,13478264.2,58884198.31,19219.8697,Supplier Reported Emissions,False,High,Scope_Emissions,Valid,2029,Industry Haircut Pathway,13252.7874,8715.033,10711.6449,10711.6449,2541.1425,0.00079473,0.191744,1996.6119,181.5102,84067.2016,55373.3264,0.901,High,On Track to Glide Path
SUP-0039,Electronics Supplier 039,Electronics,2024,2015,2040,19219.8697,3401.2031,3857.2562,,13478264.2,58884198.31,19219.8697,Supplier Reported Emissions,False,High,Scope_Emissions,Valid,2030,Industry Haircut Pathway,13252.7874,8715.033,10530.1348,10530.1348,2722.6526,0.00078127,0.20544,1815.1018,181.5102,73537.0668,65903.4612,0.901,High,On Track to Glide Path
SUP-0039,Electronics Supplier 039,Electronics,2024,2015,2040,19219.8697,3401.2031,3857.2562,,13478264.2,58884198.31,19219.8697,Supplier Reported Emissions,False,High,Scope_Emissions,Valid,2031,Industry Haircut Pathway,13252.7874,8715.033,10348.6246,10348.6246,2904.1628,0.0007678,0.219136,1633.5916,181.5102,63188.4422,76252.0858,0.901,High,On Track to Glide Path
SUP-0039,Electronics Supplier 039,Electronics,2024,2015,2040,19219.8697,3401.2031,3857.2562,,13478264.2,58884198.31,19219.8697,Supplier Reported Emissions,False,High,Scope_Emissions,Valid,2032,Industry Haircut Pathway,13252.7874,8715.033,10167.1144,10167.1144,3085.673,0.00075433,0.232832,1452.0814,181.5102,53021.3278,86419.2002,0.901,High,On Track to Glide Path
SUP-0039,Electronics Supplier 039,Electronics,2024,2015,2040,19219.8697,3401.2031,3857.2562,,13478264.2,58884198.31,19219.8697,Supplier Reported Emissions,False,High,Scope_Emissions,Valid,2033,Industry Haircut Pathway,13252.7874,8715.033,9985.6042,9985.6042,3267.1832,0.00074087,0.246528,1270.5712,181.5102,43035.7236,96404.8044,0.901,Medium,On Track to Glide Path
SUP-0039,Electronics Supplier 039,Electronics,2024,2015,2040,19219.8697,3401.2031,3857.2562,,13478264.2,58884198.31,19219.8697,Supplier Reported Emissions,False,High,Scope_Emissions,Valid,2034,Industry Haircut Pathway,13252.7874,8715.033,9804.0941,9804.0941,3448.6933,0.0007274,0.260224,1089.0611,181.5102,33231.6295,106208.8985,0.901,Medium,On Track to Glide Path
SUP-0039,Electronics Supplier 039,Electronics,2024,2015,2040,19219.8697,3401.2031,3857.2562,,13478264.2,58884198.31,19219.8697,Supplier Reported Emissions,False,High,Scope_Emissions,Valid,2035,Industry Haircut Pathway,13252.7874,8715.033,9622.5839,9622.5839,3630.2035,0.00071393,0.27392,907.5509,181.5102,23609.0456,115831.4824,0.901,Medium,On Track to Glide Path
SUP-0039,Electronics Supplier 039,Electronics,2024,2015,2040,19219.8697,3401.2031,3857.2562,,13478264.2,58884198.31,19219.8697,Supplier Reported Emissions,False,High,Scope_Emissions,Valid,2036,Industry Haircut Pathway,13252.7874,8715.033,9441.0737,9441.0737,3811.7137,0.00070047,0.287616,726.0407,181.5102,14167.9719,125272.5561,0.901,Medium,On Track to Glide Path
SUP-0039,Electronics Supplier 039,Electronics,2024,2015,2040,19219.8697,3401.2031,3857.2562,,13478264.2,58884198.31,19219.8697,Supplier Reported Emissions,False,High,Scope_Emissions,Valid,2037,Industry Haircut Pathway,13252.7874,8715.033,9259.5635,9259.5635,3993.2239,0.000687,0.301312,544.5305,181.5102,4908.4084,134532.1196,0.901,Medium,On Track to Glide Path
SUP-0039,Electronics Supplier 039,Electronics,2024,2015,2040,19219.8697,3401.2031,3857.2562,,13478264.2,58884198.31,19219.8697,Supplier Reported Emissions,False,High,Scope_Emissions,Valid,2038,Industry Haircut Pathway,13252.7874,8715.033,9078.0533,9078.0533,4174.7341,0.00067353,0.315008,363.0204,181.5102,-4169.6449,143610.1729,0.901,Medium,On Track to Glide Path
SUP-0039,Electronics Supplier 039,Electronics,2024,2015,2040,19219.8697,3401.2031,3857.2562,,13478264.2,58884198.31,19219.8697,Supplier Reported Emissions,False,High,Scope_Emissions,Valid,2039,Industry Haircut Pathway,13252.7874,8715.033,8896.5432,8896.5432,4356.2442,0.00066007,0.328704,181.5102,181.5102,-13066.1881,152506.7161,0.901,Medium,On Track to Glide Path
SUP-0039,Electronics Supplier 039,Electronics,2024,2015,2040,19219.8697,3401.2031,3857.2562,,13478264.2,58884198.31,19219.8697,Supplier Reported Emissions,False,High,Scope_Emissions,Valid,2040,Industry Haircut Pathway,13252.7874,8715.033,8715.033,8715.033,4537.7544,0.0006466,0.3424,0.0,181.5102,-21781.2211,161221.7491,0.901,Low,On Track
SUP-0040,Chemicals Supplier 040,Chemicals,2024,2021,2030,8045.683,825.9495,1269.5315,5474.4724,7566361.97,34740066.95,8045.683,Supplier Reported Emissions,False,High,None,Valid,2025,Supplier Target Pathway,8922.8216,4237.448,6840.4333,6840.4333,2082.3883,0.00090406,0.233378,2602.9853,520.5971,18584.2547,6840.4333,0.99,Critical,On Track to Glide Path
SUP-0040,Chemicals Supplier 040,Chemicals,2024,2021,2030,8045.683,825.9495,1269.5315,5474.4724,7566361.97,34740066.95,8045.683,Supplier Reported Emissions,False,High,None,Valid,2026,Supplier Target Pathway,8922.8216,4237.448,6319.8363,6319.8363,2602.9853,0.00083525,0.291722,2082.3883,520.5971,12264.4184,13160.2696,0.99,Critical,On Track to Glide Path
SUP-0040,Chemicals Supplier 040,Chemicals,2024,2021,2030,8045.683,825.9495,1269.5315,5474.4724,7566361.97,34740066.95,8045.683,Supplier Reported Emissions,False,High,None,Valid,2027,Supplier Target Pathway,8922.8216,4237.448,5799.2392,5799.2392,3123.5824,0.00076645,0.350067,1561.7912,520.5971,6465.1792,18959.5088,0.99,Critical,On Track to Glide Path
SUP-0040,Chemicals Supplier 040,Chemicals,2024,2021,2030,8045.683,825.9495,1269.5315,5474.4724,7566361.97,34740066.95,8045.683,Supplier Reported Emissions,False,High,None,Valid,2028,Supplier Target Pathway,8922.8216,4237.448,5278.6421,5278.6421,3644.1795,0.00069765,0.408411,1041.1941,520.5971,1186.5371,24238.1509,0.99,High,On Track to Glide Path
SUP-0040,Chemicals Supplier 040,Chemicals,2024,2021,2030,8045.683,825.9495,1269.5315,5474.4724,7566361.97,34740066.95,8045.683,Supplier Reported Emissions,False,High,None,Valid,2029,Supplier Target Pathway,8922.8216,4237.448,4758.045,4758.045,4164.7766,0.00062884,0.466756,520.5971,520.5971,-3571.5079,28996.1959,0.99,Medium,On Track to Glide Path
SUP-0040,Chemicals Supplier 040,Chemicals,2024,2021,2030,8045.683,825.9495,1269.5315,5474.4724,7566361.97,34740066.95,8045.683,Supplier Reported Emissions,False,High,None,Valid,2030,Supplier Target Pathway,8922.8216,4237.448,4237.448,4237.448,4685.3736,0.00056004,0.5251,0.0,520.5971,-7808.9559,33233.6439,0.99,Low,On Track
SUP-0040,Chemicals Supplier 040,Chemicals,2024,2021,2030,8045.683,825.9495,1269.5315,5474.4724,7566361.97,34740066.95,8045.683,Supplier Reported Emissions,False,High,None,Valid,2031,Supplier Target Pathway,8922.8216,4237.448,4237.448,4237.448,4685.3736,0.00056004,0.5251,0.0,520.5971,-12046.4039,37471.0919,0.99,Low,On Track
SUP-0040,Chemicals Supplier 040,Chemicals,2024,2021,2030,8045.683,825.9495,1269.5315,5474.4724,7566361.97,34740066.95,8045.683,Supplier Reported Emissions,False,High,None,Valid,2032,Supplier Target Pathway,8922.8216,4237.448,4237.448,4237.448,4685.3736,0.00056004,0.5251,0.0,520.5971,-16283.8519,41708.5399,0.99,Low,On Track
SUP-0040,Chemicals Supplier 040,Chemicals,2024,2021,2030,8045.683,825.9495,1269.5315,5474.4724,7566361.97,34740066.95,8045.683,Supplier Reported Emissions,False,High,None,Valid,2033,Supplier Target Pathway,8922.8216,4237.448,4237.448,4237.448,4685.3736,0.00056004,0.5251,0.0,520.5971,-20521.2999,45945.9879,0.99,Low,On Track
SUP-0040,Chemicals Supplier 040,Chemicals,2024,2021,2030,8045.683,825.9495,1269.5315,5474.4724,7566361.97,34740066.95,8045.683,Supplier Reported Emissions,False,High,None,Valid,2034,Supplier Target Pathway,8922.8216,4237.448,4237.448,4237.448,4685.3736,0.00056004,0.5251,0.0,520.5971,-24758.7479,50183.4359,0.99,Low,On Track
SUP-0040,Chemicals Supplier 040,Chemicals,2024,2021,2030,8045.683,825.9495,1269.5315,5474.4724,7566361.97,34740066.95,8045.683,Supplier Reported Emissions,False,High,None,Valid,2035,Supplier Target Pathway,8922.8216,4237.448,4237.448,4237.448,4685.3736,0.00056004,0.5251,0.0,520.5971,-28996.1959,54420.8839,0.99,Low,On Track
SUP-0040,Chemicals Supplier 040,Chemicals,2024,2021,2030,8045.683,825.9495,1269.5315,5474.4724,7566361.97,34740066.95,8045.683,Supplier Reported Emissions,False,High,None,Valid,2036,Supplier Target Pathway,8922.8216,4237.448,4237.448,4237.448,4685.3736,0.00056004,0.5251,0.0,520.5971,-33233.6439,58658.3319,0.99,Low,On Track
SUP-0040,Chemicals Supplier 040,Chemicals,2024,2021,2030,8045.683,825.9495,1269.5315,5474.4724,7566361.97,34740066.95,8045.683,Supplier Reported Emissions,False,High,None,Valid,2037,Supplier Target Pathway,8922.8216,4237.448,4237.448,4237.448,4685.3736,0.00056004,0.5251,0.0,520.5971,-37471.0919,62895.7799,0.99,Low,On Track
SUP-0040,Chemicals Supplier 040,Chemicals,2024,2021,2030,8045.683,825.9495,1269.5315,5474.4724,7566361.97,34740066.95,8045.683,Supplier Reported Emissions,False,High,None,Valid,2038,Supplier Target Pathway,8922.8216,4237.448,4237.448,4237.448,4685.3736,0.00056004,0.5251,0.0,520.5971,-41708.5399,67133.2279,0.99,Low,On Track
SUP-0040,Chemicals Supplier 040,Chemicals,2024,2021,2030,8045.683,825.9495,1269.5315,5474.4724,7566361.97,34740066.95,8045.683,Supplier Reported Emissions,False,High,None,Valid,2039,Supplier Target Pathway,8922.8216,4237.448,4237.448,4237.448,4685.3736,0.00056004,0.5251,0.0,520.5971,-45945.9879,71370.6759,0.99,Low,On Track
SUP-0040,Chemicals Supplier 040,Chemicals,2024,2021,2030,8045.683,825.9495,1269.5315,5474.4724,7566361.97,34740066.95,8045.683,Supplier Reported Emissions,False,High,None,Valid,2040,Supplier Target Pathway,8922.8216,4237.448,4237.448,4237.448,4685.3736,0.00056004,0.5251,0.0,520.5971,-50183.4359,75608.1239,0.99,Low,On Track
SUP-0041,Logistics Supplier 041,Logistics,2024,2015,2040,2816.2884,250.739,,1858.2658,9757957.09,23127476.6,2816.2884,Supplier Reported Emissions,False,High,Scope_Emissions,Valid,2025,Industry Haircut Pathway,2460.061,1324.4968,2005.8353,2005.8353,454.2257,0.00020556,0.18464,681.3385,45.4226,19186.1135,2005.8353,0.865,Critical,On Track to Glide Path
SUP-0041,Logistics Supplier 041,Logistics,2024,2015,2040,2816.2884,250.739,,1858.2658,9757957.09,23127476.6,2816.2884,Supplier Reported Emissions,False,High,Scope_Emissions,Valid,2026,Industry Haircut Pathway,2460.061,1324.4968,1960.4128,1960.4128,499.6482,0.0002009,0.203104,635.9159,45.4226,17225.7007,3966.2481,0.865,Critical,On Track to Glide Path
SUP-0041,Logistics Supplier 041,Logistics,2024,2015,2040,2816.2884,250.739,,1858.2658,9757957.09,23127476.6,2816.2884,Supplier Reported Emissions,False,High,Scope_Emissions,Valid,2027,Industry Haircut Pathway,2460.061,1324.4968,1914.9902,1914.9902,545.0708,0.00019625,0.221568,590.4934,45.4226,15310.7105,5881.2383,0.865,Critical,On Track to Glide Path
SUP-0041,Logistics Supplier 041,Logistics,2024,2015,2040,2816.2884,250.739,,1858.2658,9757957.09,23127476.6,2816.2884,Supplier Reported Emissions,False,High,Scope_Emissions,Valid,2028,Industry Haircut Pathway,2460.061,1324.4968,1869.5676,1869.5676,590.4934,0.00019159,0.240032,545.0708,45.4226,13441.1429,7750.8059,0.865,Critical,On Track to Glide Path
SUP-0041,Logistics Supplier 041,Logistics,2024,2015,2040,2816.2884,250.739,,1858.2658,9757957.09,23127476.6,2816.2884,Supplier Reported Emissions,False,High,Scope_Emissions,Valid,2029,Industry Haircut Pathway,2460.061,1324.4968,1824.1451,1824.1451,635.9159,0.00018694,0.258496,499.6482,45.4226,11616.9978,9574.951,0.865,Critical,On Track to Glide Path
SUP-0041,Logistics Supplier 041,Logistics,2024,2015,2040,2816.2884,250.739,,1858.2658,9757957.09,23127476.6,2816.2884,Supplier Reported Emissions,False,High,Scope_Emissions,Valid,2030,Industry Haircut Pathway,2460.061,1324.4968,1778.7225,1778.7225,681.3385,0.00018228,0.27696,454.2257,45.4226,9838.2753,11353.6735,0.865,High,On Track to Glide Path
SUP-0041,Logistics Supplier 041,Logistics,2024,2015,2040,2816.2884,250.739,,1858.2658,9757957.09,23127476.6,2816.2884,Supplier Reported Emissions,False,High,Scope_Emissions,Valid,2031,Industry Haircut Pathway,2460.061,1324.4968,1733.2999,1733.2999,726.7611,0.00017763,0.295424,408.8031,45.4226,8104.9754,13086.9734,0.865,High,On Track to Glide Path
SUP-0041,Logistics Supplier 041,Logistics,2024,2015,2040,2816.2884,250.739,,1858.2658,9757957.09,23127476.6,2816.2884,Supplier Reported Emissions,False,High,Scope_Emissions,Valid,2032,Industry Haircut Pathway,2460.061,1324.4968,1687.8774,1687.8774,772.1836,0.00017297,0.313888,363.3805,45.4226,6417.098,14774.8508,0.865,High,On Track to Glide Path
SUP-0041,Logistics Supplier 041,Logistics,2024,2015,2040,2816.2884,250.739,,1858.2658,9757957.09,23127476.6,2816.2884,Supplier Reported Emissions,False,High,Scope_Emissions,Valid,2033,Industry Haircut Pathway,2460.061,1324.4968,1642.4548,1642.4548,817.6062,0.00016832,0.332352,317.958,45.4226,4774.6432,16417.3056,0.865,High,On Track to Glide Path
SUP-0041,Logistics Supplier 041,Logistics,2024,2015,2040,2816.2884,250.739,,1858.2658,9757957.09,23127476.6,2816.2884,Supplier Reported Emissions,False,High,Scope_Emissions,Valid,2034,Industry Haircut Pathway,2460.061,1324.4968,1597.0322,1597.0322,863.0288,0.00016366,0.350816,272.5354,45.4226,3177.611,18014.3378,0.865,High,On Track to Glide Path
SUP-0041,Logistics Supplier 041,Logistics,2024,2015,2040,2816.2884,250.739,,1858.2658,9757957.09,23127476.6,2816.2884,Supplier Reported Emissions,False,High,Scope_Emissions,Valid,2035,Industry Haircut Pathway,2460.061,1324.4968,1551.6097,1551.6097,908.4513,0.00015901,0.36928,227.1128,45.4226,1626.0013,19565.9475,0.865,High,On Track to Glide Path
SUP-0041,Logistics Supplier 041,Logistics,2024,2015,2040,2816.2884,250.739,,1858.2658,9757957.09,23127476.6,2816.2884,Supplier Reported Emissions,False,High,Scope_Emissions,Valid,2036,Industry Haircut Pathway,2460.061,1324.4968,1506.1871,1506.1871,953.8739,0.00015435,0.387744,181.6903,45.4226,119.8142,21072.1346,0.865,Medium,On Track to Glide Path
SUP-0041,Logistics Supplier 041,Logistics,2024,2015,2040,2816.2884,250.739,,1858.2658,9757957.09,23127476.6,2816.2884,Supplier Reported Emissions,False,High,Scope_Emissions,Valid,2037,Industry Haircut Pathway,2460.061,1324.4968,1460.7645,1460.7645,999.2965,0.0001497,0.406208,136.2677,45.4226,-1340.9503,22532.8991,0.865,Medium,On Track to Glide Path
SUP-0041,Logistics Supplier 041,Logistics,2024,2015,2040,2816.2884,250.739,,1858.2658,9757957.09,23127476.6,2816.2884,Supplier Reported Emissions,False,High,Scope_Emissions,Valid,2038,Industry Haircut Pathway,2460.061,1324.4968,1415.342,1415.342,1044.719,0.00014504,0.424672,90.8451,45.4226,-2756.2923,23948.2411,0.865,Medium,On Track to Glide Path
SUP-0041,Logistics Supplier 041,Logistics,2024,2015,2040,2816.2884,250.739,,1858.2658,9757957.09,23127476.6,2816.2884,Supplier Reported Emissions,False,High,Scope_Emissions,Valid,2039,Industry Haircut Pathway,2460.061,1324.4968,1369.9194,1369.9194,1090.1416,0.00014039,0.443136,45.4226,45.4226,-4126.2117,25318.1605,0.865,Medium,On Track to Glide Path
SUP-0041,Logistics Supplier 041,Logistics,2024,2015,2040,2816.2884,250.739,,1858.2658,9757957.09,23127476.6,2816.2884,Supplier Reported Emissions,False,High,Scope_Emissions,Valid,2040,Industry Haircut Pathway,2460.061,1324.4968,1324.4968,1324.4968,1135.5642,0.00013574,0.4616,0.0,45.4226,-5450.7085,26642.6573,0.865,Low,On Track
SUP-0042,Chemicals Supplier 042,Chemicals,2024,2015,2035,,,1844.0681,6628.6754,10979514.65,40348544.4,10995.8741,Spend-Based Estimate,True,Medium,Reported_Emissions; Scope_Emissions,Valid,2025,Industry Haircut Pathway,10496.8427,5008.0437,7752.4432,7752.4432,2744.3995,0.00070608,0.26145,2744.3995,274.44,47336.0375,7752.4432,0.911,Critical,On Track to Glide Path
SUP-0042,Chemicals Supplier 042,Chemicals,2024,2015,2035,,,1844.0681,6628.6754,10979514.65,40348544.4,10995.8741,Spend-Based Estimate,True,Medium,Reported_Emissions; Scope_Emissions,Valid,2026,Industry Haircut Pathway,10496.8427,5008.0437,7478.0032,7478.0032,3018.8395,0.00068109,0.287595,2469.9596,274.44,39858.0343,15230.4464,0.911,Critical,On Track to Glide Path
SUP-0042,Chemicals Supplier 042,Chemicals,2024,2015,2035,,,1844.0681,6628.6754,10979514.65,40348544.4,10995.8741,Spend-Based Estimate,True,Medium,Reported_Emissions; Scope_Emissions,Valid,2027,Industry Haircut Pathway,10496.8427,5008.0437,7203.5633,7203.5633,3293.2794,0.00065609,0.31374,2195.5196,274.44,32654.471,22434.0097,0.911,Critical,On Track to Glide Path
SUP-0042,Chemicals Supplier 042,Chemicals,2024,2015,2035,,,1844.0681,6628.6754,10979514.65,40348544.4,10995.8741,Spend-Based Estimate,True,Medium,Reported_Emissions; Scope_Emissions,Valid,2028,Industry Haircut Pathway,10496.8427,5008.0437,6929.1233,6929.1233,3567.7194,0.0006311,0.339885,1921.0797,274.44,25725.3477,29363.133,0.911,Critical,On Track to Glide Path
SUP-0042,Chemicals Supplier 042,Chemicals,2024,2015,2035,,,1844.0681,6628.6754,10979514.65,40348544.4,10995.8741,Spend-Based Estimate,True,Medium,Reported_Emissions; Scope_Emissions,Valid,2029,Industry Haircut Pathway,10496.8427,5008.0437,6654.6834,6654.6834,3842.1593,0.0006061,0.36603,1646.6397,274.44,19070.6643,36017.8164,0.911,High,On Track to Glide Path
SUP-0042,Chemicals Supplier 042,Chemicals,2024,2015,2035,,,1844.0681,6628.6754,10979514.65,40348544.4,10995.8741,Spend-Based Estimate,True,Medium,Reported_Emissions; Scope_Emissions,Valid,2030,Industry Haircut Pathway,10496.8427,5008.0437,6380.2434,6380.2434,4116.5993,0.0005811,0.392175,1372.1998,274.44,12690.4209,42398.0598,0.911,High,On Track to Glide Path
SUP-0042,Chemicals Supplier 042,Chemicals,2024,2015,2035,,,1844.0681,6628.6754,10979514.65,40348544.4,10995.8741,Spend-Based Estimate,True,Medium,Reported_Emissions; Scope_Emissions,Valid,2031,Industry Haircut Pathway,10496.8427,5008.0437,6105.8035,6105.8035,4391.0392,0.00055611,0.41832,1097.7598,274.44,6584.6174,48503.8633,0.911,High,On Track to Glide Path
SUP-0042,Chemicals Supplier 042,Chemicals,2024,2015,2035,,,1844.0681,6628.6754,10979514.65,40348544.4,10995.8741,Spend-Based Estimate,True,Medium,Reported_Emissions; Scope_Emissions,Valid,2032,Industry Haircut Pathway,10496.8427,5008.0437,5831.3635,5831.3635,4665.4792,0.00053111,0.444465,823.3199,274.44,753.2539,54335.2268,0.911,High,On Track to Glide Path
SUP-0042,Chemicals Supplier 042,Chemicals,2024,2015,2035,,,1844.0681,6628.6754,10979514.65,40348544.4,10995.8741,Spend-Based Estimate,True,Medium,Reported_Emissions; Scope_Emissions,Valid,2033,Industry Haircut Pathway,10496.8427,5008.0437,5556.9236,5556.9236,4939.9191,0.00050612,0.47061,548.8799,274.44,-4803.6697,59892.1504,0.911,Medium,On Track to Glide Path
SUP-0042,Chemicals Supplier 042,Chemicals,2024,2015,2035,,,1844.0681,6628.6754,10979514.65,40348544.4,10995.8741,Spend-Based Estimate,True,Medium,Reported_Emissions; Scope_Emissions,Valid,2034,Industry Haircut Pathway,10496.8427,5008.0437,5282.4836,5282.4836,5214.3591,0.00048112,0.496755,274.44,274.44,-10086.1533,65174.634,0.911,Medium,On Track to Glide Path
SUP-0042,Chemicals Supplier 042,Chemicals,2024,2015,2035,,,1844.0681,6628.6754,10979514.65,40348544.4,10995.8741,Spend-Based Estimate,True,Medium,Reported_Emissions; Scope_Emissions,Valid,2035,Industry Haircut Pathway,10496.8427,5008.0437,5008.0437,5008.0437,5488.799,0.00045613,0.5229,0.0,274.44,-15094.197,70182.6777,0.911,Low,On Track
SUP-0042,Chemicals Supplier 042,Chemicals,2024,2015,2035,,,1844.0681,6628.6754,10979514.65,40348544.4,10995.8741,Spend-Based Estimate,True,Medium,Reported_Emissions; Scope_Emissions,Valid,2036,Industry Haircut Pathway,10496.8427,5008.0437,5008.0437,5008.0437,5488.799,0.00045613,0.5229,0.0,274.44,-20102.2407,75190.7214,0.911,Low,On Track
SUP-0042,Chemicals Supplier 042,Chemicals,2024,2015,2035,,,1844.0681,6628.6754,10979514.65,40348544.4,10995.8741,Spend-Based Estimate,True,Medium,Reported_Emissions; Scope_Emissions,Valid,2037,Industry Haircut Pathway,10496.8427,5008.0437,5008.0437,5008.0437,5488.799,0.00045613,0.5229,0.0,274.44,-25110.2844,80198.7651,0.911,Low,On Track
SUP-0042,Chemicals Supplier 042,Chemicals,2024,2015,2035,,,1844.0681,6628.6754,10979514.65,40348544.4,10995.8741,Spend-Based Estimate,True,Medium,Reported_Emissions; Scope_Emissions,Valid,2038,Industry Haircut Pathway,10496.8427,5008.0437,5008.0437,5008.0437,5488.799,0.00045613,0.5229,0.0,274.44,-30118.3281,85206.8088,0.911,Low,On Track
SUP-0042,Chemicals Supplier 042,Chemicals,2024,2015,2035,,,1844.0681,6628.6754,10979514.65,40348544.4,10995.8741,Spend-Based Estimate,True,Medium,Reported_Emissions; Scope_Emissions,Valid,2039,Industry Haircut Pathway,10496.8427,5008.0437,5008.0437,5008.0437,5488.799,0.00045613,0.5229,0.0,274.44,-35126.3718,90214.8525,0.911,Low,On Track
SUP-0042,Chemicals Supplier 042,Chemicals,2024,2015,2035,,,1844.0681,6628.6754,10979514.65,40348544.4,10995.8741,Spend-Based Estimate,True,Medium,Reported_Emissions; Scope_Emissions,Valid,2040,Industry Haircut Pathway,10496.8427,5008.0437,5008.0437,5008.0437,5488.799,0.00045613,0.5229,0.0,274.44,-40134.4155,95222.8962,0.911,Low,On Track
SUP-0043,Logistics Supplier 043,Logistics,2024,2018,2035,,34.2647,37.2644,147.6296,1582516.22,9114745.39,219.1587,Scope 1 + Scope 2 + Scope 3,True,High,Reported_Emissions,Valid,2025,Supplier Target Pathway,158.9343,72.633,123.3985,123.3985,35.5358,7.798e-05,0.223588,50.7655,5.0765,675.5645,123.3985,0.99,Critical,On Track to Glide Path
SUP-0043,Logistics Supplier 043,Logistics,2024,2018,2035,,34.2647,37.2644,147.6296,1582516.22,9114745.39,219.1587,Scope 1 + Scope 2 + Scope 3,True,High,Reported_Emissions,Valid,2026,Supplier Target Pathway,158.9343,72.633,118.3219,118.3219,40.6124,7.477e-05,0.255529,45.6889,5.0765,557.2426,241.7204,0.99,Critical,On Track to Glide Path
SUP-0043,Logistics Supplier 043,Logistics,2024,2018,2035,,34.2647,37.2644,147.6296,1582516.22,9114745.39,219.1587,Scope 1 + Scope 2 + Scope 3,True,High,Reported_Emissions,Valid,2027,Supplier Target Pathway,158.9343,72.633,113.2454,113.2454,45.6889,7.156e-05,0.287471,40.6124,5.0765,443.9972,354.9658,0.99,Critical,On Track to Glide Path
SUP-0043,Logistics Supplier 043,Logistics,2024,2018,2035,,34.2647,37.2644,147.6296,1582516.22,9114745.39,219.1587,Scope 1 + Scope 2 + Scope 3,True,High,Reported_Emissions,Valid,2028,Supplier Target Pathway,158.9343,72.633,108.1688,108.1688,50.7655,6.835e-05,0.319412,35.5358,5.0765,335.8284,463.1346,0.99,Critical,On Track to Glide Path
SUP-0043,Logistics Supplier 043,Logistics,2024,2018,2035,,34.2647,37.2644,147.6296,1582516.22,9114745.39,219.1587,Scope 1 + Scope 2 + Scope 3,True,High,Reported_Emissions,Valid,2029,Supplier Target Pathway,158.9343,72.633,103.0923,103.0923,55.842,6.514e-05,0.351353,30.4593,5.0765,232.7361,566.2269,0.99,Critical,On Track to Glide Path
SUP-0043,Logistics Supplier 043,Logistics,2024,2018,2035,,34.2647,37.2644,147.6296,1582516.22,9114745.39,219.1587,Scope 1 + Scope 2 + Scope 3,True,High,Reported_Emissions,Valid,2030,Supplier Target Pathway,158.9343,72.633,98.0157,98.0157,60.9186,6.194e-05,0.383294,25.3827,5.0765,134.7204,664.2426,0.99,High,On Track to Glide Path
SUP-0043,Logistics Supplier 043,Logistics,2024,2018,2035,,34.2647,37.2644,147.6296,1582516.22,9114745.39,219.1587,Scope 1 + Scope 2 + Scope 3,True,High,Reported_Emissions,Valid,2031,Supplier Target Pathway,158.9343,72.633,92.9392,92.9392,65.9951,5.873e-05,0.415235,20.3062,5.0765,41.7812,757.1818,0.99,High,On Track to Glide Path
SUP-0043,Logistics Supplier 043,Logistics,2024,2018,2035,,34.2647,37.2644,147.6296,1582516.22,9114745.39,219.1587,Scope 1 + Scope 2 + Scope 3,True,High,Reported_Emissions,Valid,2032,Supplier Target Pathway,158.9343,72.633,87.8626,87.8626,71.0717,5.552e-05,0.447176,15.2296,5.0765,-46.0814,845.0444,0.99,High,On Track to Glide Path
SUP-0043,Logistics Supplier 043,Logistics,2024,2018,2035,,34.2647,37.2644,147.6296,1582516.22,9114745.39,219.1587,Scope 1 + Scope 2 + Scope 3,True,High,Reported_Emissions,Valid,2033,Supplier Target Pathway,158.9343,72.633,82.7861,82.7861,76.1482,5.231e-05,0.479118,10.1531,5.0765,-128.8675,927.8305,0.99,Medium,On Track to Glide Path
SUP-0043,Logistics Supplier 043,Logistics,2024,2018,2035,,34.2647,37.2644,147.6296,1582516.22,9114745.39,219.1587,Scope 1 + Scope 2 + Scope 3,True,High,Reported_Emissions,Valid,2034,Supplier Target Pathway,158.9343,72.633,77.7095,77.7095,81.2248,4.911e-05,0.511059,5.0765,5.0765,-206.577,1005.54,0.99,Medium,On Track to Glide Path
SUP-0043,Logistics Supplier 043,Logistics,2024,2018,2035,,34.2647,37.2644,147.6296,1582516.22,9114745.39,219.1587,Scope 1 + Scope 2 + Scope 3,True,High,Reported_Emissions,Valid,2035,Supplier Target Pathway,158.9343,72.633,72.633,72.633,86.3013,4.59e-05,0.543,0.0,5.0765,-279.21,1078.173,0.99,Low,On Track
SUP-0043,Logistics Supplier 043,Logistics,2024,2018,2035,,34.2647,37.2644,147.6296,1582516.22,9114745.39,219.1587,Scope 1 + Scope 2 + Scope 3,True,High,Reported_Emissions,Valid,2036,Supplier Target Pathway,158.9343,72.633,72.633,72.633,86.3013,4.59e-05,0.543,0.0,5.0765,-351.843,1150.806,0.99,Low,On Track
SUP-0043,Logistics Supplier 043,Logistics,2024,2018,2035,,34.2647,37.2644,147.6296,1582516.22,9114745.39,219.1587,Scope 1 + Scope 2 + Scope 3,True,High,Reported_Emissions,Valid,2037,Supplier Target Pathway,158.9343,72.633,72.633,72.633,86.3013,4.59e-05,0.543,0.0,5.0765,-424.476,1223.439,0.99,Low,On Track
SUP-0043,Logistics Supplier 043,Logistics,2024,2018,2035,,34.2647,37.2644,147.6296,1582516.22,9114745.39,219.1587,Scope 1 + Scope 2 + Scope 3,True,High,Reported_Emissions,Valid,2038,Supplier Target Pathway,158.9343,72.633,72.633,72.633,86.3013,4.59e-05,0.543,0.0,5.0765,-497.109,1296.072,0.99,Low,On Track
SUP-0043,Logistics Supplier 043,Logistics,2024,2018,2035,,34.2647,37.2644,147.6296,1582516.22,9114745.39,219.1587,Scope 1 + Scope 2 + Scope 3,True,High,Reported_Emissions,Valid,2039,Supplier Target Pathway,158.9343,72.633,72.633,72.633,86.3013,4.59e-05,0.543,0.0,5.0765,-569.742,1368.705,0.99,Low,On Track
SUP-0043,Logistics Supplier 043,Logistics,2024,2018,2035,,34.2647,37.2644,147.6296,1582516.22,9114745.39,219.1587,Scope 1 + Scope 2 + Scope 3,True,High,Reported_Emissions,Valid,2040,Supplier Target Pathway,158.9343,72.633,72.633,72.633,86.3013,4.59e-05,0.543,0.0,5.0765,-642.375,1441.338,0.99,Low,On Track
SUP-0044,Chemicals Supplier 044,Chemicals,2024,2015,2035,30130.7815,3248.4917,,,35263210.83,312085078.23,30130.7815,Supplier Reported Emissions,False,High,Scope_Emissions,Valid,2025,Industry Haircut Pathway,15097.8722,7203.1948,11150.5335,11150.5335,3947.3387,0.00031621,0.26145,3947.3387,394.7339,68084.6093,11150.5335,0.893,Critical,On Track to Glide Path
SUP-0044,Chemicals Supplier 044,Chemicals,2024,2015,2035,30130.7815,3248.4917,,,35263210.83,312085078.23,30130.7815,Supplier Reported Emissions,False,High,Scope_Emissions,Valid,2026,Industry Haircut Pathway,15097.8722,7203.1948,10755.7996,10755.7996,4342.0726,0.00030501,0.287595,3552.6048,394.7339,57328.8097,21906.3331,0.893,Critical,On Track to Glide Path
SUP-0044,Chemicals Supplier 044,Chemicals,2024,2015,2035,30130.7815,3248.4917,,,35263210.83,312085078.23,30130.7815,Supplier Reported Emissions,False,High,Scope_Emissions,Valid,2027,Industry Haircut Pathway,15097.8722,7203.1948,10361.0658,10361.0658,4736.8064,0.00029382,0.31374,3157.8709,394.7339,46967.7439,32267.3989,0.893,Critical,On Track to Glide Path
SUP-0044,Chemicals Supplier 044,Chemicals,2024,2015,2035,30130.7815,3248.4917,,,35263210.83,312085078.23,30130.7815,Supplier Reported Emissions,False,High,Scope_Emissions,Valid,2028,Industry Haircut Pathway,15097.8722,7203.1948,9966.3319,9966.3319,5131.5403,0.00028263,0.339885,2763.1371,394.7339,37001.412,42233.7308,0.893,Critical,On Track to Glide Path
SUP-0044,Chemicals Supplier 044,Chemicals,2024,2015,2035,30130.7815,3248.4917,,,35263210.83,312085078.23,30130.7815,Supplier Reported Emissions,False,High,Scope_Emissions,Valid,2029,Industry Haircut Pathway,15097.8722,7203.1948,9571.598,9571.598,5526.2742,0.00027143,0.36603,2368.4032,394.7339,27429.814,51805.3288,0.893,High,On Track to Glide Path
SUP-0044,Chemicals Supplier 044,Chemicals,2024,2015,2035,30130.7815,3248.4917,,,35263210.83,312085078.23,30130.7815,Supplier Reported Emissions,False,High,Scope_Emissions,Valid,2030,Industry Haircut Pathway,15097.8722,7203.1948,9176.8642,9176.8642,5921.008,0.00026024,0.392175,1973.6693,394.7339,18252.9498,60982.193,0.893,High,On Track to Glide Path
SUP-0044,Chemicals Supplier 044,Chemicals,2024,2015,2035,30130.7815,3248.4917,,,35263210.83,312085078.23,30130.7815,Supplier Reported Emissions,False,High,Scope_Emissions,Valid,2031,Industry Haircut Pathway,15097.8722,7203.1948,8782.1303,8782.1303,6315.7419,0.00024905,0.41832,1578.9355,394.7339,9470.8195,69764.3233,0.893,High,On Track to Glide Path
SUP-0044,Chemicals Supplier 044,Chemicals,2024,2015,2035,30130.7815,3248.4917,,,35263210.83,312085078.23,30130.7815,Supplier Reported Emissions,False,High,Scope_Emissions,Valid,2032,Industry Haircut Pathway,15097.8722,7203.1948,8387.3964,8387.3964,6710.4758,0.00023785,0.444465,1184.2016,394.7339,1083.4231,78151.7197,0.893,High,On Track to Glide Path
SUP-0044,Chemicals Supplier 044,Chemicals,2024,2015,2035,30130.7815,3248.4917,,,35263210.83,312085078.23,30130.7815,Supplier Reported Emissions,False,High,Scope_Emissions,Valid,2033,Industry Haircut Pathway,15097.8722,7203.1948,7992.6626,7992.6626,7105.2096,0.00022666,0.47061,789.4677,394.7339,-6909.2395,86144.3823,0.893,Medium,On Track to Glide Path
SUP-0044,Chemicals Supplier 044,Chemicals,2024,2015,2035,30130.7815,3248.4917,,,35263210.83,312085078.23,30130.7815,Supplier Reported Emissions,False,High,Scope_Emissions,Valid,2034,Industry Haircut Pathway,15097.8722,7203.1948,7597.9287,7597.9287,7499.9435,0.00021546,0.496755,394.7339,394.7339,-14507.1682,93742.311,0.893,Medium,On Track to Glide Path
SUP-0044,Chemicals Supplier 044,Chemicals,2024,2015,2035,30130.7815,3248.4917,,,35263210.83,312085078.23,30130.7815,Supplier Reported Emissions,False,High,Scope_Emissions,Valid,2035,Industry Haircut Pathway,15097.8722,7203.1948,7203.1948,7203.1948,7894.6774,0.00020427,0.5229,0.0,394.7339,-21710.363,100945.5058,0.893,Low,On Track
SUP-0044,Chemicals Supplier 044,Chemicals,2024,2015,2035,30130.7815,3248.4917,,,35263210.83,312085078.23,30130.7815,Supplier Reported Emissions,False,High,Scope_Emissions,Valid,2036,Industry Haircut Pathway,15097.8722,7203.1948,7203.1948,7203.1948,7894.6774,0.00020427,0.5229,0.0,394.7339,-28913.5578,108148.7006,0.893,Low,On Track
SUP-0044,Chemicals Supplier 044,Chemicals,2024,2015,2035,30130.7815,3248.4917,,,35263210.83,312085078.23,30130.7815,Supplier Reported Emissions,False,High,Scope_Emissions,Valid,2037,Industry Haircut Pathway,15097.8722,7203.1948,7203.1948,7203.1948,7894.6774,0.00020427,0.5229,0.0,394.7339,-36116.7526,115351.8954,0.893,Low,On Track
SUP-0044,Chemicals Supplier 044,Chemicals,2024,2015,2035,30130.7815,3248.4917,,,35263210.83,312085078.23,30130.7815,Supplier Reported Emissions,False,High,Scope_Emissions,Valid,2038,Industry Haircut Pathway,15097.8722,7203.1948,7203.1948,7203.1948,7894.6774,0.00020427,0.5229,0.0,394.7339,-43319.9474,122555.0902,0.893,Low,On Track
SUP-0044,Chemicals Supplier 044,Chemicals,2024,2015,2035,30130.7815,3248.4917,,,35263210.83,312085078.23,30130.7815,Supplier Reported Emissions,False,High,Scope_Emissions,Valid,2039,Industry Haircut Pathway,15097.8722,7203.1948,7203.1948,7203.1948,7894.6774,0.00020427,0.5229,0.0,394.7339,-50523.1422,129758.285,0.893,Low,On Track
SUP-0044,Chemicals Supplier 044,Chemicals,2024,2015,2035,30130.7815,3248.4917,,,35263210.83,312085078.23,30130.7815,Supplier Reported Emissions,False,High,Scope_Emissions,Valid,2040,Industry Haircut Pathway,15097.8722,7203.1948,7203.1948,7203.1948,7894.6774,0.00020427,0.5229,0.0,394.7339,-57726.337,136961.4798,0.893,Low,On Track
SUP-0045,Logistics Supplier 045,Logistics,2024,2019,2035,3783.1466,572.0124,507.5448,2729.1452,21874586.79,36553728.54,3783.1466,Supplier Reported Emissions,False,High,None,Valid,2025,Supplier Target Pathway,4029.6726,1649.748,3137.2009,3137.2009,892.4717,0.00014342,0.221475,1487.4529,148.7453,15010.0271,3137.2009,0.99,Critical,On Track to Glide Path
SUP-0045,Logistics Supplier 045,Logistics,2024,2019,2035,3783.1466,572.0124,507.5448,2729.1452,21874586.79,36553728.54,3783.1466,Supplier Reported Emissions,False,High,None,Valid,2026,Supplier Target Pathway,4029.6726,1649.748,2988.4556,2988.4556,1041.217,0.00013662,0.258388,1338.7076,148.7453,12021.5715,6125.6565,0.99,Critical,On Track to Glide Path
SUP-0045,Logistics Supplier 045,Logistics,2024,2019,2035,3783.1466,572.0124,507.5448,2729.1452,21874586.79,36553728.54,3783.1466,Supplier Reported Emissions,False,High,None,Valid,2027,Supplier Target Pathway,4029.6726,1649.748,2839.7103,2839.7103,1189.9623,0.00012982,0.2953,1189.9623,148.7453,9181.8612,8965.3668,0.99,Critical,On Track to Glide Path
SUP-0045,Logistics Supplier 045,Logistics,2024,2019,2035,3783.1466,572.0124,507.5448,2729.1452,21874586.79,36553728.54,3783.1466,Supplier Reported Emissions,False,High,None,Valid,2028,Supplier Target Pathway,4029.6726,1649.748,2690.965,2690.965,1338.7076,0.00012302,0.332213,1041.217,148.7453,6490.8962,11656.3318,0.99,Critical,On Track to Glide Path
SUP-0045,Logistics Supplier 045,Logistics,2024,2019,2035,3783.1466,572.0124,507.5448,2729.1452,21874586.79,36553728.54,3783.1466,Supplier Reported Emissions,False,High,None,Valid,2029,Supplier Target Pathway,4029.6726,1649.748,2542.2197,2542.2197,1487.4529,0.00011622,0.369125,892.4717,148.7453,3948.6765,14198.5515,0.99,Critical,On Track to Glide Path
SUP-0045,Logistics Supplier 045,Logistics,2024,2019,2035,3783.1466,572.0124,507.5448,2729.1452,21874586.79,36553728.54,3783.1466,Supplier Reported Emissions,False,High,None,Valid,2030,Supplier Target Pathway,4029.6726,1649.748,2393.4744,2393.4744,1636.1982,0.00010942,0.406037,743.7264,148.7453,1555.2021,16592.0259,0.99,Critical,On Track to Glide Path
SUP-0045,Logistics Supplier 045,Logistics,2024,2019,2035,3783.1466,572.0124,507.5448,2729.1452,21874586.79,36553728.54,3783.1466,Supplier Reported Emissions,False,High,None,Valid,2031,Supplier Target Pathway,4029.6726,1649.748,2244.7291,2244.7291,1784.9435,0.00010262,0.44295,594.9812,148.7453,-689.527,18836.755,0.99,Critical,On Track to Glide Path
SUP-0045,Logistics Supplier 045,Logistics,2024,2019,2035,3783.1466,572.0124,507.5448,2729.1452,21874586.79,36553728.54,3783.1466,Supplier Reported Emissions,False,High,None,Valid,2032,Supplier Target Pathway,4029.6726,1649.748,2095.9838,2095.9838,1933.6888,9.582e-05,0.479863,446.2359,148.7453,-2785.5108,20932.7388,0.99,High,On Track to Glide Path
SUP-0045,Logistics Supplier 045,Logistics,2024,2019,2035,3783.1466,572.0124,507.5448,2729.1452,21874586.79,36553728.54,3783.1466,Supplier Reported Emissions,False,High,None,Valid,2033,Supplier Target Pathway,4029.6726,1649.748,1947.2385,1947.2385,2082.4341,8.902e-05,0.516775,297.4906,148.7453,-4732.7493,22879.9773,0.99,High,On Track to Glide Path
SUP-0045,Logistics Supplier 045,Logistics,2024,2019,2035,3783.1466,572.0124,507.5448,2729.1452,21874586.79,36553728.54,3783.1466,Supplier Reported Emissions,False,High,None,Valid,2034,Supplier Target Pathway,4029.6726,1649.748,1798.4933,1798.4933,2231.1793,8.222e-05,0.553688,148.7453,148.7453,-6531.2426,24678.4706,0.99,Medium,On Track to Glide Path
SUP-0045,Logistics Supplier 045,Logistics,2024,2019,2035,3783.1466,572.0124,507.5448,2729.1452,21874586.79,36553728.54,3783.1466,Supplier Reported Emissions,False,High,None,Valid,2035,Supplier Target Pathway,4029.6726,1649.748,1649.748,1649.748,2379.9246,7.542e-05,0.5906,0.0,148.7453,-8180.9906,26328.2186,0.99,Low,On Track
SUP-0045,Logistics Supplier 045,Logistics,2024,2019,2035,3783.1466,572.0124,507.5448,2729.1452,21874586.79,36553728.54,3783.1466,Supplier Reported Emissions,False,High,None,Valid,2036,Supplier Target Pathway,4029.6726,1649.748,1649.748,1649.748,2379.9246,7.542e-05,0.5906,0.0,148.7453,-9830.7386,27977.9666,0.99,Low,On Track
SUP-0045,Logistics Supplier 045,Logistics,2024,2019,2035,3783.1466,572.0124,507.5448,2729.1452,21874586.79,36553728.54,3783.1466,Supplier Reported Emissions,False,High,None,Valid,2037,Supplier Target Pathway,4029.6726,1649.748,1649.748,1649.748,2379.9246,7.542e-05,0.5906,0.0,148.7453,-11480.4866,29627.7146,0.99,Low,On Track
SUP-0045,Logistics Supplier 045,Logistics,2024,2019,2035,3783.1466,572.0124,507.5448,2729.1452,21874586.79,36553728.54,3783.1466,Supplier Reported Emissions,False,High,None,Valid,2038,Supplier Target Pathway,4029.6726,1649.748,1649.748,1649.748,2379.9246,7.542e-05,0.5906,0.0,148.7453,-13130.2346,31277.4626,0.99,Low,On Track
SUP-0045,Logistics Supplier 045,Logistics,2024,2019,2035,3783.1466,572.0124,507.5448,2729.1452,21874586.79,36553728.54,3783.1466,Supplier Reported Emissions,False,High,None,Valid,2039,Supplier Target Pathway,4029.6726,1649.748,1649.748,1649.748,2379.9246,7.542e-05,0.5906,0.0,148.7453,-14779.9826,32927.2106,0.99,Low,On Track
SUP-0045,Logistics Supplier 045,Logistics,2024,2019,2035,3783.1466,572.0124,507.5448,2729.1452,21874586.79,36553728.54,3783.1466,Supplier Reported Emissions,False,High,None,Valid,2040,Supplier Target Pathway,4029.6726,1649.748,1649.748,1649.748,2379.9246,7.542e-05,0.5906,0.0,148.7453,-16429.7306,34576.9586,0.99,Low,On Track
SUP-0046,Textiles Supplier 046,Textiles,2024,2015,2030,301.8451,46.1148,48.2149,202.6606,1364268.71,16401506.49,301.8451,Supplier Reported Emissions,False,High,None,Valid,2025,Industry Haircut Pathway,443.2574,302.7005,349.5528,349.5528,93.7046,0.00025622,0.2114,46.8523,9.3705,1466.6502,349.5528,0.911,High,On Track to Glide Path
SUP-0046,Textiles Supplier 046,Textiles,2024,2015,2030,301.8451,46.1148,48.2149,202.6606,1364268.71,16401506.49,301.8451,Supplier Reported Emissions,False,High,None,Valid,2026,Industry Haircut Pathway,443.2574,302.7005,340.1823,340.1823,103.0751,0.00024935,0.23254,37.4818,9.3705,1126.4679,689.7351,0.911,Medium,On Track to Glide Path
SUP-0046,Textiles Supplier 046,Textiles,2024,2015,2030,301.8451,46.1148,48.2149,202.6606,1364268.71,16401506.49,301.8451,Supplier Reported Emissions,False,High,None,Valid,2027,Industry Haircut Pathway,443.2574,302.7005,330.8119,330.8119,112.4455,0.00024248,0.25368,28.1114,9.3705,795.656,1020.547,0.911,Medium,On Track to Glide Path
SUP-0046,Textiles Supplier 046,Textiles,2024,2015,2030,301.8451,46.1148,48.2149,202.6606,1364268.71,16401506.49,301.8451,Supplier Reported Emissions,False,High,None,Valid,2028,Industry Haircut Pathway,443.2574,302.7005,321.4414,321.4414,121.816,0.00023561,0.27482,18.7409,9.3705,474.2146,1341.9884,0.911,Medium,On Track to Glide Path
SUP-0046,Textiles Supplier 046,Textiles,2024,2015,2030,301.8451,46.1148,48.2149,202.6606,1364268.71,16401506.49,301.8451,Supplier Reported Emissions,False,High,None,Valid,2029,Industry Haircut Pathway,443.2574,302.7005,312.0709,312.0709,131.1865,0.00022875,0.29596,9.3705,9.3705,162.1437,1654.0593,0.911,Medium,On Track to Glide Path
SUP-0046,Textiles Supplier 046,Textiles,2024,2015,2030,301.8451,46.1148,48.2149,202.6606,1364268.71,16401506.49,301.8451,Supplier Reported Emissions,False,High,None,Valid,2030,Industry Haircut Pathway,443.2574,302.7005,302.7005,302.7005,140.5569,0.00022188,0.3171,0.0,9.3705,-140.5568,1956.7598,0.911,Low,On Track
SUP-0046,Textiles Supplier 046,Textiles,2024,2015,2030,301.8451,46.1148,48.2149,202.6606,1364268.71,16401506.49,301.8451,Supplier Reported Emissions,False,High,None,Valid,2031,Industry Haircut Pathway,443.2574,302.7005,302.7005,302.7005,140.5569,0.00022188,0.3171,0.0,9.3705,-443.2573,2259.4603,0.911,Low,On Track
SUP-0046,Textiles Supplier 046,Textiles,2024,2015,2030,301.8451,46.1148,48.2149,202.6606,1364268.71,16401506.49,301.8451,Supplier Reported Emissions,False,High,None,Valid,2032,Industry Haircut Pathway,443.2574,302.7005,302.7005,302.7005,140.5569,0.00022188,0.3171,0.0,9.3705,-745.9578,2562.1608,0.911,Low,On Track
SUP-0046,Textiles Supplier 046,Textiles,2024,2015,2030,301.8451,46.1148,48.2149,202.6606,1364268.71,16401506.49,301.8451,Supplier Reported Emissions,False,High,None,Valid,2033,Industry Haircut Pathway,443.2574,302.7005,302.7005,302.7005,140.5569,0.00022188,0.3171,0.0,9.3705,-1048.6583,2864.8613,0.911,Low,On Track
SUP-0046,Textiles Supplier 046,Textiles,2024,2015,2030,301.8451,46.1148,48.2149,202.6606,1364268.71,16401506.49,301.8451,Supplier Reported Emissions,False,High,None,Valid,2034,Industry Haircut Pathway,443.2574,302.7005,302.7005,302.7005,140.5569,0.00022188,0.3171,0.0,9.3705,-1351.3588,3167.5618,0.911,Low,On Track
SUP-0046,Textiles Supplier 046,Textiles,2024,2015,2030,301.8451,46.1148,48.2149,202.6606,1364268.71,16401506.49,301.8451,Supplier Reported Emissions,False,High,None,Valid,2035,Industry Haircut Pathway,443.2574,302.7005,302.7005,302.7005,140.5569,0.00022188,0.3171,0.0,9.3705,-1654.0593,3470.2623,0.911,Low,On Track
SUP-0046,Textiles Supplier 046,Textiles,2024,2015,2030,301.8451,46.1148,48.2149,202.6606,1364268.71,16401506.49,301.8451,Supplier Reported Emissions,False,High,None,Valid,2036,Industry Haircut Pathway,443.2574,302.7005,302.7005,302.7005,140.5569,0.00022188,0.3171,0.0,9.3705,-1956.7598,3772.9628,0.911,Low,On Track
SUP-0046,Textiles Supplier 046,Textiles,2024,2015,2030,301.8451,46.1148,48.2149,202.6606,1364268.71,16401506.49,301.8451,Supplier Reported Emissions,False,High,None,Valid,2037,Industry Haircut Pathway,443.2574,302.7005,302.7005,302.7005,140.5569,0.00022188,0.3171,0.0,9.3705,-2259.4603,4075.6633,0.911,Low,On Track
SUP-0046,Textiles Supplier 046,Textiles,2024,2015,2030,301.8451,46.1148,48.2149,202.6606,1364268.71,16401506.49,301.8451,Supplier Reported Emissions,False,High,None,Valid,2038,Industry Haircut Pathway,443.2574,302.7005,302.7005,302.7005,140.5569,0.00022188,0.3171,0.0,9.3705,-2562.1608,4378.3638,0.911,Low,On Track
SUP-0046,Textiles Supplier 046,Textiles,2024,2015,2030,301.8451,46.1148,48.2149,202.6606,1364268.71,16401506.49,301.8451,Supplier Reported Emissions,False,High,None,Valid,2039,Industry Haircut Pathway,443.2574,302.7005,302.7005,302.7005,140.5569,0.00022188,0.3171,0.0,9.3705,-2864.8613,4681.0643,0.911,Low,On Track
SUP-0046,Textiles Supplier 046,Textiles,2024,2015,2030,301.8451,46.1148,48.2149,202.6606,1364268.71,16401506.49,301.8451,Supplier Reported Emissions,False,High,None,Valid,2040,Industry Haircut Pathway,443.2574,302.7005,302.7005,302.7005,140.5569,0.00022188,0.3171,0.0,9.3705,-3167.5618,4983.7648,0.911,Low,On Track
SUP-0047,Packaging Supplier 047,Packaging,2024,2018,2040,49116.488,10460.8548,9550.4494,29214.3236,34224773.76,,49116.488,Supplier Reported Emissions,False,High,Revenue,Valid,2025,Supplier Target Pathway,24264.6494,14706.804,21223.5168,21223.5168,3041.1326,0.00062012,0.125332,6516.7128,434.4475,214085.3472,21223.5168,0.99,Critical,On Track to Glide Path
SUP-0047,Packaging Supplier 047,Packaging,2024,2018,2040,49116.488,10460.8548,9550.4494,29214.3236,34224773.76,,49116.488,Supplier Reported Emissions,False,High,Revenue,Valid,2026,Supplier Target Pathway,24264.6494,14706.804,20789.0693,20789.0693,3475.5801,0.00060743,0.143236,6082.2653,434.4475,193296.2779,42012.5861,0.99,Critical,On Track to Glide Path
SUP-0047,Packaging Supplier 047,Packaging,2024,2018,2040,49116.488,10460.8548,9550.4494,29214.3236,34224773.76,,49116.488,Supplier Reported Emissions,False,High,Revenue,Valid,2027,Supplier Target Pathway,24264.6494,14706.804,20354.6217,20354.6217,3910.0277,0.00059473,0.161141,5647.8177,434.4475,172941.6562,62367.2078,0.99,Critical,On Track to Glide Path
SUP-0047,Packaging Supplier 047,Packaging,2024,2018,2040,49116.488,10460.8548,9550.4494,29214.3236,34224773.76,,49116.488,Supplier Reported Emissions,False,High,Revenue,Valid,2028,Supplier Target Pathway,24264.6494,14706.804,19920.1742,19920.1742,4344.4752,0.00058204,0.179045,5213.3702,434.4475,153021.482,82287.382,0.99,Critical,On Track to Glide Path
SUP-0047,Packaging Supplier 047,Packaging,2024,2018,2040,49116.488,10460.8548,9550.4494,29214.3236,34224773.76,,49116.488,Supplier Reported Emissions,False,High,Revenue,Valid,2029,Supplier Target Pathway,24264.6494,14706.804,19485.7267,19485.7267,4778.9227,0.00056935,0.19695,4778.9227,434.4475,133535.7553,101773.1087,0.99,High,On Track to Glide Path
SUP-0047,Packaging Supplier 047,Packaging,2024,2018,2040,49116.488,10460.8548,9550.4494,29214.3236,34224773.76,,49116.488,Supplier Reported Emissions,False,High,Revenue,Valid,2030,Supplier Target Pathway,24264.6494,14706.804,19051.2792,19051.2792,5213.3702,0.00055665,0.214855,4344.4752,434.4475,114484.4761,120824.3879,0.99,High,On Track to Glide Path
SUP-0047,Packaging Supplier 047,Packaging,2024,2018,2040,49116.488,10460.8548,9550.4494,29214.3236,34224773.76,,49116.488,Supplier Reported Emissions,False,High,Revenue,Valid,2031,Supplier Target Pathway,24264.6494,14706.804,18616.8317,18616.8317,5647.8177,0.00054396,0.232759,3910.0277,434.4475,95867.6444,139441.2196,0.99,High,On Track to Glide Path
SUP-0047,Packaging Supplier 047,Packaging,2024,2018,2040,49116.488,10460.8548,9550.4494,29214.3236,34224773.76,,49116.488,Supplier Reported Emissions,False,High,Revenue,Valid,2032,Supplier Target Pathway,24264.6494,14706.804,18182.3841,18182.3841,6082.2653,0.00053126,0.250664,3475.5801,434.4475,77685.2603,157623.6037,0.99,High,On Track to Glide Path
SUP-0047,Packaging Supplier 047,Packaging,2024,2018,2040,49116.488,10460.8548,9550.4494,29214.3236,34224773.76,,49116.488,Supplier Reported Emissions,False,High,Revenue,Valid,2033,Supplier Target Pathway,24264.6494,14706.804,17747.9366,17747.9366,6516.7128,0.00051857,0.268568,3041.1326,434.4475,59937.3237,175371.5403,0.99,High,On Track to Glide Path
SUP-0047,Packaging Supplier 047,Packaging,2024,2018,2040,49116.488,10460.8548,9550.4494,29214.3236,34224773.76,,49116.488,Supplier Reported Emissions,False,High,Revenue,Valid,2034,Supplier Target Pathway,24264.6494,14706.804,17313.4891,17313.4891,6951.1603,0.00050588,0.286473,2606.6851,434.4475,42623.8346,192685.0294,0.99,High,On Track to Glide Path
SUP-0047,Packaging Supplier 047,Packaging,2024,2018,2040,49116.488,10460.8548,9550.4494,29214.3236,34224773.76,,49116.488,Supplier Reported Emissions,False,High,Revenue,Valid,2035,Supplier Target Pathway,24264.6494,14706.804,16879.0416,16879.0416,7385.6078,0.00049318,0.304377,2172.2376,434.4475,25744.793,209564.071,0.99,Medium,On Track to Glide Path
SUP-0047,Packaging Supplier 047,Packaging,2024,2018,2040,49116.488,10460.8548,9550.4494,29214.3236,34224773.76,,49116.488,Supplier Reported Emissions,False,High,Revenue,Valid,2036,Supplier Target Pathway,24264.6494,14706.804,16444.5941,16444.5941,7820.0553,0.00048049,0.322282,1737.7901,434.4475,9300.1989,226008.6651,0.99,Medium,On Track to Glide Path
SUP-0047,Packaging Supplier 047,Packaging,2024,2018,2040,49116.488,10460.8548,9550.4494,29214.3236,34224773.76,,49116.488,Supplier Reported Emissions,False,High,Revenue,Valid,2037,Supplier Target Pathway,24264.6494,14706.804,16010.1466,16010.1466,8254.5028,0.00046779,0.340186,1303.3426,434.4475,-6709.9477,242018.8117,0.99,Medium,On Track to Glide Path
SUP-0047,Packaging Supplier 047,Packaging,2024,2018,2040,49116.488,10460.8548,9550.4494,29214.3236,34224773.76,,49116.488,Supplier Reported Emissions,False,High,Revenue,Valid,2038,Supplier Target Pathway,24264.6494,14706.804,15575.699,15575.699,8688.9504,0.0004551,0.358091,868.895,434.4475,-22285.6467,257594.5107,0.99,Medium,On Track to Glide Path
SUP-0047,Packaging Supplier 047,Packaging,2024,2018,2040,49116.488,10460.8548,9550.4494,29214.3236,34224773.76,,49116.488,Supplier Reported Emissions,False,High,Revenue,Valid,2039,Supplier Target Pathway,24264.6494,14706.804,15141.2515,15141.2515,9123.3979,0.00044241,0.375995,434.4475,434.4475,-37426.8982,272735.7622,0.99,Medium,On Track to Glide Path
SUP-0047,Packaging Supplier 047,Packaging,2024,2018,2040,49116.488,10460.8548,9550.4494,29214.3236,34224773.76,,49116.488,Supplier Reported Emissions,False,High,Revenue,Valid,2040,Supplier Target Pathway,24264.6494,14706.804,14706.804,14706.804,9557.8454,0.00042971,0.3939,0.0,434.4475,-52133.7022,287442.5662,0.99,Low,On Track
SUP-0048,Logistics Supplier 048,Logistics,2024,2015,2040,,378.8577,471.3549,1497.791,9186435.67,,2348.0036,Scope 1 + Scope 2 + Scope 3,True,High,Reported_Emissions; Revenue,Valid,2025,Industry Haircut Pathway,2179.8608,1173.6371,1777.3713,1777.3713,402.4895,0.00019348,0.18464,603.7342,40.2489,17000.8223,1777.3713,0.897,Critical,On Track to Glide Path
SUP-0048,Logistics Supplier 048,Logistics,2024,2015,2040,,378.8577,471.3549,1497.791,9186435.67,,2348.0036,Scope 1 + Scope 2 + Scope 3,True,High,Reported_Emissions; Revenue,Valid,2026,Industry Haircut Pathway,2179.8608,1173.6371,1737.1224,1737.1224,442.7384,0.0001891,0.203104,563.4853,40.2489,15263.6999,3514.4937,0.897,Critical,On Track to Glide Path
SUP-0048,Logistics Supplier 048,Logistics,2024,2015,2040,,378.8577,471.3549,1497.791,9186435.67,,2348.0036,Scope 1 + Scope 2 + Scope 3,True,High,Reported_Emissions; Revenue,Valid,2027,Industry Haircut Pathway,2179.8608,1173.6371,1696.8734,1696.8734,482.9874,0.00018472,0.221568,523.2363,40.2489,13566.8265,5211.3671,0.897,Critical,On Track to Glide Path
SUP-0048,Logistics Supplier 048,Logistics,2024,2015,2040,,378.8577,471.3549,1497.791,9186435.67,,2348.0036,Scope 1 + Scope 2 + Scope 3,True,High,Reported_Emissions; Revenue,Valid,2028,Industry Haircut Pathway,2179.8608,1173.6371,1656.6245,1656.6245,523.2363,0.00018033,0.240032,482.9874,40.2489,11910.202,6867.9916,0.897,Critical,On Track to Glide Path
SUP-0048,Logistics Supplier 048,Logistics,2024,2015,2040,,378.8577,471.3549,1497.791,9186435.67,,2348.0036,Scope 1 + Scope 2 + Scope 3,True,High,Reported_Emissions; Revenue,Valid,2029,Industry Haircut Pathway,2179.8608,1173.6371,1616.3755,1616.3755,563.4853,0.00017595,0.258496,442.7384,40.2489,10293.8265,8484.3671,0.897,Critical,On Track to Glide Path
SUP-0048,Logistics Supplier 048,Logistics,2024,2015,2040,,378.8577,471.3549,1497.791,9186435.67,,2348.0036,Scope 1 + Scope 2 + Scope 3,True,High,Reported_Emissions; Revenue,Valid,2030,Industry Haircut Pathway,2179.8608,1173.6371,1576.1266,1576.1266,603.7342,0.00017157,0.27696,402.4895,40.2489,8717.6999,10060.4937,0.897,High,On Track to Glide Path
SUP-0048,Logistics Supplier 048,Logistics,2024,2015,2040,,378.8577,471.3549,1497.791,9186435.67,,2348.0036,Scope 1 + Scope 2 + Scope 3,True,High,Reported_Emissions; Revenue,Valid,2031,Industry Haircut Pathway,2179.8608,1173.6371,1535.8776,1535.8776,643.9832,0.00016719,0.295424,362.2405,40.2489,7181.8223,11596.3713,0.897,High,On Track to Glide Path
SUP-0048,Logistics Supplier 048,Logistics,2024,2015,2040,,378.8577,471.3549,1497.791,9186435.67,,2348.0036,Scope 1 + Scope 2 + Scope 3,True,High,Reported_Emissions; Revenue,Valid,2032,Industry Haircut Pathway,2179.8608,1173.6371,1495.6287,1495.6287,684.2321,0.00016281,0.313888,321.9916,40.2489,5686.1936,13092.0,0.897,High,On Track to Glide Path
SUP-0048,Logistics Supplier 048,Logistics,2024,2015,2040,,378.8577,471.3549,1497.791,9186435.67,,2348.0036,Scope 1 + Scope 2 + Scope 3,True,High,Reported_Emissions; Revenue,Valid,2033,Industry Haircut Pathway,2179.8608,1173.6371,1455.3797,1455.3797,724.4811,0.00015843,0.332352,281.7426,40.2489,4230.8139,14547.3797,0.897,High,On Track to Glide Path
SUP-0048,Logistics Supplier 048,Logistics,2024,2015,2040,,378.8577,471.3549,1497.791,9186435.67,,2348.0036,Scope 1 + Scope 2 + Scope 3,True,High,Reported_Emissions; Revenue,Valid,2034,Industry Haircut Pathway,2179.8608,1173.6371,1415.1308,1415.1308,764.73,0.00015405,0.350816,241.4937,40.2489,2815.6831,15962.5105,0.897,High,On Track to Glide Path
SUP-0048,Logistics Supplier 048,Logistics,2024,2015,2040,,378.8577,471.3549,1497.791,9186435.67,,2348.0036,Scope 1 + Scope 2 + Scope 3,True,High,Reported_Emissions; Revenue,Valid,2035,Industry Haircut Pathway,2179.8608,1173.6371,1374.8818,1374.8818,804.979,0.00014966,0.36928,201.2447,40.2489,1440.8013,17337.3923,0.897,High,On Track to Glide Path
SUP-0048,Logistics Supplier 048,Logistics,2024,2015,2040,,378.8577,471.3549,1497.791,9186435.67,,2348.0036,Scope 1 + Scope 2 + Scope 3,True,High,Reported_Emissions; Revenue,Valid,2036,Industry Haircut Pathway,2179.8608,1173.6371,1334.6329,1334.6329,845.2279,0.00014528,0.387744,160.9958,40.2489,106.1684,18672.0252,0.897,Medium,On Track to Glide Path
SUP-0048,Logistics Supplier 048,Logistics,2024,2015,2040,,378.8577,471.3549,1497.791,9186435.67,,2348.0036,Scope 1 + Scope 2 + Scope 3,True,High,Reported_Emissions; Revenue,Valid,2037,Industry Haircut Pathway,2179.8608,1173.6371,1294.3839,1294.3839,885.4769,0.0001409,0.406208,120.7468,40.2489,-1188.2155,19966.4091,0.897,Medium,On Track to Glide Path
SUP-0048,Logistics Supplier 048,Logistics,2024,2015,2040,,378.8577,471.3549,1497.791,9186435.67,,2348.0036,Scope 1 + Scope 2 + Scope 3,True,High,Reported_Emissions; Revenue,Valid,2038,Industry Haircut Pathway,2179.8608,1173.6371,1254.135,1254.135,925.7258,0.00013652,0.424672,80.4979,40.2489,-2442.3505,21220.5441,0.897,Medium,On Track to Glide Path
SUP-0048,Logistics Supplier 048,Logistics,2024,2015,2040,,378.8577,471.3549,1497.791,9186435.67,,2348.0036,Scope 1 + Scope 2 + Scope 3,True,High,Reported_Emissions; Revenue,Valid,2039,Industry Haircut Pathway,2179.8608,1173.6371,1213.886,1213.886,965.9748,0.00013214,0.443136,40.2489,40.2489,-3656.2365,22434.4301,0.897,Medium,On Track to Glide Path
SUP-0048,Logistics Supplier 048,Logistics,2024,2015,2040,,378.8577,471.3549,1497.791,9186435.67,,2348.0036,Scope 1 + Scope 2 + Scope 3,True,High,Reported_Emissions; Revenue,Valid,2040,Industry Haircut Pathway,2179.8608,1173.6371,1173.6371,1173.6371,1006.2237,0.00012776,0.4616,0.0,40.2489,-4829.8736,23608.0672,0.897,Low,On Track
SUP-0049,Logistics Supplier 049,Logistics,2024,2019,2030,1168.5577,,170.241,,7710892.64,59733845.05,1168.5577,Supplier Reported Emissions,False,High,Scope_Emissions,Valid,2025,Supplier Target Pathway,963.811,736.3516,839.7422,839.7422,124.0688,0.0001089,0.128727,103.3906,20.6781,3578.3674,839.7422,0.99,Medium,On Track to Glide Path
SUP-0049,Logistics Supplier 049,Logistics,2024,2019,2030,1168.5577,,170.241,,7710892.64,59733845.05,1168.5577,Supplier Reported Emissions,False,High,Scope_Emissions,Valid,2026,Supplier Target Pathway,963.811,736.3516,819.0641,819.0641,144.7469,0.00010622,0.150182,82.7125,20.6781,2759.3033,1658.8063,0.99,Medium,On Track to Glide Path
SUP-0049,Logistics Supplier 049,Logistics,2024,2019,2030,1168.5577,,170.241,,7710892.64,59733845.05,1168.5577,Supplier Reported Emissions,False,High,Scope_Emissions,Valid,2027,Supplier Target Pathway,963.811,736.3516,798.386,798.386,165.425,0.00010354,0.171636,62.0344,20.6781,1960.9173,2457.1923,0.99,Medium,On Track to Glide Path
SUP-0049,Logistics Supplier 049,Logistics,2024,2019,2030,1168.5577,,170.241,,7710892.64,59733845.05,1168.5577,Supplier Reported Emissions,False,High,Scope_Emissions,Valid,2028,Supplier Target Pathway,963.811,736.3516,777.7079,777.7079,186.1031,0.00010086,0.193091,41.3563,20.6781,1183.2094,3234.9002,0.99,Medium,On Track to Glide Path
SUP-0049,Logistics Supplier 049,Logistics,2024,2019,2030,1168.5577,,170.241,,7710892.64,59733845.05,1168.5577,Supplier Reported Emissions,False,High,Scope_Emissions,Valid,2029,Supplier Target Pathway,963.811,736.3516,757.0297,757.0297,206.7813,9.818e-05,0.214545,20.6781,20.6781,426.1797,3991.9299,0.99,Medium,On Track to Glide Path
SUP-0049,Logistics Supplier 049,Logistics,2024,2019,2030,1168.5577,,170.241,,7710892.64,59733845.05,1168.5577,Supplier Reported Emissions,False,High,Scope_Emissions,Valid,2030,Supplier Target Pathway,963.811,736.3516,736.3516,736.3516,227.4594,9.549e-05,0.236,0.0,20.6781,-310.1719,4728.2815,0.99,Low,On Track
SUP-0049,Logistics Supplier 049,Logistics,2024,2019,2030,1168.5577,,170.241,,7710892.64,59733845.05,1168.5577,Supplier Reported Emissions,False,High,Scope_Emissions,Valid,2031,Supplier Target Pathway,963.811,736.3516,736.3516,736.3516,227.4594,9.549e-05,0.236,0.0,20.6781,-1046.5235,5464.6331,0.99,Low,On Track
SUP-0049,Logistics Supplier 049,Logistics,2024,2019,2030,1168.5577,,170.241,,7710892.64,59733845.05,1168.5577,Supplier Reported Emissions,False,High,Scope_Emissions,Valid,2032,Supplier Target Pathway,963.811,736.3516,736.3516,736.3516,227.4594,9.549e-05,0.236,0.0,20.6781,-1782.8751,6200.9847,0.99,Low,On Track
SUP-0049,Logistics Supplier 049,Logistics,2024,2019,2030,1168.5577,,170.241,,7710892.64,59733845.05,1168.5577,Supplier Reported Emissions,False,High,Scope_Emissions,Valid,2033,Supplier Target Pathway,963.811,736.3516,736.3516,736.3516,227.4594,9.549e-05,0.236,0.0,20.6781,-2519.2267,6937.3363,0.99,Low,On Track
SUP-0049,Logistics Supplier 049,Logistics,2024,2019,2030,1168.5577,,170.241,,7710892.64,59733845.05,1168.5577,Supplier Reported Emissions,False,High,Scope_Emissions,Valid,2034,Supplier Target Pathway,963.811,736.3516,736.3516,736.3516,227.4594,9.549e-05,0.236,0.0,20.6781,-3255.5783,7673.6879,0.99,Low,On Track
SUP-0049,Logistics Supplier 049,Logistics,2024,2019,2030,1168.5577,,170.241,,7710892.64,59733845.05,1168.5577,Supplier Reported Emissions,False,High,Scope_Emissions,Valid,2035,Supplier Target Pathway,963.811,736.3516,736.3516,736.3516,227.4594,9.549e-05,0.236,0.0,20.6781,-3991.9299,8410.0395,0.99,Low,On Track
SUP-0049,Logistics Supplier 049,Logistics,2024,2019,2030,1168.5577,,170.241,,7710892.64,59733845.05,1168.5577,Supplier Reported Emissions,False,High,Scope_Emissions,Valid,2036,Supplier Target Pathway,963.811,736.3516,736.3516,736.3516,227.4594,9.549e-05,0.236,0.0,20.6781,-4728.2815,9146.3911,0.99,Low,On Track
SUP-0049,Logistics Supplier 049,Logistics,2024,2019,2030,1168.5577,,170.241,,7710892.64,59733845.05,1168.5577,Supplier Reported Emissions,False,High,Scope_Emissions,Valid,2037,Supplier Target Pathway,963.811,736.3516,736.3516,736.3516,227.4594,9.549e-05,0.236,0.0,20.6781,-5464.6331,9882.7427,0.99,Low,On Track
SUP-0049,Logistics Supplier 049,Logistics,2024,2019,2030,1168.5577,,170.241,,7710892.64,59733845.05,1168.5577,Supplier Reported Emissions,False,High,Scope_Emissions,Valid,2038,Supplier Target Pathway,963.811,736.3516,736.3516,736.3516,227.4594,9.549e-05,0.236,0.0,20.6781,-6200.9847,10619.0943,0.99,Low,On Track
SUP-0049,Logistics Supplier 049,Logistics,2024,2019,2030,1168.5577,,170.241,,7710892.64,59733845.05,1168.5577,Supplier Reported Emissions,False,High,Scope_Emissions,Valid,2039,Supplier Target Pathway,963.811,736.3516,736.3516,736.3516,227.4594,9.549e-05,0.236,0.0,20.6781,-6937.3363,11355.4459,0.99,Low,On Track
SUP-0049,Logistics Supplier 049,Logistics,2024,2019,2030,1168.5577,,170.241,,7710892.64,59733845.05,1168.5577,Supplier Reported Emissions,False,High,Scope_Emissions,Valid,2040,Supplier Target Pathway,963.811,736.3516,736.3516,736.3516,227.4594,9.549e-05,0.236,0.0,20.6781,-7673.6879,12091.7975,0.99,Low,On Track
SUP-0050,Electronics Supplier 050,Electronics,2024,2015,2040,,4417.1932,2273.9902,14805.3566,30503082.57,29119757.53,21496.54,Scope 1 + Scope 2 + Scope 3,True,High,Reported_Emissions,Valid,2025,Industry Haircut Pathway,11485.1549,7552.6379,9912.1481,9912.1481,1573.0068,0.00032496,0.13696,2359.5102,157.3007,110930.0583,9912.1481,0.897,High,On Track to Glide Path
SUP-0050,Electronics Supplier 050,Electronics,2024,2015,2040,,4417.1932,2273.9902,14805.3566,30503082.57,29119757.53,21496.54,Scope 1 + Scope 2 + Scope 3,True,High,Reported_Emissions,Valid,2026,Industry Haircut Pathway,11485.1549,7552.6379,9754.8474,9754.8474,1730.3075,0.0003198,0.150656,2202.2095,157.3007,101175.2109,19666.9955,0.897,High,On Track to Glide Path
SUP-0050,Electronics Supplier 050,Electronics,2024,2015,2040,,4417.1932,2273.9902,14805.3566,30503082.57,29119757.53,21496.54,Scope 1 + Scope 2 + Scope 3,True,High,Reported_Emissions,Valid,2027,Industry Haircut Pathway,11485.1549,7552.6379,9597.5467,9597.5467,1887.6082,0.00031464,0.164352,2044.9089,157.3007,91577.6642,29264.5422,0.897,High,On Track to Glide Path
SUP-0050,Electronics Supplier 050,Electronics,2024,2015,2040,,4417.1932,2273.9902,14805.3566,30503082.57,29119757.53,21496.54,Scope 1 + Scope 2 + Scope 3,True,High,Reported_Emissions,Valid,2028,Industry Haircut Pathway,11485.1549,7552.6379,9440.246,9440.246,2044.9089,0.00030948,0.178048,1887.6082,157.3007,82137.4182,38704.7882,0.897,High,On Track to Glide Path
SUP-0050,Electronics Supplier 050,Electronics,2024,2015,2040,,4417.1932,2273.9902,14805.3566,30503082.57,29119757.53,21496.54,Scope 1 + Scope 2 + Scope 3,True,High,Reported_Emissions,Valid,2029,Industry Haircut Pathway,11485.1549,7552.6379,9282.9454,9282.9454,2202.2095,0.00030433,0.191744,1730.3075,157.3007,72854.4728,47987.7336,0.897,High,On Track to Glide Path
SUP-0050,Electronics Supplier 050,Electronics,2024,2015,2040,,4417.1932,2273.9902,14805.3566,30503082.57,29119757.53,21496.54,Scope 1 + Scope 2 + Scope 3,True,High,Reported_Emissions,Valid,2030,Industry Haircut Pathway,11485.1549,7552.6379,9125.6447,9125.6447,2359.5102,0.00029917,0.20544,1573.0068,157.3007,63728.8281,57113.3783,0.897,High,On Track to Glide Path
SUP-0050,Electronics Supplier 050,Electronics,2024,2015,2040,,4417.1932,2273.9902,14805.3566,30503082.57,29119757.53,21496.54,Scope 1 + Scope 2 + Scope 3,True,High,Reported_Emissions,Valid,2031,Industry Haircut Pathway,11485.1549,7552.6379,8968.344,8968.344,2516.8109,0.00029401,0.219136,1415.7061,157.3007,54760.4841,66081.7223,0.897,High,On Track to Glide Path
SUP-0050,Electronics Supplier 050,Electronics,2024,2015,2040,,4417.1932,2273.9902,14805.3566,30503082.57,29119757.53,21496.54,Scope 1 + Scope 2 + Scope 3,True,High,Reported_Emissions,Valid,2032,Industry Haircut Pathway,11485.1549,7552.6379,8811.0433,8811.0433,2674.1116,0.00028886,0.232832,1258.4055,157.3007,45949.4408,74892.7656,0.897,High,On Track to Glide Path
SUP-0050,Electronics Supplier 050,Electronics,2024,2015,2040,,4417.1932,2273.9902,14805.3566,30503082.57,29119757.53,21496.54,Scope 1 + Scope 2 + Scope 3,True,High,Reported_Emissions,Valid,2033,Industry Haircut Pathway,11485.1549,7552.6379,8653.7426,8653.7426,2831.4123,0.0002837,0.246528,1101.1048,157.3007,37295.6982,83546.5082,0.897,Medium,On Track to Glide Path
SUP-0050,Electronics Supplier 050,Electronics,2024,2015,2040,,4417.1932,2273.9902,14805.3566,30503082.57,29119757.53,21496.54,Scope 1 + Scope 2 + Scope 3,True,High,Reported_Emissions,Valid,2034,Industry Haircut Pathway,11485.1549,7552.6379,8496.442,8496.442,2988.7129,0.00027854,0.260224,943.8041,157.3007,28799.2562,92042.9502,0.897,Medium,On Track to Glide Path
SUP-0050,Electronics Supplier 050,Electronics,2024,2015,2040,,4417.1932,2273.9902,14805.3566,30503082.57,29119757.53,21496.54,Scope 1 + Scope 2 + Scope 3,True,High,Reported_Emissions,Valid,2035,Industry Haircut Pathway,11485.1549,7552.6379,8339.1413,8339.1413,3146.0136,0.00027339,0.27392,786.5034,157.3007,20460.1149,100382.0915,0.897,Medium,On Track to Glide Path
SUP-0050,Electronics Supplier 050,Electronics,2024,2015,2040,,4417.1932,2273.9902,14805.3566,30503082.57,29119757.53,21496.54,Scope 1 + Scope 2 + Scope 3,True,High,Reported_Emissions,Valid,2036,Industry Haircut Pathway,11485.1549,7552.6379,8181.8406,8181.8406,3303.3143,0.00026823,0.287616,629.2027,157.3007,12278.2743,108563.9321,0.897,Medium,On Track to Glide Path
SUP-0050,Electronics Supplier 050,Electronics,2024,2015,2040,,4417.1932,2273.9902,14805.3566,30503082.57,29119757.53,21496.54,Scope 1 + Scope 2 + Scope 3,True,High,Reported_Emissions,Valid,2037,Industry Haircut Pathway,11485.1549,7552.6379,8024.5399,8024.5399,3460.615,0.00026307,0.301312,471.902,157.3007,4253.7344,116588.472,0.897,Medium,On Track to Glide Path
SUP-0050,Electronics Supplier 050,Electronics,2024,2015,2040,,4417.1932,2273.9902,14805.3566,30503082.57,29119757.53,21496.54,Scope 1 + Scope 2 + Scope 3,True,High,Reported_Emissions,Valid,2038,Industry Haircut Pathway,11485.1549,7552.6379,7867.2392,7867.2392,3617.9157,0.00025792,0.315008,314.6014,157.3007,-3613.5048,124455.7112,0.897,Medium,On Track to Glide Path
SUP-0050,Electronics Supplier 050,Electronics,2024,2015,2040,,4417.1932,2273.9902,14805.3566,30503082.57,29119757.53,21496.54,Scope 1 + Scope 2 + Scope 3,True,High,Reported_Emissions,Valid,2039,Industry Haircut Pathway,11485.1549,7552.6379,7709.9385,7709.9385,3775.2164,0.00025276,0.328704,157.3007,157.3007,-11323.4433,132165.6497,0.897,Medium,On Track to Glide Path
SUP-0050,Electronics Supplier 050,Electronics,2024,2015,2040,,4417.1932,2273.9902,14805.3566,30503082.57,29119757.53,21496.54,Scope 1 + Scope 2 + Scope 3,True,High,Reported_Emissions,Valid,2040,Industry Haircut Pathway,11485.1549,7552.6379,7552.6379,7552.6379,3932.517,0.0002476,0.3424,0.0,157.3007,-18876.0812,139718.2876,0.897,Low,On Track
SUP-0051,Textiles Supplier 051,Textiles,2024,2021,2035,1958.5221,566.0083,210.5221,,9086118.81,73100833.8,1958.5221,Supplier Reported Emissions,False,High,Scope_Emissions,Valid,2025,Supplier Target Pathway,2705.2381,1497.0788,2360.0497,2360.0497,345.1884,0.00025974,0.1276,862.971,86.2971,14107.8171,2360.0497,0.99,Critical,On Track to Glide Path
SUP-0051,Textiles Supplier 051,Textiles,2024,2021,2035,1958.5221,566.0083,210.5221,,9086118.81,73100833.8,1958.5221,Supplier Reported Emissions,False,High,Scope_Emissions,Valid,2026,Supplier Target Pathway,2705.2381,1497.0788,2273.7526,2273.7526,431.4855,0.00025024,0.1595,776.6739,86.2971,11834.0645,4633.8023,0.99,Critical,On Track to Glide Path
SUP-0051,Textiles Supplier 051,Textiles,2024,2021,2035,1958.5221,566.0083,210.5221,,9086118.81,73100833.8,1958.5221,Supplier Reported Emissions,False,High,Scope_Emissions,Valid,2027,Supplier Target Pathway,2705.2381,1497.0788,2187.4555,2187.4555,517.7826,0.00024075,0.1914,690.3768,86.2971,9646.609,6821.2578,0.99,Critical,On Track to Glide Path
SUP-0051,Textiles Supplier 051,Textiles,2024,2021,2035,1958.5221,566.0083,210.5221,,9086118.81,73100833.8,1958.5221,Supplier Reported Emissions,False,High,Scope_Emissions,Valid,2028,Supplier Target Pathway,2705.2381,1497.0788,2101.1584,2101.1584,604.0797,0.00023125,0.2233,604.0797,86.2971,7545.4506,8922.4162,0.99,Critical,On Track to Glide Path
SUP-0051,Textiles Supplier 051,Textiles,2024,2021,2035,1958.5221,566.0083,210.5221,,9086118.81,73100833.8,1958.5221,Supplier Reported Emissions,False,High,Scope_Emissions,Valid,2029,Supplier Target Pathway,2705.2381,1497.0788,2014.8613,2014.8613,690.3768,0.00022175,0.2552,517.7826,86.2971,5530.5893,10937.2775,0.99,High,On Track to Glide Path
SUP-0051,Textiles Supplier 051,Textiles,2024,2021,2035,1958.5221,566.0083,210.5221,,9086118.81,73100833.8,1958.5221,Supplier Reported Emissions,False,High,Scope_Emissions,Valid,2030,Supplier Target Pathway,2705.2381,1497.0788,1928.5642,1928.5642,776.6739,0.00021225,0.2871,431.4855,86.2971,3602.0251,12865.8417,0.99,High,On Track to Glide Path
SUP-0051,Textiles Supplier 051,Textiles,2024,2021,2035,1958.5221,566.0083,210.5221,,9086118.81,73100833.8,1958.5221,Supplier Reported Emissions,False,High,Scope_Emissions,Valid,2031,Supplier Target Pathway,2705.2381,1497.0788,1842.2671,1842.2671,862.971,0.00020276,0.319,345.1884,86.2971,1759.758,14708.1088,0.99,High,On Track to Glide Path
SUP-0051,Textiles Supplier 051,Textiles,2024,2021,2035,1958.5221,566.0083,210.5221,,9086118.81,73100833.8,1958.5221,Supplier Reported Emissions,False,High,Scope_Emissions,Valid,2032,Supplier Target Pathway,2705.2381,1497.0788,1755.9701,1755.9701,949.268,0.00019326,0.3509,258.8913,86.2971,3.7879,16464.0789,0.99,High,On Track to Glide Path
SUP-0051,Textiles Supplier 051,Textiles,2024,2021,2035,1958.5221,566.0083,210.5221,,9086118.81,73100833.8,1958.5221,Supplier Reported Emissions,False,High,Scope_Emissions,Valid,2033,Supplier Target Pathway,2705.2381,1497.0788,1669.673,1669.673,1035.5651,0.00018376,0.3828,172.5942,86.2971,-1665.8851,18133.7519,0.99,Medium,On Track to Glide Path
SUP-0051,Textiles Supplier 051,Textiles,2024,2021,2035,1958.5221,566.0083,210.5221,,9086118.81,73100833.8,1958.5221,Supplier Reported Emissions,False,High,Scope_Emissions,Valid,2034,Supplier Target Pathway,2705.2381,1497.0788,1583.3759,1583.3759,1121.8622,0.00017426,0.4147,86.2971,86.2971,-3249.261,19717.1278,0.99,Medium,On Track to Glide Path
SUP-0051,Textiles Supplier 051,Textiles,2024,2021,2035,1958.5221,566.0083,210.5221,,9086118.81,73100833.8,1958.5221,Supplier Reported Emissions,False,High,Scope_Emissions,Valid,2035,Supplier Target Pathway,2705.2381,1497.0788,1497.0788,1497.0788,1208.1593,0.00016477,0.4466,0.0,86.2971,-4746.3398,21214.2066,0.99,Low,On Track
SUP-0051,Textiles Supplier 051,Textiles,2024,2021,2035,1958.5221,566.0083,210.5221,,9086118.81,73100833.8,1958.5221,Supplier Reported Emissions,False,High,Scope_Emissions,Valid,2036,Supplier Target Pathway,2705.2381,1497.0788,1497.0788,1497.0788,1208.1593,0.00016477,0.4466,0.0,86.2971,-6243.4186,22711.2854,0.99,Low,On Track
SUP-0051,Textiles Supplier 051,Textiles,2024,2021,2035,1958.5221,566.0083,210.5221,,9086118.81,73100833.8,1958.5221,Supplier Reported Emissions,False,High,Scope_Emissions,Valid,2037,Supplier Target Pathway,2705.2381,1497.0788,1497.0788,1497.0788,1208.1593,0.00016477,0.4466,0.0,86.2971,-7740.4974,24208.3642,0.99,Low,On Track
SUP-0051,Textiles Supplier 051,Textiles,2024,2021,2035,1958.5221,566.0083,210.5221,,9086118.81,73100833.8,1958.5221,Supplier Reported Emissions,False,High,Scope_Emissions,Valid,2038,Supplier Target Pathway,2705.2381,1497.0788,1497.0788,1497.0788,1208.1593,0.00016477,0.4466,0.0,86.2971,-9237.5762,25705.443,0.99,Low,On Track
SUP-0051,Textiles Supplier 051,Textiles,2024,2021,2035,1958.5221,566.0083,210.5221,,9086118.81,73100833.8,1958.5221,Supplier Reported Emissions,False,High,Scope_Emissions,Valid,2039,Supplier Target Pathway,2705.2381,1497.0788,1497.0788,1497.0788,1208.1593,0.00016477,0.4466,0.0,86.2971,-10734.655,27202.5218,0.99,Low,On Track
SUP-0051,Textiles Supplier 051,Textiles,2024,2021,2035,1958.5221,566.0083,210.5221,,9086118.81,73100833.8,1958.5221,Supplier Reported Emissions,False,High,Scope_Emissions,Valid,2040,Supplier Target Pathway,2705.2381,1497.0788,1497.0788,1497.0788,1208.1593,0.00016477,0.4466,0.0,86.2971,-12231.7338,28699.6006,0.99,Low,On Track
SUP-0052,Electronics Supplier 052,Electronics,2024,2015,2040,6648.7037,,490.2344,5038.2233,17480428.95,59211096.29,6648.7037,Supplier Reported Emissions,False,High,Scope_Emissions,Valid,2025,Industry Haircut Pathway,10231.0759,6727.9555,8829.8277,8829.8277,1401.2482,0.00050513,0.13696,2101.8722,140.1248,98817.4603,8829.8277,0.943,High,On Track to Glide Path
SUP-0052,Electronics Supplier 052,Electronics,2024,2015,2040,6648.7037,,490.2344,5038.2233,17480428.95,59211096.29,6648.7037,Supplier Reported Emissions,False,High,Scope_Emissions,Valid,2026,Industry Haircut Pathway,10231.0759,6727.9555,8689.7029,8689.7029,1541.373,0.00049711,0.150656,1961.7474,140.1248,90127.7574,17519.5306,0.943,High,On Track to Glide Path
SUP-0052,Electronics Supplier 052,Electronics,2024,2015,2040,6648.7037,,490.2344,5038.2233,17480428.95,59211096.29,6648.7037,Supplier Reported Emissions,False,High,Scope_Emissions,Valid,2027,Industry Haircut Pathway,10231.0759,6727.9555,8549.5781,8549.5781,1681.4978,0.00048909,0.164352,1821.6226,140.1248,81578.1793,26069.1087,0.943,High,On Track to Glide Path
SUP-0052,Electronics Supplier 052,Electronics,2024,2015,2040,6648.7037,,490.2344,5038.2233,17480428.95,59211096.29,6648.7037,Supplier Reported Emissions,False,High,Scope_Emissions,Valid,2028,Industry Haircut Pathway,10231.0759,6727.9555,8409.4533,8409.4533,1821.6226,0.00048108,0.178048,1681.4978,140.1248,73168.726,34478.562,0.943,High,On Track to Glide Path
SUP-0052,Electronics Supplier 052,Electronics,2024,2015,2040,6648.7037,,490.2344,5038.2233,17480428.95,59211096.29,6648.7037,Supplier Reported Emissions,False,High,Scope_Emissions,Valid,2029,Industry Haircut Pathway,10231.0759,6727.9555,8269.3285,8269.3285,1961.7474,0.00047306,0.191744,1541.373,140.1248,64899.3975,42747.8905,0.943,High,On Track to Glide Path
SUP-0052,Electronics Supplier 052,Electronics,2024,2015,2040,6648.7037,,490.2344,5038.2233,17480428.95,59211096.29,6648.7037,Supplier Reported Emissions,False,High,Scope_Emissions,Valid,2030,Industry Haircut Pathway,10231.0759,6727.9555,8129.2037,8129.2037,2101.8722,0.00046505,0.20544,1401.2482,140.1248,56770.1938,50877.0942,0.943,High,On Track to Glide Path
SUP-0052,Electronics Supplier 052,Electronics,2024,2015,2040,6648.7037,,490.2344,5038.2233,17480428.95,59211096.29,6648.7037,Supplier Reported Emissions,False,High,Scope_Emissions,Valid,2031,Industry Haircut Pathway,10231.0759,6727.9555,7989.0789,7989.0789,2241.997,0.00045703,0.219136,1261.1233,140.1248,48781.1149,58866.1731,0.943,High,On Track to Glide Path
SUP-0052,Electronics Supplier 052,Electronics,2024,2015,2040,6648.7037,,490.2344,5038.2233,17480428.95,59211096.29,6648.7037,Supplier Reported Emissions,False,High,Scope_Emissions,Valid,2032,Industry Haircut Pathway,10231.0759,6727.9555,7848.954,7848.954,2382.1219,0.00044901,0.232832,1120.9985,140.1248,40932.1609,66715.1271,0.943,High,On Track to Glide Path
SUP-0052,Electronics Supplier 052,Electronics,2024,2015,2040,6648.7037,,490.2344,5038.2233,17480428.95,59211096.29,6648.7037,Supplier Reported Emissions,False,High,Scope_Emissions,Valid,2033,Industry Haircut Pathway,10231.0759,6727.9555,7708.8292,7708.8292,2522.2467,0.000441,0.246528,980.8737,140.1248,33223.3317,74423.9563,0.943,Medium,On Track to Glide Path
SUP-0052,Electronics Supplier 052,Electronics,2024,2015,2040,6648.7037,,490.2344,5038.2233,17480428.95,59211096.29,6648.7037,Supplier Reported Emissions,False,High,Scope_Emissions,Valid,2034,Industry Haircut Pathway,10231.0759,6727.9555,7568.7044,7568.7044,2662.3715,0.00043298,0.260224,840.7489,140.1248,25654.6273,81992.6607,0.943,Medium,On Track to Glide Path
SUP-0052,Electronics Supplier 052,Electronics,2024,2015,2040,6648.7037,,490.2344,5038.2233,17480428.95,59211096.29,6648.7037,Supplier Reported Emissions,False,High,Scope_Emissions,Valid,2035,Industry Haircut Pathway,10231.0759,6727.9555,7428.5796,7428.5796,2802.4963,0.00042497,0.27392,700.6241,140.1248,18226.0477,89421.2403,0.943,Medium,On Track to Glide Path
SUP-0052,Electronics Supplier 052,Electronics,2024,2015,2040,6648.7037,,490.2344,5038.2233,17480428.95,59211096.29,6648.7037,Supplier Reported Emissions,False,High,Scope_Emissions,Valid,2036,Industry Haircut Pathway,10231.0759,6727.9555,7288.4548,7288.4548,2942.6211,0.00041695,0.287616,560.4993,140.1248,10937.5929,96709.6951,0.943,Medium,On Track to Glide Path
SUP-0052,Electronics Supplier 052,Electronics,2024,2015,2040,6648.7037,,490.2344,5038.2233,17480428.95,59211096.29,6648.7037,Supplier Reported Emissions,False,High,Scope_Emissions,Valid,2037,Industry Haircut Pathway,10231.0759,6727.9555,7148.33,7148.33,3082.7459,0.00040893,0.301312,420.3744,140.1248,3789.2629,103858.0251,0.943,Medium,On Track to Glide Path
SUP-0052,Electronics Supplier 052,Electronics,2024,2015,2040,6648.7037,,490.2344,5038.2233,17480428.95,59211096.29,6648.7037,Supplier Reported Emissions,False,High,Scope_Emissions,Valid,2038,Industry Haircut Pathway,10231.0759,6727.9555,7008.2051,7008.2051,3222.8708,0.00040092,0.315008,280.2496,140.1248,-3218.9422,110866.2302,0.943,Medium,On Track to Glide Path
SUP-0052,Electronics Supplier 052,Electronics,2024,2015,2040,6648.7037,,490.2344,5038.2233,17480428.95,59211096.29,6648.7037,Supplier Reported Emissions,False,High,Scope_Emissions,Valid,2039,Industry Haircut Pathway,10231.0759,6727.9555,6868.0803,6868.0803,3362.9956,0.0003929,0.328704,140.1248,140.1248,-10087.0225,117734.3105,0.943,Medium,On Track to Glide Path
SUP-0052,Electronics Supplier 052,Electronics,2024,2015,2040,6648.7037,,490.2344,5038.2233,17480428.95,59211096.29,6648.7037,Supplier Reported Emissions,False,High,Scope_Emissions,Valid,2040,Industry Haircut Pathway,10231.0759,6727.9555,6727.9555,6727.9555,3503.1204,0.00038489,0.3424,0.0,140.1248,-16814.978,124462.266,0.943,Low,On Track
SUP-0053,Electronics Supplier 053,Electronics,2024,2021,2030,,196.2945,144.2933,378.9051,917106.38,4831588.32,719.4929,Scope 1 + Scope 2 + Scope 3,True,High,Reported_Emissions,Valid,2025,Supplier Target Pathway,574.1628,238.6795,425.0591,425.0591,149.1037,0.00046348,0.259689,186.3796,37.2759,1007.0179,425.0591,0.99,Critical,On Track to Glide Path
SUP-0053,Electronics Supplier 053,Electronics,2024,2021,2030,,196.2945,144.2933,378.9051,917106.38,4831588.32,719.4929,Scope 1 + Scope 2 + Scope 3,True,High,Reported_Emissions,Valid,2026,Supplier Target Pathway,574.1628,238.6795,387.7832,387.7832,186.3796,0.00042283,0.324611,149.1037,37.2759,619.2347,812.8423,0.99,Critical,On Track to Glide Path
SUP-0053,Electronics Supplier 053,Electronics,2024,2021,2030,,196.2945,144.2933,378.9051,917106.38,4831588.32,719.4929,Scope 1 + Scope 2 + Scope 3,True,High,Reported_Emissions,Valid,2027,Supplier Target Pathway,574.1628,238.6795,350.5073,350.5073,223.6555,0.00038219,0.389533,111.8278,37.2759,268.7274,1163.3496,0.99,Critical,On Track to Glide Path
SUP-0053,Electronics Supplier 053,Electronics,2024,2021,2030,,196.2945,144.2933,378.9051,917106.38,4831588.32,719.4929,Scope 1 + Scope 2 + Scope 3,True,High,Reported_Emissions,Valid,2028,Supplier Target Pathway,574.1628,238.6795,313.2313,313.2313,260.9315,0.00034154,0.454456,74.5518,37.2759,-44.5039,1476.5809,0.99,High,On Track to Glide Path
SUP-0053,Electronics Supplier 053,Electronics,2024,2021,2030,,196.2945,144.2933,378.9051,917106.38,4831588.32,719.4929,Scope 1 + Scope 2 + Scope 3,True,High,Reported_Emissions,Valid,2029,Supplier Target Pathway,574.1628,238.6795,275.9554,275.9554,298.2074,0.0003009,0.519378,37.2759,37.2759,-320.4593,1752.5363,0.99,High,On Track to Glide Path
SUP-0053,Electronics Supplier 053,Electronics,2024,2021,2030,,196.2945,144.2933,378.9051,917106.38,4831588.32,719.4929,Scope 1 + Scope 2 + Scope 3,True,High,Reported_Emissions,Valid,2030,Supplier Target Pathway,574.1628,238.6795,238.6795,238.6795,335.4833,0.00026025,0.5843,0.0,37.2759,-559.1388,1991.2158,0.99,Low,On Track
SUP-0053,Electronics Supplier 053,Electronics,2024,2021,2030,,196.2945,144.2933,378.9051,917106.38,4831588.32,719.4929,Scope 1 + Scope 2 + Scope 3,True,High,Reported_Emissions,Valid,2031,Supplier Target Pathway,574.1628,238.6795,238.6795,238.6795,335.4833,0.00026025,0.5843,0.0,37.2759,-797.8183,2229.8953,0.99,Low,On Track
SUP-0053,Electronics Supplier 053,Electronics,2024,2021,2030,,196.2945,144.2933,378.9051,917106.38,4831588.32,719.4929,Scope 1 + Scope 2 + Scope 3,True,High,Reported_Emissions,Valid,2032,Supplier Target Pathway,574.1628,238.6795,238.6795,238.6795,335.4833,0.00026025,0.5843,0.0,37.2759,-1036.4978,2468.5748,0.99,Low,On Track
SUP-0053,Electronics Supplier 053,Electronics,2024,2021,2030,,196.2945,144.2933,378.9051,917106.38,4831588.32,719.4929,Scope 1 + Scope 2 + Scope 3,True,High,Reported_Emissions,Valid,2033,Supplier Target Pathway,574.1628,238.6795,238.6795,238.6795,335.4833,0.00026025,0.5843,0.0,37.2759,-1275.1773,2707.2543,0.99,Low,On Track
SUP-0053,Electronics Supplier 053,Electronics,2024,2021,2030,,196.2945,144.2933,378.9051,917106.38,4831588.32,719.4929,Scope 1 + Scope 2 + Scope 3,True,High,Reported_Emissions,Valid,2034,Supplier Target Pathway,574.1628,238.6795,238.6795,238.6795,335.4833,0.00026025,0.5843,0.0,37.2759,-1513.8568,2945.9338,0.99,Low,On Track
SUP-0053,Electronics Supplier 053,Electronics,2024,2021,2030,,196.2945,144.2933,378.9051,917106.38,4831588.32,719.4929,Scope 1 + Scope 2 + Scope 3,True,High,Reported_Emissions,Valid,2035,Supplier Target Pathway,574.1628,238.6795,238.6795,238.6795,335.4833,0.00026025,0.5843,0.0,37.2759,-1752.5363,3184.6133,0.99,Low,On Track
SUP-0053,Electronics Supplier 053,Electronics,2024,2021,2030,,196.2945,144.2933,378.9051,917106.38,4831588.32,719.4929,Scope 1 + Scope 2 + Scope 3,True,High,Reported_Emissions,Valid,2036,Supplier Target Pathway,574.1628,238.6795,238.6795,238.6795,335.4833,0.00026025,0.5843,0.0,37.2759,-1991.2158,3423.2928,0.99,Low,On Track
SUP-0053,Electronics Supplier 053,Electronics,2024,2021,2030,,196.2945,144.2933,378.9051,917106.38,4831588.32,719.4929,Scope 1 + Scope 2 + Scope 3,True,High,Reported_Emissions,Valid,2037,Supplier Target Pathway,574.1628,238.6795,238.6795,238.6795,335.4833,0.00026025,0.5843,0.0,37.2759,-2229.8953,3661.9723,0.99,Low,On Track
SUP-0053,Electronics Supplier 053,Electronics,2024,2021,2030,,196.2945,144.2933,378.9051,917106.38,4831588.32,719.4929,Scope 1 + Scope 2 + Scope 3,True,High,Reported_Emissions,Valid,2038,Supplier Target Pathway,574.1628,238.6795,238.6795,238.6795,335.4833,0.00026025,0.5843,0.0,37.2759,-2468.5748,3900.6518,0.99,Low,On Track
SUP-0053,Electronics Supplier 053,Electronics,2024,2021,2030,,196.2945,144.2933,378.9051,917106.38,4831588.32,719.4929,Scope 1 + Scope 2 + Scope 3,True,High,Reported_Emissions,Valid,2039,Supplier Target Pathway,574.1628,238.6795,238.6795,238.6795,335.4833,0.00026025,0.5843,0.0,37.2759,-2707.2543,4139.3313,0.99,Low,On Track
SUP-0053,Electronics Supplier 053,Electronics,2024,2021,2030,,196.2945,144.2933,378.9051,917106.38,4831588.32,719.4929,Scope 1 + Scope 2 + Scope 3,True,High,Reported_Emissions,Valid,2040,Supplier Target Pathway,574.1628,238.6795,238.6795,238.6795,335.4833,0.00026025,0.5843,0.0,37.2759,-2945.9338,4378.0108,0.99,Low,On Track
SUP-0054,Chemicals Supplier 054,Chemicals,2024,2019,2035,1075.8171,231.391,102.4218,762.7708,,3663142.89,1075.8171,Supplier Reported Emissions,False,High,Gross_Spend,Valid,2025,Supplier Target Pathway,1807.0777,1241.8238,1595.1075,1595.1075,211.9702,,,353.2837,35.3284,12064.9543,1595.1075,0.99,High,On Track to Glide Path
SUP-0054,Chemicals Supplier 054,Chemicals,2024,2019,2035,1075.8171,231.391,102.4218,762.7708,,3663142.89,1075.8171,Supplier Reported Emissions,False,High,Gross_Spend,Valid,2026,Supplier Target Pathway,1807.0777,1241.8238,1559.7791,1559.7791,247.2986,,,317.9553,35.3284,10505.1752,3154.8866,0.99,High,On Track to Glide Path
SUP-0054,Chemicals Supplier 054,Chemicals,2024,2019,2035,1075.8171,231.391,102.4218,762.7708,,3663142.89,1075.8171,Supplier Reported Emissions,False,High,Gross_Spend,Valid,2027,Supplier Target Pathway,1807.0777,1241.8238,1524.4507,1524.4507,282.627,,,282.627,35.3284,8980.7245,4679.3373,0.99,High,On Track to Glide Path
SUP-0054,Chemicals Supplier 054,Chemicals,2024,2019,2035,1075.8171,231.391,102.4218,762.7708,,3663142.89,1075.8171,Supplier Reported Emissions,False,High,Gross_Spend,Valid,2028,Supplier Target Pathway,1807.0777,1241.8238,1489.1224,1489.1224,317.9553,,,247.2986,35.3284,7491.6021,6168.4597,0.99,High,On Track to Glide Path
SUP-0054,Chemicals Supplier 054,Chemicals,2024,2019,2035,1075.8171,231.391,102.4218,762.7708,,3663142.89,1075.8171,Supplier Reported Emissions,False,High,Gross_Spend,Valid,2029,Supplier Target Pathway,1807.0777,1241.8238,1453.794,1453.794,353.2837,,,211.9702,35.3284,6037.8081,7622.2537,0.99,High,On Track to Glide Path
SUP-0054,Chemicals Supplier 054,Chemicals,2024,2019,2035,1075.8171,231.391,102.4218,762.7708,,3663142.89,1075.8171,Supplier Reported Emissions,False,High,Gross_Spend,Valid,2030,Supplier Target Pathway,1807.0777,1241.8238,1418.4656,1418.4656,388.6121,,,176.6418,35.3284,4619.3425,9040.7193,0.99,Medium,On Track to Glide Path
SUP-0054,Chemicals Supplier 054,Chemicals,2024,2019,2035,1075.8171,231.391,102.4218,762.7708,,3663142.89,1075.8171,Supplier Reported Emissions,False,High,Gross_Spend,Valid,2031,Supplier Target Pathway,1807.0777,1241.8238,1383.1373,1383.1373,423.9404,,,141.3135,35.3284,3236.2052,10423.8566,0.99,Medium,On Track to Glide Path
SUP-0054,Chemicals Supplier 054,Chemicals,2024,2019,2035,1075.8171,231.391,102.4218,762.7708,,3663142.89,1075.8171,Supplier Reported Emissions,False,High,Gross_Spend,Valid,2032,Supplier Target Pathway,1807.0777,1241.8238,1347.8089,1347.8089,459.2688,,,105.9851,35.3284,1888.3963,11771.6655,0.99,Medium,On Track to Glide Path
SUP-0054,Chemicals Supplier 054,Chemicals,2024,2019,2035,1075.8171,231.391,102.4218,762.7708,,3663142.89,1075.8171,Supplier Reported Emissions,False,High,Gross_Spend,Valid,2033,Supplier Target Pathway,1807.0777,1241.8238,1312.4805,1312.4805,494.5972,,,70.6567,35.3284,575.9158,13084.146,0.99,Medium,On Track to Glide Path
SUP-0054,Chemicals Supplier 054,Chemicals,2024,2019,2035,1075.8171,231.391,102.4218,762.7708,,3663142.89,1075.8171,Supplier Reported Emissions,False,High,Gross_Spend,Valid,2034,Supplier Target Pathway,1807.0777,1241.8238,1277.1522,1277.1522,529.9255,,,35.3284,35.3284,-701.2364,14361.2982,0.99,Medium,On Track to Glide Path
SUP-0054,Chemicals Supplier 054,Chemicals,2024,2019,2035,1075.8171,231.391,102.4218,762.7708,,3663142.89,1075.8171,Supplier Reported Emissions,False,High,Gross_Spend,Valid,2035,Supplier Target Pathway,1807.0777,1241.8238,1241.8238,1241.8238,565.2539,,,0.0,35.3284,-1943.0602,15603.122,0.99,Low,On Track
SUP-0054,Chemicals Supplier 054,Chemicals,2024,2019,2035,1075.8171,231.391,102.4218,762.7708,,3663142.89,1075.8171,Supplier Reported Emissions,False,High,Gross_Spend,Valid,2036,Supplier Target Pathway,1807.0777,1241.8238,1241.8238,1241.8238,565.2539,,,0.0,35.3284,-3184.884,16844.9458,0.99,Low,On Track
SUP-0054,Chemicals Supplier 054,Chemicals,2024,2019,2035,1075.8171,231.391,102.4218,762.7708,,3663142.89,1075.8171,Supplier Reported Emissions,False,High,Gross_Spend,Valid,2037,Supplier Target Pathway,1807.0777,1241.8238,1241.8238,1241.8238,565.2539,,,0.0,35.3284,-4426.7078,18086.7696,0.99,Low,On Track
SUP-0054,Chemicals Supplier 054,Chemicals,2024,2019,2035,1075.8171,231.391,102.4218,762.7708,,3663142.89,1075.8171,Supplier Reported Emissions,False,High,Gross_Spend,Valid,2038,Supplier Target Pathway,1807.0777,1241.8238,1241.8238,1241.8238,565.2539,,,0.0,35.3284,-5668.5316,19328.5934,0.99,Low,On Track
SUP-0054,Chemicals Supplier 054,Chemicals,2024,2019,2035,1075.8171,231.391,102.4218,762.7708,,3663142.89,1075.8171,Supplier Reported Emissions,False,High,Gross_Spend,Valid,2039,Supplier Target Pathway,1807.0777,1241.8238,1241.8238,1241.8238,565.2539,,,0.0,35.3284,-6910.3554,20570.4172,0.99,Low,On Track
SUP-0054,Chemicals Supplier 054,Chemicals,2024,2019,2035,1075.8171,231.391,102.4218,762.7708,,3663142.89,1075.8171,Supplier Reported Emissions,False,High,Gross_Spend,Valid,2040,Supplier Target Pathway,1807.0777,1241.8238,1241.8238,1241.8238,565.2539,,,0.0,35.3284,-8152.1792,21812.241,0.99,Low,On Track
SUP-0055,Chemicals Supplier 055,Chemicals,2024,2020,2040,,2223.8809,,20876.9168,32625215.05,121223052.52,32673.8266,Spend-Based Estimate,True,Medium,Reported_Emissions; Scope_Emissions,Valid,2025,Supplier Target Pathway,25123.3276,9707.6538,21269.4091,21269.4091,3853.9185,0.00065193,0.1534,11561.7554,770.7837,134053.0517,21269.4091,0.904,Critical,On Track to Glide Path
SUP-0055,Chemicals Supplier 055,Chemicals,2024,2020,2040,,2223.8809,,20876.9168,32625215.05,121223052.52,32673.8266,Spend-Based Estimate,True,Medium,Reported_Emissions; Scope_Emissions,Valid,2026,Supplier Target Pathway,25123.3276,9707.6538,20498.6255,20498.6255,4624.7021,0.00062831,0.18408,10790.9717,770.7837,113554.4262,41768.0346,0.904,Critical,On Track to Glide Path
SUP-0055,Chemicals Supplier 055,Chemicals,2024,2020,2040,,2223.8809,,20876.9168,32625215.05,121223052.52,32673.8266,Spend-Based Estimate,True,Medium,Reported_Emissions; Scope_Emissions,Valid,2027,Supplier Target Pathway,25123.3276,9707.6538,19727.8418,19727.8418,5395.4858,0.00060468,0.21476,10020.188,770.7837,93826.5844,61495.8764,0.904,Critical,On Track to Glide Path
SUP-0055,Chemicals Supplier 055,Chemicals,2024,2020,2040,,2223.8809,,20876.9168,32625215.05,121223052.52,32673.8266,Spend-Based Estimate,True,Medium,Reported_Emissions; Scope_Emissions,Valid,2028,Supplier Target Pathway,25123.3276,9707.6538,18957.0581,18957.0581,6166.2695,0.00058106,0.24544,9249.4043,770.7837,74869.5263,80452.9345,0.904,Critical,On Track to Glide Path
SUP-0055,Chemicals Supplier 055,Chemicals,2024,2020,2040,,2223.8809,,20876.9168,32625215.05,121223052.52,32673.8266,Spend-Based Estimate,True,Medium,Reported_Emissions; Scope_Emissions,Valid,2029,Supplier Target Pathway,25123.3276,9707.6538,18186.2744,18186.2744,6937.0532,0.00055743,0.27612,8478.6206,770.7837,56683.2519,98639.2089,0.904,Critical,On Track to Glide Path
SUP-0055,Chemicals Supplier 055,Chemicals,2024,2020,2040,,2223.8809,,20876.9168,32625215.05,121223052.52,32673.8266,Spend-Based Estimate,True,Medium,Reported_Emissions; Scope_Emissions,Valid,2030,Supplier Target Pathway,25123.3276,9707.6538,17415.4907,17415.4907,7707.8369,0.0005338,0.3068,7707.8369,770.7837,39267.7612,116054.6996,0.904,Critical,On Track to Glide Path
SUP-0055,Chemicals Supplier 055,Chemicals,2024,2020,2040,,2223.8809,,20876.9168,32625215.05,121223052.52,32673.8266,Spend-Based Estimate,True,Medium,Reported_Emissions; Scope_Emissions,Valid,2031,Supplier Target Pathway,25123.3276,9707.6538,16644.707,16644.707,8478.6206,0.00051018,0.33748,6937.0532,770.7837,22623.0542,132699.4066,0.904,Critical,On Track to Glide Path
SUP-0055,Chemicals Supplier 055,Chemicals,2024,2020,2040,,2223.8809,,20876.9168,32625215.05,121223052.52,32673.8266,Spend-Based Estimate,True,Medium,Reported_Emissions; Scope_Emissions,Valid,2032,Supplier Target Pathway,25123.3276,9707.6538,15873.9233,15873.9233,9249.4043,0.00048655,0.36816,6166.2695,770.7837,6749.1309,148573.3299,0.904,Critical,On Track to Glide Path
SUP-0055,Chemicals Supplier 055,Chemicals,2024,2020,2040,,2223.8809,,20876.9168,32625215.05,121223052.52,32673.8266,Spend-Based Estimate,True,Medium,Reported_Emissions; Scope_Emissions,Valid,2033,Supplier Target Pathway,25123.3276,9707.6538,15103.1396,15103.1396,10020.188,0.00046293,0.39884,5395.4858,770.7837,-8354.0087,163676.4695,0.904,Critical,On Track to Glide Path
SUP-0055,Chemicals Supplier 055,Chemicals,2024,2020,2040,,2223.8809,,20876.9168,32625215.05,121223052.52,32673.8266,Spend-Based Estimate,True,Medium,Reported_Emissions; Scope_Emissions,Valid,2034,Supplier Target Pathway,25123.3276,9707.6538,14332.3559,14332.3559,10790.9717,0.0004393,0.42952,4624.7021,770.7837,-22686.3646,178008.8254,0.904,Critical,On Track to Glide Path
SUP-0055,Chemicals Supplier 055,Chemicals,2024,2020,2040,,2223.8809,,20876.9168,32625215.05,121223052.52,32673.8266,Spend-Based Estimate,True,Medium,Reported_Emissions; Scope_Emissions,Valid,2035,Supplier Target Pathway,25123.3276,9707.6538,13561.5722,13561.5722,11561.7554,0.00041568,0.4602,3853.9185,770.7837,-36247.9368,191570.3976,0.904,Critical,On Track to Glide Path
SUP-0055,Chemicals Supplier 055,Chemicals,2024,2020,2040,,2223.8809,,20876.9168,32625215.05,121223052.52,32673.8266,Spend-Based Estimate,True,Medium,Reported_Emissions; Scope_Emissions,Valid,2036,Supplier Target Pathway,25123.3276,9707.6538,12790.7885,12790.7885,12332.5391,0.00039205,0.49088,3083.1348,770.7837,-49038.7253,204361.1861,0.904,High,On Track to Glide Path
SUP-0055,Chemicals Supplier 055,Chemicals,2024,2020,2040,,2223.8809,,20876.9168,32625215.05,121223052.52,32673.8266,Spend-Based Estimate,True,Medium,Reported_Emissions; Scope_Emissions,Valid,2037,Supplier Target Pathway,25123.3276,9707.6538,12020.0049,12020.0049,13103.3227,0.00036843,0.52156,2312.3511,770.7837,-61058.7302,216381.191,0.904,High,On Track to Glide Path
SUP-0055,Chemicals Supplier 055,Chemicals,2024,2020,2040,,2223.8809,,20876.9168,32625215.05,121223052.52,32673.8266,Spend-Based Estimate,True,Medium,Reported_Emissions; Scope_Emissions,Valid,2038,Supplier Target Pathway,25123.3276,9707.6538,11249.2212,11249.2212,13874.1064,0.0003448,0.55224,1541.5674,770.7837,-72307.9514,227630.4122,0.904,High,On Track to Glide Path
SUP-0055,Chemicals Supplier 055,Chemicals,2024,2020,2040,,2223.8809,,20876.9168,32625215.05,121223052.52,32673.8266,Spend-Based Estimate,True,Medium,Reported_Emissions; Scope_Emissions,Valid,2039,Supplier Target Pathway,25123.3276,9707.6538,10478.4375,10478.4375,14644.8901,0.00032118,0.58292,770.7837,770.7837,-82786.3889,238108.8497,0.904,Medium,On Track to Glide Path
SUP-0055,Chemicals Supplier 055,Chemicals,2024,2020,2040,,2223.8809,,20876.9168,32625215.05,121223052.52,32673.8266,Spend-Based Estimate,True,Medium,Reported_Emissions; Scope_Emissions,Valid,2040,Supplier Target Pathway,25123.3276,9707.6538,9707.6538,9707.6538,15415.6738,0.00029755,0.6136,0.0,770.7837,-92494.0427,247816.5035,0.904,Low,On Track
SUP-0056,Metals Supplier 056,Metals,2024,2015,2030,6263.882,,552.8304,4955.6678,5090864.96,29346554.29,6263.882,Supplier Reported Emissions,False,High,Scope_Emissions,Valid,2025,Industry Haircut Pathway,7451.9926,4581.4851,5538.3209,5538.3209,1913.6717,0.00108789,0.2568,956.8358,191.3672,21950.5897,5538.3209,0.925,High,On Track to Glide Path
SUP-0056,Metals Supplier 056,Metals,2024,2015,2030,6263.882,,552.8304,4955.6678,5090864.96,29346554.29,6263.882,Supplier Reported Emissions,False,High,Scope_Emissions,Valid,2026,Industry Haircut Pathway,7451.9926,4581.4851,5346.9537,5346.9537,2105.0389,0.0010503,0.28248,765.4687,191.3672,16603.636,10885.2746,0.925,High,On Track to Glide Path
SUP-0056,Metals Supplier 056,Metals,2024,2015,2030,6263.882,,552.8304,4955.6678,5090864.96,29346554.29,6263.882,Supplier Reported Emissions,False,High,Scope_Emissions,Valid,2027,Industry Haircut Pathway,7451.9926,4581.4851,5155.5866,5155.5866,2296.406,0.00101271,0.30816,574.1015,191.3672,11448.0494,16040.8612,0.925,Medium,On Track to Glide Path
SUP-0056,Metals Supplier 056,Metals,2024,2015,2030,6263.882,,552.8304,4955.6678,5090864.96,29346554.29,6263.882,Supplier Reported Emissions,False,High,Scope_Emissions,Valid,2028,Industry Haircut Pathway,7451.9926,4581.4851,4964.2194,4964.2194,2487.7732,0.00097512,0.33384,382.7343,191.3672,6483.83,21005.0806,0.925,Medium,On Track to Glide Path
SUP-0056,Metals Supplier 056,Metals,2024,2015,2030,6263.882,,552.8304,4955.6678,5090864.96,29346554.29,6263.882,Supplier Reported Emissions,False,High,Scope_Emissions,Valid,2029,Industry Haircut Pathway,7451.9926,4581.4851,4772.8522,4772.8522,2679.1404,0.00093753,0.35952,191.3672,191.3672,1710.9778,25777.9328,0.925,Medium,On Track to Glide Path
SUP-0056,Metals Supplier 056,Metals,2024,2015,2030,6263.882,,552.8304,4955.6678,5090864.96,29346554.29,6263.882,Supplier Reported Emissions,False,High,Scope_Emissions,Valid,2030,Industry Haircut Pathway,7451.9926,4581.4851,4581.4851,4581.4851,2870.5075,0.00089994,0.3852,0.0,191.3672,-2870.5073,30359.4179,0.925,Low,On Track
SUP-0056,Metals Supplier 056,Metals,2024,2015,2030,6263.882,,552.8304,4955.6678,5090864.96,29346554.29,6263.882,Supplier Reported Emissions,False,High,Scope_Emissions,Valid,2031,Industry Haircut Pathway,7451.9926,4581.4851,4581.4851,4581.4851,2870.5075,0.00089994,0.3852,0.0,191.3672,-7451.9924,34940.903,0.925,Low,On Track
SUP-0056,Metals Supplier 056,Metals,2024,2015,2030,6263.882,,552.8304,4955.6678,5090864.96,29346554.29,6263.882,Supplier Reported Emissions,False,High,Scope_Emissions,Valid,2032,Industry Haircut Pathway,7451.9926,4581.4851,4581.4851,4581.4851,2870.5075,0.00089994,0.3852,0.0,191.3672,-12033.4775,39522.3881,0.925,Low,On Track
SUP-0056,Metals Supplier 056,Metals,2024,2015,2030,6263.882,,552.8304,4955.6678,5090864.96,29346554.29,6263.882,Supplier Reported Emissions,False,High,Scope_Emissions,Valid,2033,Industry Haircut Pathway,7451.9926,4581.4851,4581.4851,4581.4851,2870.5075,0.00089994,0.3852,0.0,191.3672,-16614.9626,44103.8732,0.925,Low,On Track
SUP-0056,Metals Supplier 056,Metals,2024,2015,2030,6263.882,,552.8304,4955.6678,5090864.96,29346554.29,6263.882,Supplier Reported Emissions,False,High,Scope_Emissions,Valid,2034,Industry Haircut Pathway,7451.9926,4581.4851,4581.4851,4581.4851,2870.5075,0.00089994,0.3852,0.0,191.3672,-21196.4477,48685.3583,0.925,Low,On Track
SUP-0056,Metals Supplier 056,Metals,2024,2015,2030,6263.882,,552.8304,4955.6678,5090864.96,29346554.29,6263.882,Supplier Reported Emissions,False,High,Scope_Emissions,Valid,2035,Industry Haircut Pathway,7451.9926,4581.4851,4581.4851,4581.4851,2870.5075,0.00089994,0.3852,0.0,191.3672,-25777.9328,53266.8434,0.925,Low,On Track
SUP-0056,Metals Supplier 056,Metals,2024,2015,2030,6263.882,,552.8304,4955.6678,5090864.96,29346554.29,6263.882,Supplier Reported Emissions,False,High,Scope_Emissions,Valid,2036,Industry Haircut Pathway,7451.9926,4581.4851,4581.4851,4581.4851,2870.5075,0.00089994,0.3852,0.0,191.3672,-30359.4179,57848.3285,0.925,Low,On Track
SUP-0056,Metals Supplier 056,Metals,2024,2015,2030,6263.882,,552.8304,4955.6678,5090864.96,29346554.29,6263.882,Supplier Reported Emissions,False,High,Scope_Emissions,Valid,2037,Industry Haircut Pathway,7451.9926,4581.4851,4581.4851,4581.4851,2870.5075,0.00089994,0.3852,0.0,191.3672,-34940.903,62429.8136,0.925,Low,On Track
SUP-0056,Metals Supplier 056,Metals,2024,2015,2030,6263.882,,552.8304,4955.6678,5090864.96,29346554.29,6263.882,Supplier Reported Emissions,False,High,Scope_Emissions,Valid,2038,Industry Haircut Pathway,7451.9926,4581.4851,4581.4851,4581.4851,2870.5075,0.00089994,0.3852,0.0,191.3672,-39522.3881,67011.2987,0.925,Low,On Track
SUP-0056,Metals Supplier 056,Metals,2024,2015,2030,6263.882,,552.8304,4955.6678,5090864.96,29346554.29,6263.882,Supplier Reported Emissions,False,High,Scope_Emissions,Valid,2039,Industry Haircut Pathway,7451.9926,4581.4851,4581.4851,4581.4851,2870.5075,0.00089994,0.3852,0.0,191.3672,-44103.8732,71592.7838,0.925,Low,On Track
SUP-0056,Metals Supplier 056,Metals,2024,2015,2030,6263.882,,552.8304,4955.6678,5090864.96,29346554.29,6263.882,Supplier Reported Emissions,False,High,Scope_Emissions,Valid,2040,Industry Haircut Pathway,7451.9926,4581.4851,4581.4851,4581.4851,2870.5075,0.00089994,0.3852,0.0,191.3672,-48685.3583,76174.2689,0.925,Low,On Track
SUP-0057,Logistics Supplier 057,Logistics,2024,2015,2040,1525.2634,419.5206,124.3128,1060.4006,14118857.58,75357958.47,1525.2634,Supplier Reported Emissions,False,High,None,Valid,2025,Industry Haircut Pathway,1317.7511,709.4772,1074.4415,1074.4415,243.3096,7.61e-05,0.18464,364.9643,24.331,10277.1937,1074.4415,0.936,Critical,On Track to Glide Path
SUP-0057,Logistics Supplier 057,Logistics,2024,2015,2040,1525.2634,419.5206,124.3128,1060.4006,14118857.58,75357958.47,1525.2634,Supplier Reported Emissions,False,High,None,Valid,2026,Industry Haircut Pathway,1317.7511,709.4772,1050.1106,1050.1106,267.6405,7.438e-05,0.203104,340.6334,24.331,9227.0831,2124.5521,0.936,Critical,On Track to Glide Path
SUP-0057,Logistics Supplier 057,Logistics,2024,2015,2040,1525.2634,419.5206,124.3128,1060.4006,14118857.58,75357958.47,1525.2634,Supplier Reported Emissions,False,High,None,Valid,2027,Industry Haircut Pathway,1317.7511,709.4772,1025.7796,1025.7796,291.9715,7.265e-05,0.221568,316.3024,24.331,8201.3035,3150.3317,0.936,Critical,On Track to Glide Path
SUP-0057,Logistics Supplier 057,Logistics,2024,2015,2040,1525.2634,419.5206,124.3128,1060.4006,14118857.58,75357958.47,1525.2634,Supplier Reported Emissions,False,High,None,Valid,2028,Industry Haircut Pathway,1317.7511,709.4772,1001.4487,1001.4487,316.3024,7.093e-05,0.240032,291.9715,24.331,7199.8548,4151.7804,0.936,Critical,On Track to Glide Path
SUP-0057,Logistics Supplier 057,Logistics,2024,2015,2040,1525.2634,419.5206,124.3128,1060.4006,14118857.58,75357958.47,1525.2634,Supplier Reported Emissions,False,High,None,Valid,2029,Industry Haircut Pathway,1317.7511,709.4772,977.1177,977.1177,340.6334,6.921e-05,0.258496,267.6405,24.331,6222.7371,5128.8981,0.936,Critical,On Track to Glide Path
SUP-0057,Logistics Supplier 057,Logistics,2024,2015,2040,1525.2634,419.5206,124.3128,1060.4006,14118857.58,75357958.47,1525.2634,Supplier Reported Emissions,False,High,None,Valid,2030,Industry Haircut Pathway,1317.7511,709.4772,952.7868,952.7868,364.9643,6.748e-05,0.27696,243.3096,24.331,5269.9503,6081.6849,0.936,High,On Track to Glide Path
SUP-0057,Logistics Supplier 057,Logistics,2024,2015,2040,1525.2634,419.5206,124.3128,1060.4006,14118857.58,75357958.47,1525.2634,Supplier Reported Emissions,False,High,None,Valid,2031,Industry Haircut Pathway,1317.7511,709.4772,928.4558,928.4558,389.2953,6.576e-05,0.295424,218.9786,24.331,4341.4945,7010.1407,0.936,High,On Track to Glide Path
SUP-0057,Logistics Supplier 057,Logistics,2024,2015,2040,1525.2634,419.5206,124.3128,1060.4006,14118857.58,75357958.47,1525.2634,Supplier Reported Emissions,False,High,None,Valid,2032,Industry Haircut Pathway,1317.7511,709.4772,904.1248,904.1248,413.6263,6.404e-05,0.313888,194.6477,24.331,3437.3697,7914.2655,0.936,High,On Track to Glide Path
SUP-0057,Logistics Supplier 057,Logistics,2024,2015,2040,1525.2634,419.5206,124.3128,1060.4006,14118857.58,75357958.47,1525.2634,Supplier Reported Emissions,False,High,None,Valid,2033,Industry Haircut Pathway,1317.7511,709.4772,879.7939,879.7939,437.9572,6.231e-05,0.332352,170.3167,24.331,2557.5758,8794.0594,0.936,High,On Track to Glide Path
SUP-0057,Logistics Supplier 057,Logistics,2024,2015,2040,1525.2634,419.5206,124.3128,1060.4006,14118857.58,75357958.47,1525.2634,Supplier Reported Emissions,False,High,None,Valid,2034,Industry Haircut Pathway,1317.7511,709.4772,855.4629,855.4629,462.2882,6.059e-05,0.350816,145.9857,24.331,1702.1129,9649.5223,0.936,High,On Track to Glide Path
SUP-0057,Logistics Supplier 057,Logistics,2024,2015,2040,1525.2634,419.5206,124.3128,1060.4006,14118857.58,75357958.47,1525.2634,Supplier Reported Emissions,False,High,None,Valid,2035,Industry Haircut Pathway,1317.7511,709.4772,831.132,831.132,486.6191,5.887e-05,0.36928,121.6548,24.331,870.9809,10480.6543,0.936,High,On Track to Glide Path
SUP-0057,Logistics Supplier 057,Logistics,2024,2015,2040,1525.2634,419.5206,124.3128,1060.4006,14118857.58,75357958.47,1525.2634,Supplier Reported Emissions,False,High,None,Valid,2036,Industry Haircut Pathway,1317.7511,709.4772,806.801,806.801,510.9501,5.714e-05,0.387744,97.3238,24.331,64.1799,11287.4553,0.936,Medium,On Track to Glide Path
SUP-0057,Logistics Supplier 057,Logistics,2024,2015,2040,1525.2634,419.5206,124.3128,1060.4006,14118857.58,75357958.47,1525.2634,Supplier Reported Emissions,False,High,None,Valid,2037,Industry Haircut Pathway,1317.7511,709.4772,782.4701,782.4701,535.281,5.542e-05,0.406208,72.9929,24.331,-718.2902,12069.9254,0.936,Medium,On Track to Glide Path
SUP-0057,Logistics Supplier 057,Logistics,2024,2015,2040,1525.2634,419.5206,124.3128,1060.4006,14118857.58,75357958.47,1525.2634,Supplier Reported Emissions,False,High,None,Valid,2038,Industry Haircut Pathway,1317.7511,709.4772,758.1391,758.1391,559.612,5.37e-05,0.424672,48.6619,24.331,-1476.4293,12828.0645,0.936,Medium,On Track to Glide Path
SUP-0057,Logistics Supplier 057,Logistics,2024,2015,2040,1525.2634,419.5206,124.3128,1060.4006,14118857.58,75357958.47,1525.2634,Supplier Reported Emissions,False,High,None,Valid,2039,Industry Haircut Pathway,1317.7511,709.4772,733.8081,733.8081,583.943,5.197e-05,0.443136,24.331,24.331,-2210.2374,13561.8726,0.936,Medium,On Track to Glide Path
SUP-0057,Logistics Supplier 057,Logistics,2024,2015,2040,1525.2634,419.5206,124.3128,1060.4006,14118857.58,75357958.47,1525.2634,Supplier Reported Emissions,False,High,None,Valid,2040,Industry Haircut Pathway,1317.7511,709.4772,709.4772,709.4772,608.2739,5.025e-05,0.4616,0.0,24.331,-2919.7146,14271.3498,0.936,Low,On Track
SUP-0058,Textiles Supplier 058,Textiles,2024,2015,2030,526.2491,132.188,63.6001,348.878,1403243.17,1673627.42,526.2491,Supplier Reported Emissions,False,High,None,Valid,2025,Industry Haircut Pathway,531.5453,362.9923,419.1766,419.1766,112.3687,0.00029872,0.2114,56.1843,11.2369,1758.7772,419.1766,0.943,High,On Track to Glide Path
SUP-0058,Textiles Supplier 058,Textiles,2024,2015,2030,526.2491,132.188,63.6001,348.878,1403243.17,1673627.42,526.2491,Supplier Reported Emissions,False,High,None,Valid,2026,Industry Haircut Pathway,531.5453,362.9923,407.9398,407.9398,123.6055,0.00029071,0.23254,44.9475,11.2369,1350.8374,827.1164,0.943,Medium,On Track to Glide Path
SUP-0058,Textiles Supplier 058,Textiles,2024,2015,2030,526.2491,132.188,63.6001,348.878,1403243.17,1673627.42,526.2491,Supplier Reported Emissions,False,High,None,Valid,2027,Industry Haircut Pathway,531.5453,362.9923,396.7029,396.7029,134.8424,0.0002827,0.25368,33.7106,11.2369,954.1345,1223.8193,0.943,Medium,On Track to Glide Path
SUP-0058,Textiles Supplier 058,Textiles,2024,2015,2030,526.2491,132.188,63.6001,348.878,1403243.17,1673627.42,526.2491,Supplier Reported Emissions,False,High,None,Valid,2028,Industry Haircut Pathway,531.5453,362.9923,385.466,385.466,146.0793,0.0002747,0.27482,22.4737,11.2369,568.6685,1609.2853,0.943,Medium,On Track to Glide Path
SUP-0058,Textiles Supplier 058,Textiles,2024,2015,2030,526.2491,132.188,63.6001,348.878,1403243.17,1673627.42,526.2491,Supplier Reported Emissions,False,High,None,Valid,2029,Industry Haircut Pathway,531.5453,362.9923,374.2292,374.2292,157.3161,0.00026669,0.29596,11.2369,11.2369,194.4393,1983.5145,0.943,Medium,On Track to Glide Path
SUP-0058,Textiles Supplier 058,Textiles,2024,2015,2030,526.2491,132.188,63.6001,348.878,1403243.17,1673627.42,526.2491,Supplier Reported Emissions,False,High,None,Valid,2030,Industry Haircut Pathway,531.5453,362.9923,362.9923,362.9923,168.553,0.00025868,0.3171,0.0,11.2369,-168.553,2346.5068,0.943,Low,On Track
SUP-0058,Textiles Supplier 058,Textiles,2024,2015,2030,526.2491,132.188,63.6001,348.878,1403243.17,1673627.42,526.2491,Supplier Reported Emissions,False,High,None,Valid,2031,Industry Haircut Pathway,531.5453,362.9923,362.9923,362.9923,168.553,0.00025868,0.3171,0.0,11.2369,-531.5453,2709.4991,0.943,Low,On Track
SUP-0058,Textiles Supplier 058,Textiles,2024,2015,2030,526.2491,132.188,63.6001,348.878,1403243.17,1673627.42,526.2491,Supplier Reported Emissions,False,High,None,Valid,2032,Industry Haircut Pathway,531.5453,362.9923,362.9923,362.9923,168.553,0.00025868,0.3171,0.0,11.2369,-894.5376,3072.4914,0.943,Low,On Track
SUP-0058,Textiles Supplier 058,Textiles,2024,2015,2030,526.2491,132.188,63.6001,348.878,1403243.17,1673627.42,526.2491,Supplier Reported Emissions,False,High,None,Valid,2033,Industry Haircut Pathway,531.5453,362.9923,362.9923,362.9923,168.553,0.00025868,0.3171,0.0,11.2369,-1257.5299,3435.4837,0.943,Low,On Track
SUP-0058,Textiles Supplier 058,Textiles,2024,2015,2030,526.2491,132.188,63.6001,348.878,1403243.17,1673627.42,526.2491,Supplier Reported Emissions,False,High,None,Valid,2034,Industry Haircut Pathway,531.5453,362.9923,362.9923,362.9923,168.553,0.00025868,0.3171,0.0,11.2369,-1620.5222,3798.476,0.943,Low,On Track
SUP-0058,Textiles Supplier 058,Textiles,2024,2015,2030,526.2491,132.188,63.6001,348.878,1403243.17,1673627.42,526.2491,Supplier Reported Emissions,False,High,None,Valid,2035,Industry Haircut Pathway,531.5453,362.9923,362.9923,362.9923,168.553,0.00025868,0.3171,0.0,11.2369,-1983.5145,4161.4683,0.943,Low,On Track
SUP-0058,Textiles Supplier 058,Textiles,2024,2015,2030,526.2491,132.188,63.6001,348.878,1403243.17,1673627.42,526.2491,Supplier Reported Emissions,False,High,None,Valid,2036,Industry Haircut Pathway,531.5453,362.9923,362.9923,362.9923,168.553,0.00025868,0.3171,0.0,11.2369,-2346.5068,4524.4606,0.943,Low,On Track
SUP-0058,Textiles Supplier 058,Textiles,2024,2015,2030,526.2491,132.188,63.6001,348.878,1403243.17,1673627.42,526.2491,Supplier Reported Emissions,False,High,None,Valid,2037,Industry Haircut Pathway,531.5453,362.9923,362.9923,362.9923,168.553,0.00025868,0.3171,0.0,11.2369,-2709.4991,4887.4529,0.943,Low,On Track
SUP-0058,Textiles Supplier 058,Textiles,2024,2015,2030,526.2491,132.188,63.6001,348.878,1403243.17,1673627.42,526.2491,Supplier Reported Emissions,False,High,None,Valid,2038,Industry Haircut Pathway,531.5453,362.9923,362.9923,362.9923,168.553,0.00025868,0.3171,0.0,11.2369,-3072.4914,5250.4452,0.943,Low,On Track
SUP-0058,Textiles Supplier 058,Textiles,2024,2015,2030,526.2491,132.188,63.6001,348.878,1403243.17,1673627.42,526.2491,Supplier Reported Emissions,False,High,None,Valid,2039,Industry Haircut Pathway,531.5453,362.9923,362.9923,362.9923,168.553,0.00025868,0.3171,0.0,11.2369,-3435.4837,5613.4375,0.943,Low,On Track
SUP-0058,Textiles Supplier 058,Textiles,2024,2015,2030,526.2491,132.188,63.6001,348.878,1403243.17,1673627.42,526.2491,Supplier Reported Emissions,False,High,None,Valid,2040,Industry Haircut Pathway,531.5453,362.9923,362.9923,362.9923,168.553,0.00025868,0.3171,0.0,11.2369,-3798.476,5976.4298,0.943,Low,On Track
SUP-0059,Agriculture Supplier 059,Agriculture,2024,2021,2030,16745.9256,4802.5456,3057.7625,9738.0509,25054136.73,119475178.82,16745.9256,Supplier Reported Emissions,False,High,None,Valid,2025,Supplier Target Pathway,18746.8452,9467.1568,14622.5393,14622.5393,4124.3059,0.00058364,0.22,5155.3824,1031.0765,42180.4015,14622.5393,0.99,Critical,On Track to Glide Path
SUP-0059,Agriculture Supplier 059,Agriculture,2024,2021,2030,16745.9256,4802.5456,3057.7625,9738.0509,25054136.73,119475178.82,16745.9256,Supplier Reported Emissions,False,High,None,Valid,2026,Supplier Target Pathway,18746.8452,9467.1568,13591.4628,13591.4628,5155.3824,0.00054248,0.275,4124.3059,1031.0765,28588.9387,28214.0021,0.99,Critical,On Track to Glide Path
SUP-0059,Agriculture Supplier 059,Agriculture,2024,2021,2030,16745.9256,4802.5456,3057.7625,9738.0509,25054136.73,119475178.82,16745.9256,Supplier Reported Emissions,False,High,None,Valid,2027,Supplier Target Pathway,18746.8452,9467.1568,12560.3863,12560.3863,6186.4589,0.00050133,0.33,3093.2295,1031.0765,16028.5524,40774.3884,0.99,High,On Track to Glide Path
SUP-0059,Agriculture Supplier 059,Agriculture,2024,2021,2030,16745.9256,4802.5456,3057.7625,9738.0509,25054136.73,119475178.82,16745.9256,Supplier Reported Emissions,False,High,None,Valid,2028,Supplier Target Pathway,18746.8452,9467.1568,11529.3098,11529.3098,7217.5354,0.00046018,0.385,2062.153,1031.0765,4499.2426,52303.6982,0.99,High,On Track to Glide Path
SUP-0059,Agriculture Supplier 059,Agriculture,2024,2021,2030,16745.9256,4802.5456,3057.7625,9738.0509,25054136.73,119475178.82,16745.9256,Supplier Reported Emissions,False,High,None,Valid,2029,Supplier Target Pathway,18746.8452,9467.1568,10498.2333,10498.2333,8248.6119,0.00041902,0.44,1031.0765,1031.0765,-5998.9907,62801.9315,0.99,Medium,On Track to Glide Path
SUP-0059,Agriculture Supplier 059,Agriculture,2024,2021,2030,16745.9256,4802.5456,3057.7625,9738.0509,25054136.73,119475178.82,16745.9256,Supplier Reported Emissions,False,High,None,Valid,2030,Supplier Target Pathway,18746.8452,9467.1568,9467.1568,9467.1568,9279.6884,0.00037787,0.495,0.0,1031.0765,-15466.1475,72269.0883,0.99,Low,On Track
SUP-0059,Agriculture Supplier 059,Agriculture,2024,2021,2030,16745.9256,4802.5456,3057.7625,9738.0509,25054136.73,119475178.82,16745.9256,Supplier Reported Emissions,False,High,None,Valid,2031,Supplier Target Pathway,18746.8452,9467.1568,9467.1568,9467.1568,9279.6884,0.00037787,0.495,0.0,1031.0765,-24933.3043,81736.2451,0.99,Low,On Track
SUP-0059,Agriculture Supplier 059,Agriculture,2024,2021,2030,16745.9256,4802.5456,3057.7625,9738.0509,25054136.73,119475178.82,16745.9256,Supplier Reported Emissions,False,High,None,Valid,2032,Supplier Target Pathway,18746.8452,9467.1568,9467.1568,9467.1568,9279.6884,0.00037787,0.495,0.0,1031.0765,-34400.4611,91203.4019,0.99,Low,On Track
SUP-0059,Agriculture Supplier 059,Agriculture,2024,2021,2030,16745.9256,4802.5456,3057.7625,9738.0509,25054136.73,119475178.82,16745.9256,Supplier Reported Emissions,False,High,None,Valid,2033,Supplier Target Pathway,18746.8452,9467.1568,9467.1568,9467.1568,9279.6884,0.00037787,0.495,0.0,1031.0765,-43867.6179,100670.5587,0.99,Low,On Track
SUP-0059,Agriculture Supplier 059,Agriculture,2024,2021,2030,16745.9256,4802.5456,3057.7625,9738.0509,25054136.73,119475178.82,16745.9256,Supplier Reported Emissions,False,High,None,Valid,2034,Supplier Target Pathway,18746.8452,9467.1568,9467.1568,9467.1568,9279.6884,0.00037787,0.495,0.0,1031.0765,-53334.7747,110137.7155,0.99,Low,On Track
SUP-0059,Agriculture Supplier 059,Agriculture,2024,2021,2030,16745.9256,4802.5456,3057.7625,9738.0509,25054136.73,119475178.82,16745.9256,Supplier Reported Emissions,False,High,None,Valid,2035,Supplier Target Pathway,18746.8452,9467.1568,9467.1568,9467.1568,9279.6884,0.00037787,0.495,0.0,1031.0765,-62801.9315,119604.8723,0.99,Low,On Track
SUP-0059,Agriculture Supplier 059,Agriculture,2024,2021,2030,16745.9256,4802.5456,3057.7625,9738.0509,25054136.73,119475178.82,16745.9256,Supplier Reported Emissions,False,High,None,Valid,2036,Supplier Target Pathway,18746.8452,9467.1568,9467.1568,9467.1568,9279.6884,0.00037787,0.495,0.0,1031.0765,-72269.0883,129072.0291,0.99,Low,On Track
SUP-0059,Agriculture Supplier 059,Agriculture,2024,2021,2030,16745.9256,4802.5456,3057.7625,9738.0509,25054136.73,119475178.82,16745.9256,Supplier Reported Emissions,False,High,None,Valid,2037,Supplier Target Pathway,18746.8452,9467.1568,9467.1568,9467.1568,9279.6884,0.00037787,0.495,0.0,1031.0765,-81736.2451,138539.1859,0.99,Low,On Track
SUP-0059,Agriculture Supplier 059,Agriculture,2024,2021,2030,16745.9256,4802.5456,3057.7625,9738.0509,25054136.73,119475178.82,16745.9256,Supplier Reported Emissions,False,High,None,Valid,2038,Supplier Target Pathway,18746.8452,9467.1568,9467.1568,9467.1568,9279.6884,0.00037787,0.495,0.0,1031.0765,-91203.4019,148006.3427,0.99,Low,On Track
SUP-0059,Agriculture Supplier 059,Agriculture,2024,2021,2030,16745.9256,4802.5456,3057.7625,9738.0509,25054136.73,119475178.82,16745.9256,Supplier Reported Emissions,False,High,None,Valid,2039,Supplier Target Pathway,18746.8452,9467.1568,9467.1568,9467.1568,9279.6884,0.00037787,0.495,0.0,1031.0765,-100670.5587,157473.4995,0.99,Low,On Track
SUP-0059,Agriculture Supplier 059,Agriculture,2024,2021,2030,16745.9256,4802.5456,3057.7625,9738.0509,25054136.73,119475178.82,16745.9256,Supplier Reported Emissions,False,High,None,Valid,2040,Supplier Target Pathway,18746.8452,9467.1568,9467.1568,9467.1568,9279.6884,0.00037787,0.495,0.0,1031.0765,-110137.7155,166940.6563,0.99,Low,On Track
SUP-0060,Electronics Supplier 060,Electronics,2024,2020,2040,12011.7951,2604.7591,1268.3672,8862.7262,16079452.31,113406260.09,12011.7951,Supplier Reported Emissions,False,High,None,Valid,2025,Supplier Target Pathway,14058.0951,5628.8613,11950.7866,11950.7866,2107.3085,0.00074323,0.1499,6321.9254,421.4617,78110.9942,11950.7866,0.99,Critical,On Track to Glide Path
SUP-0060,Electronics Supplier 060,Electronics,2024,2020,2040,12011.7951,2604.7591,1268.3672,8862.7262,16079452.31,113406260.09,12011.7951,Supplier Reported Emissions,False,High,None,Valid,2026,Supplier Target Pathway,14058.0951,5628.8613,11529.325,11529.325,2528.7701,0.00071702,0.17988,5900.4637,421.4617,66581.6692,23480.1116,0.99,Critical,On Track to Glide Path
SUP-0060,Electronics Supplier 060,Electronics,2024,2020,2040,12011.7951,2604.7591,1268.3672,8862.7262,16079452.31,113406260.09,12011.7951,Supplier Reported Emissions,False,High,None,Valid,2027,Supplier Target Pathway,14058.0951,5628.8613,11107.8633,11107.8633,2950.2318,0.00069081,0.20986,5479.002,421.4617,55473.8059,34587.9749,0.99,Critical,On Track to Glide Path
SUP-0060,Electronics Supplier 060,Electronics,2024,2020,2040,12011.7951,2604.7591,1268.3672,8862.7262,16079452.31,113406260.09,12011.7951,Supplier Reported Emissions,False,High,None,Valid,2028,Supplier Target Pathway,14058.0951,5628.8613,10686.4016,10686.4016,3371.6935,0.0006646,0.23984,5057.5403,421.4617,44787.4043,45274.3765,0.99,Critical,On Track to Glide Path
SUP-0060,Electronics Supplier 060,Electronics,2024,2020,2040,12011.7951,2604.7591,1268.3672,8862.7262,16079452.31,113406260.09,12011.7951,Supplier Reported Emissions,False,High,None,Valid,2029,Supplier Target Pathway,14058.0951,5628.8613,10264.9399,10264.9399,3793.1552,0.00063839,0.26982,4636.0786,421.4617,34522.4644,55539.3164,0.99,Critical,On Track to Glide Path
SUP-0060,Electronics Supplier 060,Electronics,2024,2020,2040,12011.7951,2604.7591,1268.3672,8862.7262,16079452.31,113406260.09,12011.7951,Supplier Reported Emissions,False,High,None,Valid,2030,Supplier Target Pathway,14058.0951,5628.8613,9843.4782,9843.4782,4214.6169,0.00061218,0.2998,4214.6169,421.4617,24678.9862,65382.7946,0.99,Critical,On Track to Glide Path
SUP-0060,Electronics Supplier 060,Electronics,2024,2020,2040,12011.7951,2604.7591,1268.3672,8862.7262,16079452.31,113406260.09,12011.7951,Supplier Reported Emissions,False,High,None,Valid,2031,Supplier Target Pathway,14058.0951,5628.8613,9422.0165,9422.0165,4636.0786,0.00058597,0.32978,3793.1552,421.4617,15256.9697,74804.8111,0.99,Critical,On Track to Glide Path
SUP-0060,Electronics Supplier 060,Electronics,2024,2020,2040,12011.7951,2604.7591,1268.3672,8862.7262,16079452.31,113406260.09,12011.7951,Supplier Reported Emissions,False,High,None,Valid,2032,Supplier Target Pathway,14058.0951,5628.8613,9000.5548,9000.5548,5057.5403,0.00055976,0.35976,3371.6935,421.4617,6256.4149,83805.3659,0.99,Critical,On Track to Glide Path
SUP-0060,Electronics Supplier 060,Electronics,2024,2020,2040,12011.7951,2604.7591,1268.3672,8862.7262,16079452.31,113406260.09,12011.7951,Supplier Reported Emissions,False,High,None,Valid,2033,Supplier Target Pathway,14058.0951,5628.8613,8579.0931,8579.0931,5479.002,0.00053354,0.38974,2950.2318,421.4617,-2322.6782,92384.459,0.99,Critical,On Track to Glide Path
SUP-0060,Electronics Supplier 060,Electronics,2024,2020,2040,12011.7951,2604.7591,1268.3672,8862.7262,16079452.31,113406260.09,12011.7951,Supplier Reported Emissions,False,High,None,Valid,2034,Supplier Target Pathway,14058.0951,5628.8613,8157.6314,8157.6314,5900.4637,0.00050733,0.41972,2528.7701,421.4617,-10480.3096,100542.0904,0.99,Critical,On Track to Glide Path
SUP-0060,Electronics Supplier 060,Electronics,2024,2020,2040,12011.7951,2604.7591,1268.3672,8862.7262,16079452.31,113406260.09,12011.7951,Supplier Reported Emissions,False,High,None,Valid,2035,Supplier Target Pathway,14058.0951,5628.8613,7736.1697,7736.1697,6321.9254,0.00048112,0.4497,2107.3085,421.4617,-18216.4793,108278.2601,0.99,Critical,On Track to Glide Path
SUP-0060,Electronics Supplier 060,Electronics,2024,2020,2040,12011.7951,2604.7591,1268.3672,8862.7262,16079452.31,113406260.09,12011.7951,Supplier Reported Emissions,False,High,None,Valid,2036,Supplier Target Pathway,14058.0951,5628.8613,7314.708,7314.708,6743.3871,0.00045491,0.47968,1685.8468,421.4617,-25531.1873,115592.9681,0.99,High,On Track to Glide Path
SUP-0060,Electronics Supplier 060,Electronics,2024,2020,2040,12011.7951,2604.7591,1268.3672,8862.7262,16079452.31,113406260.09,12011.7951,Supplier Reported Emissions,False,High,None,Valid,2037,Supplier Target Pathway,14058.0951,5628.8613,6893.2464,6893.2464,7164.8487,0.0004287,0.50966,1264.3851,421.4617,-32424.4337,122486.2145,0.99,High,On Track to Glide Path
SUP-0060,Electronics Supplier 060,Electronics,2024,2020,2040,12011.7951,2604.7591,1268.3672,8862.7262,16079452.31,113406260.09,12011.7951,Supplier Reported Emissions,False,High,None,Valid,2038,Supplier Target Pathway,14058.0951,5628.8613,6471.7847,6471.7847,7586.3104,0.00040249,0.53964,842.9234,421.4617,-38896.2184,128957.9992,0.99,Medium,On Track to Glide Path
SUP-0060,Electronics Supplier 060,Electronics,2024,2020,2040,12011.7951,2604.7591,1268.3672,8862.7262,16079452.31,113406260.09,12011.7951,Supplier Reported Emissions,False,High,None,Valid,2039,Supplier Target Pathway,14058.0951,5628.8613,6050.323,6050.323,8007.7721,0.00037628,0.56962,421.4617,421.4617,-44946.5414,135008.3222,0.99,Medium,On Track to Glide Path
SUP-0060,Electronics Supplier 060,Electronics,2024,2020,2040,12011.7951,2604.7591,1268.3672,8862.7262,16079452.31,113406260.09,12011.7951,Supplier Reported Emissions,False,High,None,Valid,2040,Supplier Target Pathway,14058.0951,5628.8613,5628.8613,5628.8613,8429.2338,0.00035007,0.5996,0.0,421.4617,-50575.4027,140637.1835,0.99,Low,On Track
SUP-0061,Metals Supplier 061,Metals,2024,2018,2040,17695.9231,3153.7341,,10641.7766,33827325.5,,17695.9231,Supplier Reported Emissions,False,High,Revenue; Scope_Emissions,Valid,2025,Supplier Target Pathway,27929.3897,18377.5384,24890.1643,24890.1643,3039.2254,0.0007358,0.108818,6512.6259,434.1751,269150.4501,24890.1643,0.944,Critical,On Track to Glide Path
SUP-0061,Metals Supplier 061,Metals,2024,2018,2040,17695.9231,3153.7341,,10641.7766,33827325.5,,17695.9231,Supplier Reported Emissions,False,High,Revenue; Scope_Emissions,Valid,2026,Supplier Target Pathway,27929.3897,18377.5384,24455.9892,24455.9892,3473.4005,0.00072297,0.124364,6078.4508,434.1751,244694.4609,49346.1535,0.944,High,On Track to Glide Path
SUP-0061,Metals Supplier 061,Metals,2024,2018,2040,17695.9231,3153.7341,,10641.7766,33827325.5,,17695.9231,Supplier Reported Emissions,False,High,Revenue; Scope_Emissions,Valid,2027,Supplier Target Pathway,27929.3897,18377.5384,24021.8142,24021.8142,3907.5755,0.00071013,0.139909,5644.2758,434.1751,220672.6467,73367.9677,0.944,High,On Track to Glide Path
SUP-0061,Metals Supplier 061,Metals,2024,2018,2040,17695.9231,3153.7341,,10641.7766,33827325.5,,17695.9231,Supplier Reported Emissions,False,High,Revenue; Scope_Emissions,Valid,2028,Supplier Target Pathway,27929.3897,18377.5384,23587.6391,23587.6391,4341.7506,0.0006973,0.155455,5210.1007,434.1751,197085.0076,96955.6068,0.944,High,On Track to Glide Path
SUP-0061,Metals Supplier 061,Metals,2024,2018,2040,17695.9231,3153.7341,,10641.7766,33827325.5,,17695.9231,Supplier Reported Emissions,False,High,Revenue; Scope_Emissions,Valid,2029,Supplier Target Pathway,27929.3897,18377.5384,23153.4641,23153.4641,4775.9256,0.00068446,0.171,4775.9256,434.1751,173931.5435,120109.0709,0.944,High,On Track to Glide Path
SUP-0061,Metals Supplier 061,Metals,2024,2018,2040,17695.9231,3153.7341,,10641.7766,33827325.5,,17695.9231,Supplier Reported Emissions,False,High,Revenue; Scope_Emissions,Valid,2030,Supplier Target Pathway,27929.3897,18377.5384,22719.289,22719.289,5210.1007,0.00067163,0.186545,4341.7506,434.1751,151212.2545,142828.3599,0.944,High,On Track to Glide Path
SUP-0061,Metals Supplier 061,Metals,2024,2018,2040,17695.9231,3153.7341,,10641.7766,33827325.5,,17695.9231,Supplier Reported Emissions,False,High,Revenue; Scope_Emissions,Valid,2031,Supplier Target Pathway,27929.3897,18377.5384,22285.1139,22285.1139,5644.2758,0.00065879,0.202091,3907.5755,434.1751,128927.1406,165113.4738,0.944,High,On Track to Glide Path
SUP-0061,Metals Supplier 061,Metals,2024,2018,2040,17695.9231,3153.7341,,10641.7766,33827325.5,,17695.9231,Supplier Reported Emissions,False,High,Revenue; Scope_Emissions,Valid,2032,Supplier Target Pathway,27929.3897,18377.5384,21850.9389,21850.9389,6078.4508,0.00064596,0.217636,3473.4005,434.1751,107076.2017,186964.4127,0.944,High,On Track to Glide Path
SUP-0061,Metals Supplier 061,Metals,2024,2018,2040,17695.9231,3153.7341,,10641.7766,33827325.5,,17695.9231,Supplier Reported Emissions,False,High,Revenue; Scope_Emissions,Valid,2033,Supplier Target Pathway,27929.3897,18377.5384,21416.7638,21416.7638,6512.6259,0.00063312,0.233182,3039.2254,434.1751,85659.4379,208381.1765,0.944,High,On Track to Glide Path
SUP-0061,Metals Supplier 061,Metals,2024,2018,2040,17695.9231,3153.7341,,10641.7766,33827325.5,,17695.9231,Supplier Reported Emissions,False,High,Revenue; Scope_Emissions,Valid,2034,Supplier Target Pathway,27929.3897,18377.5384,20982.5888,20982.5888,6946.8009,0.00062029,0.248727,2605.0503,434.1751,64676.8491,229363.7653,0.944,Medium,On Track to Glide Path
SUP-0061,Metals Supplier 061,Metals,2024,2018,2040,17695.9231,3153.7341,,10641.7766,33827325.5,,17695.9231,Supplier Reported Emissions,False,High,Revenue; Scope_Emissions,Valid,2035,Supplier Target Pathway,27929.3897,18377.5384,20548.4137,20548.4137,7380.976,0.00060745,0.264273,2170.8753,434.1751,44128.4354,249912.179,0.944,Medium,On Track to Glide Path
SUP-0061,Metals Supplier 061,Metals,2024,2018,2040,17695.9231,3153.7341,,10641.7766,33827325.5,,17695.9231,Supplier Reported Emissions,False,High,Revenue; Scope_Emissions,Valid,2036,Supplier Target Pathway,27929.3897,18377.5384,20114.2387,20114.2387,7815.151,0.00059462,0.279818,1736.7002,434.1751,24014.1967,270026.4177,0.944,Medium,On Track to Glide Path
SUP-0061,Metals Supplier 061,Metals,2024,2018,2040,17695.9231,3153.7341,,10641.7766,33827325.5,,17695.9231,Supplier Reported Emissions,False,High,Revenue; Scope_Emissions,Valid,2037,Supplier Target Pathway,27929.3897,18377.5384,19680.0636,19680.0636,8249.3261,0.00058178,0.295364,1302.5252,434.1751,4334.1331,289706.4813,0.944,Medium,On Track to Glide Path
SUP-0061,Metals Supplier 061,Metals,2024,2018,2040,17695.9231,3153.7341,,10641.7766,33827325.5,,17695.9231,Supplier Reported Emissions,False,High,Revenue; Scope_Emissions,Valid,2038,Supplier Target Pathway,27929.3897,18377.5384,19245.8885,19245.8885,8683.5012,0.00056895,0.310909,868.3501,434.1751,-14911.7554,308952.3698,0.944,Medium,On Track to Glide Path
SUP-0061,Metals Supplier 061,Metals,2024,2018,2040,17695.9231,3153.7341,,10641.7766,33827325.5,,17695.9231,Supplier Reported Emissions,False,High,Revenue; Scope_Emissions,Valid,2039,Supplier Target Pathway,27929.3897,18377.5384,18811.7135,18811.7135,9117.6762,0.00055611,0.326455,434.1751,434.1751,-33723.4689,327764.0833,0.944,Medium,On Track to Glide Path
SUP-0061,Metals Supplier 061,Metals,2024,2018,2040,17695.9231,3153.7341,,10641.7766,33827325.5,,17695.9231,Supplier Reported Emissions,False,High,Revenue; Scope_Emissions,Valid,2040,Supplier Target Pathway,27929.3897,18377.5384,18377.5384,18377.5384,9551.8513,0.00054327,0.342,0.0,434.1751,-52101.0073,346141.6217,0.944,Low,On Track
SUP-0062,Textiles Supplier 062,Textiles,2024,2018,2030,,812.8335,264.4192,1830.3096,13738661.39,94674571.62,2907.5623,Scope 1 + Scope 2 + Scope 3,True,High,Reported_Emissions,Valid,2025,Supplier Target Pathway,3984.6414,1880.3523,2757.1394,2757.1394,1227.502,0.00020068,0.308058,876.7871,175.3574,8524.9744,2757.1394,0.99,Critical,On Track to Glide Path
SUP-0062,Textiles Supplier 062,Textiles,2024,2018,2030,,812.8335,264.4192,1830.3096,13738661.39,94674571.62,2907.5623,Scope 1 + Scope 2 + Scope 3,True,High,Reported_Emissions,Valid,2026,Supplier Target Pathway,3984.6414,1880.3523,2581.782,2581.782,1402.8594,0.00018792,0.352067,701.4297,175.3574,5943.1924,5338.9214,0.99,Critical,On Track to Glide Path
SUP-0062,Textiles Supplier 062,Textiles,2024,2018,2030,,812.8335,264.4192,1830.3096,13738661.39,94674571.62,2907.5623,Scope 1 + Scope 2 + Scope 3,True,High,Reported_Emissions,Valid,2027,Supplier Target Pathway,3984.6414,1880.3523,2406.4246,2406.4246,1578.2168,0.00017516,0.396075,526.0723,175.3574,3536.7678,7745.346,0.99,High,On Track to Glide Path
SUP-0062,Textiles Supplier 062,Textiles,2024,2018,2030,,812.8335,264.4192,1830.3096,13738661.39,94674571.62,2907.5623,Scope 1 + Scope 2 + Scope 3,True,High,Reported_Emissions,Valid,2028,Supplier Target Pathway,3984.6414,1880.3523,2231.0671,2231.0671,1753.5743,0.00016239,0.440083,350.7149,175.3574,1305.7007,9976.4131,0.99,High,On Track to Glide Path
SUP-0062,Textiles Supplier 062,Textiles,2024,2018,2030,,812.8335,264.4192,1830.3096,13738661.39,94674571.62,2907.5623,Scope 1 + Scope 2 + Scope 3,True,High,Reported_Emissions,Valid,2029,Supplier Target Pathway,3984.6414,1880.3523,2055.7097,2055.7097,1928.9317,0.00014963,0.484092,175.3574,175.3574,-750.009,12032.1228,0.99,Medium,On Track to Glide Path
SUP-0062,Textiles Supplier 062,Textiles,2024,2018,2030,,812.8335,264.4192,1830.3096,13738661.39,94674571.62,2907.5623,Scope 1 + Scope 2 + Scope 3,True,High,Reported_Emissions,Valid,2030,Supplier Target Pathway,3984.6414,1880.3523,1880.3523,1880.3523,2104.2891,0.00013687,0.5281,0.0,175.3574,-2630.3613,13912.4751,0.99,Low,On Track
SUP-0062,Textiles Supplier 062,Textiles,2024,2018,2030,,812.8335,264.4192,1830.3096,13738661.39,94674571.62,2907.5623,Scope 1 + Scope 2 + Scope 3,True,High,Reported_Emissions,Valid,2031,Supplier Target Pathway,3984.6414,1880.3523,1880.3523,1880.3523,2104.2891,0.00013687,0.5281,0.0,175.3574,-4510.7136,15792.8274,0.99,Low,On Track
SUP-0062,Textiles Supplier 062,Textiles,2024,2018,2030,,812.8335,264.4192,1830.3096,13738661.39,94674571.62,2907.5623,Scope 1 + Scope 2 + Scope 3,True,High,Reported_Emissions,Valid,2032,Supplier Target Pathway,3984.6414,1880.3523,1880.3523,1880.3523,2104.2891,0.00013687,0.5281,0.0,175.3574,-6391.0659,17673.1797,0.99,Low,On Track
SUP-0062,Textiles Supplier 062,Textiles,2024,2018,2030,,812.8335,264.4192,1830.3096,13738661.39,94674571.62,2907.5623,Scope 1 + Scope 2 + Scope 3,True,High,Reported_Emissions,Valid,2033,Supplier Target Pathway,3984.6414,1880.3523,1880.3523,1880.3523,2104.2891,0.00013687,0.5281,0.0,175.3574,-8271.4182,19553.532,0.99,Low,On Track
SUP-0062,Textiles Supplier 062,Textiles,2024,2018,2030,,812.8335,264.4192,1830.3096,13738661.39,94674571.62,2907.5623,Scope 1 + Scope 2 + Scope 3,True,High,Reported_Emissions,Valid,2034,Supplier Target Pathway,3984.6414,1880.3523,1880.3523,1880.3523,2104.2891,0.00013687,0.5281,0.0,175.3574,-10151.7705,21433.8843,0.99,Low,On Track
SUP-0062,Textiles Supplier 062,Textiles,2024,2018,2030,,812.8335,264.4192,1830.3096,13738661.39,94674571.62,2907.5623,Scope 1 + Scope 2 + Scope 3,True,High,Reported_Emissions,Valid,2035,Supplier Target Pathway,3984.6414,1880.3523,1880.3523,1880.3523,2104.2891,0.00013687,0.5281,0.0,175.3574,-12032.1228,23314.2366,0.99,Low,On Track
SUP-0062,Textiles Supplier 062,Textiles,2024,2018,2030,,812.8335,264.4192,1830.3096,13738661.39,94674571.62,2907.5623,Scope 1 + Scope 2 + Scope 3,True,High,Reported_Emissions,Valid,2036,Supplier Target Pathway,3984.6414,1880.3523,1880.3523,1880.3523,2104.2891,0.00013687,0.5281,0.0,175.3574,-13912.4751,25194.5889,0.99,Low,On Track
SUP-0062,Textiles Supplier 062,Textiles,2024,2018,2030,,812.8335,264.4192,1830.3096,13738661.39,94674571.62,2907.5623,Scope 1 + Scope 2 + Scope 3,True,High,Reported_Emissions,Valid,2037,Supplier Target Pathway,3984.6414,1880.3523,1880.3523,1880.3523,2104.2891,0.00013687,0.5281,0.0,175.3574,-15792.8274,27074.9412,0.99,Low,On Track
SUP-0062,Textiles Supplier 062,Textiles,2024,2018,2030,,812.8335,264.4192,1830.3096,13738661.39,94674571.62,2907.5623,Scope 1 + Scope 2 + Scope 3,True,High,Reported_Emissions,Valid,2038,Supplier Target Pathway,3984.6414,1880.3523,1880.3523,1880.3523,2104.2891,0.00013687,0.5281,0.0,175.3574,-17673.1797,28955.2935,0.99,Low,On Track
SUP-0062,Textiles Supplier 062,Textiles,2024,2018,2030,,812.8335,264.4192,1830.3096,13738661.39,94674571.62,2907.5623,Scope 1 + Scope 2 + Scope 3,True,High,Reported_Emissions,Valid,2039,Supplier Target Pathway,3984.6414,1880.3523,1880.3523,1880.3523,2104.2891,0.00013687,0.5281,0.0,175.3574,-19553.532,30835.6458,0.99,Low,On Track
SUP-0062,Textiles Supplier 062,Textiles,2024,2018,2030,,812.8335,264.4192,1830.3096,13738661.39,94674571.62,2907.5623,Scope 1 + Scope 2 + Scope 3,True,High,Reported_Emissions,Valid,2040,Supplier Target Pathway,3984.6414,1880.3523,1880.3523,1880.3523,2104.2891,0.00013687,0.5281,0.0,175.3574,-21433.8843,32715.9981,0.99,Low,On Track
SUP-0063,Chemicals Supplier 063,Chemicals,2024,2020,2030,,8519.0365,,20099.7406,30605767.0,286220134.32,30651.3696,Spend-Based Estimate,True,Medium,Reported_Emissions; Scope_Emissions,Valid,2025,Supplier Target Pathway,23254.7308,11618.0635,17436.3972,17436.3972,5818.3336,0.00056971,0.2502,5818.3336,1163.6667,52271.9838,17436.3972,0.972,Critical,On Track to Glide Path
SUP-0063,Chemicals Supplier 063,Chemicals,2024,2020,2030,,8519.0365,,20099.7406,30605767.0,286220134.32,30651.3696,Spend-Based Estimate,True,Medium,Reported_Emissions; Scope_Emissions,Valid,2026,Supplier Target Pathway,23254.7308,11618.0635,16272.7304,16272.7304,6982.0004,0.00053169,0.30024,4654.6669,1163.6667,35999.2534,33709.1276,0.972,Critical,On Track to Glide Path
SUP-0063,Chemicals Supplier 063,Chemicals,2024,2020,2030,,8519.0365,,20099.7406,30605767.0,286220134.32,30651.3696,Spend-Based Estimate,True,Medium,Reported_Emissions; Scope_Emissions,Valid,2027,Supplier Target Pathway,23254.7308,11618.0635,15109.0637,15109.0637,8145.6671,0.00049367,0.35028,3491.0002,1163.6667,20890.1897,48818.1913,0.972,High,On Track to Glide Path
SUP-0063,Chemicals Supplier 063,Chemicals,2024,2020,2030,,8519.0365,,20099.7406,30605767.0,286220134.32,30651.3696,Spend-Based Estimate,True,Medium,Reported_Emissions; Scope_Emissions,Valid,2028,Supplier Target Pathway,23254.7308,11618.0635,13945.397,13945.397,9309.3338,0.00045565,0.40032,2327.3335,1163.6667,6944.7927,62763.5883,0.972,High,On Track to Glide Path
SUP-0063,Chemicals Supplier 063,Chemicals,2024,2020,2030,,8519.0365,,20099.7406,30605767.0,286220134.32,30651.3696,Spend-Based Estimate,True,Medium,Reported_Emissions; Scope_Emissions,Valid,2029,Supplier Target Pathway,23254.7308,11618.0635,12781.7302,12781.7302,10473.0006,0.00041762,0.45036,1163.6667,1163.6667,-5836.9375,75545.3185,0.972,Medium,On Track to Glide Path
SUP-0063,Chemicals Supplier 063,Chemicals,2024,2020,2030,,8519.0365,,20099.7406,30605767.0,286220134.32,30651.3696,Spend-Based Estimate,True,Medium,Reported_Emissions; Scope_Emissions,Valid,2030,Supplier Target Pathway,23254.7308,11618.0635,11618.0635,11618.0635,11636.6673,0.0003796,0.5004,0.0,1163.6667,-17455.001,87163.382,0.972,Low,On Track
SUP-0063,Chemicals Supplier 063,Chemicals,2024,2020,2030,,8519.0365,,20099.7406,30605767.0,286220134.32,30651.3696,Spend-Based Estimate,True,Medium,Reported_Emissions; Scope_Emissions,Valid,2031,Supplier Target Pathway,23254.7308,11618.0635,11618.0635,11618.0635,11636.6673,0.0003796,0.5004,0.0,1163.6667,-29073.0645,98781.4455,0.972,Low,On Track
SUP-0063,Chemicals Supplier 063,Chemicals,2024,2020,2030,,8519.0365,,20099.7406,30605767.0,286220134.32,30651.3696,Spend-Based Estimate,True,Medium,Reported_Emissions; Scope_Emissions,Valid,2032,Supplier Target Pathway,23254.7308,11618.0635,11618.0635,11618.0635,11636.6673,0.0003796,0.5004,0.0,1163.6667,-40691.128,110399.509,0.972,Low,On Track
SUP-0063,Chemicals Supplier 063,Chemicals,2024,2020,2030,,8519.0365,,20099.7406,30605767.0,286220134.32,30651.3696,Spend-Based Estimate,True,Medium,Reported_Emissions; Scope_Emissions,Valid,2033,Supplier Target Pathway,23254.7308,11618.0635,11618.0635,11618.0635,11636.6673,0.0003796,0.5004,0.0,1163.6667,-52309.1915,122017.5725,0.972,Low,On Track
SUP-0063,Chemicals Supplier 063,Chemicals,2024,2020,2030,,8519.0365,,20099.7406,30605767.0,286220134.32,30651.3696,Spend-Based Estimate,True,Medium,Reported_Emissions; Scope_Emissions,Valid,2034,Supplier Target Pathway,23254.7308,11618.0635,11618.0635,11618.0635,11636.6673,0.0003796,0.5004,0.0,1163.6667,-63927.255,133635.636,0.972,Low,On Track
SUP-0063,Chemicals Supplier 063,Chemicals,2024,2020,2030,,8519.0365,,20099.7406,30605767.0,286220134.32,30651.3696,Spend-Based Estimate,True,Medium,Reported_Emissions; Scope_Emissions,Valid,2035,Supplier Target Pathway,23254.7308,11618.0635,11618.0635,11618.0635,11636.6673,0.0003796,0.5004,0.0,1163.6667,-75545.3185,145253.6995,0.972,Low,On Track
SUP-0063,Chemicals Supplier 063,Chemicals,2024,2020,2030,,8519.0365,,20099.7406,30605767.0,286220134.32,30651.3696,Spend-Based Estimate,True,Medium,Reported_Emissions; Scope_Emissions,Valid,2036,Supplier Target Pathway,23254.7308,11618.0635,11618.0635,11618.0635,11636.6673,0.0003796,0.5004,0.0,1163.6667,-87163.382,156871.763,0.972,Low,On Track
SUP-0063,Chemicals Supplier 063,Chemicals,2024,2020,2030,,8519.0365,,20099.7406,30605767.0,286220134.32,30651.3696,Spend-Based Estimate,True,Medium,Reported_Emissions; Scope_Emissions,Valid,2037,Supplier Target Pathway,23254.7308,11618.0635,11618.0635,11618.0635,11636.6673,0.0003796,0.5004,0.0,1163.6667,-98781.4455,168489.8265,0.972,Low,On Track
SUP-0063,Chemicals Supplier 063,Chemicals,2024,2020,2030,,8519.0365,,20099.7406,30605767.0,286220134.32,30651.3696,Spend-Based Estimate,True,Medium,Reported_Emissions; Scope_Emissions,Valid,2038,Supplier Target Pathway,23254.7308,11618.0635,11618.0635,11618.0635,11636.6673,0.0003796,0.5004,0.0,1163.6667,-110399.509,180107.89,0.972,Low,On Track
SUP-0063,Chemicals Supplier 063,Chemicals,2024,2020,2030,,8519.0365,,20099.7406,30605767.0,286220134.32,30651.3696,Spend-Based Estimate,True,Medium,Reported_Emissions; Scope_Emissions,Valid,2039,Supplier Target Pathway,23254.7308,11618.0635,11618.0635,11618.0635,11636.6673,0.0003796,0.5004,0.0,1163.6667,-122017.5725,191725.9535,0.972,Low,On Track
SUP-0063,Chemicals Supplier 063,Chemicals,2024,2020,2030,,8519.0365,,20099.7406,30605767.0,286220134.32,30651.3696,Spend-Based Estimate,True,Medium,Reported_Emissions; Scope_Emissions,Valid,2040,Supplier Target Pathway,23254.7308,11618.0635,11618.0635,11618.0635,11636.6673,0.0003796,0.5004,0.0,1163.6667,-133635.636,203344.017,0.972,Low,On Track
SUP-0064,Metals Supplier 064,Metals,2024,2015,2030,18512.3188,2048.6314,3300.836,11675.9642,19059648.02,199927239.31,18512.3188,Supplier Reported Emissions,False,High,None,Valid,2025,Industry Haircut Pathway,100457.0157,61760.9733,74659.6541,74659.6541,25797.3616,0.00391716,0.2568,12898.6808,2579.7362,295906.1857,74659.6541,0.883,High,On Track to Glide Path
SUP-0064,Metals Supplier 064,Metals,2024,2015,2030,18512.3188,2048.6314,3300.836,11675.9642,19059648.02,199927239.31,18512.3188,Supplier Reported Emissions,False,High,None,Valid,2026,Industry Haircut Pathway,100457.0157,61760.9733,72079.9179,72079.9179,28377.0978,0.00378181,0.28248,10318.9447,2579.7362,223826.2678,146739.572,0.883,High,On Track to Glide Path
SUP-0064,Metals Supplier 064,Metals,2024,2015,2030,18512.3188,2048.6314,3300.836,11675.9642,19059648.02,199927239.31,18512.3188,Supplier Reported Emissions,False,High,None,Valid,2027,Industry Haircut Pathway,100457.0157,61760.9733,69500.1817,69500.1817,30956.834,0.00364646,0.30816,7739.2085,2579.7362,154326.0861,216239.7537,0.883,Medium,On Track to Glide Path
SUP-0064,Metals Supplier 064,Metals,2024,2015,2030,18512.3188,2048.6314,3300.836,11675.9642,19059648.02,199927239.31,18512.3188,Supplier Reported Emissions,False,High,None,Valid,2028,Industry Haircut Pathway,100457.0157,61760.9733,66920.4456,66920.4456,33536.5701,0.00351111,0.33384,5159.4723,2579.7362,87405.6405,283160.1993,0.883,Medium,On Track to Glide Path
SUP-0064,Metals Supplier 064,Metals,2024,2015,2030,18512.3188,2048.6314,3300.836,11675.9642,19059648.02,199927239.31,18512.3188,Supplier Reported Emissions,False,High,None,Valid,2029,Industry Haircut Pathway,100457.0157,61760.9733,64340.7094,64340.7094,36116.3063,0.00337576,0.35952,2579.7362,2579.7362,23064.9311,347500.9087,0.883,Medium,On Track to Glide Path
SUP-0064,Metals Supplier 064,Metals,2024,2015,2030,18512.3188,2048.6314,3300.836,11675.9642,19059648.02,199927239.31,18512.3188,Supplier Reported Emissions,False,High,None,Valid,2030,Industry Haircut Pathway,100457.0157,61760.9733,61760.9733,61760.9733,38696.0424,0.0032404,0.3852,0.0,2579.7362,-38696.0422,409261.882,0.883,Low,On Track
SUP-0064,Metals Supplier 064,Metals,2024,2015,2030,18512.3188,2048.6314,3300.836,11675.9642,19059648.02,199927239.31,18512.3188,Supplier Reported Emissions,False,High,None,Valid,2031,Industry Haircut Pathway,100457.0157,61760.9733,61760.9733,61760.9733,38696.0424,0.0032404,0.3852,0.0,2579.7362,-100457.0155,471022.8553,0.883,Low,On Track
SUP-0064,Metals Supplier 064,Metals,2024,2015,2030,18512.3188,2048.6314,3300.836,11675.9642,19059648.02,199927239.31,18512.3188,Supplier Reported Emissions,False,High,None,Valid,2032,Industry Haircut Pathway,100457.0157,61760.9733,61760.9733,61760.9733,38696.0424,0.0032404,0.3852,0.0,2579.7362,-162217.9888,532783.8286,0.883,Low,On Track
SUP-0064,Metals Supplier 064,Metals,2024,2015,2030,18512.3188,2048.6314,3300.836,11675.9642,19059648.02,199927239.31,18512.3188,Supplier Reported Emissions,False,High,None,Valid,2033,Industry Haircut Pathway,100457.0157,61760.9733,61760.9733,61760.9733,38696.0424,0.0032404,0.3852,0.0,2579.7362,-223978.9621,594544.8019,0.883,Low,On Track
SUP-0064,Metals Supplier 064,Metals,2024,2015,2030,18512.3188,2048.6314,3300.836,11675.9642,19059648.02,199927239.31,18512.3188,Supplier Reported Emissions,False,High,None,Valid,2034,Industry Haircut Pathway,100457.0157,61760.9733,61760.9733,61760.9733,38696.0424,0.0032404,0.3852,0.0,2579.7362,-285739.9354,656305.7752,0.883,Low,On Track
SUP-0064,Metals Supplier 064,Metals,2024,2015,2030,18512.3188,2048.6314,3300.836,11675.9642,19059648.02,199927239.31,18512.3188,Supplier Reported Emissions,False,High,None,Valid,2035,Industry Haircut Pathway,100457.0157,61760.9733,61760.9733,61760.9733,38696.0424,0.0032404,0.3852,0.0,2579.7362,-347500.9087,718066.7485,0.883,Low,On Track
SUP-0064,Metals Supplier 064,Metals,2024,2015,2030,18512.3188,2048.6314,3300.836,11675.9642,19059648.02,199927239.31,18512.3188,Supplier Reported Emissions,False,High,None,Valid,2036,Industry Haircut Pathway,100457.0157,61760.9733,61760.9733,61760.9733,38696.0424,0.0032404,0.3852,0.0,2579.7362,-409261.882,779827.7218,0.883,Low,On Track
SUP-0064,Metals Supplier 064,Metals,2024,2015,2030,18512.3188,2048.6314,3300.836,11675.9642,19059648.02,199927239.31,18512.3188,Supplier Reported Emissions,False,High,None,Valid,2037,Industry Haircut Pathway,100457.0157,61760.9733,61760.9733,61760.9733,38696.0424,0.0032404,0.3852,0.0,2579.7362,-471022.8553,841588.6951,0.883,Low,On Track
SUP-0064,Metals Supplier 064,Metals,2024,2015,2030,18512.3188,2048.6314,3300.836,11675.9642,19059648.02,199927239.31,18512.3188,Supplier Reported Emissions,False,High,None,Valid,2038,Industry Haircut Pathway,100457.0157,61760.9733,61760.9733,61760.9733,38696.0424,0.0032404,0.3852,0.0,2579.7362,-532783.8286,903349.6684,0.883,Low,On Track
SUP-0064,Metals Supplier 064,Metals,2024,2015,2030,18512.3188,2048.6314,3300.836,11675.9642,19059648.02,199927239.31,18512.3188,Supplier Reported Emissions,False,High,None,Valid,2039,Industry Haircut Pathway,100457.0157,61760.9733,61760.9733,61760.9733,38696.0424,0.0032404,0.3852,0.0,2579.7362,-594544.8019,965110.6417,0.883,Low,On Track
SUP-0064,Metals Supplier 064,Metals,2024,2015,2030,18512.3188,2048.6314,3300.836,11675.9642,19059648.02,199927239.31,18512.3188,Supplier Reported Emissions,False,High,None,Valid,2040,Industry Haircut Pathway,100457.0157,61760.9733,61760.9733,61760.9733,38696.0424,0.0032404,0.3852,0.0,2579.7362,-656305.7752,1026871.615,0.883,Low,On Track
SUP-0065,Agriculture Supplier 065,Agriculture,2024,2018,2035,38736.1091,9246.0502,2428.4262,26965.3392,44281266.89,213728746.93,38736.1091,Supplier Reported Emissions,False,High,None,Valid,2025,Supplier Target Pathway,31748.1602,18413.9329,26257.596,26257.596,5490.5642,0.00059297,0.172941,7843.6631,784.3663,176295.6659,26257.596,0.99,Critical,On Track to Glide Path
SUP-0065,Agriculture Supplier 065,Agriculture,2024,2018,2035,38736.1091,9246.0502,2428.4262,26965.3392,44281266.89,213728746.93,38736.1091,Supplier Reported Emissions,False,High,None,Valid,2026,Supplier Target Pathway,31748.1602,18413.9329,25473.2297,25473.2297,6274.9305,0.00057526,0.197647,7059.2968,784.3663,150822.4362,51730.8257,0.99,Critical,On Track to Glide Path
SUP-0065,Agriculture Supplier 065,Agriculture,2024,2018,2035,38736.1091,9246.0502,2428.4262,26965.3392,44281266.89,213728746.93,38736.1091,Supplier Reported Emissions,False,High,None,Valid,2027,Supplier Target Pathway,31748.1602,18413.9329,24688.8634,24688.8634,7059.2968,0.00055755,0.222353,6274.9305,784.3663,126133.5728,76419.6891,0.99,High,On Track to Glide Path
SUP-0065,Agriculture Supplier 065,Agriculture,2024,2018,2035,38736.1091,9246.0502,2428.4262,26965.3392,44281266.89,213728746.93,38736.1091,Supplier Reported Emissions,False,High,None,Valid,2028,Supplier Target Pathway,31748.1602,18413.9329,23904.4971,23904.4971,7843.6631,0.00053983,0.247059,5490.5642,784.3663,102229.0757,100324.1862,0.99,High,On Track to Glide Path
SUP-0065,Agriculture Supplier 065,Agriculture,2024,2018,2035,38736.1091,9246.0502,2428.4262,26965.3392,44281266.89,213728746.93,38736.1091,Supplier Reported Emissions,False,High,None,Valid,2029,Supplier Target Pathway,31748.1602,18413.9329,23120.1308,23120.1308,8628.0294,0.00052212,0.271765,4706.1979,784.3663,79108.9449,123444.317,0.99,High,On Track to Glide Path
SUP-0065,Agriculture Supplier 065,Agriculture,2024,2018,2035,38736.1091,9246.0502,2428.4262,26965.3392,44281266.89,213728746.93,38736.1091,Supplier Reported Emissions,False,High,None,Valid,2030,Supplier Target Pathway,31748.1602,18413.9329,22335.7645,22335.7645,9412.3957,0.00050441,0.296471,3921.8316,784.3663,56773.1804,145780.0815,0.99,High,On Track to Glide Path
SUP-0065,Agriculture Supplier 065,Agriculture,2024,2018,2035,38736.1091,9246.0502,2428.4262,26965.3392,44281266.89,213728746.93,38736.1091,Supplier Reported Emissions,False,High,None,Valid,2031,Supplier Target Pathway,31748.1602,18413.9329,21551.3982,21551.3982,10196.762,0.00048669,0.321176,3137.4652,784.3663,35221.7822,167331.4797,0.99,High,On Track to Glide Path
SUP-0065,Agriculture Supplier 065,Agriculture,2024,2018,2035,38736.1091,9246.0502,2428.4262,26965.3392,44281266.89,213728746.93,38736.1091,Supplier Reported Emissions,False,High,None,Valid,2032,Supplier Target Pathway,31748.1602,18413.9329,20767.0318,20767.0318,10981.1284,0.00046898,0.345882,2353.0989,784.3663,14454.7504,188098.5115,0.99,Medium,On Track to Glide Path
SUP-0065,Agriculture Supplier 065,Agriculture,2024,2018,2035,38736.1091,9246.0502,2428.4262,26965.3392,44281266.89,213728746.93,38736.1091,Supplier Reported Emissions,False,High,None,Valid,2033,Supplier Target Pathway,31748.1602,18413.9329,19982.6655,19982.6655,11765.4947,0.00045127,0.370588,1568.7326,784.3663,-5527.9151,208081.177,0.99,Medium,On Track to Glide Path
SUP-0065,Agriculture Supplier 065,Agriculture,2024,2018,2035,38736.1091,9246.0502,2428.4262,26965.3392,44281266.89,213728746.93,38736.1091,Supplier Reported Emissions,False,High,None,Valid,2034,Supplier Target Pathway,31748.1602,18413.9329,19198.2992,19198.2992,12549.861,0.00043355,0.395294,784.3663,784.3663,-24726.2143,227279.4762,0.99,Medium,On Track to Glide Path
SUP-0065,Agriculture Supplier 065,Agriculture,2024,2018,2035,38736.1091,9246.0502,2428.4262,26965.3392,44281266.89,213728746.93,38736.1091,Supplier Reported Emissions,False,High,None,Valid,2035,Supplier Target Pathway,31748.1602,18413.9329,18413.9329,18413.9329,13334.2273,0.00041584,0.42,0.0,784.3663,-43140.1472,245693.4091,0.99,Low,On Track
SUP-0065,Agriculture Supplier 065,Agriculture,2024,2018,2035,38736.1091,9246.0502,2428.4262,26965.3392,44281266.89,213728746.93,38736.1091,Supplier Reported Emissions,False,High,None,Valid,2036,Supplier Target Pathway,31748.1602,18413.9329,18413.9329,18413.9329,13334.2273,0.00041584,0.42,0.0,784.3663,-61554.0801,264107.342,0.99,Low,On Track
SUP-0065,Agriculture Supplier 065,Agriculture,2024,2018,2035,38736.1091,9246.0502,2428.4262,26965.3392,44281266.89,213728746.93,38736.1091,Supplier Reported Emissions,False,High,None,Valid,2037,Supplier Target Pathway,31748.1602,18413.9329,18413.9329,18413.9329,13334.2273,0.00041584,0.42,0.0,784.3663,-79968.013,282521.2749,0.99,Low,On Track
SUP-0065,Agriculture Supplier 065,Agriculture,2024,2018,2035,38736.1091,9246.0502,2428.4262,26965.3392,44281266.89,213728746.93,38736.1091,Supplier Reported Emissions,False,High,None,Valid,2038,Supplier Target Pathway,31748.1602,18413.9329,18413.9329,18413.9329,13334.2273,0.00041584,0.42,0.0,784.3663,-98381.9459,300935.2078,0.99,Low,On Track
SUP-0065,Agriculture Supplier 065,Agriculture,2024,2018,2035,38736.1091,9246.0502,2428.4262,26965.3392,44281266.89,213728746.93,38736.1091,Supplier Reported Emissions,False,High,None,Valid,2039,Supplier Target Pathway,31748.1602,18413.9329,18413.9329,18413.9329,13334.2273,0.00041584,0.42,0.0,784.3663,-116795.8788,319349.1407,0.99,Low,On Track
SUP-0065,Agriculture Supplier 065,Agriculture,2024,2018,2035,38736.1091,9246.0502,2428.4262,26965.3392,44281266.89,213728746.93,38736.1091,Supplier Reported Emissions,False,High,None,Valid,2040,Supplier Target Pathway,31748.1602,18413.9329,18413.9329,18413.9329,13334.2273,0.00041584,0.42,0.0,784.3663,-135209.8117,337763.0736,0.99,Low,On Track
SUP-0066,Electronics Supplier 066,Electronics,2024,2020,2030,,4979.1041,2553.9998,14364.8108,18221953.51,74041728.32,21897.9147,Scope 1 + Scope 2 + Scope 3,True,High,Reported_Emissions,Valid,2025,Supplier Target Pathway,14330.0069,9472.1346,11901.0707,11901.0707,2428.9362,0.00065312,0.1695,2428.9362,485.7872,44931.7369,11901.0707,0.99,High,On Track to Glide Path
SUP-0066,Electronics Supplier 066,Electronics,2024,2020,2030,,4979.1041,2553.9998,14364.8108,18221953.51,74041728.32,21897.9147,Scope 1 + Scope 2 + Scope 3,True,High,Reported_Emissions,Valid,2026,Supplier Target Pathway,14330.0069,9472.1346,11415.2835,11415.2835,2914.7234,0.00062646,0.2034,1943.1489,485.7872,33516.4534,23316.3542,0.99,High,On Track to Glide Path
SUP-0066,Electronics Supplier 066,Electronics,2024,2020,2030,,4979.1041,2553.9998,14364.8108,18221953.51,74041728.32,21897.9147,Scope 1 + Scope 2 + Scope 3,True,High,Reported_Emissions,Valid,2027,Supplier Target Pathway,14330.0069,9472.1346,10929.4963,10929.4963,3400.5106,0.0005998,0.2373,1457.3617,485.7872,22586.9571,34245.8505,0.99,High,On Track to Glide Path
SUP-0066,Electronics Supplier 066,Electronics,2024,2020,2030,,4979.1041,2553.9998,14364.8108,18221953.51,74041728.32,21897.9147,Scope 1 + Scope 2 + Scope 3,True,High,Reported_Emissions,Valid,2028,Supplier Target Pathway,14330.0069,9472.1346,10443.709,10443.709,3886.2979,0.00057314,0.2712,971.5745,485.7872,12143.2481,44689.5595,0.99,Medium,On Track to Glide Path
SUP-0066,Electronics Supplier 066,Electronics,2024,2020,2030,,4979.1041,2553.9998,14364.8108,18221953.51,74041728.32,21897.9147,Scope 1 + Scope 2 + Scope 3,True,High,Reported_Emissions,Valid,2029,Supplier Target Pathway,14330.0069,9472.1346,9957.9218,9957.9218,4372.0851,0.00054648,0.3051,485.7872,485.7872,2185.3263,54647.4813,0.99,Medium,On Track to Glide Path
SUP-0066,Electronics Supplier 066,Electronics,2024,2020,2030,,4979.1041,2553.9998,14364.8108,18221953.51,74041728.32,21897.9147,Scope 1 + Scope 2 + Scope 3,True,High,Reported_Emissions,Valid,2030,Supplier Target Pathway,14330.0069,9472.1346,9472.1346,9472.1346,4857.8723,0.00051982,0.339,0.0,485.7872,-7286.8083,64119.6159,0.99,Low,On Track
SUP-0066,Electronics Supplier 066,Electronics,2024,2020,2030,,4979.1041,2553.9998,14364.8108,18221953.51,74041728.32,21897.9147,Scope 1 + Scope 2 + Scope 3,True,High,Reported_Emissions,Valid,2031,Supplier Target Pathway,14330.0069,9472.1346,9472.1346,9472.1346,4857.8723,0.00051982,0.339,0.0,485.7872,-16758.9429,73591.7505,0.99,Low,On Track
SUP-0066,Electronics Supplier 066,Electronics,2024,2020,2030,,4979.1041,2553.9998,14364.8108,18221953.51,74041728.32,21897.9147,Scope 1 + Scope 2 + Scope 3,True,High,Reported_Emissions,Valid,2032,Supplier Target Pathway,14330.0069,9472.1346,9472.1346,9472.1346,4857.8723,0.00051982,0.339,0.0,485.7872,-26231.0775,83063.8851,0.99,Low,On Track
SUP-0066,Electronics Supplier 066,Electronics,2024,2020,2030,,4979.1041,2553.9998,14364.8108,18221953.51,74041728.32,21897.9147,Scope 1 + Scope 2 + Scope 3,True,High,Reported_Emissions,Valid,2033,Supplier Target Pathway,14330.0069,9472.1346,9472.1346,9472.1346,4857.8723,0.00051982,0.339,0.0,485.7872,-35703.2121,92536.0197,0.99,Low,On Track
SUP-0066,Electronics Supplier 066,Electronics,2024,2020,2030,,4979.1041,2553.9998,14364.8108,18221953.51,74041728.32,21897.9147,Scope 1 + Scope 2 + Scope 3,True,High,Reported_Emissions,Valid,2034,Supplier Target Pathway,14330.0069,9472.1346,9472.1346,9472.1346,4857.8723,0.00051982,0.339,0.0,485.7872,-45175.3467,102008.1543,0.99,Low,On Track
SUP-0066,Electronics Supplier 066,Electronics,2024,2020,2030,,4979.1041,2553.9998,14364.8108,18221953.51,74041728.32,21897.9147,Scope 1 + Scope 2 + Scope 3,True,High,Reported_Emissions,Valid,2035,Supplier Target Pathway,14330.0069,9472.1346,9472.1346,9472.1346,4857.8723,0.00051982,0.339,0.0,485.7872,-54647.4813,111480.2889,0.99,Low,On Track
SUP-0066,Electronics Supplier 066,Electronics,2024,2020,2030,,4979.1041,2553.9998,14364.8108,18221953.51,74041728.32,21897.9147,Scope 1 + Scope 2 + Scope 3,True,High,Reported_Emissions,Valid,2036,Supplier Target Pathway,14330.0069,9472.1346,9472.1346,9472.1346,4857.8723,0.00051982,0.339,0.0,485.7872,-64119.6159,120952.4235,0.99,Low,On Track
SUP-0066,Electronics Supplier 066,Electronics,2024,2020,2030,,4979.1041,2553.9998,14364.8108,18221953.51,74041728.32,21897.9147,Scope 1 + Scope 2 + Scope 3,True,High,Reported_Emissions,Valid,2037,Supplier Target Pathway,14330.0069,9472.1346,9472.1346,9472.1346,4857.8723,0.00051982,0.339,0.0,485.7872,-73591.7505,130424.5581,0.99,Low,On Track
SUP-0066,Electronics Supplier 066,Electronics,2024,2020,2030,,4979.1041,2553.9998,14364.8108,18221953.51,74041728.32,21897.9147,Scope 1 + Scope 2 + Scope 3,True,High,Reported_Emissions,Valid,2038,Supplier Target Pathway,14330.0069,9472.1346,9472.1346,9472.1346,4857.8723,0.00051982,0.339,0.0,485.7872,-83063.8851,139896.6927,0.99,Low,On Track
SUP-0066,Electronics Supplier 066,Electronics,2024,2020,2030,,4979.1041,2553.9998,14364.8108,18221953.51,74041728.32,21897.9147,Scope 1 + Scope 2 + Scope 3,True,High,Reported_Emissions,Valid,2039,Supplier Target Pathway,14330.0069,9472.1346,9472.1346,9472.1346,4857.8723,0.00051982,0.339,0.0,485.7872,-92536.0197,149368.8273,0.99,Low,On Track
SUP-0066,Electronics Supplier 066,Electronics,2024,2020,2030,,4979.1041,2553.9998,14364.8108,18221953.51,74041728.32,21897.9147,Scope 1 + Scope 2 + Scope 3,True,High,Reported_Emissions,Valid,2040,Supplier Target Pathway,14330.0069,9472.1346,9472.1346,9472.1346,4857.8723,0.00051982,0.339,0.0,485.7872,-102008.1543,158840.9619,0.99,Low,On Track
SUP-0067,Professional Supplier 067,Professional Services,2024,2015,2040,651.9724,153.9712,56.952,421.5212,7629416.26,17989140.65,651.9724,Supplier Reported Emissions,False,High,None,Valid,2025,Historical Trend Pathway,604.8328,574.5912,663.877,592.7361,-59.0442,8.702e-05,-0.097621,89.2859,1.2097,8529.5822,663.877,0.848,High,Off Track
SUP-0067,Professional Supplier 067,Professional Services,2024,2015,2040,651.9724,153.9712,56.952,421.5212,7629416.26,17989140.65,651.9724,Supplier Reported Emissions,False,High,None,Valid,2026,Historical Trend Pathway,604.8328,574.5912,675.999,591.5265,-71.1662,8.86e-05,-0.117663,101.4079,1.2097,7853.5832,1339.876,0.848,High,Off Track
SUP-0067,Professional Supplier 067,Professional Services,2024,2015,2040,651.9724,153.9712,56.952,421.5212,7629416.26,17989140.65,651.9724,Supplier Reported Emissions,False,High,None,Valid,2027,Historical Trend Pathway,604.8328,574.5912,688.3424,590.3168,-83.5096,9.022e-05,-0.13807,113.7512,1.2097,7165.2408,2028.2184,0.848,High,Off Track
SUP-0067,Professional Supplier 067,Professional Services,2024,2015,2040,651.9724,153.9712,56.952,421.5212,7629416.26,17989140.65,651.9724,Supplier Reported Emissions,False,High,None,Valid,2028,Historical Trend Pathway,604.8328,574.5912,700.9111,589.1071,-96.0783,9.187e-05,-0.158851,126.3199,1.2097,6464.3297,2729.1295,0.848,High,Off Track
SUP-0067,Professional Supplier 067,Professional Services,2024,2015,2040,651.9724,153.9712,56.952,421.5212,7629416.26,17989140.65,651.9724,Supplier Reported Emissions,False,High,None,Valid,2029,Historical Trend Pathway,604.8328,574.5912,713.7093,587.8975,-108.8765,9.355e-05,-0.180011,139.1181,1.2097,5750.6204,3442.8388,0.848,High,Off Track
SUP-0067,Professional Supplier 067,Professional Services,2024,2015,2040,651.9724,153.9712,56.952,421.5212,7629416.26,17989140.65,651.9724,Supplier Reported Emissions,False,High,None,Valid,2030,Historical Trend Pathway,604.8328,574.5912,726.7412,586.6878,-121.9084,9.526e-05,-0.201557,152.15,1.2097,5023.8792,4169.58,0.848,High,Off Track
SUP-0067,Professional Supplier 067,Professional Services,2024,2015,2040,651.9724,153.9712,56.952,421.5212,7629416.26,17989140.65,651.9724,Supplier Reported Emissions,False,High,None,Valid,2031,Historical Trend Pathway,604.8328,574.5912,740.0111,585.4782,-135.1783,9.699e-05,-0.223497,165.4199,1.2097,4283.8681,4909.5911,0.848,High,Off Track
SUP-0067,Professional Supplier 067,Professional Services,2024,2015,2040,651.9724,153.9712,56.952,421.5212,7629416.26,17989140.65,651.9724,Supplier Reported Emissions,False,High,None,Valid,2032,Historical Trend Pathway,604.8328,574.5912,753.5232,584.2685,-148.6904,9.877e-05,-0.245837,178.9321,1.2097,3530.3449,5663.1143,0.848,High,Off Track
SUP-0067,Professional Supplier 067,Professional Services,2024,2015,2040,651.9724,153.9712,56.952,421.5212,7629416.26,17989140.65,651.9724,Supplier Reported Emissions,False,High,None,Valid,2033,Historical Trend Pathway,604.8328,574.5912,767.2821,583.0588,-162.4493,0.00010057,-0.268585,192.6909,1.2097,2763.0628,6430.3964,0.848,High,Off Track
SUP-0067,Professional Supplier 067,Professional Services,2024,2015,2040,651.9724,153.9712,56.952,421.5212,7629416.26,17989140.65,651.9724,Supplier Reported Emissions,False,High,None,Valid,2034,Historical Trend Pathway,604.8328,574.5912,781.2922,581.8492,-176.4594,0.00010241,-0.291749,206.701,1.2097,1981.7706,7211.6886,0.848,Critical,Off Track
SUP-0067,Professional Supplier 067,Professional Services,2024,2015,2040,651.9724,153.9712,56.952,421.5212,7629416.26,17989140.65,651.9724,Supplier Reported Emissions,False,High,None,Valid,2035,Historical Trend Pathway,604.8328,574.5912,795.5581,580.6395,-190.7253,0.00010428,-0.315336,220.967,1.2097,1186.2125,8007.2467,0.848,Critical,Off Track
SUP-0067,Professional Supplier 067,Professional Services,2024,2015,2040,651.9724,153.9712,56.952,421.5212,7629416.26,17989140.65,651.9724,Supplier Reported Emissions,False,High,None,Valid,2036,Historical Trend Pathway,604.8328,574.5912,810.0845,579.4298,-205.2517,0.00010618,-0.339353,235.4934,1.2097,376.128,8817.3312,0.848,Critical,Off Track
SUP-0067,Professional Supplier 067,Professional Services,2024,2015,2040,651.9724,153.9712,56.952,421.5212,7629416.26,17989140.65,651.9724,Supplier Reported Emissions,False,High,None,Valid,2037,Historical Trend Pathway,604.8328,574.5912,824.8762,578.2202,-220.0434,0.00010812,-0.363809,250.285,1.2097,-448.7482,9642.2074,0.848,Critical,Off Track
SUP-0067,Professional Supplier 067,Professional Services,2024,2015,2040,651.9724,153.9712,56.952,421.5212,7629416.26,17989140.65,651.9724,Supplier Reported Emissions,False,High,None,Valid,2038,Historical Trend Pathway,604.8328,574.5912,839.9379,577.0105,-235.1051,0.00011009,-0.388711,265.3468,1.2097,-1288.6861,10482.1453,0.848,Critical,Off Track
SUP-0067,Professional Supplier 067,Professional Services,2024,2015,2040,651.9724,153.9712,56.952,421.5212,7629416.26,17989140.65,651.9724,Supplier Reported Emissions,False,High,None,Valid,2039,Historical Trend Pathway,604.8328,574.5912,855.2747,575.8008,-250.4419,0.0001121,-0.414068,280.6835,1.2097,-2143.9608,11337.42,0.848,Critical,Off Track
SUP-0067,Professional Supplier 067,Professional Services,2024,2015,2040,651.9724,153.9712,56.952,421.5212,7629416.26,17989140.65,651.9724,Supplier Reported Emissions,False,High,None,Valid,2040,Historical Trend Pathway,604.8328,574.5912,870.8915,574.5912,-266.0587,0.00011415,-0.439888,296.3004,1.2097,-3014.8523,12208.3115,0.848,Critical,Off Track
SUP-0068,Agriculture Supplier 068,Agriculture,2024,2015,2040,,3224.8132,3640.0194,18773.2091,31870058.85,130860369.21,25638.0417,Scope 1 + Scope 2 + Scope 3,True,High,Reported_Emissions,Valid,2025,Historical Trend Pathway,22220.7311,21109.6945,26281.6809,21776.3165,-4060.9498,0.00082465,-0.182755,5171.9863,44.4415,311473.4311,26281.6809,0.848,High,Off Track
SUP-0068,Agriculture Supplier 068,Agriculture,2024,2015,2040,,3224.8132,3640.0194,18773.2091,31870058.85,130860369.21,25638.0417,Scope 1 + Scope 2 + Scope 3,True,High,Reported_Emissions,Valid,2026,Historical Trend Pathway,22220.7311,21109.6945,26941.4785,21731.875,-4720.7474,0.00084535,-0.212448,5831.784,44.4415,284531.9526,53223.1594,0.848,High,Off Track
SUP-0068,Agriculture Supplier 068,Agriculture,2024,2015,2040,,3224.8132,3640.0194,18773.2091,31870058.85,130860369.21,25638.0417,Scope 1 + Scope 2 + Scope 3,True,High,Reported_Emissions,Valid,2027,Historical Trend Pathway,22220.7311,21109.6945,27617.8403,21687.4336,-5397.1092,0.00086658,-0.242886,6508.1458,44.4415,256914.1123,80840.9997,0.848,High,Off Track
SUP-0068,Agriculture Supplier 068,Agriculture,2024,2015,2040,,3224.8132,3640.0194,18773.2091,31870058.85,130860369.21,25638.0417,Scope 1 + Scope 2 + Scope 3,True,High,Reported_Emissions,Valid,2028,Historical Trend Pathway,22220.7311,21109.6945,28311.1821,21642.9921,-6090.451,0.00088833,-0.274089,7201.4875,44.4415,228602.9302,109152.1818,0.848,High,Off Track
SUP-0068,Agriculture Supplier 068,Agriculture,2024,2015,2040,,3224.8132,3640.0194,18773.2091,31870058.85,130860369.21,25638.0417,Scope 1 + Scope 2 + Scope 3,True,High,Reported_Emissions,Valid,2029,Historical Trend Pathway,22220.7311,21109.6945,29021.93,21598.5506,-6801.1989,0.00091063,-0.306074,7912.2355,44.4415,199581.0002,138174.1118,0.848,Critical,Off Track
SUP-0068,Agriculture Supplier 068,Agriculture,2024,2015,2040,,3224.8132,3640.0194,18773.2091,31870058.85,130860369.21,25638.0417,Scope 1 + Scope 2 + Scope 3,True,High,Reported_Emissions,Valid,2030,Historical Trend Pathway,22220.7311,21109.6945,29750.5212,21554.1092,-7529.7901,0.00093349,-0.338863,8640.8267,44.4415,169830.479,167924.633,0.848,Critical,Off Track
SUP-0068,Agriculture Supplier 068,Agriculture,2024,2015,2040,,3224.8132,3640.0194,18773.2091,31870058.85,130860369.21,25638.0417,Scope 1 + Scope 2 + Scope 3,True,High,Reported_Emissions,Valid,2031,Historical Trend Pathway,22220.7311,21109.6945,30497.4036,21509.6677,-8276.6725,0.00095693,-0.372475,9387.7091,44.4415,139333.0754,198422.0366,0.848,Critical,Off Track
SUP-0068,Agriculture Supplier 068,Agriculture,2024,2015,2040,,3224.8132,3640.0194,18773.2091,31870058.85,130860369.21,25638.0417,Scope 1 + Scope 2 + Scope 3,True,High,Reported_Emissions,Valid,2032,Historical Trend Pathway,22220.7311,21109.6945,31263.0364,21465.2262,-9042.3053,0.00098095,-0.406931,10153.3418,44.4415,108070.039,229685.073,0.848,Critical,Off Track
SUP-0068,Agriculture Supplier 068,Agriculture,2024,2015,2040,,3224.8132,3640.0194,18773.2091,31870058.85,130860369.21,25638.0417,Scope 1 + Scope 2 + Scope 3,True,High,Reported_Emissions,Valid,2033,Historical Trend Pathway,22220.7311,21109.6945,32047.8902,21420.7848,-9827.1591,0.00100558,-0.442252,10938.1957,44.4415,76022.1488,261732.9632,0.848,Critical,Off Track
SUP-0068,Agriculture Supplier 068,Agriculture,2024,2015,2040,,3224.8132,3640.0194,18773.2091,31870058.85,130860369.21,25638.0417,Scope 1 + Scope 2 + Scope 3,True,High,Reported_Emissions,Valid,2034,Historical Trend Pathway,22220.7311,21109.6945,32852.4477,21376.3433,-10631.7166,0.00103082,-0.478459,11742.7531,44.4415,43169.7011,294585.4109,0.848,Critical,Off Track
SUP-0068,Agriculture Supplier 068,Agriculture,2024,2015,2040,,3224.8132,3640.0194,18773.2091,31870058.85,130860369.21,25638.0417,Scope 1 + Scope 2 + Scope 3,True,High,Reported_Emissions,Valid,2035,Historical Trend Pathway,22220.7311,21109.6945,33677.2034,21331.9019,-11456.4723,0.0010567,-0.515576,12567.5089,44.4415,9492.4977,328262.6143,0.848,Critical,Off Track
SUP-0068,Agriculture Supplier 068,Agriculture,2024,2015,2040,,3224.8132,3640.0194,18773.2091,31870058.85,130860369.21,25638.0417,Scope 1 + Scope 2 + Scope 3,True,High,Reported_Emissions,Valid,2036,Historical Trend Pathway,22220.7311,21109.6945,34522.6646,21287.4604,-12301.9335,0.00108323,-0.553624,13412.97,44.4415,-25030.1669,362785.2789,0.848,Critical,Off Track
SUP-0068,Agriculture Supplier 068,Agriculture,2024,2015,2040,,3224.8132,3640.0194,18773.2091,31870058.85,130860369.21,25638.0417,Scope 1 + Scope 2 + Scope 3,True,High,Reported_Emissions,Valid,2037,Historical Trend Pathway,22220.7311,21109.6945,35389.3509,21243.0189,-13168.6198,0.00111043,-0.592628,14279.6564,44.4415,-60419.5178,398174.6298,0.848,Critical,Off Track
SUP-0068,Agriculture Supplier 068,Agriculture,2024,2015,2040,,3224.8132,3640.0194,18773.2091,31870058.85,130860369.21,25638.0417,Scope 1 + Scope 2 + Scope 3,True,High,Reported_Emissions,Valid,2038,Historical Trend Pathway,22220.7311,21109.6945,36277.7952,21198.5775,-14057.0641,0.0011383,-0.63261,15168.1007,44.4415,-96697.313,434452.425,0.848,Critical,Off Track
SUP-0068,Agriculture Supplier 068,Agriculture,2024,2015,2040,,3224.8132,3640.0194,18773.2091,31870058.85,130860369.21,25638.0417,Scope 1 + Scope 2 + Scope 3,True,High,Reported_Emissions,Valid,2039,Historical Trend Pathway,22220.7311,21109.6945,37188.5439,21154.136,-14967.8128,0.00116688,-0.673597,16078.8493,44.4415,-133885.8569,471640.9689,0.848,Critical,Off Track
SUP-0068,Agriculture Supplier 068,Agriculture,2024,2015,2040,,3224.8132,3640.0194,18773.2091,31870058.85,130860369.21,25638.0417,Scope 1 + Scope 2 + Scope 3,True,High,Reported_Emissions,Valid,2040,Historical Trend Pathway,22220.7311,21109.6945,38122.1567,21109.6945,-15901.4256,0.00119617,-0.715612,17012.4621,44.4415,-172008.0136,509763.1256,0.848,Critical,Off Track
SUP-0069,Chemicals Supplier 069,Chemicals,2024,2015,2035,,934.7424,405.3859,2409.031,4989127.78,41403627.46,3749.1593,Scope 1 + Scope 2 + Scope 3,True,High,Reported_Emissions,Valid,2025,Industry Haircut Pathway,5792.5041,2763.6037,4278.0539,4278.0539,1514.4502,0.00085748,0.26145,1514.4502,151.445,26121.5868,4278.0539,0.886,Critical,On Track to Glide Path
SUP-0069,Chemicals Supplier 069,Chemicals,2024,2015,2035,,934.7424,405.3859,2409.031,4989127.78,41403627.46,3749.1593,Scope 1 + Scope 2 + Scope 3,True,High,Reported_Emissions,Valid,2026,Industry Haircut Pathway,5792.5041,2763.6037,4126.6089,4126.6089,1665.8952,0.00082712,0.287595,1363.0052,151.445,21994.9779,8404.6628,0.886,Critical,On Track to Glide Path
SUP-0069,Chemicals Supplier 069,Chemicals,2024,2015,2035,,934.7424,405.3859,2409.031,4989127.78,41403627.46,3749.1593,Scope 1 + Scope 2 + Scope 3,True,High,Reported_Emissions,Valid,2027,Industry Haircut Pathway,5792.5041,2763.6037,3975.1639,3975.1639,1817.3402,0.00079677,0.31374,1211.5602,151.445,18019.814,12379.8267,0.886,Critical,On Track to Glide Path
SUP-0069,Chemicals Supplier 069,Chemicals,2024,2015,2035,,934.7424,405.3859,2409.031,4989127.78,41403627.46,3749.1593,Scope 1 + Scope 2 + Scope 3,True,High,Reported_Emissions,Valid,2028,Industry Haircut Pathway,5792.5041,2763.6037,3823.7188,3823.7188,1968.7853,0.00076641,0.339885,1060.1151,151.445,14196.0952,16203.5455,0.886,Critical,On Track to Glide Path
SUP-0069,Chemicals Supplier 069,Chemicals,2024,2015,2035,,934.7424,405.3859,2409.031,4989127.78,41403627.46,3749.1593,Scope 1 + Scope 2 + Scope 3,True,High,Reported_Emissions,Valid,2029,Industry Haircut Pathway,5792.5041,2763.6037,3672.2738,3672.2738,2120.2303,0.00073606,0.36603,908.6701,151.445,10523.8214,19875.8193,0.886,High,On Track to Glide Path
SUP-0069,Chemicals Supplier 069,Chemicals,2024,2015,2035,,934.7424,405.3859,2409.031,4989127.78,41403627.46,3749.1593,Scope 1 + Scope 2 + Scope 3,True,High,Reported_Emissions,Valid,2030,Industry Haircut Pathway,5792.5041,2763.6037,3520.8288,3520.8288,2271.6753,0.0007057,0.392175,757.2251,151.445,7002.9926,23396.6481,0.886,High,On Track to Glide Path
SUP-0069,Chemicals Supplier 069,Chemicals,2024,2015,2035,,934.7424,405.3859,2409.031,4989127.78,41403627.46,3749.1593,Scope 1 + Scope 2 + Scope 3,True,High,Reported_Emissions,Valid,2031,Industry Haircut Pathway,5792.5041,2763.6037,3369.3838,3369.3838,2423.1203,0.00067535,0.41832,605.7801,151.445,3633.6088,26766.0319,0.886,High,On Track to Glide Path
SUP-0069,Chemicals Supplier 069,Chemicals,2024,2015,2035,,934.7424,405.3859,2409.031,4989127.78,41403627.46,3749.1593,Scope 1 + Scope 2 + Scope 3,True,High,Reported_Emissions,Valid,2032,Industry Haircut Pathway,5792.5041,2763.6037,3217.9388,3217.9388,2574.5653,0.00064499,0.444465,454.3351,151.445,415.67,29983.9707,0.886,High,On Track to Glide Path
SUP-0069,Chemicals Supplier 069,Chemicals,2024,2015,2035,,934.7424,405.3859,2409.031,4989127.78,41403627.46,3749.1593,Scope 1 + Scope 2 + Scope 3,True,High,Reported_Emissions,Valid,2033,Industry Haircut Pathway,5792.5041,2763.6037,3066.4937,3066.4937,2726.0104,0.00061464,0.47061,302.89,151.445,-2650.8237,33050.4644,0.886,Medium,On Track to Glide Path
SUP-0069,Chemicals Supplier 069,Chemicals,2024,2015,2035,,934.7424,405.3859,2409.031,4989127.78,41403627.46,3749.1593,Scope 1 + Scope 2 + Scope 3,True,High,Reported_Emissions,Valid,2034,Industry Haircut Pathway,5792.5041,2763.6037,2915.0487,2915.0487,2877.4554,0.00058428,0.496755,151.445,151.445,-5565.8724,35965.5131,0.886,Medium,On Track to Glide Path
SUP-0069,Chemicals Supplier 069,Chemicals,2024,2015,2035,,934.7424,405.3859,2409.031,4989127.78,41403627.46,3749.1593,Scope 1 + Scope 2 + Scope 3,True,High,Reported_Emissions,Valid,2035,Industry Haircut Pathway,5792.5041,2763.6037,2763.6037,2763.6037,3028.9004,0.00055393,0.5229,0.0,151.445,-8329.4761,38729.1168,0.886,Low,On Track
SUP-0069,Chemicals Supplier 069,Chemicals,2024,2015,2035,,934.7424,405.3859,2409.031,4989127.78,41403627.46,3749.1593,Scope 1 + Scope 2 + Scope 3,True,High,Reported_Emissions,Valid,2036,Industry Haircut Pathway,5792.5041,2763.6037,2763.6037,2763.6037,3028.9004,0.00055393,0.5229,0.0,151.445,-11093.0798,41492.7205,0.886,Low,On Track
SUP-0069,Chemicals Supplier 069,Chemicals,2024,2015,2035,,934.7424,405.3859,2409.031,4989127.78,41403627.46,3749.1593,Scope 1 + Scope 2 + Scope 3,True,High,Reported_Emissions,Valid,2037,Industry Haircut Pathway,5792.5041,2763.6037,2763.6037,2763.6037,3028.9004,0.00055393,0.5229,0.0,151.445,-13856.6835,44256.3242,0.886,Low,On Track
SUP-0069,Chemicals Supplier 069,Chemicals,2024,2015,2035,,934.7424,405.3859,2409.031,4989127.78,41403627.46,3749.1593,Scope 1 + Scope 2 + Scope 3,True,High,Reported_Emissions,Valid,2038,Industry Haircut Pathway,5792.5041,2763.6037,2763.6037,2763.6037,3028.9004,0.00055393,0.5229,0.0,151.445,-16620.2872,47019.9279,0.886,Low,On Track
SUP-0069,Chemicals Supplier 069,Chemicals,2024,2015,2035,,934.7424,405.3859,2409.031,4989127.78,41403627.46,3749.1593,Scope 1 + Scope 2 + Scope 3,True,High,Reported_Emissions,Valid,2039,Industry Haircut Pathway,5792.5041,2763.6037,2763.6037,2763.6037,3028.9004,0.00055393,0.5229,0.0,151.445,-19383.8909,49783.5316,0.886,Low,On Track
SUP-0069,Chemicals Supplier 069,Chemicals,2024,2015,2035,,934.7424,405.3859,2409.031,4989127.78,41403627.46,3749.1593,Scope 1 + Scope 2 + Scope 3,True,High,Reported_Emissions,Valid,2040,Industry Haircut Pathway,5792.5041,2763.6037,2763.6037,2763.6037,3028.9004,0.00055393,0.5229,0.0,151.445,-22147.4946,52547.1353,0.886,Low,On Track
SUP-0070,Agriculture Supplier 070,Agriculture,2024,2020,2035,,,,13301.1313,20402329.13,136165393.76,18650.3811,Spend-Based Estimate,True,Medium,Reported_Emissions; Scope_Emissions,Valid,2025,Supplier Target Pathway,20523.1403,9723.8639,16923.3815,16923.3815,3599.7588,0.00082948,0.1754,7199.5176,719.9518,90039.1214,16923.3815,0.986,Critical,On Track to Glide Path
SUP-0070,Agriculture Supplier 070,Agriculture,2024,2020,2035,,,,13301.1313,20402329.13,136165393.76,18650.3811,Spend-Based Estimate,True,Medium,Reported_Emissions; Scope_Emissions,Valid,2026,Supplier Target Pathway,20523.1403,9723.8639,16203.4297,16203.4297,4319.7106,0.0007942,0.21048,6479.5659,719.9518,73835.6917,33126.8112,0.986,Critical,On Track to Glide Path
SUP-0070,Agriculture Supplier 070,Agriculture,2024,2020,2035,,,,13301.1313,20402329.13,136165393.76,18650.3811,Spend-Based Estimate,True,Medium,Reported_Emissions; Scope_Emissions,Valid,2027,Supplier Target Pathway,20523.1403,9723.8639,15483.478,15483.478,5039.6623,0.00075891,0.24556,5759.6141,719.9518,58352.2137,48610.2892,0.986,Critical,On Track to Glide Path
SUP-0070,Agriculture Supplier 070,Agriculture,2024,2020,2035,,,,13301.1313,20402329.13,136165393.76,18650.3811,Spend-Based Estimate,True,Medium,Reported_Emissions; Scope_Emissions,Valid,2028,Supplier Target Pathway,20523.1403,9723.8639,14763.5262,14763.5262,5759.6141,0.00072362,0.28064,5039.6623,719.9518,43588.6875,63373.8154,0.986,Critical,On Track to Glide Path
SUP-0070,Agriculture Supplier 070,Agriculture,2024,2020,2035,,,,13301.1313,20402329.13,136165393.76,18650.3811,Spend-Based Estimate,True,Medium,Reported_Emissions; Scope_Emissions,Valid,2029,Supplier Target Pathway,20523.1403,9723.8639,14043.5744,14043.5744,6479.5659,0.00068833,0.31572,4319.7106,719.9518,29545.1131,77417.3898,0.986,Critical,On Track to Glide Path
SUP-0070,Agriculture Supplier 070,Agriculture,2024,2020,2035,,,,13301.1313,20402329.13,136165393.76,18650.3811,Spend-Based Estimate,True,Medium,Reported_Emissions; Scope_Emissions,Valid,2030,Supplier Target Pathway,20523.1403,9723.8639,13323.6227,13323.6227,7199.5176,0.00065304,0.3508,3599.7588,719.9518,16221.4904,90741.0125,0.986,Critical,On Track to Glide Path
SUP-0070,Agriculture Supplier 070,Agriculture,2024,2020,2035,,,,13301.1313,20402329.13,136165393.76,18650.3811,Spend-Based Estimate,True,Medium,Reported_Emissions; Scope_Emissions,Valid,2031,Supplier Target Pathway,20523.1403,9723.8639,12603.6709,12603.6709,7919.4694,0.00061776,0.38588,2879.807,719.9518,3617.8195,103344.6834,0.986,High,On Track to Glide Path
SUP-0070,Agriculture Supplier 070,Agriculture,2024,2020,2035,,,,13301.1313,20402329.13,136165393.76,18650.3811,Spend-Based Estimate,True,Medium,Reported_Emissions; Scope_Emissions,Valid,2032,Supplier Target Pathway,20523.1403,9723.8639,11883.7192,11883.7192,8639.4211,0.00058247,0.42096,2159.8553,719.9518,-8265.8997,115228.4026,0.986,High,On Track to Glide Path
SUP-0070,Agriculture Supplier 070,Agriculture,2024,2020,2035,,,,13301.1313,20402329.13,136165393.76,18650.3811,Spend-Based Estimate,True,Medium,Reported_Emissions; Scope_Emissions,Valid,2033,Supplier Target Pathway,20523.1403,9723.8639,11163.7674,11163.7674,9359.3729,0.00054718,0.45604,1439.9035,719.9518,-19429.6671,126392.17,0.986,Medium,On Track to Glide Path
SUP-0070,Agriculture Supplier 070,Agriculture,2024,2020,2035,,,,13301.1313,20402329.13,136165393.76,18650.3811,Spend-Based Estimate,True,Medium,Reported_Emissions; Scope_Emissions,Valid,2034,Supplier Target Pathway,20523.1403,9723.8639,10443.8156,10443.8156,10079.3247,0.00051189,0.49112,719.9518,719.9518,-29873.4827,136835.9856,0.986,Medium,On Track to Glide Path
SUP-0070,Agriculture Supplier 070,Agriculture,2024,2020,2035,,,,13301.1313,20402329.13,136165393.76,18650.3811,Spend-Based Estimate,True,Medium,Reported_Emissions; Scope_Emissions,Valid,2035,Supplier Target Pathway,20523.1403,9723.8639,9723.8639,9723.8639,10799.2764,0.00047661,0.5262,0.0,719.9518,-39597.3466,146559.8495,0.986,Low,On Track
SUP-0070,Agriculture Supplier 070,Agriculture,2024,2020,2035,,,,13301.1313,20402329.13,136165393.76,18650.3811,Spend-Based Estimate,True,Medium,Reported_Emissions; Scope_Emissions,Valid,2036,Supplier Target Pathway,20523.1403,9723.8639,9723.8639,9723.8639,10799.2764,0.00047661,0.5262,0.0,719.9518,-49321.2105,156283.7134,0.986,Low,On Track
SUP-0070,Agriculture Supplier 070,Agriculture,2024,2020,2035,,,,13301.1313,20402329.13,136165393.76,18650.3811,Spend-Based Estimate,True,Medium,Reported_Emissions; Scope_Emissions,Valid,2037,Supplier Target Pathway,20523.1403,9723.8639,9723.8639,9723.8639,10799.2764,0.00047661,0.5262,0.0,719.9518,-59045.0744,166007.5773,0.986,Low,On Track
SUP-0070,Agriculture Supplier 070,Agriculture,2024,2020,2035,,,,13301.1313,20402329.13,136165393.76,18650.3811,Spend-Based Estimate,True,Medium,Reported_Emissions; Scope_Emissions,Valid,2038,Supplier Target Pathway,20523.1403,9723.8639,9723.8639,9723.8639,10799.2764,0.00047661,0.5262,0.0,719.9518,-68768.9383,175731.4412,0.986,Low,On Track
SUP-0070,Agriculture Supplier 070,Agriculture,2024,2020,2035,,,,13301.1313,20402329.13,136165393.76,18650.3811,Spend-Based Estimate,True,Medium,Reported_Emissions; Scope_Emissions,Valid,2039,Supplier Target Pathway,20523.1403,9723.8639,9723.8639,9723.8639,10799.2764,0.00047661,0.5262,0.0,719.9518,-78492.8022,185455.3051,0.986,Low,On Track
SUP-0070,Agriculture Supplier 070,Agriculture,2024,2020,2035,,,,13301.1313,20402329.13,136165393.76,18650.3811,Spend-Based Estimate,True,Medium,Reported_Emissions; Scope_Emissions,Valid,2040,Supplier Target Pathway,20523.1403,9723.8639,9723.8639,9723.8639,10799.2764,0.00047661,0.5262,0.0,719.9518,-88216.6661,195179.169,0.986,Low,On Track
SUP-0071,Chemicals Supplier 071,Chemicals,2024,2021,2040,,3148.1573,1669.6424,16694.465,28905379.05,124165340.47,21512.2647,Scope 1 + Scope 2 + Scope 3,True,High,Reported_Emissions,Valid,2025,Supplier Target Pathway,20288.1751,9644.9984,18047.5063,18047.5063,2240.6688,0.00062436,0.110442,8402.5079,560.1672,136272.4681,18047.5063,0.99,Critical,On Track to Glide Path
SUP-0071,Chemicals Supplier 071,Chemicals,2024,2021,2040,,3148.1573,1669.6424,16694.465,28905379.05,124165340.47,21512.2647,Scope 1 + Scope 2 + Scope 3,True,High,Reported_Emissions,Valid,2026,Supplier Target Pathway,20288.1751,9644.9984,17487.3391,17487.3391,2800.836,0.00060499,0.138053,7842.3407,560.1672,118785.129,35534.8454,0.99,Critical,On Track to Glide Path
SUP-0071,Chemicals Supplier 071,Chemicals,2024,2021,2040,,3148.1573,1669.6424,16694.465,28905379.05,124165340.47,21512.2647,Scope 1 + Scope 2 + Scope 3,True,High,Reported_Emissions,Valid,2027,Supplier Target Pathway,20288.1751,9644.9984,16927.1719,16927.1719,3361.0032,0.00058561,0.165663,7282.1735,560.1672,101857.9571,52462.0173,0.99,Critical,On Track to Glide Path
SUP-0071,Chemicals Supplier 071,Chemicals,2024,2021,2040,,3148.1573,1669.6424,16694.465,28905379.05,124165340.47,21512.2647,Scope 1 + Scope 2 + Scope 3,True,High,Reported_Emissions,Valid,2028,Supplier Target Pathway,20288.1751,9644.9984,16367.0048,16367.0048,3921.1703,0.00056623,0.193274,6722.0063,560.1672,85490.9523,68829.0221,0.99,Critical,On Track to Glide Path
SUP-0071,Chemicals Supplier 071,Chemicals,2024,2021,2040,,3148.1573,1669.6424,16694.465,28905379.05,124165340.47,21512.2647,Scope 1 + Scope 2 + Scope 3,True,High,Reported_Emissions,Valid,2029,Supplier Target Pathway,20288.1751,9644.9984,15806.8376,15806.8376,4481.3375,0.00054685,0.220884,6161.8391,560.1672,69684.1147,84635.8597,0.99,Critical,On Track to Glide Path
SUP-0071,Chemicals Supplier 071,Chemicals,2024,2021,2040,,3148.1573,1669.6424,16694.465,28905379.05,124165340.47,21512.2647,Scope 1 + Scope 2 + Scope 3,True,High,Reported_Emissions,Valid,2030,Supplier Target Pathway,20288.1751,9644.9984,15246.6704,15246.6704,5041.5047,0.00052747,0.248495,5601.6719,560.1672,54437.4443,99882.5301,0.99,Critical,On Track to Glide Path
SUP-0071,Chemicals Supplier 071,Chemicals,2024,2021,2040,,3148.1573,1669.6424,16694.465,28905379.05,124165340.47,21512.2647,Scope 1 + Scope 2 + Scope 3,True,High,Reported_Emissions,Valid,2031,Supplier Target Pathway,20288.1751,9644.9984,14686.5032,14686.5032,5601.6719,0.00050809,0.276105,5041.5047,560.1672,39750.9411,114569.0333,0.99,Critical,On Track to Glide Path
SUP-0071,Chemicals Supplier 071,Chemicals,2024,2021,2040,,3148.1573,1669.6424,16694.465,28905379.05,124165340.47,21512.2647,Scope 1 + Scope 2 + Scope 3,True,High,Reported_Emissions,Valid,2032,Supplier Target Pathway,20288.1751,9644.9984,14126.336,14126.336,6161.8391,0.00048871,0.303716,4481.3375,560.1672,25624.6051,128695.3693,0.99,Critical,On Track to Glide Path
SUP-0071,Chemicals Supplier 071,Chemicals,2024,2021,2040,,3148.1573,1669.6424,16694.465,28905379.05,124165340.47,21512.2647,Scope 1 + Scope 2 + Scope 3,True,High,Reported_Emissions,Valid,2033,Supplier Target Pathway,20288.1751,9644.9984,13566.1688,13566.1688,6722.0063,0.00046933,0.331326,3921.1703,560.1672,12058.4363,142261.5381,0.99,Critical,On Track to Glide Path
SUP-0071,Chemicals Supplier 071,Chemicals,2024,2021,2040,,3148.1573,1669.6424,16694.465,28905379.05,124165340.47,21512.2647,Scope 1 + Scope 2 + Scope 3,True,High,Reported_Emissions,Valid,2034,Supplier Target Pathway,20288.1751,9644.9984,13006.0016,13006.0016,7282.1735,0.00044995,0.358937,3361.0032,560.1672,-947.5653,155267.5397,0.99,High,On Track to Glide Path
SUP-0071,Chemicals Supplier 071,Chemicals,2024,2021,2040,,3148.1573,1669.6424,16694.465,28905379.05,124165340.47,21512.2647,Scope 1 + Scope 2 + Scope 3,True,High,Reported_Emissions,Valid,2035,Supplier Target Pathway,20288.1751,9644.9984,12445.8344,12445.8344,7842.3407,0.00043057,0.386547,2800.836,560.1672,-13393.3997,167713.3741,0.99,High,On Track to Glide Path
SUP-0071,Chemicals Supplier 071,Chemicals,2024,2021,2040,,3148.1573,1669.6424,16694.465,28905379.05,124165340.47,21512.2647,Scope 1 + Scope 2 + Scope 3,True,High,Reported_Emissions,Valid,2036,Supplier Target Pathway,20288.1751,9644.9984,11885.6672,11885.6672,8402.5079,0.00041119,0.414158,2240.6688,560.1672,-25279.0669,179599.0413,0.99,High,On Track to Glide Path
SUP-0071,Chemicals Supplier 071,Chemicals,2024,2021,2040,,3148.1573,1669.6424,16694.465,28905379.05,124165340.47,21512.2647,Scope 1 + Scope 2 + Scope 3,True,High,Reported_Emissions,Valid,2037,Supplier Target Pathway,20288.1751,9644.9984,11325.5,11325.5,8962.6751,0.00039181,0.441768,1680.5016,560.1672,-36604.5669,190924.5413,0.99,High,On Track to Glide Path
SUP-0071,Chemicals Supplier 071,Chemicals,2024,2021,2040,,3148.1573,1669.6424,16694.465,28905379.05,124165340.47,21512.2647,Scope 1 + Scope 2 + Scope 3,True,High,Reported_Emissions,Valid,2038,Supplier Target Pathway,20288.1751,9644.9984,10765.3328,10765.3328,9522.8423,0.00037243,0.469379,1120.3344,560.1672,-47369.8997,201689.8741,0.99,Medium,On Track to Glide Path
SUP-0071,Chemicals Supplier 071,Chemicals,2024,2021,2040,,3148.1573,1669.6424,16694.465,28905379.05,124165340.47,21512.2647,Scope 1 + Scope 2 + Scope 3,True,High,Reported_Emissions,Valid,2039,Supplier Target Pathway,20288.1751,9644.9984,10205.1656,10205.1656,10083.0095,0.00035305,0.496989,560.1672,560.1672,-57575.0653,211895.0397,0.99,Medium,On Track to Glide Path
SUP-0071,Chemicals Supplier 071,Chemicals,2024,2021,2040,,3148.1573,1669.6424,16694.465,28905379.05,124165340.47,21512.2647,Scope 1 + Scope 2 + Scope 3,True,High,Reported_Emissions,Valid,2040,Supplier Target Pathway,20288.1751,9644.9984,9644.9984,9644.9984,10643.1767,0.00033367,0.5246,0.0,560.1672,-67220.0637,221540.0381,0.99,Low,On Track
SUP-0072,Electronics Supplier 072,Electronics,2024,2018,2040,972.736,187.3418,,717.5767,,8856001.5,972.736,Supplier Reported Emissions,False,High,Gross_Spend; Scope_Emissions,Valid,2025,Supplier Target Pathway,1180.8962,504.715,965.7476,965.7476,215.1486,,,461.0326,30.7355,7109.6924,965.7476,0.99,Critical,On Track to Glide Path
SUP-0072,Electronics Supplier 072,Electronics,2024,2018,2040,972.736,187.3418,,717.5767,,8856001.5,972.736,Supplier Reported Emissions,False,High,Gross_Spend; Scope_Emissions,Valid,2026,Supplier Target Pathway,1180.8962,504.715,935.0121,935.0121,245.8841,,,430.2971,30.7355,6174.6803,1900.7597,0.99,Critical,On Track to Glide Path
SUP-0072,Electronics Supplier 072,Electronics,2024,2018,2040,972.736,187.3418,,717.5767,,8856001.5,972.736,Supplier Reported Emissions,False,High,Gross_Spend; Scope_Emissions,Valid,2027,Supplier Target Pathway,1180.8962,504.715,904.2766,904.2766,276.6196,,,399.5616,30.7355,5270.4037,2805.0363,0.99,Critical,On Track to Glide Path
SUP-0072,Electronics Supplier 072,Electronics,2024,2018,2040,972.736,187.3418,,717.5767,,8856001.5,972.736,Supplier Reported Emissions,False,High,Gross_Spend; Scope_Emissions,Valid,2028,Supplier Target Pathway,1180.8962,504.715,873.5411,873.5411,307.3551,,,368.8261,30.7355,4396.8626,3678.5774,0.99,Critical,On Track to Glide Path
SUP-0072,Electronics Supplier 072,Electronics,2024,2018,2040,972.736,187.3418,,717.5767,,8856001.5,972.736,Supplier Reported Emissions,False,High,Gross_Spend; Scope_Emissions,Valid,2029,Supplier Target Pathway,1180.8962,504.715,842.8056,842.8056,338.0906,,,338.0906,30.7355,3554.057,4521.383,0.99,Critical,On Track to Glide Path
SUP-0072,Electronics Supplier 072,Electronics,2024,2018,2040,972.736,187.3418,,717.5767,,8856001.5,972.736,Supplier Reported Emissions,False,High,Gross_Spend; Scope_Emissions,Valid,2030,Supplier Target Pathway,1180.8962,504.715,812.0701,812.0701,368.8261,,,307.3551,30.7355,2741.9869,5333.4531,0.99,Critical,On Track to Glide Path
SUP-0072,Electronics Supplier 072,Electronics,2024,2018,2040,972.736,187.3418,,717.5767,,8856001.5,972.736,Supplier Reported Emissions,False,High,Gross_Spend; Scope_Emissions,Valid,2031,Supplier Target Pathway,1180.8962,504.715,781.3346,781.3346,399.5616,,,276.6196,30.7355,1960.6523,6114.7877,0.99,Critical,On Track to Glide Path
SUP-0072,Electronics Supplier 072,Electronics,2024,2018,2040,972.736,187.3418,,717.5767,,8856001.5,972.736,Supplier Reported Emissions,False,High,Gross_Spend; Scope_Emissions,Valid,2032,Supplier Target Pathway,1180.8962,504.715,750.5991,750.5991,430.2971,,,245.8841,30.7355,1210.0532,6865.3868,0.99,Critical,On Track to Glide Path
SUP-0072,Electronics Supplier 072,Electronics,2024,2018,2040,972.736,187.3418,,717.5767,,8856001.5,972.736,Supplier Reported Emissions,False,High,Gross_Spend; Scope_Emissions,Valid,2033,Supplier Target Pathway,1180.8962,504.715,719.8636,719.8636,461.0326,,,215.1486,30.7355,490.1896,7585.2504,0.99,Critical,On Track to Glide Path
SUP-0072,Electronics Supplier 072,Electronics,2024,2018,2040,972.736,187.3418,,717.5767,,8856001.5,972.736,Supplier Reported Emissions,False,High,Gross_Spend; Scope_Emissions,Valid,2034,Supplier Target Pathway,1180.8962,504.715,689.1281,689.1281,491.7681,,,184.413,30.7355,-198.9385,8274.3785,0.99,Critical,On Track to Glide Path
SUP-0072,Electronics Supplier 072,Electronics,2024,2018,2040,972.736,187.3418,,717.5767,,8856001.5,972.736,Supplier Reported Emissions,False,High,Gross_Spend; Scope_Emissions,Valid,2035,Supplier Target Pathway,1180.8962,504.715,658.3926,658.3926,522.5036,,,153.6775,30.7355,-857.3311,8932.7711,0.99,High,On Track to Glide Path
SUP-0072,Electronics Supplier 072,Electronics,2024,2018,2040,972.736,187.3418,,717.5767,,8856001.5,972.736,Supplier Reported Emissions,False,High,Gross_Spend; Scope_Emissions,Valid,2036,Supplier Target Pathway,1180.8962,504.715,627.6571,627.6571,553.2391,,,122.942,30.7355,-1484.9882,9560.4282,0.99,High,On Track to Glide Path
SUP-0072,Electronics Supplier 072,Electronics,2024,2018,2040,972.736,187.3418,,717.5767,,8856001.5,972.736,Supplier Reported Emissions,False,High,Gross_Spend; Scope_Emissions,Valid,2037,Supplier Target Pathway,1180.8962,504.715,596.9216,596.9216,583.9746,,,92.2065,30.7355,-2081.9098,10157.3498,0.99,High,On Track to Glide Path
SUP-0072,Electronics Supplier 072,Electronics,2024,2018,2040,972.736,187.3418,,717.5767,,8856001.5,972.736,Supplier Reported Emissions,False,High,Gross_Spend; Scope_Emissions,Valid,2038,Supplier Target Pathway,1180.8962,504.715,566.1861,566.1861,614.7101,,,61.471,30.7355,-2648.0959,10723.5359,0.99,Medium,On Track to Glide Path
SUP-0072,Electronics Supplier 072,Electronics,2024,2018,2040,972.736,187.3418,,717.5767,,8856001.5,972.736,Supplier Reported Emissions,False,High,Gross_Spend; Scope_Emissions,Valid,2039,Supplier Target Pathway,1180.8962,504.715,535.4505,535.4505,645.4457,,,30.7355,30.7355,-3183.5464,11258.9864,0.99,Medium,On Track to Glide Path
SUP-0072,Electronics Supplier 072,Electronics,2024,2018,2040,972.736,187.3418,,717.5767,,8856001.5,972.736,Supplier Reported Emissions,False,High,Gross_Spend; Scope_Emissions,Valid,2040,Supplier Target Pathway,1180.8962,504.715,504.715,504.715,676.1812,,,0.0,30.7355,-3688.2614,11763.7014,0.99,Low,On Track
SUP-0073,Packaging Supplier 073,Packaging,2024,2021,2030,14596.7449,1180.2512,,,16909834.93,82051194.03,14596.7449,Supplier Reported Emissions,False,High,Scope_Emissions,Valid,2025,Supplier Target Pathway,15485.7705,6186.5653,11352.7904,11352.7904,4132.9801,0.00067137,0.266889,5166.2251,1033.245,25766.6014,11352.7904,0.99,Critical,On Track to Glide Path
SUP-0073,Packaging Supplier 073,Packaging,2024,2021,2030,14596.7449,1180.2512,,,16909834.93,82051194.03,14596.7449,Supplier Reported Emissions,False,High,Scope_Emissions,Valid,2026,Supplier Target Pathway,15485.7705,6186.5653,10319.5454,10319.5454,5166.2251,0.00061027,0.333611,4132.9801,1033.245,15447.056,21672.3358,0.99,Critical,On Track to Glide Path
SUP-0073,Packaging Supplier 073,Packaging,2024,2021,2030,14596.7449,1180.2512,,,16909834.93,82051194.03,14596.7449,Supplier Reported Emissions,False,High,Scope_Emissions,Valid,2027,Supplier Target Pathway,15485.7705,6186.5653,9286.3004,9286.3004,6199.4701,0.00054917,0.400333,3099.7351,1033.245,6160.7556,30958.6362,0.99,Critical,On Track to Glide Path
SUP-0073,Packaging Supplier 073,Packaging,2024,2021,2030,14596.7449,1180.2512,,,16909834.93,82051194.03,14596.7449,Supplier Reported Emissions,False,High,Scope_Emissions,Valid,2028,Supplier Target Pathway,15485.7705,6186.5653,8253.0554,8253.0554,7232.7151,0.00048806,0.467056,2066.49,1033.245,-2092.2998,39211.6916,0.99,High,On Track to Glide Path
SUP-0073,Packaging Supplier 073,Packaging,2024,2021,2030,14596.7449,1180.2512,,,16909834.93,82051194.03,14596.7449,Supplier Reported Emissions,False,High,Scope_Emissions,Valid,2029,Supplier Target Pathway,15485.7705,6186.5653,7219.8103,7219.8103,8265.9602,0.00042696,0.533778,1033.245,1033.245,-9312.1101,46431.5019,0.99,High,On Track to Glide Path
SUP-0073,Packaging Supplier 073,Packaging,2024,2021,2030,14596.7449,1180.2512,,,16909834.93,82051194.03,14596.7449,Supplier Reported Emissions,False,High,Scope_Emissions,Valid,2030,Supplier Target Pathway,15485.7705,6186.5653,6186.5653,6186.5653,9299.2052,0.00036586,0.6005,0.0,1033.245,-15498.6754,52618.0672,0.99,Low,On Track
SUP-0073,Packaging Supplier 073,Packaging,2024,2021,2030,14596.7449,1180.2512,,,16909834.93,82051194.03,14596.7449,Supplier Reported Emissions,False,High,Scope_Emissions,Valid,2031,Supplier Target Pathway,15485.7705,6186.5653,6186.5653,6186.5653,9299.2052,0.00036586,0.6005,0.0,1033.245,-21685.2407,58804.6325,0.99,Low,On Track
SUP-0073,Packaging Supplier 073,Packaging,2024,2021,2030,14596.7449,1180.2512,,,16909834.93,82051194.03,14596.7449,Supplier Reported Emissions,False,High,Scope_Emissions,Valid,2032,Supplier Target Pathway,15485.7705,6186.5653,6186.5653,6186.5653,9299.2052,0.00036586,0.6005,0.0,1033.245,-27871.806,64991.1978,0.99,Low,On Track
SUP-0073,Packaging Supplier 073,Packaging,2024,2021,2030,14596.7449,1180.2512,,,16909834.93,82051194.03,14596.7449,Supplier Reported Emissions,False,High,Scope_Emissions,Valid,2033,Supplier Target Pathway,15485.7705,6186.5653,6186.5653,6186.5653,9299.2052,0.00036586,0.6005,0.0,1033.245,-34058.3713,71177.7631,0.99,Low,On Track
SUP-0073,Packaging Supplier 073,Packaging,2024,2021,2030,14596.7449,1180.2512,,,16909834.93,82051194.03,14596.7449,Supplier Reported Emissions,False,High,Scope_Emissions,Valid,2034,Supplier Target Pathway,15485.7705,6186.5653,6186.5653,6186.5653,9299.2052,0.00036586,0.6005,0.0,1033.245,-40244.9366,77364.3284,0.99,Low,On Track
SUP-0073,Packaging Supplier 073,Packaging,2024,2021,2030,14596.7449,1180.2512,,,16909834.93,82051194.03,14596.7449,Supplier Reported Emissions,False,High,Scope_Emissions,Valid,2035,Supplier Target Pathway,15485.7705,6186.5653,6186.5653,6186.5653,9299.2052,0.00036586,0.6005,0.0,1033.245,-46431.5019,83550.8937,0.99,Low,On Track
SUP-0073,Packaging Supplier 073,Packaging,2024,2021,2030,14596.7449,1180.2512,,,16909834.93,82051194.03,14596.7449,Supplier Reported Emissions,False,High,Scope_Emissions,Valid,2036,Supplier Target Pathway,15485.7705,6186.5653,6186.5653,6186.5653,9299.2052,0.00036586,0.6005,0.0,1033.245,-52618.0672,89737.459,0.99,Low,On Track
SUP-0073,Packaging Supplier 073,Packaging,2024,2021,2030,14596.7449,1180.2512,,,16909834.93,82051194.03,14596.7449,Supplier Reported Emissions,False,High,Scope_Emissions,Valid,2037,Supplier Target Pathway,15485.7705,6186.5653,6186.5653,6186.5653,9299.2052,0.00036586,0.6005,0.0,1033.245,-58804.6325,95924.0243,0.99,Low,On Track
SUP-0073,Packaging Supplier 073,Packaging,2024,2021,2030,14596.7449,1180.2512,,,16909834.93,82051194.03,14596.7449,Supplier Reported Emissions,False,High,Scope_Emissions,Valid,2038,Supplier Target Pathway,15485.7705,6186.5653,6186.5653,6186.5653,9299.2052,0.00036586,0.6005,0.0,1033.245,-64991.1978,102110.5896,0.99,Low,On Track
SUP-0073,Packaging Supplier 073,Packaging,2024,2021,2030,14596.7449,1180.2512,,,16909834.93,82051194.03,14596.7449,Supplier Reported Emissions,False,High,Scope_Emissions,Valid,2039,Supplier Target Pathway,15485.7705,6186.5653,6186.5653,6186.5653,9299.2052,0.00036586,0.6005,0.0,1033.245,-71177.7631,108297.1549,0.99,Low,On Track
SUP-0073,Packaging Supplier 073,Packaging,2024,2021,2030,14596.7449,1180.2512,,,16909834.93,82051194.03,14596.7449,Supplier Reported Emissions,False,High,Scope_Emissions,Valid,2040,Supplier Target Pathway,15485.7705,6186.5653,6186.5653,6186.5653,9299.2052,0.00036586,0.6005,0.0,1033.245,-77364.3284,114483.7202,0.99,Low,On Track
SUP-0074,Agriculture Supplier 074,Agriculture,2024,2020,2040,26707.7815,6494.2756,4060.4651,,,233834556.23,26707.7815,Supplier Reported Emissions,False,High,Gross_Spend; Scope_Emissions,Valid,2025,Supplier Target Pathway,32381.1012,13557.9671,27675.3177,27675.3177,4705.7835,,,14117.3506,941.1567,189252.1559,27675.3177,0.99,Critical,On Track to Glide Path
SUP-0074,Agriculture Supplier 074,Agriculture,2024,2020,2040,26707.7815,6494.2756,4060.4651,,,233834556.23,26707.7815,Supplier Reported Emissions,False,High,Gross_Spend; Scope_Emissions,Valid,2026,Supplier Target Pathway,32381.1012,13557.9671,26734.161,26734.161,5646.9402,,,13176.1939,941.1567,162517.9949,54409.4787,0.99,Critical,On Track to Glide Path
SUP-0074,Agriculture Supplier 074,Agriculture,2024,2020,2040,26707.7815,6494.2756,4060.4651,,,233834556.23,26707.7815,Supplier Reported Emissions,False,High,Gross_Spend; Scope_Emissions,Valid,2027,Supplier Target Pathway,32381.1012,13557.9671,25793.0043,25793.0043,6588.0969,,,12235.0372,941.1567,136724.9906,80202.483,0.99,Critical,On Track to Glide Path
SUP-0074,Agriculture Supplier 074,Agriculture,2024,2020,2040,26707.7815,6494.2756,4060.4651,,,233834556.23,26707.7815,Supplier Reported Emissions,False,High,Gross_Spend; Scope_Emissions,Valid,2028,Supplier Target Pathway,32381.1012,13557.9671,24851.8475,24851.8475,7529.2537,,,11293.8805,941.1567,111873.1431,105054.3305,0.99,Critical,On Track to Glide Path
SUP-0074,Agriculture Supplier 074,Agriculture,2024,2020,2040,26707.7815,6494.2756,4060.4651,,,233834556.23,26707.7815,Supplier Reported Emissions,False,High,Gross_Spend; Scope_Emissions,Valid,2029,Supplier Target Pathway,32381.1012,13557.9671,23910.6908,23910.6908,8470.4104,,,10352.7238,941.1567,87962.4523,128965.0213,0.99,Critical,On Track to Glide Path
SUP-0074,Agriculture Supplier 074,Agriculture,2024,2020,2040,26707.7815,6494.2756,4060.4651,,,233834556.23,26707.7815,Supplier Reported Emissions,False,High,Gross_Spend; Scope_Emissions,Valid,2030,Supplier Target Pathway,32381.1012,13557.9671,22969.5341,22969.5341,9411.5671,,,9411.5671,941.1567,64992.9182,151934.5554,0.99,Critical,On Track to Glide Path
SUP-0074,Agriculture Supplier 074,Agriculture,2024,2020,2040,26707.7815,6494.2756,4060.4651,,,233834556.23,26707.7815,Supplier Reported Emissions,False,High,Gross_Spend; Scope_Emissions,Valid,2031,Supplier Target Pathway,32381.1012,13557.9671,22028.3774,22028.3774,10352.7238,,,8470.4104,941.1567,42964.5408,173962.9328,0.99,Critical,On Track to Glide Path
SUP-0074,Agriculture Supplier 074,Agriculture,2024,2020,2040,26707.7815,6494.2756,4060.4651,,,233834556.23,26707.7815,Supplier Reported Emissions,False,High,Gross_Spend; Scope_Emissions,Valid,2032,Supplier Target Pathway,32381.1012,13557.9671,21087.2207,21087.2207,11293.8805,,,7529.2537,941.1567,21877.3201,195050.1535,0.99,Critical,On Track to Glide Path
SUP-0074,Agriculture Supplier 074,Agriculture,2024,2020,2040,26707.7815,6494.2756,4060.4651,,,233834556.23,26707.7815,Supplier Reported Emissions,False,High,Gross_Spend; Scope_Emissions,Valid,2033,Supplier Target Pathway,32381.1012,13557.9671,20146.064,20146.064,12235.0372,,,6588.0969,941.1567,1731.2561,215196.2175,0.99,Critical,On Track to Glide Path
SUP-0074,Agriculture Supplier 074,Agriculture,2024,2020,2040,26707.7815,6494.2756,4060.4651,,,233834556.23,26707.7815,Supplier Reported Emissions,False,High,Gross_Spend; Scope_Emissions,Valid,2034,Supplier Target Pathway,32381.1012,13557.9671,19204.9073,19204.9073,13176.1939,,,5646.9402,941.1567,-17473.6512,234401.1248,0.99,Critical,On Track to Glide Path
SUP-0074,Agriculture Supplier 074,Agriculture,2024,2020,2040,26707.7815,6494.2756,4060.4651,,,233834556.23,26707.7815,Supplier Reported Emissions,False,High,Gross_Spend; Scope_Emissions,Valid,2035,Supplier Target Pathway,32381.1012,13557.9671,18263.7506,18263.7506,14117.3506,,,4705.7835,941.1567,-35737.4018,252664.8754,0.99,High,On Track to Glide Path
SUP-0074,Agriculture Supplier 074,Agriculture,2024,2020,2040,26707.7815,6494.2756,4060.4651,,,233834556.23,26707.7815,Supplier Reported Emissions,False,High,Gross_Spend; Scope_Emissions,Valid,2036,Supplier Target Pathway,32381.1012,13557.9671,17322.5939,17322.5939,15058.5073,,,3764.6268,941.1567,-53059.9957,269987.4693,0.99,High,On Track to Glide Path
SUP-0074,Agriculture Supplier 074,Agriculture,2024,2020,2040,26707.7815,6494.2756,4060.4651,,,233834556.23,26707.7815,Supplier Reported Emissions,False,High,Gross_Spend; Scope_Emissions,Valid,2037,Supplier Target Pathway,32381.1012,13557.9671,16381.4372,16381.4372,15999.664,,,2823.4701,941.1567,-69441.4329,286368.9065,0.99,High,On Track to Glide Path
SUP-0074,Agriculture Supplier 074,Agriculture,2024,2020,2040,26707.7815,6494.2756,4060.4651,,,233834556.23,26707.7815,Supplier Reported Emissions,False,High,Gross_Spend; Scope_Emissions,Valid,2038,Supplier Target Pathway,32381.1012,13557.9671,15440.2805,15440.2805,16940.8207,,,1882.3134,941.1567,-84881.7134,301809.187,0.99,Medium,On Track to Glide Path
SUP-0074,Agriculture Supplier 074,Agriculture,2024,2020,2040,26707.7815,6494.2756,4060.4651,,,233834556.23,26707.7815,Supplier Reported Emissions,False,High,Gross_Spend; Scope_Emissions,Valid,2039,Supplier Target Pathway,32381.1012,13557.9671,14499.1238,14499.1238,17881.9774,,,941.1567,941.1567,-99380.8372,316308.3108,0.99,Medium,On Track to Glide Path
SUP-0074,Agriculture Supplier 074,Agriculture,2024,2020,2040,26707.7815,6494.2756,4060.4651,,,233834556.23,26707.7815,Supplier Reported Emissions,False,High,Gross_Spend; Scope_Emissions,Valid,2040,Supplier Target Pathway,32381.1012,13557.9671,13557.9671,13557.9671,18823.1341,,,0.0,941.1567,-112938.8043,329866.2779,0.99,Low,On Track
SUP-0075,Metals Supplier 075,Metals,2024,2021,2030,16503.6871,2515.0455,2326.5687,,10788085.25,32921816.64,16503.6871,Supplier Reported Emissions,False,High,Scope_Emissions,Valid,2025,Supplier Target Pathway,17179.8672,7110.747,12704.7027,12704.7027,4475.1645,0.00117766,0.260489,5593.9556,1118.7911,29959.7793,12704.7027,0.99,Critical,On Track to Glide Path
SUP-0075,Metals Supplier 075,Metals,2024,2021,2030,16503.6871,2515.0455,2326.5687,,10788085.25,32921816.64,16503.6871,Supplier Reported Emissions,False,High,Scope_Emissions,Valid,2026,Supplier Target Pathway,17179.8672,7110.747,11585.9116,11585.9116,5593.9556,0.00107395,0.325611,4475.1645,1118.7911,18373.8677,24290.6143,0.99,Critical,On Track to Glide Path
SUP-0075,Metals Supplier 075,Metals,2024,2021,2030,16503.6871,2515.0455,2326.5687,,10788085.25,32921816.64,16503.6871,Supplier Reported Emissions,False,High,Scope_Emissions,Valid,2027,Supplier Target Pathway,17179.8672,7110.747,10467.1204,10467.1204,6712.7468,0.00097025,0.390733,3356.3734,1118.7911,7906.7473,34757.7347,0.99,Critical,On Track to Glide Path
SUP-0075,Metals Supplier 075,Metals,2024,2021,2030,16503.6871,2515.0455,2326.5687,,10788085.25,32921816.64,16503.6871,Supplier Reported Emissions,False,High,Scope_Emissions,Valid,2028,Supplier Target Pathway,17179.8672,7110.747,9348.3293,9348.3293,7831.5379,0.00086654,0.455856,2237.5823,1118.7911,-1441.582,44106.064,0.99,High,On Track to Glide Path
SUP-0075,Metals Supplier 075,Metals,2024,2021,2030,16503.6871,2515.0455,2326.5687,,10788085.25,32921816.64,16503.6871,Supplier Reported Emissions,False,High,Scope_Emissions,Valid,2029,Supplier Target Pathway,17179.8672,7110.747,8229.5382,8229.5382,8950.329,0.00076284,0.520978,1118.7911,1118.7911,-9671.1202,52335.6022,0.99,High,On Track to Glide Path
SUP-0075,Metals Supplier 075,Metals,2024,2021,2030,16503.6871,2515.0455,2326.5687,,10788085.25,32921816.64,16503.6871,Supplier Reported Emissions,False,High,Scope_Emissions,Valid,2030,Supplier Target Pathway,17179.8672,7110.747,7110.747,7110.747,10069.1202,0.00065913,0.5861,0.0,1118.7911,-16781.8672,59446.3492,0.99,Low,On Track
SUP-0075,Metals Supplier 075,Metals,2024,2021,2030,16503.6871,2515.0455,2326.5687,,10788085.25,32921816.64,16503.6871,Supplier Reported Emissions,False,High,Scope_Emissions,Valid,2031,Supplier Target Pathway,17179.8672,7110.747,7110.747,7110.747,10069.1202,0.00065913,0.5861,0.0,1118.7911,-23892.6142,66557.0962,0.99,Low,On Track
SUP-0075,Metals Supplier 075,Metals,2024,2021,2030,16503.6871,2515.0455,2326.5687,,10788085.25,32921816.64,16503.6871,Supplier Reported Emissions,False,High,Scope_Emissions,Valid,2032,Supplier Target Pathway,17179.8672,7110.747,7110.747,7110.747,10069.1202,0.00065913,0.5861,0.0,1118.7911,-31003.3612,73667.8432,0.99,Low,On Track
SUP-0075,Metals Supplier 075,Metals,2024,2021,2030,16503.6871,2515.0455,2326.5687,,10788085.25,32921816.64,16503.6871,Supplier Reported Emissions,False,High,Scope_Emissions,Valid,2033,Supplier Target Pathway,17179.8672,7110.747,7110.747,7110.747,10069.1202,0.00065913,0.5861,0.0,1118.7911,-38114.1082,80778.5902,0.99,Low,On Track
SUP-0075,Metals Supplier 075,Metals,2024,2021,2030,16503.6871,2515.0455,2326.5687,,10788085.25,32921816.64,16503.6871,Supplier Reported Emissions,False,High,Scope_Emissions,Valid,2034,Supplier Target Pathway,17179.8672,7110.747,7110.747,7110.747,10069.1202,0.00065913,0.5861,0.0,1118.7911,-45224.8552,87889.3372,0.99,Low,On Track
SUP-0075,Metals Supplier 075,Metals,2024,2021,2030,16503.6871,2515.0455,2326.5687,,10788085.25,32921816.64,16503.6871,Supplier Reported Emissions,False,High,Scope_Emissions,Valid,2035,Supplier Target Pathway,17179.8672,7110.747,7110.747,7110.747,10069.1202,0.00065913,0.5861,0.0,1118.7911,-52335.6022,95000.0842,0.99,Low,On Track
SUP-0075,Metals Supplier 075,Metals,2024,2021,2030,16503.6871,2515.0455,2326.5687,,10788085.25,32921816.64,16503.6871,Supplier Reported Emissions,False,High,Scope_Emissions,Valid,2036,Supplier Target Pathway,17179.8672,7110.747,7110.747,7110.747,10069.1202,0.00065913,0.5861,0.0,1118.7911,-59446.3492,102110.8312,0.99,Low,On Track
SUP-0075,Metals Supplier 075,Metals,2024,2021,2030,16503.6871,2515.0455,2326.5687,,10788085.25,32921816.64,16503.6871,Supplier Reported Emissions,False,High,Scope_Emissions,Valid,2037,Supplier Target Pathway,17179.8672,7110.747,7110.747,7110.747,10069.1202,0.00065913,0.5861,0.0,1118.7911,-66557.0962,109221.5782,0.99,Low,On Track
SUP-0075,Metals Supplier 075,Metals,2024,2021,2030,16503.6871,2515.0455,2326.5687,,10788085.25,32921816.64,16503.6871,Supplier Reported Emissions,False,High,Scope_Emissions,Valid,2038,Supplier Target Pathway,17179.8672,7110.747,7110.747,7110.747,10069.1202,0.00065913,0.5861,0.0,1118.7911,-73667.8432,116332.3252,0.99,Low,On Track
SUP-0075,Metals Supplier 075,Metals,2024,2021,2030,16503.6871,2515.0455,2326.5687,,10788085.25,32921816.64,16503.6871,Supplier Reported Emissions,False,High,Scope_Emissions,Valid,2039,Supplier Target Pathway,17179.8672,7110.747,7110.747,7110.747,10069.1202,0.00065913,0.5861,0.0,1118.7911,-80778.5902,123443.0722,0.99,Low,On Track
SUP-0075,Metals Supplier 075,Metals,2024,2021,2030,16503.6871,2515.0455,2326.5687,,10788085.25,32921816.64,16503.6871,Supplier Reported Emissions,False,High,Scope_Emissions,Valid,2040,Supplier Target Pathway,17179.8672,7110.747,7110.747,7110.747,10069.1202,0.00065913,0.5861,0.0,1118.7911,-87889.3372,130553.8192,0.99,Low,On Track
SUP-0076,Chemicals Supplier 076,Chemicals,2024,2018,2035,10193.2261,1825.6608,1691.3593,,9191923.93,11025423.11,10193.2261,Supplier Reported Emissions,False,High,Scope_Emissions,Valid,2025,Supplier Target Pathway,12116.7137,6849.5783,9947.8932,9947.8932,2168.8205,0.00108224,0.178994,3098.315,309.8315,65397.4681,9947.8932,0.961,Critical,On Track to Glide Path
SUP-0076,Chemicals Supplier 076,Chemicals,2024,2018,2035,10193.2261,1825.6608,1691.3593,,9191923.93,11025423.11,10193.2261,Supplier Reported Emissions,False,High,Scope_Emissions,Valid,2026,Supplier Target Pathway,12116.7137,6849.5783,9638.0617,9638.0617,2478.652,0.00104854,0.204565,2788.4835,309.8315,55759.4064,19585.9549,0.961,Critical,On Track to Glide Path
SUP-0076,Chemicals Supplier 076,Chemicals,2024,2018,2035,10193.2261,1825.6608,1691.3593,,9191923.93,11025423.11,10193.2261,Supplier Reported Emissions,False,High,Scope_Emissions,Valid,2027,Supplier Target Pathway,12116.7137,6849.5783,9328.2302,9328.2302,2788.4835,0.00101483,0.230135,2478.652,309.8315,46431.1762,28914.1851,0.961,Critical,On Track to Glide Path
SUP-0076,Chemicals Supplier 076,Chemicals,2024,2018,2035,10193.2261,1825.6608,1691.3593,,9191923.93,11025423.11,10193.2261,Supplier Reported Emissions,False,High,Scope_Emissions,Valid,2028,Supplier Target Pathway,12116.7137,6849.5783,9018.3987,9018.3987,3098.315,0.00098112,0.255706,2168.8205,309.8315,37412.7775,37932.5838,0.961,High,On Track to Glide Path
SUP-0076,Chemicals Supplier 076,Chemicals,2024,2018,2035,10193.2261,1825.6608,1691.3593,,9191923.93,11025423.11,10193.2261,Supplier Reported Emissions,False,High,Scope_Emissions,Valid,2029,Supplier Target Pathway,12116.7137,6849.5783,8708.5672,8708.5672,3408.1465,0.00094742,0.281276,1858.989,309.8315,28704.2103,46641.151,0.961,High,On Track to Glide Path
SUP-0076,Chemicals Supplier 076,Chemicals,2024,2018,2035,10193.2261,1825.6608,1691.3593,,9191923.93,11025423.11,10193.2261,Supplier Reported Emissions,False,High,Scope_Emissions,Valid,2030,Supplier Target Pathway,12116.7137,6849.5783,8398.7357,8398.7357,3717.978,0.00091371,0.306847,1549.1575,309.8315,20305.4746,55039.8867,0.961,High,On Track to Glide Path
SUP-0076,Chemicals Supplier 076,Chemicals,2024,2018,2035,10193.2261,1825.6608,1691.3593,,9191923.93,11025423.11,10193.2261,Supplier Reported Emissions,False,High,Scope_Emissions,Valid,2031,Supplier Target Pathway,12116.7137,6849.5783,8088.9042,8088.9042,4027.8095,0.00088,0.332418,1239.326,309.8315,12216.5704,63128.7909,0.961,High,On Track to Glide Path
SUP-0076,Chemicals Supplier 076,Chemicals,2024,2018,2035,10193.2261,1825.6608,1691.3593,,9191923.93,11025423.11,10193.2261,Supplier Reported Emissions,False,High,Scope_Emissions,Valid,2032,Supplier Target Pathway,12116.7137,6849.5783,7779.0727,7779.0727,4337.641,0.00084629,0.357988,929.4945,309.8315,4437.4977,70907.8636,0.961,Medium,On Track to Glide Path
SUP-0076,Chemicals Supplier 076,Chemicals,2024,2018,2035,10193.2261,1825.6608,1691.3593,,9191923.93,11025423.11,10193.2261,Supplier Reported Emissions,False,High,Scope_Emissions,Valid,2033,Supplier Target Pathway,12116.7137,6849.5783,7469.2412,7469.2412,4647.4725,0.00081259,0.383559,619.663,309.8315,-3031.7435,78377.1048,0.961,Medium,On Track to Glide Path
SUP-0076,Chemicals Supplier 076,Chemicals,2024,2018,2035,10193.2261,1825.6608,1691.3593,,9191923.93,11025423.11,10193.2261,Supplier Reported Emissions,False,High,Scope_Emissions,Valid,2034,Supplier Target Pathway,12116.7137,6849.5783,7159.4098,7159.4098,4957.3039,0.00077888,0.409129,309.8315,309.8315,-10191.1533,85536.5146,0.961,Medium,On Track to Glide Path
SUP-0076,Chemicals Supplier 076,Chemicals,2024,2018,2035,10193.2261,1825.6608,1691.3593,,9191923.93,11025423.11,10193.2261,Supplier Reported Emissions,False,High,Scope_Emissions,Valid,2035,Supplier Target Pathway,12116.7137,6849.5783,6849.5783,6849.5783,5267.1354,0.00074517,0.4347,0.0,309.8315,-17040.7316,92386.0929,0.961,Low,On Track
SUP-0076,Chemicals Supplier 076,Chemicals,2024,2018,2035,10193.2261,1825.6608,1691.3593,,9191923.93,11025423.11,10193.2261,Supplier Reported Emissions,False,High,Scope_Emissions,Valid,2036,Supplier Target Pathway,12116.7137,6849.5783,6849.5783,6849.5783,5267.1354,0.00074517,0.4347,0.0,309.8315,-23890.3099,99235.6712,0.961,Low,On Track
SUP-0076,Chemicals Supplier 076,Chemicals,2024,2018,2035,10193.2261,1825.6608,1691.3593,,9191923.93,11025423.11,10193.2261,Supplier Reported Emissions,False,High,Scope_Emissions,Valid,2037,Supplier Target Pathway,12116.7137,6849.5783,6849.5783,6849.5783,5267.1354,0.00074517,0.4347,0.0,309.8315,-30739.8882,106085.2495,0.961,Low,On Track
SUP-0076,Chemicals Supplier 076,Chemicals,2024,2018,2035,10193.2261,1825.6608,1691.3593,,9191923.93,11025423.11,10193.2261,Supplier Reported Emissions,False,High,Scope_Emissions,Valid,2038,Supplier Target Pathway,12116.7137,6849.5783,6849.5783,6849.5783,5267.1354,0.00074517,0.4347,0.0,309.8315,-37589.4665,112934.8278,0.961,Low,On Track
SUP-0076,Chemicals Supplier 076,Chemicals,2024,2018,2035,10193.2261,1825.6608,1691.3593,,9191923.93,11025423.11,10193.2261,Supplier Reported Emissions,False,High,Scope_Emissions,Valid,2039,Supplier Target Pathway,12116.7137,6849.5783,6849.5783,6849.5783,5267.1354,0.00074517,0.4347,0.0,309.8315,-44439.0448,119784.4061,0.961,Low,On Track
SUP-0076,Chemicals Supplier 076,Chemicals,2024,2018,2035,10193.2261,1825.6608,1691.3593,,9191923.93,11025423.11,10193.2261,Supplier Reported Emissions,False,High,Scope_Emissions,Valid,2040,Supplier Target Pathway,12116.7137,6849.5783,6849.5783,6849.5783,5267.1354,0.00074517,0.4347,0.0,309.8315,-51288.6231,126633.9844,0.961,Low,On Track
SUP-0077,Packaging Supplier 077,Packaging,2024,2018,2030,,,3645.0803,13559.917,24462208.69,153737356.39,26426.524,Spend-Based Estimate,True,Medium,Reported_Emissions; Scope_Emissions,Valid,2025,Supplier Target Pathway,12101.4565,4331.1113,7568.7551,7568.7551,4532.7014,0.00030941,0.374558,3237.6438,647.5288,18417.9127,7568.7551,0.94,Critical,On Track to Glide Path
SUP-0077,Packaging Supplier 077,Packaging,2024,2018,2030,,,3645.0803,13559.917,24462208.69,153737356.39,26426.524,Spend-Based Estimate,True,Medium,Reported_Emissions; Scope_Emissions,Valid,2026,Supplier Target Pathway,12101.4565,4331.1113,6921.2264,6921.2264,5180.2301,0.00028294,0.428067,2590.1151,647.5288,11496.6863,14489.9815,0.94,Critical,On Track to Glide Path
SUP-0077,Packaging Supplier 077,Packaging,2024,2018,2030,,,3645.0803,13559.917,24462208.69,153737356.39,26426.524,Spend-Based Estimate,True,Medium,Reported_Emissions; Scope_Emissions,Valid,2027,Supplier Target Pathway,12101.4565,4331.1113,6273.6976,6273.6976,5827.7589,0.00025646,0.481575,1942.5863,647.5288,5222.9887,20763.6791,0.94,Critical,On Track to Glide Path
SUP-0077,Packaging Supplier 077,Packaging,2024,2018,2030,,,3645.0803,13559.917,24462208.69,153737356.39,26426.524,Spend-Based Estimate,True,Medium,Reported_Emissions; Scope_Emissions,Valid,2028,Supplier Target Pathway,12101.4565,4331.1113,5626.1688,5626.1688,6475.2877,0.00022999,0.535083,1295.0575,647.5288,-403.1801,26389.8479,0.94,High,On Track to Glide Path
SUP-0077,Packaging Supplier 077,Packaging,2024,2018,2030,,,3645.0803,13559.917,24462208.69,153737356.39,26426.524,Spend-Based Estimate,True,Medium,Reported_Emissions; Scope_Emissions,Valid,2029,Supplier Target Pathway,12101.4565,4331.1113,4978.64,4978.64,7122.8165,0.00020352,0.588592,647.5288,647.5288,-5381.8201,31368.4879,0.94,Medium,On Track to Glide Path
SUP-0077,Packaging Supplier 077,Packaging,2024,2018,2030,,,3645.0803,13559.917,24462208.69,153737356.39,26426.524,Spend-Based Estimate,True,Medium,Reported_Emissions; Scope_Emissions,Valid,2030,Supplier Target Pathway,12101.4565,4331.1113,4331.1113,4331.1113,7770.3452,0.00017705,0.6421,0.0,647.5288,-9712.9314,35699.5992,0.94,Low,On Track
SUP-0077,Packaging Supplier 077,Packaging,2024,2018,2030,,,3645.0803,13559.917,24462208.69,153737356.39,26426.524,Spend-Based Estimate,True,Medium,Reported_Emissions; Scope_Emissions,Valid,2031,Supplier Target Pathway,12101.4565,4331.1113,4331.1113,4331.1113,7770.3452,0.00017705,0.6421,0.0,647.5288,-14044.0427,40030.7105,0.94,Low,On Track
SUP-0077,Packaging Supplier 077,Packaging,2024,2018,2030,,,3645.0803,13559.917,24462208.69,153737356.39,26426.524,Spend-Based Estimate,True,Medium,Reported_Emissions; Scope_Emissions,Valid,2032,Supplier Target Pathway,12101.4565,4331.1113,4331.1113,4331.1113,7770.3452,0.00017705,0.6421,0.0,647.5288,-18375.154,44361.8218,0.94,Low,On Track
SUP-0077,Packaging Supplier 077,Packaging,2024,2018,2030,,,3645.0803,13559.917,24462208.69,153737356.39,26426.524,Spend-Based Estimate,True,Medium,Reported_Emissions; Scope_Emissions,Valid,2033,Supplier Target Pathway,12101.4565,4331.1113,4331.1113,4331.1113,7770.3452,0.00017705,0.6421,0.0,647.5288,-22706.2653,48692.9331,0.94,Low,On Track
SUP-0077,Packaging Supplier 077,Packaging,2024,2018,2030,,,3645.0803,13559.917,24462208.69,153737356.39,26426.524,Spend-Based Estimate,True,Medium,Reported_Emissions; Scope_Emissions,Valid,2034,Supplier Target Pathway,12101.4565,4331.1113,4331.1113,4331.1113,7770.3452,0.00017705,0.6421,0.0,647.5288,-27037.3766,53024.0444,0.94,Low,On Track
SUP-0077,Packaging Supplier 077,Packaging,2024,2018,2030,,,3645.0803,13559.917,24462208.69,153737356.39,26426.524,Spend-Based Estimate,True,Medium,Reported_Emissions; Scope_Emissions,Valid,2035,Supplier Target Pathway,12101.4565,4331.1113,4331.1113,4331.1113,7770.3452,0.00017705,0.6421,0.0,647.5288,-31368.4879,57355.1557,0.94,Low,On Track
SUP-0077,Packaging Supplier 077,Packaging,2024,2018,2030,,,3645.0803,13559.917,24462208.69,153737356.39,26426.524,Spend-Based Estimate,True,Medium,Reported_Emissions; Scope_Emissions,Valid,2036,Supplier Target Pathway,12101.4565,4331.1113,4331.1113,4331.1113,7770.3452,0.00017705,0.6421,0.0,647.5288,-35699.5992,61686.267,0.94,Low,On Track
SUP-0077,Packaging Supplier 077,Packaging,2024,2018,2030,,,3645.0803,13559.917,24462208.69,153737356.39,26426.524,Spend-Based Estimate,True,Medium,Reported_Emissions; Scope_Emissions,Valid,2037,Supplier Target Pathway,12101.4565,4331.1113,4331.1113,4331.1113,7770.3452,0.00017705,0.6421,0.0,647.5288,-40030.7105,66017.3783,0.94,Low,On Track
SUP-0077,Packaging Supplier 077,Packaging,2024,2018,2030,,,3645.0803,13559.917,24462208.69,153737356.39,26426.524,Spend-Based Estimate,True,Medium,Reported_Emissions; Scope_Emissions,Valid,2038,Supplier Target Pathway,12101.4565,4331.1113,4331.1113,4331.1113,7770.3452,0.00017705,0.6421,0.0,647.5288,-44361.8218,70348.4896,0.94,Low,On Track
SUP-0077,Packaging Supplier 077,Packaging,2024,2018,2030,,,3645.0803,13559.917,24462208.69,153737356.39,26426.524,Spend-Based Estimate,True,Medium,Reported_Emissions; Scope_Emissions,Valid,2039,Supplier Target Pathway,12101.4565,4331.1113,4331.1113,4331.1113,7770.3452,0.00017705,0.6421,0.0,647.5288,-48692.9331,74679.6009,0.94,Low,On Track
SUP-0077,Packaging Supplier 077,Packaging,2024,2018,2030,,,3645.0803,13559.917,24462208.69,153737356.39,26426.524,Spend-Based Estimate,True,Medium,Reported_Emissions; Scope_Emissions,Valid,2040,Supplier Target Pathway,12101.4565,4331.1113,4331.1113,4331.1113,7770.3452,0.00017705,0.6421,0.0,647.5288,-53024.0444,79010.7122,0.94,Low,On Track
SUP-0078,Metals Supplier 078,Metals,2024,2021,2040,17796.3863,,,11557.1335,18295020.38,140143212.12,17796.3863,Supplier Reported Emissions,False,High,Scope_Emissions,Valid,2025,Supplier Target Pathway,13707.4562,10154.4836,12959.462,12959.462,747.9942,0.00070836,0.054568,2804.9784,186.9986,149512.2756,12959.462,0.99,High,On Track to Glide Path
SUP-0078,Metals Supplier 078,Metals,2024,2021,2040,17796.3863,,,11557.1335,18295020.38,140143212.12,17796.3863,Supplier Reported Emissions,False,High,Scope_Emissions,Valid,2026,Supplier Target Pathway,13707.4562,10154.4836,12772.4634,12772.4634,934.9928,0.00069814,0.068211,2617.9798,186.9986,136739.8122,25731.9254,0.99,High,On Track to Glide Path
SUP-0078,Metals Supplier 078,Metals,2024,2021,2040,17796.3863,,,11557.1335,18295020.38,140143212.12,17796.3863,Supplier Reported Emissions,False,High,Scope_Emissions,Valid,2027,Supplier Target Pathway,13707.4562,10154.4836,12585.4648,12585.4648,1121.9914,0.00068792,0.081853,2430.9813,186.9986,124154.3474,38317.3902,0.99,High,On Track to Glide Path
SUP-0078,Metals Supplier 078,Metals,2024,2021,2040,17796.3863,,,11557.1335,18295020.38,140143212.12,17796.3863,Supplier Reported Emissions,False,High,Scope_Emissions,Valid,2028,Supplier Target Pathway,13707.4562,10154.4836,12398.4663,12398.4663,1308.9899,0.0006777,0.095495,2243.9827,186.9986,111755.8811,50715.8565,0.99,High,On Track to Glide Path
SUP-0078,Metals Supplier 078,Metals,2024,2021,2040,17796.3863,,,11557.1335,18295020.38,140143212.12,17796.3863,Supplier Reported Emissions,False,High,Scope_Emissions,Valid,2029,Supplier Target Pathway,13707.4562,10154.4836,12211.4677,12211.4677,1495.9885,0.00066747,0.109137,2056.9842,186.9986,99544.4134,62927.3242,0.99,High,On Track to Glide Path
SUP-0078,Metals Supplier 078,Metals,2024,2021,2040,17796.3863,,,11557.1335,18295020.38,140143212.12,17796.3863,Supplier Reported Emissions,False,High,Scope_Emissions,Valid,2030,Supplier Target Pathway,13707.4562,10154.4836,12024.4692,12024.4692,1682.987,0.00065725,0.122779,1869.9856,186.9986,87519.9442,74951.7934,0.99,High,On Track to Glide Path
SUP-0078,Metals Supplier 078,Metals,2024,2021,2040,17796.3863,,,11557.1335,18295020.38,140143212.12,17796.3863,Supplier Reported Emissions,False,High,Scope_Emissions,Valid,2031,Supplier Target Pathway,13707.4562,10154.4836,11837.4706,11837.4706,1869.9856,0.00064703,0.136421,1682.987,186.9986,75682.4736,86789.264,0.99,High,On Track to Glide Path
SUP-0078,Metals Supplier 078,Metals,2024,2021,2040,17796.3863,,,11557.1335,18295020.38,140143212.12,17796.3863,Supplier Reported Emissions,False,High,Scope_Emissions,Valid,2032,Supplier Target Pathway,13707.4562,10154.4836,11650.472,11650.472,2056.9842,0.00063681,0.150063,1495.9885,186.9986,64032.0016,98439.736,0.99,Medium,On Track to Glide Path
SUP-0078,Metals Supplier 078,Metals,2024,2021,2040,17796.3863,,,11557.1335,18295020.38,140143212.12,17796.3863,Supplier Reported Emissions,False,High,Scope_Emissions,Valid,2033,Supplier Target Pathway,13707.4562,10154.4836,11463.4735,11463.4735,2243.9827,0.00062659,0.163705,1308.9899,186.9986,52568.5281,109903.2095,0.99,Medium,On Track to Glide Path
SUP-0078,Metals Supplier 078,Metals,2024,2021,2040,17796.3863,,,11557.1335,18295020.38,140143212.12,17796.3863,Supplier Reported Emissions,False,High,Scope_Emissions,Valid,2034,Supplier Target Pathway,13707.4562,10154.4836,11276.4749,11276.4749,2430.9813,0.00061637,0.177347,1121.9914,186.9986,41292.0532,121179.6844,0.99,Medium,On Track to Glide Path
SUP-0078,Metals Supplier 078,Metals,2024,2021,2040,17796.3863,,,11557.1335,18295020.38,140143212.12,17796.3863,Supplier Reported Emissions,False,High,Scope_Emissions,Valid,2035,Supplier Target Pathway,13707.4562,10154.4836,11089.4764,11089.4764,2617.9798,0.00060615,0.190989,934.9928,186.9986,30202.5768,132269.1608,0.99,Medium,On Track to Glide Path
SUP-0078,Metals Supplier 078,Metals,2024,2021,2040,17796.3863,,,11557.1335,18295020.38,140143212.12,17796.3863,Supplier Reported Emissions,False,High,Scope_Emissions,Valid,2036,Supplier Target Pathway,13707.4562,10154.4836,10902.4778,10902.4778,2804.9784,0.00059593,0.204632,747.9942,186.9986,19300.099,143171.6386,0.99,Medium,On Track to Glide Path
SUP-0078,Metals Supplier 078,Metals,2024,2021,2040,17796.3863,,,11557.1335,18295020.38,140143212.12,17796.3863,Supplier Reported Emissions,False,High,Scope_Emissions,Valid,2037,Supplier Target Pathway,13707.4562,10154.4836,10715.4792,10715.4792,2991.977,0.0005857,0.218274,560.9957,186.9986,8584.6198,153887.1178,0.99,Medium,On Track to Glide Path
SUP-0078,Metals Supplier 078,Metals,2024,2021,2040,17796.3863,,,11557.1335,18295020.38,140143212.12,17796.3863,Supplier Reported Emissions,False,High,Scope_Emissions,Valid,2038,Supplier Target Pathway,13707.4562,10154.4836,10528.4807,10528.4807,3178.9755,0.00057548,0.231916,373.9971,186.9986,-1943.8609,164415.5985,0.99,Medium,On Track to Glide Path
SUP-0078,Metals Supplier 078,Metals,2024,2021,2040,17796.3863,,,11557.1335,18295020.38,140143212.12,17796.3863,Supplier Reported Emissions,False,High,Scope_Emissions,Valid,2039,Supplier Target Pathway,13707.4562,10154.4836,10341.4821,10341.4821,3365.9741,0.00056526,0.245558,186.9986,186.9986,-12285.343,174757.0806,0.99,Medium,On Track to Glide Path
SUP-0078,Metals Supplier 078,Metals,2024,2021,2040,17796.3863,,,11557.1335,18295020.38,140143212.12,17796.3863,Supplier Reported Emissions,False,High,Scope_Emissions,Valid,2040,Supplier Target Pathway,13707.4562,10154.4836,10154.4836,10154.4836,3552.9726,0.00055504,0.2592,0.0,186.9986,-22439.8266,184911.5642,0.99,Low,On Track
SUP-0079,Logistics Supplier 079,Logistics,2024,2015,2040,2155.0259,365.4405,,,8849317.13,68063579.62,2155.0259,Supplier Reported Emissions,False,High,Scope_Emissions,Valid,2025,Industry Haircut Pathway,1305.5313,702.8981,1064.478,1064.478,241.0533,0.00012029,0.18464,361.5799,24.1053,10181.8916,1064.478,0.918,Critical,On Track to Glide Path
SUP-0079,Logistics Supplier 079,Logistics,2024,2015,2040,2155.0259,365.4405,,,8849317.13,68063579.62,2155.0259,Supplier Reported Emissions,False,High,Scope_Emissions,Valid,2026,Industry Haircut Pathway,1305.5313,702.8981,1040.3727,1040.3727,265.1586,0.00011757,0.203104,337.4746,24.1053,9141.5189,2104.8507,0.918,Critical,On Track to Glide Path
SUP-0079,Logistics Supplier 079,Logistics,2024,2015,2040,2155.0259,365.4405,,,8849317.13,68063579.62,2155.0259,Supplier Reported Emissions,False,High,Scope_Emissions,Valid,2027,Industry Haircut Pathway,1305.5313,702.8981,1016.2673,1016.2673,289.264,0.00011484,0.221568,313.3693,24.1053,8125.2516,3121.118,0.918,Critical,On Track to Glide Path
SUP-0079,Logistics Supplier 079,Logistics,2024,2015,2040,2155.0259,365.4405,,,8849317.13,68063579.62,2155.0259,Supplier Reported Emissions,False,High,Scope_Emissions,Valid,2028,Industry Haircut Pathway,1305.5313,702.8981,992.162,992.162,313.3693,0.00011212,0.240032,289.264,24.1053,7133.0896,4113.28,0.918,Critical,On Track to Glide Path
SUP-0079,Logistics Supplier 079,Logistics,2024,2015,2040,2155.0259,365.4405,,,8849317.13,68063579.62,2155.0259,Supplier Reported Emissions,False,High,Scope_Emissions,Valid,2029,Industry Haircut Pathway,1305.5313,702.8981,968.0567,968.0567,337.4746,0.00010939,0.258496,265.1586,24.1053,6165.0329,5081.3367,0.918,Critical,On Track to Glide Path
SUP-0079,Logistics Supplier 079,Logistics,2024,2015,2040,2155.0259,365.4405,,,8849317.13,68063579.62,2155.0259,Supplier Reported Emissions,False,High,Scope_Emissions,Valid,2030,Industry Haircut Pathway,1305.5313,702.8981,943.9514,943.9514,361.5799,0.00010667,0.27696,241.0533,24.1053,5221.0815,6025.2881,0.918,High,On Track to Glide Path
SUP-0079,Logistics Supplier 079,Logistics,2024,2015,2040,2155.0259,365.4405,,,8849317.13,68063579.62,2155.0259,Supplier Reported Emissions,False,High,Scope_Emissions,Valid,2031,Industry Haircut Pathway,1305.5313,702.8981,919.846,919.846,385.6853,0.00010395,0.295424,216.948,24.1053,4301.2355,6945.1341,0.918,High,On Track to Glide Path
SUP-0079,Logistics Supplier 079,Logistics,2024,2015,2040,2155.0259,365.4405,,,8849317.13,68063579.62,2155.0259,Supplier Reported Emissions,False,High,Scope_Emissions,Valid,2032,Industry Haircut Pathway,1305.5313,702.8981,895.7407,895.7407,409.7906,0.00010122,0.313888,192.8426,24.1053,3405.4948,7840.8748,0.918,High,On Track to Glide Path
SUP-0079,Logistics Supplier 079,Logistics,2024,2015,2040,2155.0259,365.4405,,,8849317.13,68063579.62,2155.0259,Supplier Reported Emissions,False,High,Scope_Emissions,Valid,2033,Industry Haircut Pathway,1305.5313,702.8981,871.6354,871.6354,433.8959,9.85e-05,0.332352,168.7373,24.1053,2533.8594,8712.5102,0.918,High,On Track to Glide Path
SUP-0079,Logistics Supplier 079,Logistics,2024,2015,2040,2155.0259,365.4405,,,8849317.13,68063579.62,2155.0259,Supplier Reported Emissions,False,High,Scope_Emissions,Valid,2034,Industry Haircut Pathway,1305.5313,702.8981,847.53,847.53,458.0013,9.577e-05,0.350816,144.632,24.1053,1686.3294,9560.0402,0.918,High,On Track to Glide Path
SUP-0079,Logistics Supplier 079,Logistics,2024,2015,2040,2155.0259,365.4405,,,8849317.13,68063579.62,2155.0259,Supplier Reported Emissions,False,High,Scope_Emissions,Valid,2035,Industry Haircut Pathway,1305.5313,702.8981,823.4247,823.4247,482.1066,9.305e-05,0.36928,120.5266,24.1053,862.9047,10383.4649,0.918,High,On Track to Glide Path
SUP-0079,Logistics Supplier 079,Logistics,2024,2015,2040,2155.0259,365.4405,,,8849317.13,68063579.62,2155.0259,Supplier Reported Emissions,False,High,Scope_Emissions,Valid,2036,Industry Haircut Pathway,1305.5313,702.8981,799.3194,799.3194,506.2119,9.033e-05,0.387744,96.4213,24.1053,63.5853,11182.7843,0.918,Medium,On Track to Glide Path
SUP-0079,Logistics Supplier 079,Logistics,2024,2015,2040,2155.0259,365.4405,,,8849317.13,68063579.62,2155.0259,Supplier Reported Emissions,False,High,Scope_Emissions,Valid,2037,Industry Haircut Pathway,1305.5313,702.8981,775.214,775.214,530.3173,8.76e-05,0.406208,72.316,24.1053,-711.6287,11957.9983,0.918,Medium,On Track to Glide Path
SUP-0079,Logistics Supplier 079,Logistics,2024,2015,2040,2155.0259,365.4405,,,8849317.13,68063579.62,2155.0259,Supplier Reported Emissions,False,High,Scope_Emissions,Valid,2038,Industry Haircut Pathway,1305.5313,702.8981,751.1087,751.1087,554.4226,8.488e-05,0.424672,48.2107,24.1053,-1462.7374,12709.107,0.918,Medium,On Track to Glide Path
SUP-0079,Logistics Supplier 079,Logistics,2024,2015,2040,2155.0259,365.4405,,,8849317.13,68063579.62,2155.0259,Supplier Reported Emissions,False,High,Scope_Emissions,Valid,2039,Industry Haircut Pathway,1305.5313,702.8981,727.0034,727.0034,578.5279,8.215e-05,0.443136,24.1053,24.1053,-2189.7408,13436.1104,0.918,Medium,On Track to Glide Path
SUP-0079,Logistics Supplier 079,Logistics,2024,2015,2040,2155.0259,365.4405,,,8849317.13,68063579.62,2155.0259,Supplier Reported Emissions,False,High,Scope_Emissions,Valid,2040,Industry Haircut Pathway,1305.5313,702.8981,702.8981,702.8981,602.6332,7.943e-05,0.4616,0.0,24.1053,-2892.6389,14139.0085,0.918,Low,On Track
SUP-0080,Packaging Supplier 080,Packaging,2024,2019,2040,38183.2936,,3626.179,26461.5454,36949086.81,75278079.55,38183.2936,Supplier Reported Emissions,False,High,Scope_Emissions,Valid,2025,Supplier Target Pathway,40076.9936,12331.6909,32149.7643,32149.7643,7927.2293,0.00087011,0.1978,19818.0733,1321.2049,165157.2901,32149.7643,0.99,Critical,On Track to Glide Path
SUP-0080,Packaging Supplier 080,Packaging,2024,2019,2040,38183.2936,,3626.179,26461.5454,36949086.81,75278079.55,38183.2936,Supplier Reported Emissions,False,High,Scope_Emissions,Valid,2026,Supplier Target Pathway,40076.9936,12331.6909,30828.5594,30828.5594,9248.4342,0.00083435,0.230767,18496.8684,1321.2049,134328.7307,62978.3237,0.99,Critical,On Track to Glide Path
SUP-0080,Packaging Supplier 080,Packaging,2024,2019,2040,38183.2936,,3626.179,26461.5454,36949086.81,75278079.55,38183.2936,Supplier Reported Emissions,False,High,Scope_Emissions,Valid,2027,Supplier Target Pathway,40076.9936,12331.6909,29507.3545,29507.3545,10569.6391,0.00079859,0.263733,17175.6636,1321.2049,104821.3762,92485.6782,0.99,Critical,On Track to Glide Path
SUP-0080,Packaging Supplier 080,Packaging,2024,2019,2040,38183.2936,,3626.179,26461.5454,36949086.81,75278079.55,38183.2936,Supplier Reported Emissions,False,High,Scope_Emissions,Valid,2028,Supplier Target Pathway,40076.9936,12331.6909,28186.1496,28186.1496,11890.844,0.00076284,0.2967,15854.4587,1321.2049,76635.2266,120671.8278,0.99,Critical,On Track to Glide Path
SUP-0080,Packaging Supplier 080,Packaging,2024,2019,2040,38183.2936,,3626.179,26461.5454,36949086.81,75278079.55,38183.2936,Supplier Reported Emissions,False,High,Scope_Emissions,Valid,2029,Supplier Target Pathway,40076.9936,12331.6909,26864.9447,26864.9447,13212.0489,0.00072708,0.329667,14533.2538,1321.2049,49770.2819,147536.7725,0.99,Critical,On Track to Glide Path
SUP-0080,Packaging Supplier 080,Packaging,2024,2019,2040,38183.2936,,3626.179,26461.5454,36949086.81,75278079.55,38183.2936,Supplier Reported Emissions,False,High,Scope_Emissions,Valid,2030,Supplier Target Pathway,40076.9936,12331.6909,25543.7398,25543.7398,14533.2538,0.00069132,0.362633,13212.0489,1321.2049,24226.5421,173080.5123,0.99,Critical,On Track to Glide Path
SUP-0080,Packaging Supplier 080,Packaging,2024,2019,2040,38183.2936,,3626.179,26461.5454,36949086.81,75278079.55,38183.2936,Supplier Reported Emissions,False,High,Scope_Emissions,Valid,2031,Supplier Target Pathway,40076.9936,12331.6909,24222.5349,24222.5349,15854.4587,0.00065557,0.3956,11890.844,1321.2049,4.0072,197303.0472,0.99,Critical,On Track to Glide Path
SUP-0080,Packaging Supplier 080,Packaging,2024,2019,2040,38183.2936,,3626.179,26461.5454,36949086.81,75278079.55,38183.2936,Supplier Reported Emissions,False,High,Scope_Emissions,Valid,2032,Supplier Target Pathway,40076.9936,12331.6909,22901.33,22901.33,17175.6636,0.00061981,0.428567,10569.6391,1321.2049,-22897.3228,220204.3772,0.99,Critical,On Track to Glide Path
SUP-0080,Packaging Supplier 080,Packaging,2024,2019,2040,38183.2936,,3626.179,26461.5454,36949086.81,75278079.55,38183.2936,Supplier Reported Emissions,False,High,Scope_Emissions,Valid,2033,Supplier Target Pathway,40076.9936,12331.6909,21580.1252,21580.1252,18496.8684,0.00058405,0.461533,9248.4342,1321.2049,-44477.448,241784.5024,0.99,Critical,On Track to Glide Path
SUP-0080,Packaging Supplier 080,Packaging,2024,2019,2040,38183.2936,,3626.179,26461.5454,36949086.81,75278079.55,38183.2936,Supplier Reported Emissions,False,High,Scope_Emissions,Valid,2034,Supplier Target Pathway,40076.9936,12331.6909,20258.9203,20258.9203,19818.0733,0.00054829,0.4945,7927.2293,1321.2049,-64736.3683,262043.4227,0.99,Critical,On Track to Glide Path
SUP-0080,Packaging Supplier 080,Packaging,2024,2019,2040,38183.2936,,3626.179,26461.5454,36949086.81,75278079.55,38183.2936,Supplier Reported Emissions,False,High,Scope_Emissions,Valid,2035,Supplier Target Pathway,40076.9936,12331.6909,18937.7154,18937.7154,21139.2782,0.00051254,0.527467,6606.0244,1321.2049,-83674.0837,280981.1381,0.99,Critical,On Track to Glide Path
SUP-0080,Packaging Supplier 080,Packaging,2024,2019,2040,38183.2936,,3626.179,26461.5454,36949086.81,75278079.55,38183.2936,Supplier Reported Emissions,False,High,Scope_Emissions,Valid,2036,Supplier Target Pathway,40076.9936,12331.6909,17616.5105,17616.5105,22460.4831,0.00047678,0.560433,5284.8196,1321.2049,-101290.5942,298597.6486,0.99,Critical,On Track to Glide Path
SUP-0080,Packaging Supplier 080,Packaging,2024,2019,2040,38183.2936,,3626.179,26461.5454,36949086.81,75278079.55,38183.2936,Supplier Reported Emissions,False,High,Scope_Emissions,Valid,2037,Supplier Target Pathway,40076.9936,12331.6909,16295.3056,16295.3056,23781.688,0.00044102,0.5934,3963.6147,1321.2049,-117585.8998,314892.9542,0.99,High,On Track to Glide Path
SUP-0080,Packaging Supplier 080,Packaging,2024,2019,2040,38183.2936,,3626.179,26461.5454,36949086.81,75278079.55,38183.2936,Supplier Reported Emissions,False,High,Scope_Emissions,Valid,2038,Supplier Target Pathway,40076.9936,12331.6909,14974.1007,14974.1007,25102.8929,0.00040526,0.626367,2642.4098,1321.2049,-132560.0005,329867.0549,0.99,High,On Track to Glide Path
SUP-0080,Packaging Supplier 080,Packaging,2024,2019,2040,38183.2936,,3626.179,26461.5454,36949086.81,75278079.55,38183.2936,Supplier Reported Emissions,False,High,Scope_Emissions,Valid,2039,Supplier Target Pathway,40076.9936,12331.6909,13652.8958,13652.8958,26424.0978,0.00036951,0.659333,1321.2049,1321.2049,-146212.8963,343519.9507,0.99,Medium,On Track to Glide Path
SUP-0080,Packaging Supplier 080,Packaging,2024,2019,2040,38183.2936,,3626.179,26461.5454,36949086.81,75278079.55,38183.2936,Supplier Reported Emissions,False,High,Scope_Emissions,Valid,2040,Supplier Target Pathway,40076.9936,12331.6909,12331.6909,12331.6909,27745.3027,0.00033375,0.6923,0.0,1321.2049,-158544.5872,355851.6416,0.99,Low,On Track
SUP-0081,Textiles Supplier 081,Textiles,2024,2015,2030,11296.2797,2190.8976,2408.1676,6408.7793,43956534.22,359245885.22,11296.2797,Supplier Reported Emissions,False,High,None,Valid,2025,Industry Haircut Pathway,4772.8928,3259.4085,3763.9033,3763.9033,1008.9895,8.563e-05,0.2114,504.4948,100.899,15792.5477,3763.9033,0.918,High,On Track to Glide Path
SUP-0081,Textiles Supplier 081,Textiles,2024,2015,2030,11296.2797,2190.8976,2408.1676,6408.7793,43956534.22,359245885.22,11296.2797,Supplier Reported Emissions,False,High,None,Valid,2026,Industry Haircut Pathway,4772.8928,3259.4085,3663.0043,3663.0043,1109.8885,8.333e-05,0.23254,403.5958,100.899,12129.5434,7426.9076,0.918,Medium,On Track to Glide Path
SUP-0081,Textiles Supplier 081,Textiles,2024,2015,2030,11296.2797,2190.8976,2408.1676,6408.7793,43956534.22,359245885.22,11296.2797,Supplier Reported Emissions,False,High,None,Valid,2027,Industry Haircut Pathway,4772.8928,3259.4085,3562.1054,3562.1054,1210.7874,8.104e-05,0.25368,302.6969,100.899,8567.438,10989.013,0.918,Medium,On Track to Glide Path
SUP-0081,Textiles Supplier 081,Textiles,2024,2015,2030,11296.2797,2190.8976,2408.1676,6408.7793,43956534.22,359245885.22,11296.2797,Supplier Reported Emissions,False,High,None,Valid,2028,Industry Haircut Pathway,4772.8928,3259.4085,3461.2064,3461.2064,1311.6864,7.874e-05,0.27482,201.7979,100.899,5106.2316,14450.2194,0.918,Medium,On Track to Glide Path
SUP-0081,Textiles Supplier 081,Textiles,2024,2015,2030,11296.2797,2190.8976,2408.1676,6408.7793,43956534.22,359245885.22,11296.2797,Supplier Reported Emissions,False,High,None,Valid,2029,Industry Haircut Pathway,4772.8928,3259.4085,3360.3074,3360.3074,1412.5854,7.645e-05,0.29596,100.899,100.899,1745.9242,17810.5268,0.918,Medium,On Track to Glide Path
SUP-0081,Textiles Supplier 081,Textiles,2024,2015,2030,11296.2797,2190.8976,2408.1676,6408.7793,43956534.22,359245885.22,11296.2797,Supplier Reported Emissions,False,High,None,Valid,2030,Industry Haircut Pathway,4772.8928,3259.4085,3259.4085,3259.4085,1513.4843,7.415e-05,0.3171,0.0,100.899,-1513.4843,21069.9353,0.918,Low,On Track
SUP-0081,Textiles Supplier 081,Textiles,2024,2015,2030,11296.2797,2190.8976,2408.1676,6408.7793,43956534.22,359245885.22,11296.2797,Supplier Reported Emissions,False,High,None,Valid,2031,Industry Haircut Pathway,4772.8928,3259.4085,3259.4085,3259.4085,1513.4843,7.415e-05,0.3171,0.0,100.899,-4772.8928,24329.3438,0.918,Low,On Track
SUP-0081,Textiles Supplier 081,Textiles,2024,2015,2030,11296.2797,2190.8976,2408.1676,6408.7793,43956534.22,359245885.22,11296.2797,Supplier Reported Emissions,False,High,None,Valid,2032,Industry Haircut Pathway,4772.8928,3259.4085,3259.4085,3259.4085,1513.4843,7.415e-05,0.3171,0.0,100.899,-8032.3013,27588.7523,0.918,Low,On Track
SUP-0081,Textiles Supplier 081,Textiles,2024,2015,2030,11296.2797,2190.8976,2408.1676,6408.7793,43956534.22,359245885.22,11296.2797,Supplier Reported Emissions,False,High,None,Valid,2033,Industry Haircut Pathway,4772.8928,3259.4085,3259.4085,3259.4085,1513.4843,7.415e-05,0.3171,0.0,100.899,-11291.7098,30848.1608,0.918,Low,On Track
SUP-0081,Textiles Supplier 081,Textiles,2024,2015,2030,11296.2797,2190.8976,2408.1676,6408.7793,43956534.22,359245885.22,11296.2797,Supplier Reported Emissions,False,High,None,Valid,2034,Industry Haircut Pathway,4772.8928,3259.4085,3259.4085,3259.4085,1513.4843,7.415e-05,0.3171,0.0,100.899,-14551.1183,34107.5693,0.918,Low,On Track
SUP-0081,Textiles Supplier 081,Textiles,2024,2015,2030,11296.2797,2190.8976,2408.1676,6408.7793,43956534.22,359245885.22,11296.2797,Supplier Reported Emissions,False,High,None,Valid,2035,Industry Haircut Pathway,4772.8928,3259.4085,3259.4085,3259.4085,1513.4843,7.415e-05,0.3171,0.0,100.899,-17810.5268,37366.9778,0.918,Low,On Track
SUP-0081,Textiles Supplier 081,Textiles,2024,2015,2030,11296.2797,2190.8976,2408.1676,6408.7793,43956534.22,359245885.22,11296.2797,Supplier Reported Emissions,False,High,None,Valid,2036,Industry Haircut Pathway,4772.8928,3259.4085,3259.4085,3259.4085,1513.4843,7.415e-05,0.3171,0.0,100.899,-21069.9353,40626.3863,0.918,Low,On Track
SUP-0081,Textiles Supplier 081,Textiles,2024,2015,2030,11296.2797,2190.8976,2408.1676,6408.7793,43956534.22,359245885.22,11296.2797,Supplier Reported Emissions,False,High,None,Valid,2037,Industry Haircut Pathway,4772.8928,3259.4085,3259.4085,3259.4085,1513.4843,7.415e-05,0.3171,0.0,100.899,-24329.3438,43885.7948,0.918,Low,On Track
SUP-0081,Textiles Supplier 081,Textiles,2024,2015,2030,11296.2797,2190.8976,2408.1676,6408.7793,43956534.22,359245885.22,11296.2797,Supplier Reported Emissions,False,High,None,Valid,2038,Industry Haircut Pathway,4772.8928,3259.4085,3259.4085,3259.4085,1513.4843,7.415e-05,0.3171,0.0,100.899,-27588.7523,47145.2033,0.918,Low,On Track
SUP-0081,Textiles Supplier 081,Textiles,2024,2015,2030,11296.2797,2190.8976,2408.1676,6408.7793,43956534.22,359245885.22,11296.2797,Supplier Reported Emissions,False,High,None,Valid,2039,Industry Haircut Pathway,4772.8928,3259.4085,3259.4085,3259.4085,1513.4843,7.415e-05,0.3171,0.0,100.899,-30848.1608,50404.6118,0.918,Low,On Track
SUP-0081,Textiles Supplier 081,Textiles,2024,2015,2030,11296.2797,2190.8976,2408.1676,6408.7793,43956534.22,359245885.22,11296.2797,Supplier Reported Emissions,False,High,None,Valid,2040,Industry Haircut Pathway,4772.8928,3259.4085,3259.4085,3259.4085,1513.4843,7.415e-05,0.3171,0.0,100.899,-34107.5693,53664.0203,0.918,Low,On Track
SUP-0082,Packaging Supplier 082,Packaging,2024,2018,2030,11257.113,1499.2803,2545.6284,,19662671.02,127700101.15,11257.113,Supplier Reported Emissions,False,High,Scope_Emissions,Valid,2025,Supplier Target Pathway,13079.7866,8278.1969,10278.8593,10278.8593,2800.9273,0.00052276,0.214142,2000.6624,400.1325,39390.3221,10278.8593,0.99,High,On Track to Glide Path
SUP-0082,Packaging Supplier 082,Packaging,2024,2018,2030,11257.113,1499.2803,2545.6284,,19662671.02,127700101.15,11257.113,Supplier Reported Emissions,False,High,Scope_Emissions,Valid,2026,Supplier Target Pathway,13079.7866,8278.1969,9878.7268,9878.7268,3201.0598,0.00050241,0.244733,1600.5299,400.1325,29511.5953,20157.5861,0.99,High,On Track to Glide Path
SUP-0082,Packaging Supplier 082,Packaging,2024,2018,2030,11257.113,1499.2803,2545.6284,,19662671.02,127700101.15,11257.113,Supplier Reported Emissions,False,High,Scope_Emissions,Valid,2027,Supplier Target Pathway,13079.7866,8278.1969,9478.5944,9478.5944,3601.1922,0.00048206,0.275325,1200.3974,400.1325,20033.0009,29636.1805,0.99,Medium,On Track to Glide Path
SUP-0082,Packaging Supplier 082,Packaging,2024,2018,2030,11257.113,1499.2803,2545.6284,,19662671.02,127700101.15,11257.113,Supplier Reported Emissions,False,High,Scope_Emissions,Valid,2028,Supplier Target Pathway,13079.7866,8278.1969,9078.4619,9078.4619,4001.3247,0.00046171,0.305917,800.2649,400.1325,10954.539,38714.6424,0.99,Medium,On Track to Glide Path
SUP-0082,Packaging Supplier 082,Packaging,2024,2018,2030,11257.113,1499.2803,2545.6284,,19662671.02,127700101.15,11257.113,Supplier Reported Emissions,False,High,Scope_Emissions,Valid,2029,Supplier Target Pathway,13079.7866,8278.1969,8678.3294,8678.3294,4401.4572,0.00044136,0.336508,400.1325,400.1325,2276.2096,47392.9718,0.99,Medium,On Track to Glide Path
SUP-0082,Packaging Supplier 082,Packaging,2024,2018,2030,11257.113,1499.2803,2545.6284,,19662671.02,127700101.15,11257.113,Supplier Reported Emissions,False,High,Scope_Emissions,Valid,2030,Supplier Target Pathway,13079.7866,8278.1969,8278.1969,8278.1969,4801.5897,0.00042101,0.3671,0.0,400.1325,-6001.9873,55671.1687,0.99,Low,On Track
SUP-0082,Packaging Supplier 082,Packaging,2024,2018,2030,11257.113,1499.2803,2545.6284,,19662671.02,127700101.15,11257.113,Supplier Reported Emissions,False,High,Scope_Emissions,Valid,2031,Supplier Target Pathway,13079.7866,8278.1969,8278.1969,8278.1969,4801.5897,0.00042101,0.3671,0.0,400.1325,-14280.1842,63949.3656,0.99,Low,On Track
SUP-0082,Packaging Supplier 082,Packaging,2024,2018,2030,11257.113,1499.2803,2545.6284,,19662671.02,127700101.15,11257.113,Supplier Reported Emissions,False,High,Scope_Emissions,Valid,2032,Supplier Target Pathway,13079.7866,8278.1969,8278.1969,8278.1969,4801.5897,0.00042101,0.3671,0.0,400.1325,-22558.3811,72227.5625,0.99,Low,On Track
SUP-0082,Packaging Supplier 082,Packaging,2024,2018,2030,11257.113,1499.2803,2545.6284,,19662671.02,127700101.15,11257.113,Supplier Reported Emissions,False,High,Scope_Emissions,Valid,2033,Supplier Target Pathway,13079.7866,8278.1969,8278.1969,8278.1969,4801.5897,0.00042101,0.3671,0.0,400.1325,-30836.578,80505.7594,0.99,Low,On Track
SUP-0082,Packaging Supplier 082,Packaging,2024,2018,2030,11257.113,1499.2803,2545.6284,,19662671.02,127700101.15,11257.113,Supplier Reported Emissions,False,High,Scope_Emissions,Valid,2034,Supplier Target Pathway,13079.7866,8278.1969,8278.1969,8278.1969,4801.5897,0.00042101,0.3671,0.0,400.1325,-39114.7749,88783.9563,0.99,Low,On Track
SUP-0082,Packaging Supplier 082,Packaging,2024,2018,2030,11257.113,1499.2803,2545.6284,,19662671.02,127700101.15,11257.113,Supplier Reported Emissions,False,High,Scope_Emissions,Valid,2035,Supplier Target Pathway,13079.7866,8278.1969,8278.1969,8278.1969,4801.5897,0.00042101,0.3671,0.0,400.1325,-47392.9718,97062.1532,0.99,Low,On Track
SUP-0082,Packaging Supplier 082,Packaging,2024,2018,2030,11257.113,1499.2803,2545.6284,,19662671.02,127700101.15,11257.113,Supplier Reported Emissions,False,High,Scope_Emissions,Valid,2036,Supplier Target Pathway,13079.7866,8278.1969,8278.1969,8278.1969,4801.5897,0.00042101,0.3671,0.0,400.1325,-55671.1687,105340.3501,0.99,Low,On Track
SUP-0082,Packaging Supplier 082,Packaging,2024,2018,2030,11257.113,1499.2803,2545.6284,,19662671.02,127700101.15,11257.113,Supplier Reported Emissions,False,High,Scope_Emissions,Valid,2037,Supplier Target Pathway,13079.7866,8278.1969,8278.1969,8278.1969,4801.5897,0.00042101,0.3671,0.0,400.1325,-63949.3656,113618.547,0.99,Low,On Track
SUP-0082,Packaging Supplier 082,Packaging,2024,2018,2030,11257.113,1499.2803,2545.6284,,19662671.02,127700101.15,11257.113,Supplier Reported Emissions,False,High,Scope_Emissions,Valid,2038,Supplier Target Pathway,13079.7866,8278.1969,8278.1969,8278.1969,4801.5897,0.00042101,0.3671,0.0,400.1325,-72227.5625,121896.7439,0.99,Low,On Track
SUP-0082,Packaging Supplier 082,Packaging,2024,2018,2030,11257.113,1499.2803,2545.6284,,19662671.02,127700101.15,11257.113,Supplier Reported Emissions,False,High,Scope_Emissions,Valid,2039,Supplier Target Pathway,13079.7866,8278.1969,8278.1969,8278.1969,4801.5897,0.00042101,0.3671,0.0,400.1325,-80505.7594,130174.9408,0.99,Low,On Track
SUP-0082,Packaging Supplier 082,Packaging,2024,2018,2030,11257.113,1499.2803,2545.6284,,19662671.02,127700101.15,11257.113,Supplier Reported Emissions,False,High,Scope_Emissions,Valid,2040,Supplier Target Pathway,13079.7866,8278.1969,8278.1969,8278.1969,4801.5897,0.00042101,0.3671,0.0,400.1325,-88783.9563,138453.1377,0.99,Low,On Track
SUP-0083,Logistics Supplier 083,Logistics,2024,2015,2040,4022.9771,347.7898,519.3823,3297.3892,25887438.76,104255540.52,4022.9771,Supplier Reported Emissions,False,High,None,Valid,2025,Industry Haircut Pathway,3839.4065,2067.1365,3130.4985,3130.4985,708.908,0.00012093,0.18464,1063.362,70.8908,29943.6855,3130.4985,0.875,Critical,On Track to Glide Path
SUP-0083,Logistics Supplier 083,Logistics,2024,2015,2040,4022.9771,347.7898,519.3823,3297.3892,25887438.76,104255540.52,4022.9771,Supplier Reported Emissions,False,High,None,Valid,2026,Industry Haircut Pathway,3839.4065,2067.1365,3059.6077,3059.6077,779.7988,0.00011819,0.203104,992.4712,70.8908,26884.0778,6190.1062,0.875,Critical,On Track to Glide Path
SUP-0083,Logistics Supplier 083,Logistics,2024,2015,2040,4022.9771,347.7898,519.3823,3297.3892,25887438.76,104255540.52,4022.9771,Supplier Reported Emissions,False,High,None,Valid,2027,Industry Haircut Pathway,3839.4065,2067.1365,2988.7169,2988.7169,850.6896,0.00011545,0.221568,921.5804,70.8908,23895.3609,9178.8231,0.875,Critical,On Track to Glide Path
SUP-0083,Logistics Supplier 083,Logistics,2024,2015,2040,4022.9771,347.7898,519.3823,3297.3892,25887438.76,104255540.52,4022.9771,Supplier Reported Emissions,False,High,None,Valid,2028,Industry Haircut Pathway,3839.4065,2067.1365,2917.8261,2917.8261,921.5804,0.00011271,0.240032,850.6896,70.8908,20977.5348,12096.6492,0.875,Critical,On Track to Glide Path
SUP-0083,Logistics Supplier 083,Logistics,2024,2015,2040,4022.9771,347.7898,519.3823,3297.3892,25887438.76,104255540.52,4022.9771,Supplier Reported Emissions,False,High,None,Valid,2029,Industry Haircut Pathway,3839.4065,2067.1365,2846.9353,2846.9353,992.4712,0.00010997,0.258496,779.7988,70.8908,18130.5995,14943.5845,0.875,Critical,On Track to Glide Path
SUP-0083,Logistics Supplier 083,Logistics,2024,2015,2040,4022.9771,347.7898,519.3823,3297.3892,25887438.76,104255540.52,4022.9771,Supplier Reported Emissions,False,High,None,Valid,2030,Industry Haircut Pathway,3839.4065,2067.1365,2776.0445,2776.0445,1063.362,0.00010724,0.27696,708.908,70.8908,15354.555,17719.629,0.875,High,On Track to Glide Path
SUP-0083,Logistics Supplier 083,Logistics,2024,2015,2040,4022.9771,347.7898,519.3823,3297.3892,25887438.76,104255540.52,4022.9771,Supplier Reported Emissions,False,High,None,Valid,2031,Industry Haircut Pathway,3839.4065,2067.1365,2705.1537,2705.1537,1134.2528,0.0001045,0.295424,638.0172,70.8908,12649.4013,20424.7827,0.875,High,On Track to Glide Path
SUP-0083,Logistics Supplier 083,Logistics,2024,2015,2040,4022.9771,347.7898,519.3823,3297.3892,25887438.76,104255540.52,4022.9771,Supplier Reported Emissions,False,High,None,Valid,2032,Industry Haircut Pathway,3839.4065,2067.1365,2634.2629,2634.2629,1205.1436,0.00010176,0.313888,567.1264,70.8908,10015.1384,23059.0456,0.875,High,On Track to Glide Path
SUP-0083,Logistics Supplier 083,Logistics,2024,2015,2040,4022.9771,347.7898,519.3823,3297.3892,25887438.76,104255540.52,4022.9771,Supplier Reported Emissions,False,High,None,Valid,2033,Industry Haircut Pathway,3839.4065,2067.1365,2563.3721,2563.3721,1276.0344,9.902e-05,0.332352,496.2356,70.8908,7451.7663,25622.4177,0.875,High,On Track to Glide Path
SUP-0083,Logistics Supplier 083,Logistics,2024,2015,2040,4022.9771,347.7898,519.3823,3297.3892,25887438.76,104255540.52,4022.9771,Supplier Reported Emissions,False,High,None,Valid,2034,Industry Haircut Pathway,3839.4065,2067.1365,2492.4813,2492.4813,1346.9252,9.628e-05,0.350816,425.3448,70.8908,4959.285,28114.899,0.875,High,On Track to Glide Path
SUP-0083,Logistics Supplier 083,Logistics,2024,2015,2040,4022.9771,347.7898,519.3823,3297.3892,25887438.76,104255540.52,4022.9771,Supplier Reported Emissions,False,High,None,Valid,2035,Industry Haircut Pathway,3839.4065,2067.1365,2421.5905,2421.5905,1417.816,9.354e-05,0.36928,354.454,70.8908,2537.6945,30536.4895,0.875,High,On Track to Glide Path
SUP-0083,Logistics Supplier 083,Logistics,2024,2015,2040,4022.9771,347.7898,519.3823,3297.3892,25887438.76,104255540.52,4022.9771,Supplier Reported Emissions,False,High,None,Valid,2036,Industry Haircut Pathway,3839.4065,2067.1365,2350.6997,2350.6997,1488.7068,9.08e-05,0.387744,283.5632,70.8908,186.9948,32887.1892,0.875,Medium,On Track to Glide Path
SUP-0083,Logistics Supplier 083,Logistics,2024,2015,2040,4022.9771,347.7898,519.3823,3297.3892,25887438.76,104255540.52,4022.9771,Supplier Reported Emissions,False,High,None,Valid,2037,Industry Haircut Pathway,3839.4065,2067.1365,2279.8089,2279.8089,1559.5976,8.807e-05,0.406208,212.6724,70.8908,-2092.8141,35166.9981,0.875,Medium,On Track to Glide Path
SUP-0083,Logistics Supplier 083,Logistics,2024,2015,2040,4022.9771,347.7898,519.3823,3297.3892,25887438.76,104255540.52,4022.9771,Supplier Reported Emissions,False,High,None,Valid,2038,Industry Haircut Pathway,3839.4065,2067.1365,2208.9181,2208.9181,1630.4884,8.533e-05,0.424672,141.7816,70.8908,-4301.7322,37375.9162,0.875,Medium,On Track to Glide Path
SUP-0083,Logistics Supplier 083,Logistics,2024,2015,2040,4022.9771,347.7898,519.3823,3297.3892,25887438.76,104255540.52,4022.9771,Supplier Reported Emissions,False,High,None,Valid,2039,Industry Haircut Pathway,3839.4065,2067.1365,2138.0273,2138.0273,1701.3792,8.259e-05,0.443136,70.8908,70.8908,-6439.7595,39513.9435,0.875,Medium,On Track to Glide Path
SUP-0083,Logistics Supplier 083,Logistics,2024,2015,2040,4022.9771,347.7898,519.3823,3297.3892,25887438.76,104255540.52,4022.9771,Supplier Reported Emissions,False,High,None,Valid,2040,Industry Haircut Pathway,3839.4065,2067.1365,2067.1365,2067.1365,1772.27,7.985e-05,0.4616,0.0,70.8908,-8506.896,41581.08,0.875,Low,On Track
SUP-0084,Chemicals Supplier 084,Chemicals,2024,2015,2035,,3375.4867,4511.2423,15490.571,17673357.44,49317593.0,23377.3,Scope 1 + Scope 2 + Scope 3,True,High,Reported_Emissions,Valid,2025,Industry Haircut Pathway,17222.4301,8216.8214,12719.6258,12719.6258,4502.8043,0.00071971,0.26145,4502.8043,450.2804,77665.4096,12719.6258,0.904,Critical,On Track to Glide Path
SUP-0084,Chemicals Supplier 084,Chemicals,2024,2015,2035,,3375.4867,4511.2423,15490.571,17673357.44,49317593.0,23377.3,Scope 1 + Scope 2 + Scope 3,True,High,Reported_Emissions,Valid,2026,Industry Haircut Pathway,17222.4301,8216.8214,12269.3453,12269.3453,4953.0848,0.00069423,0.287595,4052.5239,450.2804,65396.0643,24988.9711,0.904,Critical,On Track to Glide Path
SUP-0084,Chemicals Supplier 084,Chemicals,2024,2015,2035,,3375.4867,4511.2423,15490.571,17673357.44,49317593.0,23377.3,Scope 1 + Scope 2 + Scope 3,True,High,Reported_Emissions,Valid,2027,Industry Haircut Pathway,17222.4301,8216.8214,11819.0649,11819.0649,5403.3652,0.00066875,0.31374,3602.2435,450.2804,53576.9994,36808.036,0.904,Critical,On Track to Glide Path
SUP-0084,Chemicals Supplier 084,Chemicals,2024,2015,2035,,3375.4867,4511.2423,15490.571,17673357.44,49317593.0,23377.3,Scope 1 + Scope 2 + Scope 3,True,High,Reported_Emissions,Valid,2028,Industry Haircut Pathway,17222.4301,8216.8214,11368.7844,11368.7844,5853.6457,0.00064327,0.339885,3151.963,450.2804,42208.215,48176.8204,0.904,Critical,On Track to Glide Path
SUP-0084,Chemicals Supplier 084,Chemicals,2024,2015,2035,,3375.4867,4511.2423,15490.571,17673357.44,49317593.0,23377.3,Scope 1 + Scope 2 + Scope 3,True,High,Reported_Emissions,Valid,2029,Industry Haircut Pathway,17222.4301,8216.8214,10918.504,10918.504,6303.9261,0.00061779,0.36603,2701.6826,450.2804,31289.711,59095.3244,0.904,High,On Track to Glide Path
SUP-0084,Chemicals Supplier 084,Chemicals,2024,2015,2035,,3375.4867,4511.2423,15490.571,17673357.44,49317593.0,23377.3,Scope 1 + Scope 2 + Scope 3,True,High,Reported_Emissions,Valid,2030,Industry Haircut Pathway,17222.4301,8216.8214,10468.2236,10468.2236,6754.2065,0.00059232,0.392175,2251.4022,450.2804,20821.4874,69563.548,0.904,High,On Track to Glide Path
SUP-0084,Chemicals Supplier 084,Chemicals,2024,2015,2035,,3375.4867,4511.2423,15490.571,17673357.44,49317593.0,23377.3,Scope 1 + Scope 2 + Scope 3,True,High,Reported_Emissions,Valid,2031,Industry Haircut Pathway,17222.4301,8216.8214,10017.9431,10017.9431,7204.487,0.00056684,0.41832,1801.1217,450.2804,10803.5443,79581.4911,0.904,High,On Track to Glide Path
SUP-0084,Chemicals Supplier 084,Chemicals,2024,2015,2035,,3375.4867,4511.2423,15490.571,17673357.44,49317593.0,23377.3,Scope 1 + Scope 2 + Scope 3,True,High,Reported_Emissions,Valid,2032,Industry Haircut Pathway,17222.4301,8216.8214,9567.6627,9567.6627,7654.7674,0.00054136,0.444465,1350.8413,450.2804,1235.8816,89149.1538,0.904,High,On Track to Glide Path
SUP-0084,Chemicals Supplier 084,Chemicals,2024,2015,2035,,3375.4867,4511.2423,15490.571,17673357.44,49317593.0,23377.3,Scope 1 + Scope 2 + Scope 3,True,High,Reported_Emissions,Valid,2033,Industry Haircut Pathway,17222.4301,8216.8214,9117.3823,9117.3823,8105.0478,0.00051588,0.47061,900.5609,450.2804,-7881.5007,98266.5361,0.904,Medium,On Track to Glide Path
SUP-0084,Chemicals Supplier 084,Chemicals,2024,2015,2035,,3375.4867,4511.2423,15490.571,17673357.44,49317593.0,23377.3,Scope 1 + Scope 2 + Scope 3,True,High,Reported_Emissions,Valid,2034,Industry Haircut Pathway,17222.4301,8216.8214,8667.1018,8667.1018,8555.3283,0.0004904,0.496755,450.2804,450.2804,-16548.6025,106933.6379,0.904,Medium,On Track to Glide Path
SUP-0084,Chemicals Supplier 084,Chemicals,2024,2015,2035,,3375.4867,4511.2423,15490.571,17673357.44,49317593.0,23377.3,Scope 1 + Scope 2 + Scope 3,True,High,Reported_Emissions,Valid,2035,Industry Haircut Pathway,17222.4301,8216.8214,8216.8214,8216.8214,9005.6087,0.00046493,0.5229,0.0,450.2804,-24765.4239,115150.4593,0.904,Low,On Track
SUP-0084,Chemicals Supplier 084,Chemicals,2024,2015,2035,,3375.4867,4511.2423,15490.571,17673357.44,49317593.0,23377.3,Scope 1 + Scope 2 + Scope 3,True,High,Reported_Emissions,Valid,2036,Industry Haircut Pathway,17222.4301,8216.8214,8216.8214,8216.8214,9005.6087,0.00046493,0.5229,0.0,450.2804,-32982.2453,123367.2807,0.904,Low,On Track
SUP-0084,Chemicals Supplier 084,Chemicals,2024,2015,2035,,3375.4867,4511.2423,15490.571,17673357.44,49317593.0,23377.3,Scope 1 + Scope 2 + Scope 3,True,High,Reported_Emissions,Valid,2037,Industry Haircut Pathway,17222.4301,8216.8214,8216.8214,8216.8214,9005.6087,0.00046493,0.5229,0.0,450.2804,-41199.0667,131584.1021,0.904,Low,On Track
SUP-0084,Chemicals Supplier 084,Chemicals,2024,2015,2035,,3375.4867,4511.2423,15490.571,17673357.44,49317593.0,23377.3,Scope 1 + Scope 2 + Scope 3,True,High,Reported_Emissions,Valid,2038,Industry Haircut Pathway,17222.4301,8216.8214,8216.8214,8216.8214,9005.6087,0.00046493,0.5229,0.0,450.2804,-49415.8881,139800.9235,0.904,Low,On Track
SUP-0084,Chemicals Supplier 084,Chemicals,2024,2015,2035,,3375.4867,4511.2423,15490.571,17673357.44,49317593.0,23377.3,Scope 1 + Scope 2 + Scope 3,True,High,Reported_Emissions,Valid,2039,Industry Haircut Pathway,17222.4301,8216.8214,8216.8214,8216.8214,9005.6087,0.00046493,0.5229,0.0,450.2804,-57632.7095,148017.7449,0.904,Low,On Track
SUP-0084,Chemicals Supplier 084,Chemicals,2024,2015,2035,,3375.4867,4511.2423,15490.571,17673357.44,49317593.0,23377.3,Scope 1 + Scope 2 + Scope 3,True,High,Reported_Emissions,Valid,2040,Industry Haircut Pathway,17222.4301,8216.8214,8216.8214,8216.8214,9005.6087,0.00046493,0.5229,0.0,450.2804,-65849.5309,156234.5663,0.904,Low,On Track
SUP-0085,Textiles Supplier 085,Textiles,2024,2015,2030,5865.7817,496.7147,1344.0838,4337.228,21801344.96,,5865.7817,Supplier Reported Emissions,False,High,Revenue,Valid,2025,Industry Haircut Pathway,5841.9028,3989.4354,4606.9245,4606.9245,1234.9783,0.00021131,0.2114,617.4891,123.4978,19329.6879,4606.9245,0.875,High,On Track to Glide Path
SUP-0085,Textiles Supplier 085,Textiles,2024,2015,2030,5865.7817,496.7147,1344.0838,4337.228,21801344.96,,5865.7817,Supplier Reported Emissions,False,High,Revenue,Valid,2026,Industry Haircut Pathway,5841.9028,3989.4354,4483.4267,4483.4267,1358.4761,0.00020565,0.23254,493.9913,123.4978,14846.2612,9090.3512,0.875,Medium,On Track to Glide Path
SUP-0085,Textiles Supplier 085,Textiles,2024,2015,2030,5865.7817,496.7147,1344.0838,4337.228,21801344.96,,5865.7817,Supplier Reported Emissions,False,High,Revenue,Valid,2027,Industry Haircut Pathway,5841.9028,3989.4354,4359.9289,4359.9289,1481.9739,0.00019998,0.25368,370.4935,123.4978,10486.3323,13450.2801,0.875,Medium,On Track to Glide Path
SUP-0085,Textiles Supplier 085,Textiles,2024,2015,2030,5865.7817,496.7147,1344.0838,4337.228,21801344.96,,5865.7817,Supplier Reported Emissions,False,High,Revenue,Valid,2028,Industry Haircut Pathway,5841.9028,3989.4354,4236.4311,4236.4311,1605.4717,0.00019432,0.27482,246.9957,123.4978,6249.9012,17686.7112,0.875,Medium,On Track to Glide Path
SUP-0085,Textiles Supplier 085,Textiles,2024,2015,2030,5865.7817,496.7147,1344.0838,4337.228,21801344.96,,5865.7817,Supplier Reported Emissions,False,High,Revenue,Valid,2029,Industry Haircut Pathway,5841.9028,3989.4354,4112.9332,4112.9332,1728.9696,0.00018866,0.29596,123.4978,123.4978,2136.968,21799.6444,0.875,Medium,On Track to Glide Path
SUP-0085,Textiles Supplier 085,Textiles,2024,2015,2030,5865.7817,496.7147,1344.0838,4337.228,21801344.96,,5865.7817,Supplier Reported Emissions,False,High,Revenue,Valid,2030,Industry Haircut Pathway,5841.9028,3989.4354,3989.4354,3989.4354,1852.4674,0.00018299,0.3171,0.0,123.4978,-1852.4674,25789.0798,0.875,Low,On Track
SUP-0085,Textiles Supplier 085,Textiles,2024,2015,2030,5865.7817,496.7147,1344.0838,4337.228,21801344.96,,5865.7817,Supplier Reported Emissions,False,High,Revenue,Valid,2031,Industry Haircut Pathway,5841.9028,3989.4354,3989.4354,3989.4354,1852.4674,0.00018299,0.3171,0.0,123.4978,-5841.9028,29778.5152,0.875,Low,On Track
SUP-0085,Textiles Supplier 085,Textiles,2024,2015,2030,5865.7817,496.7147,1344.0838,4337.228,21801344.96,,5865.7817,Supplier Reported Emissions,False,High,Revenue,Valid,2032,Industry Haircut Pathway,5841.9028,3989.4354,3989.4354,3989.4354,1852.4674,0.00018299,0.3171,0.0,123.4978,-9831.3382,33767.9506,0.875,Low,On Track
SUP-0085,Textiles Supplier 085,Textiles,2024,2015,2030,5865.7817,496.7147,1344.0838,4337.228,21801344.96,,5865.7817,Supplier Reported Emissions,False,High,Revenue,Valid,2033,Industry Haircut Pathway,5841.9028,3989.4354,3989.4354,3989.4354,1852.4674,0.00018299,0.3171,0.0,123.4978,-13820.7736,37757.386,0.875,Low,On Track
SUP-0085,Textiles Supplier 085,Textiles,2024,2015,2030,5865.7817,496.7147,1344.0838,4337.228,21801344.96,,5865.7817,Supplier Reported Emissions,False,High,Revenue,Valid,2034,Industry Haircut Pathway,5841.9028,3989.4354,3989.4354,3989.4354,1852.4674,0.00018299,0.3171,0.0,123.4978,-17810.209,41746.8214,0.875,Low,On Track
SUP-0085,Textiles Supplier 085,Textiles,2024,2015,2030,5865.7817,496.7147,1344.0838,4337.228,21801344.96,,5865.7817,Supplier Reported Emissions,False,High,Revenue,Valid,2035,Industry Haircut Pathway,5841.9028,3989.4354,3989.4354,3989.4354,1852.4674,0.00018299,0.3171,0.0,123.4978,-21799.6444,45736.2568,0.875,Low,On Track
SUP-0085,Textiles Supplier 085,Textiles,2024,2015,2030,5865.7817,496.7147,1344.0838,4337.228,21801344.96,,5865.7817,Supplier Reported Emissions,False,High,Revenue,Valid,2036,Industry Haircut Pathway,5841.9028,3989.4354,3989.4354,3989.4354,1852.4674,0.00018299,0.3171,0.0,123.4978,-25789.0798,49725.6922,0.875,Low,On Track
SUP-0085,Textiles Supplier 085,Textiles,2024,2015,2030,5865.7817,496.7147,1344.0838,4337.228,21801344.96,,5865.7817,Supplier Reported Emissions,False,High,Revenue,Valid,2037,Industry Haircut Pathway,5841.9028,3989.4354,3989.4354,3989.4354,1852.4674,0.00018299,0.3171,0.0,123.4978,-29778.5152,53715.1276,0.875,Low,On Track
SUP-0085,Textiles Supplier 085,Textiles,2024,2015,2030,5865.7817,496.7147,1344.0838,4337.228,21801344.96,,5865.7817,Supplier Reported Emissions,False,High,Revenue,Valid,2038,Industry Haircut Pathway,5841.9028,3989.4354,3989.4354,3989.4354,1852.4674,0.00018299,0.3171,0.0,123.4978,-33767.9506,57704.563,0.875,Low,On Track
SUP-0085,Textiles Supplier 085,Textiles,2024,2015,2030,5865.7817,496.7147,1344.0838,4337.228,21801344.96,,5865.7817,Supplier Reported Emissions,False,High,Revenue,Valid,2039,Industry Haircut Pathway,5841.9028,3989.4354,3989.4354,3989.4354,1852.4674,0.00018299,0.3171,0.0,123.4978,-37757.386,61693.9984,0.875,Low,On Track
SUP-0085,Textiles Supplier 085,Textiles,2024,2015,2030,5865.7817,496.7147,1344.0838,4337.228,21801344.96,,5865.7817,Supplier Reported Emissions,False,High,Revenue,Valid,2040,Industry Haircut Pathway,5841.9028,3989.4354,3989.4354,3989.4354,1852.4674,0.00018299,0.3171,0.0,123.4978,-41746.8214,65683.4338,0.875,Low,On Track
SUP-0086,Metals Supplier 086,Metals,2024,2019,2035,,1494.6371,2747.089,11334.2244,17310943.41,66016811.64,15575.9505,Scope 1 + Scope 2 + Scope 3,True,High,Reported_Emissions,Valid,2025,Supplier Target Pathway,22661.4098,13241.0617,19128.7793,19128.7793,3532.6305,0.00110501,0.155888,5887.7175,588.7718,126522.8994,19128.7793,0.99,Critical,On Track to Glide Path
SUP-0086,Metals Supplier 086,Metals,2024,2019,2035,,1494.6371,2747.089,11334.2244,17310943.41,66016811.64,15575.9505,Scope 1 + Scope 2 + Scope 3,True,High,Reported_Emissions,Valid,2026,Supplier Target Pathway,22661.4098,13241.0617,18540.0075,18540.0075,4121.4023,0.001071,0.181869,5298.9458,588.7718,107982.8919,37668.7868,0.99,Critical,On Track to Glide Path
SUP-0086,Metals Supplier 086,Metals,2024,2019,2035,,1494.6371,2747.089,11334.2244,17310943.41,66016811.64,15575.9505,Scope 1 + Scope 2 + Scope 3,True,High,Reported_Emissions,Valid,2027,Supplier Target Pathway,22661.4098,13241.0617,17951.2358,17951.2358,4710.174,0.00103699,0.20785,4710.174,588.7718,90031.6561,55620.0226,0.99,Critical,On Track to Glide Path
SUP-0086,Metals Supplier 086,Metals,2024,2019,2035,,1494.6371,2747.089,11334.2244,17310943.41,66016811.64,15575.9505,Scope 1 + Scope 2 + Scope 3,True,High,Reported_Emissions,Valid,2028,Supplier Target Pathway,22661.4098,13241.0617,17362.464,17362.464,5298.9458,0.00100298,0.233831,4121.4023,588.7718,72669.1921,72982.4866,0.99,High,On Track to Glide Path
SUP-0086,Metals Supplier 086,Metals,2024,2019,2035,,1494.6371,2747.089,11334.2244,17310943.41,66016811.64,15575.9505,Scope 1 + Scope 2 + Scope 3,True,High,Reported_Emissions,Valid,2029,Supplier Target Pathway,22661.4098,13241.0617,16773.6923,16773.6923,5887.7175,0.00096896,0.259813,3532.6305,588.7718,55895.4998,89756.1789,0.99,High,On Track to Glide Path
SUP-0086,Metals Supplier 086,Metals,2024,2019,2035,,1494.6371,2747.089,11334.2244,17310943.41,66016811.64,15575.9505,Scope 1 + Scope 2 + Scope 3,True,High,Reported_Emissions,Valid,2030,Supplier Target Pathway,22661.4098,13241.0617,16184.9205,16184.9205,6476.4893,0.00093495,0.285794,2943.8588,588.7718,39710.5793,105941.0994,0.99,High,On Track to Glide Path
SUP-0086,Metals Supplier 086,Metals,2024,2019,2035,,1494.6371,2747.089,11334.2244,17310943.41,66016811.64,15575.9505,Scope 1 + Scope 2 + Scope 3,True,High,Reported_Emissions,Valid,2031,Supplier Target Pathway,22661.4098,13241.0617,15596.1488,15596.1488,7065.261,0.00090094,0.311775,2355.087,588.7718,24114.4305,121537.2482,0.99,High,On Track to Glide Path
SUP-0086,Metals Supplier 086,Metals,2024,2019,2035,,1494.6371,2747.089,11334.2244,17310943.41,66016811.64,15575.9505,Scope 1 + Scope 2 + Scope 3,True,High,Reported_Emissions,Valid,2032,Supplier Target Pathway,22661.4098,13241.0617,15007.377,15007.377,7654.0328,0.00086693,0.337756,1766.3153,588.7718,9107.0535,136544.6252,0.99,Medium,On Track to Glide Path
SUP-0086,Metals Supplier 086,Metals,2024,2019,2035,,1494.6371,2747.089,11334.2244,17310943.41,66016811.64,15575.9505,Scope 1 + Scope 2 + Scope 3,True,High,Reported_Emissions,Valid,2033,Supplier Target Pathway,22661.4098,13241.0617,14418.6053,14418.6053,8242.8045,0.00083292,0.363737,1177.5435,588.7718,-5311.5518,150963.2305,0.99,Medium,On Track to Glide Path
SUP-0086,Metals Supplier 086,Metals,2024,2019,2035,,1494.6371,2747.089,11334.2244,17310943.41,66016811.64,15575.9505,Scope 1 + Scope 2 + Scope 3,True,High,Reported_Emissions,Valid,2034,Supplier Target Pathway,22661.4098,13241.0617,13829.8335,13829.8335,8831.5763,0.00079891,0.389719,588.7718,588.7718,-19141.3853,164793.064,0.99,Medium,On Track to Glide Path
SUP-0086,Metals Supplier 086,Metals,2024,2019,2035,,1494.6371,2747.089,11334.2244,17310943.41,66016811.64,15575.9505,Scope 1 + Scope 2 + Scope 3,True,High,Reported_Emissions,Valid,2035,Supplier Target Pathway,22661.4098,13241.0617,13241.0617,13241.0617,9420.3481,0.0007649,0.4157,0.0,588.7718,-32382.447,178034.1257,0.99,Low,On Track
SUP-0086,Metals Supplier 086,Metals,2024,2019,2035,,1494.6371,2747.089,11334.2244,17310943.41,66016811.64,15575.9505,Scope 1 + Scope 2 + Scope 3,True,High,Reported_Emissions,Valid,2036,Supplier Target Pathway,22661.4098,13241.0617,13241.0617,13241.0617,9420.3481,0.0007649,0.4157,0.0,588.7718,-45623.5087,191275.1874,0.99,Low,On Track
SUP-0086,Metals Supplier 086,Metals,2024,2019,2035,,1494.6371,2747.089,11334.2244,17310943.41,66016811.64,15575.9505,Scope 1 + Scope 2 + Scope 3,True,High,Reported_Emissions,Valid,2037,Supplier Target Pathway,22661.4098,13241.0617,13241.0617,13241.0617,9420.3481,0.0007649,0.4157,0.0,588.7718,-58864.5704,204516.2491,0.99,Low,On Track
SUP-0086,Metals Supplier 086,Metals,2024,2019,2035,,1494.6371,2747.089,11334.2244,17310943.41,66016811.64,15575.9505,Scope 1 + Scope 2 + Scope 3,True,High,Reported_Emissions,Valid,2038,Supplier Target Pathway,22661.4098,13241.0617,13241.0617,13241.0617,9420.3481,0.0007649,0.4157,0.0,588.7718,-72105.6321,217757.3108,0.99,Low,On Track
SUP-0086,Metals Supplier 086,Metals,2024,2019,2035,,1494.6371,2747.089,11334.2244,17310943.41,66016811.64,15575.9505,Scope 1 + Scope 2 + Scope 3,True,High,Reported_Emissions,Valid,2039,Supplier Target Pathway,22661.4098,13241.0617,13241.0617,13241.0617,9420.3481,0.0007649,0.4157,0.0,588.7718,-85346.6938,230998.3725,0.99,Low,On Track
SUP-0086,Metals Supplier 086,Metals,2024,2019,2035,,1494.6371,2747.089,11334.2244,17310943.41,66016811.64,15575.9505,Scope 1 + Scope 2 + Scope 3,True,High,Reported_Emissions,Valid,2040,Supplier Target Pathway,22661.4098,13241.0617,13241.0617,13241.0617,9420.3481,0.0007649,0.4157,0.0,588.7718,-98587.7555,244239.4342,0.99,Low,On Track
SUP-0087,Agriculture Supplier 087,Agriculture,2024,2020,2035,28286.5821,,3339.6118,20351.0716,43755411.18,143262500.87,28286.5821,Supplier Reported Emissions,False,High,Scope_Emissions,Valid,2025,Supplier Target Pathway,17196.2434,12229.9683,15540.8184,15540.8184,1655.425,0.00035517,0.096267,3310.8501,331.085,118988.8329,15540.8184,0.99,High,On Track to Glide Path
SUP-0087,Agriculture Supplier 087,Agriculture,2024,2020,2035,28286.5821,,3339.6118,20351.0716,43755411.18,143262500.87,28286.5821,Supplier Reported Emissions,False,High,Scope_Emissions,Valid,2026,Supplier Target Pathway,17196.2434,12229.9683,15209.7334,15209.7334,1986.51,0.00034761,0.11552,2979.7651,331.085,103779.0995,30750.5518,0.99,High,On Track to Glide Path
SUP-0087,Agriculture Supplier 087,Agriculture,2024,2020,2035,28286.5821,,3339.6118,20351.0716,43755411.18,143262500.87,28286.5821,Supplier Reported Emissions,False,High,Scope_Emissions,Valid,2027,Supplier Target Pathway,17196.2434,12229.9683,14878.6484,14878.6484,2317.595,0.00034004,0.134773,2648.6801,331.085,88900.4511,45629.2002,0.99,High,On Track to Glide Path
SUP-0087,Agriculture Supplier 087,Agriculture,2024,2020,2035,28286.5821,,3339.6118,20351.0716,43755411.18,143262500.87,28286.5821,Supplier Reported Emissions,False,High,Scope_Emissions,Valid,2028,Supplier Target Pathway,17196.2434,12229.9683,14547.5633,14547.5633,2648.6801,0.00033247,0.154027,2317.595,331.085,74352.8878,60176.7635,0.99,High,On Track to Glide Path
SUP-0087,Agriculture Supplier 087,Agriculture,2024,2020,2035,28286.5821,,3339.6118,20351.0716,43755411.18,143262500.87,28286.5821,Supplier Reported Emissions,False,High,Scope_Emissions,Valid,2029,Supplier Target Pathway,17196.2434,12229.9683,14216.4783,14216.4783,2979.7651,0.00032491,0.17328,1986.51,331.085,60136.4095,74393.2418,0.99,High,On Track to Glide Path
SUP-0087,Agriculture Supplier 087,Agriculture,2024,2020,2035,28286.5821,,3339.6118,20351.0716,43755411.18,143262500.87,28286.5821,Supplier Reported Emissions,False,High,Scope_Emissions,Valid,2030,Supplier Target Pathway,17196.2434,12229.9683,13885.3933,13885.3933,3310.8501,0.00031734,0.192533,1655.425,331.085,46251.0162,88278.6351,0.99,Medium,On Track to Glide Path
SUP-0087,Agriculture Supplier 087,Agriculture,2024,2020,2035,28286.5821,,3339.6118,20351.0716,43755411.18,143262500.87,28286.5821,Supplier Reported Emissions,False,High,Scope_Emissions,Valid,2031,Supplier Target Pathway,17196.2434,12229.9683,13554.3083,13554.3083,3641.9351,0.00030977,0.211787,1324.34,331.085,32696.7079,101832.9434,0.99,Medium,On Track to Glide Path
SUP-0087,Agriculture Supplier 087,Agriculture,2024,2020,2035,28286.5821,,3339.6118,20351.0716,43755411.18,143262500.87,28286.5821,Supplier Reported Emissions,False,High,Scope_Emissions,Valid,2032,Supplier Target Pathway,17196.2434,12229.9683,13223.2233,13223.2233,3973.0201,0.00030221,0.23104,993.255,331.085,19473.4846,115056.1667,0.99,Medium,On Track to Glide Path
SUP-0087,Agriculture Supplier 087,Agriculture,2024,2020,2035,28286.5821,,3339.6118,20351.0716,43755411.18,143262500.87,28286.5821,Supplier Reported Emissions,False,High,Scope_Emissions,Valid,2033,Supplier Target Pathway,17196.2434,12229.9683,12892.1383,12892.1383,4304.1051,0.00029464,0.250293,662.17,331.085,6581.3463,127948.305,0.99,Medium,On Track to Glide Path
SUP-0087,Agriculture Supplier 087,Agriculture,2024,2020,2035,28286.5821,,3339.6118,20351.0716,43755411.18,143262500.87,28286.5821,Supplier Reported Emissions,False,High,Scope_Emissions,Valid,2034,Supplier Target Pathway,17196.2434,12229.9683,12561.0533,12561.0533,4635.1901,0.00028707,0.269547,331.085,331.085,-5979.707,140509.3583,0.99,Medium,On Track to Glide Path
SUP-0087,Agriculture Supplier 087,Agriculture,2024,2020,2035,28286.5821,,3339.6118,20351.0716,43755411.18,143262500.87,28286.5821,Supplier Reported Emissions,False,High,Scope_Emissions,Valid,2035,Supplier Target Pathway,17196.2434,12229.9683,12229.9683,12229.9683,4966.2751,0.00027951,0.2888,0.0,331.085,-18209.6753,152739.3266,0.99,Low,On Track
SUP-0087,Agriculture Supplier 087,Agriculture,2024,2020,2035,28286.5821,,3339.6118,20351.0716,43755411.18,143262500.87,28286.5821,Supplier Reported Emissions,False,High,Scope_Emissions,Valid,2036,Supplier Target Pathway,17196.2434,12229.9683,12229.9683,12229.9683,4966.2751,0.00027951,0.2888,0.0,331.085,-30439.6436,164969.2949,0.99,Low,On Track
SUP-0087,Agriculture Supplier 087,Agriculture,2024,2020,2035,28286.5821,,3339.6118,20351.0716,43755411.18,143262500.87,28286.5821,Supplier Reported Emissions,False,High,Scope_Emissions,Valid,2037,Supplier Target Pathway,17196.2434,12229.9683,12229.9683,12229.9683,4966.2751,0.00027951,0.2888,0.0,331.085,-42669.6119,177199.2632,0.99,Low,On Track
SUP-0087,Agriculture Supplier 087,Agriculture,2024,2020,2035,28286.5821,,3339.6118,20351.0716,43755411.18,143262500.87,28286.5821,Supplier Reported Emissions,False,High,Scope_Emissions,Valid,2038,Supplier Target Pathway,17196.2434,12229.9683,12229.9683,12229.9683,4966.2751,0.00027951,0.2888,0.0,331.085,-54899.5802,189429.2315,0.99,Low,On Track
SUP-0087,Agriculture Supplier 087,Agriculture,2024,2020,2035,28286.5821,,3339.6118,20351.0716,43755411.18,143262500.87,28286.5821,Supplier Reported Emissions,False,High,Scope_Emissions,Valid,2039,Supplier Target Pathway,17196.2434,12229.9683,12229.9683,12229.9683,4966.2751,0.00027951,0.2888,0.0,331.085,-67129.5485,201659.1998,0.99,Low,On Track
SUP-0087,Agriculture Supplier 087,Agriculture,2024,2020,2035,28286.5821,,3339.6118,20351.0716,43755411.18,143262500.87,28286.5821,Supplier Reported Emissions,False,High,Scope_Emissions,Valid,2040,Supplier Target Pathway,17196.2434,12229.9683,12229.9683,12229.9683,4966.2751,0.00027951,0.2888,0.0,331.085,-79359.5168,213889.1681,0.99,Low,On Track
SUP-0088,Packaging Supplier 088,Packaging,2024,2019,2035,20140.6729,4003.0138,,12780.2569,23582117.97,76755971.1,20140.6729,Supplier Reported Emissions,False,High,Scope_Emissions,Valid,2025,Supplier Target Pathway,25170.1277,12932.4116,20580.9842,20580.9842,4589.1435,0.00087274,0.182325,7648.5726,764.8573,121675.5434,20580.9842,0.99,Critical,On Track to Glide Path
SUP-0088,Packaging Supplier 088,Packaging,2024,2019,2035,20140.6729,4003.0138,,12780.2569,23582117.97,76755971.1,20140.6729,Supplier Reported Emissions,False,High,Scope_Emissions,Valid,2026,Supplier Target Pathway,25170.1277,12932.4116,19816.1269,19816.1269,5354.0008,0.0008403,0.212712,6883.7153,764.8573,101859.4165,40397.1111,0.99,Critical,On Track to Glide Path
SUP-0088,Packaging Supplier 088,Packaging,2024,2019,2035,20140.6729,4003.0138,,12780.2569,23582117.97,76755971.1,20140.6729,Supplier Reported Emissions,False,High,Scope_Emissions,Valid,2027,Supplier Target Pathway,25170.1277,12932.4116,19051.2697,19051.2697,6118.858,0.00080787,0.2431,6118.858,764.8573,82808.1468,59448.3808,0.99,Critical,On Track to Glide Path
SUP-0088,Packaging Supplier 088,Packaging,2024,2019,2035,20140.6729,4003.0138,,12780.2569,23582117.97,76755971.1,20140.6729,Supplier Reported Emissions,False,High,Scope_Emissions,Valid,2028,Supplier Target Pathway,25170.1277,12932.4116,18286.4124,18286.4124,6883.7153,0.00077544,0.273487,5354.0008,764.8573,64521.7344,77734.7932,0.99,Critical,On Track to Glide Path
SUP-0088,Packaging Supplier 088,Packaging,2024,2019,2035,20140.6729,4003.0138,,12780.2569,23582117.97,76755971.1,20140.6729,Supplier Reported Emissions,False,High,Scope_Emissions,Valid,2029,Supplier Target Pathway,25170.1277,12932.4116,17521.5551,17521.5551,7648.5726,0.000743,0.303875,4589.1435,764.8573,47000.1793,95256.3483,0.99,Critical,On Track to Glide Path
SUP-0088,Packaging Supplier 088,Packaging,2024,2019,2035,20140.6729,4003.0138,,12780.2569,23582117.97,76755971.1,20140.6729,Supplier Reported Emissions,False,High,Scope_Emissions,Valid,2030,Supplier Target Pathway,25170.1277,12932.4116,16756.6979,16756.6979,8413.4298,0.00071057,0.334262,3824.2863,764.8573,30243.4814,112013.0462,0.99,High,On Track to Glide Path
SUP-0088,Packaging Supplier 088,Packaging,2024,2019,2035,20140.6729,4003.0138,,12780.2569,23582117.97,76755971.1,20140.6729,Supplier Reported Emissions,False,High,Scope_Emissions,Valid,2031,Supplier Target Pathway,25170.1277,12932.4116,15991.8406,15991.8406,9178.2871,0.00067813,0.36465,3059.429,764.8573,14251.6408,128004.8868,0.99,High,On Track to Glide Path
SUP-0088,Packaging Supplier 088,Packaging,2024,2019,2035,20140.6729,4003.0138,,12780.2569,23582117.97,76755971.1,20140.6729,Supplier Reported Emissions,False,High,Scope_Emissions,Valid,2032,Supplier Target Pathway,25170.1277,12932.4116,15226.9834,15226.9834,9943.1443,0.0006457,0.395037,2294.5718,764.8573,-975.3426,143231.8702,0.99,High,On Track to Glide Path
SUP-0088,Packaging Supplier 088,Packaging,2024,2019,2035,20140.6729,4003.0138,,12780.2569,23582117.97,76755971.1,20140.6729,Supplier Reported Emissions,False,High,Scope_Emissions,Valid,2033,Supplier Target Pathway,25170.1277,12932.4116,14462.1261,14462.1261,10708.0016,0.00061327,0.425425,1529.7145,764.8573,-15437.4687,157693.9963,0.99,Medium,On Track to Glide Path
SUP-0088,Packaging Supplier 088,Packaging,2024,2019,2035,20140.6729,4003.0138,,12780.2569,23582117.97,76755971.1,20140.6729,Supplier Reported Emissions,False,High,Scope_Emissions,Valid,2034,Supplier Target Pathway,25170.1277,12932.4116,13697.2689,13697.2689,11472.8588,0.00058083,0.455812,764.8573,764.8573,-29134.7376,171391.2652,0.99,Medium,On Track to Glide Path
SUP-0088,Packaging Supplier 088,Packaging,2024,2019,2035,20140.6729,4003.0138,,12780.2569,23582117.97,76755971.1,20140.6729,Supplier Reported Emissions,False,High,Scope_Emissions,Valid,2035,Supplier Target Pathway,25170.1277,12932.4116,12932.4116,12932.4116,12237.7161,0.0005484,0.4862,0.0,764.8573,-42067.1492,184323.6768,0.99,Low,On Track
SUP-0088,Packaging Supplier 088,Packaging,2024,2019,2035,20140.6729,4003.0138,,12780.2569,23582117.97,76755971.1,20140.6729,Supplier Reported Emissions,False,High,Scope_Emissions,Valid,2036,Supplier Target Pathway,25170.1277,12932.4116,12932.4116,12932.4116,12237.7161,0.0005484,0.4862,0.0,764.8573,-54999.5608,197256.0884,0.99,Low,On Track
SUP-0088,Packaging Supplier 088,Packaging,2024,2019,2035,20140.6729,4003.0138,,12780.2569,23582117.97,76755971.1,20140.6729,Supplier Reported Emissions,False,High,Scope_Emissions,Valid,2037,Supplier Target Pathway,25170.1277,12932.4116,12932.4116,12932.4116,12237.7161,0.0005484,0.4862,0.0,764.8573,-67931.9724,210188.5,0.99,Low,On Track
SUP-0088,Packaging Supplier 088,Packaging,2024,2019,2035,20140.6729,4003.0138,,12780.2569,23582117.97,76755971.1,20140.6729,Supplier Reported Emissions,False,High,Scope_Emissions,Valid,2038,Supplier Target Pathway,25170.1277,12932.4116,12932.4116,12932.4116,12237.7161,0.0005484,0.4862,0.0,764.8573,-80864.384,223120.9116,0.99,Low,On Track
SUP-0088,Packaging Supplier 088,Packaging,2024,2019,2035,20140.6729,4003.0138,,12780.2569,23582117.97,76755971.1,20140.6729,Supplier Reported Emissions,False,High,Scope_Emissions,Valid,2039,Supplier Target Pathway,25170.1277,12932.4116,12932.4116,12932.4116,12237.7161,0.0005484,0.4862,0.0,764.8573,-93796.7956,236053.3232,0.99,Low,On Track
SUP-0088,Packaging Supplier 088,Packaging,2024,2019,2035,20140.6729,4003.0138,,12780.2569,23582117.97,76755971.1,20140.6729,Supplier Reported Emissions,False,High,Scope_Emissions,Valid,2040,Supplier Target Pathway,25170.1277,12932.4116,12932.4116,12932.4116,12237.7161,0.0005484,0.4862,0.0,764.8573,-106729.2072,248985.7348,0.99,Low,On Track
SUP-0089,Professional Supplier 089,Professional Services,2024,2021,2035,579.8129,67.901,87.2749,408.4152,,30853113.55,579.8129,Supplier Reported Emissions,False,High,Gross_Spend,Valid,2025,Supplier Target Pathway,399.1534,244.2021,354.8816,354.8816,44.2718,,,110.6795,11.068,2331.3415,354.8816,0.99,Critical,On Track to Glide Path
SUP-0089,Professional Supplier 089,Professional Services,2024,2021,2035,579.8129,67.901,87.2749,408.4152,,30853113.55,579.8129,Supplier Reported Emissions,False,High,Gross_Spend,Valid,2026,Supplier Target Pathway,399.1534,244.2021,343.8136,343.8136,55.3398,,,99.6116,11.068,1987.5279,698.6952,0.99,Critical,On Track to Glide Path
SUP-0089,Professional Supplier 089,Professional Services,2024,2021,2035,579.8129,67.901,87.2749,408.4152,,30853113.55,579.8129,Supplier Reported Emissions,False,High,Gross_Spend,Valid,2027,Supplier Target Pathway,399.1534,244.2021,332.7457,332.7457,66.4077,,,88.5436,11.068,1654.7822,1031.4409,0.99,Critical,On Track to Glide Path
SUP-0089,Professional Supplier 089,Professional Services,2024,2021,2035,579.8129,67.901,87.2749,408.4152,,30853113.55,579.8129,Supplier Reported Emissions,False,High,Gross_Spend,Valid,2028,Supplier Target Pathway,399.1534,244.2021,321.6777,321.6777,77.4757,,,77.4757,11.068,1333.1045,1353.1186,0.99,High,On Track to Glide Path
SUP-0089,Professional Supplier 089,Professional Services,2024,2021,2035,579.8129,67.901,87.2749,408.4152,,30853113.55,579.8129,Supplier Reported Emissions,False,High,Gross_Spend,Valid,2029,Supplier Target Pathway,399.1534,244.2021,310.6098,310.6098,88.5436,,,66.4077,11.068,1022.4947,1663.7284,0.99,High,On Track to Glide Path
SUP-0089,Professional Supplier 089,Professional Services,2024,2021,2035,579.8129,67.901,87.2749,408.4152,,30853113.55,579.8129,Supplier Reported Emissions,False,High,Gross_Spend,Valid,2030,Supplier Target Pathway,399.1534,244.2021,299.5418,299.5418,99.6116,,,55.3398,11.068,722.9529,1963.2702,0.99,High,On Track to Glide Path
SUP-0089,Professional Supplier 089,Professional Services,2024,2021,2035,579.8129,67.901,87.2749,408.4152,,30853113.55,579.8129,Supplier Reported Emissions,False,High,Gross_Spend,Valid,2031,Supplier Target Pathway,399.1534,244.2021,288.4739,288.4739,110.6795,,,44.2718,11.068,434.479,2251.7441,0.99,High,On Track to Glide Path
SUP-0089,Professional Supplier 089,Professional Services,2024,2021,2035,579.8129,67.901,87.2749,408.4152,,30853113.55,579.8129,Supplier Reported Emissions,False,High,Gross_Spend,Valid,2032,Supplier Target Pathway,399.1534,244.2021,277.4059,277.4059,121.7475,,,33.2039,11.068,157.0731,2529.15,0.99,Medium,On Track to Glide Path
SUP-0089,Professional Supplier 089,Professional Services,2024,2021,2035,579.8129,67.901,87.2749,408.4152,,30853113.55,579.8129,Supplier Reported Emissions,False,High,Gross_Spend,Valid,2033,Supplier Target Pathway,399.1534,244.2021,266.338,266.338,132.8154,,,22.1359,11.068,-109.2649,2795.488,0.99,Medium,On Track to Glide Path
SUP-0089,Professional Supplier 089,Professional Services,2024,2021,2035,579.8129,67.901,87.2749,408.4152,,30853113.55,579.8129,Supplier Reported Emissions,False,High,Gross_Spend,Valid,2034,Supplier Target Pathway,399.1534,244.2021,255.27,255.27,143.8834,,,11.068,11.068,-364.5349,3050.758,0.99,Medium,On Track to Glide Path
SUP-0089,Professional Supplier 089,Professional Services,2024,2021,2035,579.8129,67.901,87.2749,408.4152,,30853113.55,579.8129,Supplier Reported Emissions,False,High,Gross_Spend,Valid,2035,Supplier Target Pathway,399.1534,244.2021,244.2021,244.2021,154.9513,,,0.0,11.068,-608.737,3294.9601,0.99,Low,On Track
SUP-0089,Professional Supplier 089,Professional Services,2024,2021,2035,579.8129,67.901,87.2749,408.4152,,30853113.55,579.8129,Supplier Reported Emissions,False,High,Gross_Spend,Valid,2036,Supplier Target Pathway,399.1534,244.2021,244.2021,244.2021,154.9513,,,0.0,11.068,-852.9391,3539.1622,0.99,Low,On Track
SUP-0089,Professional Supplier 089,Professional Services,2024,2021,2035,579.8129,67.901,87.2749,408.4152,,30853113.55,579.8129,Supplier Reported Emissions,False,High,Gross_Spend,Valid,2037,Supplier Target Pathway,399.1534,244.2021,244.2021,244.2021,154.9513,,,0.0,11.068,-1097.1412,3783.3643,0.99,Low,On Track
SUP-0089,Professional Supplier 089,Professional Services,2024,2021,2035,579.8129,67.901,87.2749,408.4152,,30853113.55,579.8129,Supplier Reported Emissions,False,High,Gross_Spend,Valid,2038,Supplier Target Pathway,399.1534,244.2021,244.2021,244.2021,154.9513,,,0.0,11.068,-1341.3433,4027.5664,0.99,Low,On Track
SUP-0089,Professional Supplier 089,Professional Services,2024,2021,2035,579.8129,67.901,87.2749,408.4152,,30853113.55,579.8129,Supplier Reported Emissions,False,High,Gross_Spend,Valid,2039,Supplier Target Pathway,399.1534,244.2021,244.2021,244.2021,154.9513,,,0.0,11.068,-1585.5454,4271.7685,0.99,Low,On Track
SUP-0089,Professional Supplier 089,Professional Services,2024,2021,2035,579.8129,67.901,87.2749,408.4152,,30853113.55,579.8129,Supplier Reported Emissions,False,High,Gross_Spend,Valid,2040,Supplier Target Pathway,399.1534,244.2021,244.2021,244.2021,154.9513,,,0.0,11.068,-1829.7475,4515.9706,0.99,Low,On Track
SUP-0090,Textiles Supplier 090,Textiles,2024,2018,2040,,1090.9428,488.8649,4233.7622,16851633.72,61760802.61,5813.5699,Scope 1 + Scope 2 + Scope 3,True,High,Reported_Emissions,Valid,2025,Supplier Target Pathway,4216.2456,3027.686,3838.0675,3838.0675,378.1781,0.00022776,0.089695,810.3816,54.0254,44604.9085,3838.0675,0.986,High,On Track to Glide Path
SUP-0090,Textiles Supplier 090,Textiles,2024,2018,2040,,1090.9428,488.8649,4233.7622,16851633.72,61760802.61,5813.5699,Scope 1 + Scope 2 + Scope 3,True,High,Reported_Emissions,Valid,2026,Supplier Target Pathway,4216.2456,3027.686,3784.0421,3784.0421,432.2035,0.00022455,0.102509,756.3561,54.0254,40820.8664,7622.1096,0.986,High,On Track to Glide Path
SUP-0090,Textiles Supplier 090,Textiles,2024,2018,2040,,1090.9428,488.8649,4233.7622,16851633.72,61760802.61,5813.5699,Scope 1 + Scope 2 + Scope 3,True,High,Reported_Emissions,Valid,2027,Supplier Target Pathway,4216.2456,3027.686,3730.0167,3730.0167,486.2289,0.00022134,0.115323,702.3307,54.0254,37090.8497,11352.1263,0.986,High,On Track to Glide Path
SUP-0090,Textiles Supplier 090,Textiles,2024,2018,2040,,1090.9428,488.8649,4233.7622,16851633.72,61760802.61,5813.5699,Scope 1 + Scope 2 + Scope 3,True,High,Reported_Emissions,Valid,2028,Supplier Target Pathway,4216.2456,3027.686,3675.9912,3675.9912,540.2544,0.00021814,0.128136,648.3053,54.0254,33414.8585,15028.1175,0.986,High,On Track to Glide Path
SUP-0090,Textiles Supplier 090,Textiles,2024,2018,2040,,1090.9428,488.8649,4233.7622,16851633.72,61760802.61,5813.5699,Scope 1 + Scope 2 + Scope 3,True,High,Reported_Emissions,Valid,2029,Supplier Target Pathway,4216.2456,3027.686,3621.9658,3621.9658,594.2798,0.00021493,0.14095,594.2798,54.0254,29792.8927,18650.0833,0.986,High,On Track to Glide Path
SUP-0090,Textiles Supplier 090,Textiles,2024,2018,2040,,1090.9428,488.8649,4233.7622,16851633.72,61760802.61,5813.5699,Scope 1 + Scope 2 + Scope 3,True,High,Reported_Emissions,Valid,2030,Supplier Target Pathway,4216.2456,3027.686,3567.9403,3567.9403,648.3053,0.00021173,0.153764,540.2544,54.0254,26224.9524,22218.0236,0.986,High,On Track to Glide Path
SUP-0090,Textiles Supplier 090,Textiles,2024,2018,2040,,1090.9428,488.8649,4233.7622,16851633.72,61760802.61,5813.5699,Scope 1 + Scope 2 + Scope 3,True,High,Reported_Emissions,Valid,2031,Supplier Target Pathway,4216.2456,3027.686,3513.9149,3513.9149,702.3307,0.00020852,0.166577,486.2289,54.0254,22711.0375,25731.9385,0.986,High,On Track to Glide Path
SUP-0090,Textiles Supplier 090,Textiles,2024,2018,2040,,1090.9428,488.8649,4233.7622,16851633.72,61760802.61,5813.5699,Scope 1 + Scope 2 + Scope 3,True,High,Reported_Emissions,Valid,2032,Supplier Target Pathway,4216.2456,3027.686,3459.8895,3459.8895,756.3561,0.00020531,0.179391,432.2035,54.0254,19251.148,29191.828,0.986,Medium,On Track to Glide Path
SUP-0090,Textiles Supplier 090,Textiles,2024,2018,2040,,1090.9428,488.8649,4233.7622,16851633.72,61760802.61,5813.5699,Scope 1 + Scope 2 + Scope 3,True,High,Reported_Emissions,Valid,2033,Supplier Target Pathway,4216.2456,3027.686,3405.864,3405.864,810.3816,0.00020211,0.192205,378.1781,54.0254,15845.284,32597.692,0.986,Medium,On Track to Glide Path
SUP-0090,Textiles Supplier 090,Textiles,2024,2018,2040,,1090.9428,488.8649,4233.7622,16851633.72,61760802.61,5813.5699,Scope 1 + Scope 2 + Scope 3,True,High,Reported_Emissions,Valid,2034,Supplier Target Pathway,4216.2456,3027.686,3351.8386,3351.8386,864.407,0.0001989,0.205018,324.1526,54.0254,12493.4454,35949.5306,0.986,Medium,On Track to Glide Path
SUP-0090,Textiles Supplier 090,Textiles,2024,2018,2040,,1090.9428,488.8649,4233.7622,16851633.72,61760802.61,5813.5699,Scope 1 + Scope 2 + Scope 3,True,High,Reported_Emissions,Valid,2035,Supplier Target Pathway,4216.2456,3027.686,3297.8132,3297.8132,918.4324,0.0001957,0.217832,270.1272,54.0254,9195.6322,39247.3438,0.986,Medium,On Track to Glide Path
SUP-0090,Textiles Supplier 090,Textiles,2024,2018,2040,,1090.9428,488.8649,4233.7622,16851633.72,61760802.61,5813.5699,Scope 1 + Scope 2 + Scope 3,True,High,Reported_Emissions,Valid,2036,Supplier Target Pathway,4216.2456,3027.686,3243.7877,3243.7877,972.4579,0.00019249,0.230645,216.1018,54.0254,5951.8445,42491.1315,0.986,Medium,On Track to Glide Path
SUP-0090,Textiles Supplier 090,Textiles,2024,2018,2040,,1090.9428,488.8649,4233.7622,16851633.72,61760802.61,5813.5699,Scope 1 + Scope 2 + Scope 3,True,High,Reported_Emissions,Valid,2037,Supplier Target Pathway,4216.2456,3027.686,3189.7623,3189.7623,1026.4833,0.00018929,0.243459,162.0763,54.0254,2762.0822,45680.8938,0.986,Medium,On Track to Glide Path
SUP-0090,Textiles Supplier 090,Textiles,2024,2018,2040,,1090.9428,488.8649,4233.7622,16851633.72,61760802.61,5813.5699,Scope 1 + Scope 2 + Scope 3,True,High,Reported_Emissions,Valid,2038,Supplier Target Pathway,4216.2456,3027.686,3135.7368,3135.7368,1080.5088,0.00018608,0.256273,108.0509,54.0254,-373.6546,48816.6306,0.986,Medium,On Track to Glide Path
SUP-0090,Textiles Supplier 090,Textiles,2024,2018,2040,,1090.9428,488.8649,4233.7622,16851633.72,61760802.61,5813.5699,Scope 1 + Scope 2 + Scope 3,True,High,Reported_Emissions,Valid,2039,Supplier Target Pathway,4216.2456,3027.686,3081.7114,3081.7114,1134.5342,0.00018287,0.269086,54.0254,54.0254,-3455.366,51898.342,0.986,Medium,On Track to Glide Path
SUP-0090,Textiles Supplier 090,Textiles,2024,2018,2040,,1090.9428,488.8649,4233.7622,16851633.72,61760802.61,5813.5699,Scope 1 + Scope 2 + Scope 3,True,High,Reported_Emissions,Valid,2040,Supplier Target Pathway,4216.2456,3027.686,3027.686,3027.686,1188.5596,0.00017967,0.2819,0.0,54.0254,-6483.052,54926.028,0.986,Low,On Track
SUP-0091,Professional Supplier 091,Professional Services,2024,2015,2040,7596.4693,1299.2721,965.5072,5158.2355,40971367.96,151901369.24,7596.4693,Supplier Reported Emissions,False,High,None,Valid,2025,Historical Trend Pathway,3419.8152,3248.8244,8186.2474,3351.4189,-4766.4322,0.0001998,-1.393769,4937.423,6.8396,43794.943,8186.2474,0.816,Critical,Off Track
SUP-0091,Professional Supplier 091,Professional Services,2024,2015,2040,7596.4693,1299.2721,965.5072,5158.2355,40971367.96,151901369.24,7596.4693,Supplier Reported Emissions,False,High,None,Valid,2026,Historical Trend Pathway,3419.8152,3248.8244,8821.815,3344.5793,-5401.9998,0.00021532,-1.579617,5572.9905,6.8396,34973.128,17008.0624,0.816,Critical,Off Track
SUP-0091,Professional Supplier 091,Professional Services,2024,2015,2040,7596.4693,1299.2721,965.5072,5158.2355,40971367.96,151901369.24,7596.4693,Supplier Reported Emissions,False,High,None,Valid,2027,Historical Trend Pathway,3419.8152,3248.8244,9506.727,3337.7396,-6086.9118,0.00023203,-1.779895,6257.9026,6.8396,25466.401,26514.7894,0.816,Critical,Off Track
SUP-0091,Professional Supplier 091,Professional Services,2024,2015,2040,7596.4693,1299.2721,965.5072,5158.2355,40971367.96,151901369.24,7596.4693,Supplier Reported Emissions,False,High,None,Valid,2028,Historical Trend Pathway,3419.8152,3248.8244,10244.8146,3330.9,-6824.9994,0.00025005,-1.995722,6995.9901,6.8396,15221.5864,36759.604,0.816,Critical,Off Track
SUP-0091,Professional Supplier 091,Professional Services,2024,2015,2040,7596.4693,1299.2721,965.5072,5158.2355,40971367.96,151901369.24,7596.4693,Supplier Reported Emissions,False,High,None,Valid,2029,Historical Trend Pathway,3419.8152,3248.8244,11040.2061,3324.0604,-7620.3909,0.00026946,-2.228305,7791.3816,6.8396,4181.3803,47799.8101,0.816,Critical,Off Track
SUP-0091,Professional Supplier 091,Professional Services,2024,2015,2040,7596.4693,1299.2721,965.5072,5158.2355,40971367.96,151901369.24,7596.4693,Supplier Reported Emissions,False,High,None,Valid,2030,Historical Trend Pathway,3419.8152,3248.8244,11897.3506,3317.2207,-8477.5354,0.00029038,-2.478945,8648.5261,6.8396,-7715.9703,59697.1607,0.816,Critical,Off Track
SUP-0091,Professional Supplier 091,Professional Services,2024,2015,2040,7596.4693,1299.2721,965.5072,5158.2355,40971367.96,151901369.24,7596.4693,Supplier Reported Emissions,False,High,None,Valid,2031,Historical Trend Pathway,3419.8152,3248.8244,12821.0424,3310.3811,-9401.2272,0.00031293,-2.749045,9572.218,6.8396,-20537.0127,72518.2031,0.816,Critical,Off Track
SUP-0091,Professional Supplier 091,Professional Services,2024,2015,2040,7596.4693,1299.2721,965.5072,5158.2355,40971367.96,151901369.24,7596.4693,Supplier Reported Emissions,False,High,None,Valid,2032,Historical Trend Pathway,3419.8152,3248.8244,13816.4483,3303.5415,-10396.6331,0.00033722,-3.040115,10567.6238,6.8396,-34353.461,86334.6514,0.816,Critical,Off Track
SUP-0091,Professional Supplier 091,Professional Services,2024,2015,2040,7596.4693,1299.2721,965.5072,5158.2355,40971367.96,151901369.24,7596.4693,Supplier Reported Emissions,False,High,None,Valid,2033,Historical Trend Pathway,3419.8152,3248.8244,14889.1359,3296.7019,-11469.3207,0.0003634,-3.353784,11640.3115,6.8396,-49242.5969,101223.7873,0.816,Critical,Off Track
SUP-0091,Professional Supplier 091,Professional Services,2024,2015,2040,7596.4693,1299.2721,965.5072,5158.2355,40971367.96,151901369.24,7596.4693,Supplier Reported Emissions,False,High,None,Valid,2034,Historical Trend Pathway,3419.8152,3248.8244,16045.1053,3289.8622,-12625.2901,0.00039162,-3.691805,12796.2809,6.8396,-65287.7022,117268.8926,0.816,Critical,Off Track
SUP-0091,Professional Supplier 091,Professional Services,2024,2015,2040,7596.4693,1299.2721,965.5072,5158.2355,40971367.96,151901369.24,7596.4693,Supplier Reported Emissions,False,High,None,Valid,2035,Historical Trend Pathway,3419.8152,3248.8244,17290.8224,3283.0226,-13871.0072,0.00042202,-4.056069,14041.998,6.8396,-82578.5246,134559.715,0.816,Critical,Off Track
SUP-0091,Professional Supplier 091,Professional Services,2024,2015,2040,7596.4693,1299.2721,965.5072,5158.2355,40971367.96,151901369.24,7596.4693,Supplier Reported Emissions,False,High,None,Valid,2036,Historical Trend Pathway,3419.8152,3248.8244,18633.2551,3276.183,-15213.4399,0.00045479,-4.448615,15384.4307,6.8396,-101211.7797,153192.9701,0.816,Critical,Off Track
SUP-0091,Professional Supplier 091,Professional Services,2024,2015,2040,7596.4693,1299.2721,965.5072,5158.2355,40971367.96,151901369.24,7596.4693,Supplier Reported Emissions,False,High,None,Valid,2037,Historical Trend Pathway,3419.8152,3248.8244,20079.9121,3269.3433,-16660.0969,0.0004901,-4.871637,16831.0877,6.8396,-121291.6918,173272.8822,0.816,Critical,Off Track
SUP-0091,Professional Supplier 091,Professional Services,2024,2015,2040,7596.4693,1299.2721,965.5072,5158.2355,40971367.96,151901369.24,7596.4693,Supplier Reported Emissions,False,High,None,Valid,2038,Historical Trend Pathway,3419.8152,3248.8244,21638.8854,3262.5037,-18219.0702,0.00052815,-5.327501,18390.061,6.8396,-142930.5772,194911.7676,0.816,Critical,Off Track
SUP-0091,Professional Supplier 091,Professional Services,2024,2015,2040,7596.4693,1299.2721,965.5072,5158.2355,40971367.96,151901369.24,7596.4693,Supplier Reported Emissions,False,High,None,Valid,2039,Historical Trend Pathway,3419.8152,3248.8244,23318.8949,3255.6641,-19899.0797,0.00056915,-5.818759,20070.0705,6.8396,-166249.4721,218230.6625,0.816,Critical,Off Track
SUP-0091,Professional Supplier 091,Professional Services,2024,2015,2040,7596.4693,1299.2721,965.5072,5158.2355,40971367.96,151901369.24,7596.4693,Supplier Reported Emissions,False,High,None,Valid,2040,Historical Trend Pathway,3419.8152,3248.8244,25129.3378,3248.8244,-21709.5226,0.00061334,-6.348157,21880.5133,6.8396,-191378.8099,243360.0003,0.816,Critical,Off Track
SUP-0092,Metals Supplier 092,Metals,2024,2015,2030,14843.6709,,2484.2007,,17950763.75,35763609.62,14843.6709,Supplier Reported Emissions,False,High,Scope_Emissions,Valid,2025,Industry Haircut Pathway,23517.5074,14458.5635,17478.2115,17478.2115,6039.2959,0.00097368,0.2568,3019.648,603.9296,69273.1695,17478.2115,0.929,High,On Track to Glide Path
SUP-0092,Metals Supplier 092,Metals,2024,2015,2030,14843.6709,,2484.2007,,17950763.75,35763609.62,14843.6709,Supplier Reported Emissions,False,High,Scope_Emissions,Valid,2026,Industry Haircut Pathway,23517.5074,14458.5635,16874.2819,16874.2819,6643.2255,0.00094003,0.28248,2415.7184,603.9296,52398.8876,34352.4934,0.929,High,On Track to Glide Path
SUP-0092,Metals Supplier 092,Metals,2024,2015,2030,14843.6709,,2484.2007,,17950763.75,35763609.62,14843.6709,Supplier Reported Emissions,False,High,Scope_Emissions,Valid,2027,Industry Haircut Pathway,23517.5074,14458.5635,16270.3523,16270.3523,7247.1551,0.00090639,0.30816,1811.7888,603.9296,36128.5353,50622.8457,0.929,Medium,On Track to Glide Path
SUP-0092,Metals Supplier 092,Metals,2024,2015,2030,14843.6709,,2484.2007,,17950763.75,35763609.62,14843.6709,Supplier Reported Emissions,False,High,Scope_Emissions,Valid,2028,Industry Haircut Pathway,23517.5074,14458.5635,15666.4227,15666.4227,7851.0847,0.00087274,0.33384,1207.8592,603.9296,20462.1126,66289.2684,0.929,Medium,On Track to Glide Path
SUP-0092,Metals Supplier 092,Metals,2024,2015,2030,14843.6709,,2484.2007,,17950763.75,35763609.62,14843.6709,Supplier Reported Emissions,False,High,Scope_Emissions,Valid,2029,Industry Haircut Pathway,23517.5074,14458.5635,15062.4931,15062.4931,8455.0143,0.0008391,0.35952,603.9296,603.9296,5399.6195,81351.7615,0.929,Medium,On Track to Glide Path
SUP-0092,Metals Supplier 092,Metals,2024,2015,2030,14843.6709,,2484.2007,,17950763.75,35763609.62,14843.6709,Supplier Reported Emissions,False,High,Scope_Emissions,Valid,2030,Industry Haircut Pathway,23517.5074,14458.5635,14458.5635,14458.5635,9058.9439,0.00080546,0.3852,0.0,603.9296,-9058.944,95810.325,0.929,Low,On Track
SUP-0092,Metals Supplier 092,Metals,2024,2015,2030,14843.6709,,2484.2007,,17950763.75,35763609.62,14843.6709,Supplier Reported Emissions,False,High,Scope_Emissions,Valid,2031,Industry Haircut Pathway,23517.5074,14458.5635,14458.5635,14458.5635,9058.9439,0.00080546,0.3852,0.0,603.9296,-23517.5075,110268.8885,0.929,Low,On Track
SUP-0092,Metals Supplier 092,Metals,2024,2015,2030,14843.6709,,2484.2007,,17950763.75,35763609.62,14843.6709,Supplier Reported Emissions,False,High,Scope_Emissions,Valid,2032,Industry Haircut Pathway,23517.5074,14458.5635,14458.5635,14458.5635,9058.9439,0.00080546,0.3852,0.0,603.9296,-37976.071,124727.452,0.929,Low,On Track
SUP-0092,Metals Supplier 092,Metals,2024,2015,2030,14843.6709,,2484.2007,,17950763.75,35763609.62,14843.6709,Supplier Reported Emissions,False,High,Scope_Emissions,Valid,2033,Industry Haircut Pathway,23517.5074,14458.5635,14458.5635,14458.5635,9058.9439,0.00080546,0.3852,0.0,603.9296,-52434.6345,139186.0155,0.929,Low,On Track
SUP-0092,Metals Supplier 092,Metals,2024,2015,2030,14843.6709,,2484.2007,,17950763.75,35763609.62,14843.6709,Supplier Reported Emissions,False,High,Scope_Emissions,Valid,2034,Industry Haircut Pathway,23517.5074,14458.5635,14458.5635,14458.5635,9058.9439,0.00080546,0.3852,0.0,603.9296,-66893.198,153644.579,0.929,Low,On Track
SUP-0092,Metals Supplier 092,Metals,2024,2015,2030,14843.6709,,2484.2007,,17950763.75,35763609.62,14843.6709,Supplier Reported Emissions,False,High,Scope_Emissions,Valid,2035,Industry Haircut Pathway,23517.5074,14458.5635,14458.5635,14458.5635,9058.9439,0.00080546,0.3852,0.0,603.9296,-81351.7615,168103.1425,0.929,Low,On Track
SUP-0092,Metals Supplier 092,Metals,2024,2015,2030,14843.6709,,2484.2007,,17950763.75,35763609.62,14843.6709,Supplier Reported Emissions,False,High,Scope_Emissions,Valid,2036,Industry Haircut Pathway,23517.5074,14458.5635,14458.5635,14458.5635,9058.9439,0.00080546,0.3852,0.0,603.9296,-95810.325,182561.706,0.929,Low,On Track
SUP-0092,Metals Supplier 092,Metals,2024,2015,2030,14843.6709,,2484.2007,,17950763.75,35763609.62,14843.6709,Supplier Reported Emissions,False,High,Scope_Emissions,Valid,2037,Industry Haircut Pathway,23517.5074,14458.5635,14458.5635,14458.5635,9058.9439,0.00080546,0.3852,0.0,603.9296,-110268.8885,197020.2695,0.929,Low,On Track
SUP-0092,Metals Supplier 092,Metals,2024,2015,2030,14843.6709,,2484.2007,,17950763.75,35763609.62,14843.6709,Supplier Reported Emissions,False,High,Scope_Emissions,Valid,2038,Industry Haircut Pathway,23517.5074,14458.5635,14458.5635,14458.5635,9058.9439,0.00080546,0.3852,0.0,603.9296,-124727.452,211478.833,0.929,Low,On Track
SUP-0092,Metals Supplier 092,Metals,2024,2015,2030,14843.6709,,2484.2007,,17950763.75,35763609.62,14843.6709,Supplier Reported Emissions,False,High,Scope_Emissions,Valid,2039,Industry Haircut Pathway,23517.5074,14458.5635,14458.5635,14458.5635,9058.9439,0.00080546,0.3852,0.0,603.9296,-139186.0155,225937.3965,0.929,Low,On Track
SUP-0092,Metals Supplier 092,Metals,2024,2015,2030,14843.6709,,2484.2007,,17950763.75,35763609.62,14843.6709,Supplier Reported Emissions,False,High,Scope_Emissions,Valid,2040,Industry Haircut Pathway,23517.5074,14458.5635,14458.5635,14458.5635,9058.9439,0.00080546,0.3852,0.0,603.9296,-153644.579,240395.96,0.929,Low,On Track
SUP-0093,Chemicals Supplier 093,Chemicals,2024,2015,2035,37700.998,3881.9187,3542.427,31290.2093,32321142.26,110130794.79,37700.998,Supplier Reported Emissions,False,High,None,Valid,2025,Industry Haircut Pathway,18204.4056,8685.3219,13444.8638,13444.8638,4759.5418,0.00041598,0.26145,4759.5418,475.9542,82093.6771,13444.8638,0.936,Critical,On Track to Glide Path
SUP-0093,Chemicals Supplier 093,Chemicals,2024,2015,2035,37700.998,3881.9187,3542.427,31290.2093,32321142.26,110130794.79,37700.998,Supplier Reported Emissions,False,High,None,Valid,2026,Industry Haircut Pathway,18204.4056,8685.3219,12968.9096,12968.9096,5235.496,0.00040125,0.287595,4283.5877,475.9542,69124.7675,26413.7734,0.936,Critical,On Track to Glide Path
SUP-0093,Chemicals Supplier 093,Chemicals,2024,2015,2035,37700.998,3881.9187,3542.427,31290.2093,32321142.26,110130794.79,37700.998,Supplier Reported Emissions,False,High,None,Valid,2027,Industry Haircut Pathway,18204.4056,8685.3219,12492.9554,12492.9554,5711.4502,0.00038653,0.31374,3807.6335,475.9542,56631.8121,38906.7288,0.936,Critical,On Track to Glide Path
SUP-0093,Chemicals Supplier 093,Chemicals,2024,2015,2035,37700.998,3881.9187,3542.427,31290.2093,32321142.26,110130794.79,37700.998,Supplier Reported Emissions,False,High,None,Valid,2028,Industry Haircut Pathway,18204.4056,8685.3219,12017.0012,12017.0012,6187.4044,0.0003718,0.339885,3331.6793,475.9542,44614.8109,50923.73,0.936,Critical,On Track to Glide Path
SUP-0093,Chemicals Supplier 093,Chemicals,2024,2015,2035,37700.998,3881.9187,3542.427,31290.2093,32321142.26,110130794.79,37700.998,Supplier Reported Emissions,False,High,None,Valid,2029,Industry Haircut Pathway,18204.4056,8685.3219,11541.047,11541.047,6663.3586,0.00035707,0.36603,2855.7251,475.9542,33073.7639,62464.777,0.936,High,On Track to Glide Path
SUP-0093,Chemicals Supplier 093,Chemicals,2024,2015,2035,37700.998,3881.9187,3542.427,31290.2093,32321142.26,110130794.79,37700.998,Supplier Reported Emissions,False,High,None,Valid,2030,Industry Haircut Pathway,18204.4056,8685.3219,11065.0928,11065.0928,7139.3128,0.00034235,0.392175,2379.7709,475.9542,22008.6711,73529.8698,0.936,High,On Track to Glide Path
SUP-0093,Chemicals Supplier 093,Chemicals,2024,2015,2035,37700.998,3881.9187,3542.427,31290.2093,32321142.26,110130794.79,37700.998,Supplier Reported Emissions,False,High,None,Valid,2031,Industry Haircut Pathway,18204.4056,8685.3219,10589.1386,10589.1386,7615.267,0.00032762,0.41832,1903.8167,475.9542,11419.5325,84119.0084,0.936,High,On Track to Glide Path
SUP-0093,Chemicals Supplier 093,Chemicals,2024,2015,2035,37700.998,3881.9187,3542.427,31290.2093,32321142.26,110130794.79,37700.998,Supplier Reported Emissions,False,High,None,Valid,2032,Industry Haircut Pathway,18204.4056,8685.3219,10113.1845,10113.1845,8091.2211,0.0003129,0.444465,1427.8626,475.9542,1306.348,94232.1929,0.936,High,On Track to Glide Path
SUP-0093,Chemicals Supplier 093,Chemicals,2024,2015,2035,37700.998,3881.9187,3542.427,31290.2093,32321142.26,110130794.79,37700.998,Supplier Reported Emissions,False,High,None,Valid,2033,Industry Haircut Pathway,18204.4056,8685.3219,9637.2303,9637.2303,8567.1753,0.00029817,0.47061,951.9084,475.9542,-8330.8823,103869.4232,0.936,Medium,On Track to Glide Path
SUP-0093,Chemicals Supplier 093,Chemicals,2024,2015,2035,37700.998,3881.9187,3542.427,31290.2093,32321142.26,110130794.79,37700.998,Supplier Reported Emissions,False,High,None,Valid,2034,Industry Haircut Pathway,18204.4056,8685.3219,9161.2761,9161.2761,9043.1295,0.00028345,0.496755,475.9542,475.9542,-17492.1584,113030.6993,0.936,Medium,On Track to Glide Path
SUP-0093,Chemicals Supplier 093,Chemicals,2024,2015,2035,37700.998,3881.9187,3542.427,31290.2093,32321142.26,110130794.79,37700.998,Supplier Reported Emissions,False,High,None,Valid,2035,Industry Haircut Pathway,18204.4056,8685.3219,8685.3219,8685.3219,9519.0837,0.00026872,0.5229,0.0,475.9542,-26177.4803,121716.0212,0.936,Low,On Track
SUP-0093,Chemicals Supplier 093,Chemicals,2024,2015,2035,37700.998,3881.9187,3542.427,31290.2093,32321142.26,110130794.79,37700.998,Supplier Reported Emissions,False,High,None,Valid,2036,Industry Haircut Pathway,18204.4056,8685.3219,8685.3219,8685.3219,9519.0837,0.00026872,0.5229,0.0,475.9542,-34862.8022,130401.3431,0.936,Low,On Track
SUP-0093,Chemicals Supplier 093,Chemicals,2024,2015,2035,37700.998,3881.9187,3542.427,31290.2093,32321142.26,110130794.79,37700.998,Supplier Reported Emissions,False,High,None,Valid,2037,Industry Haircut Pathway,18204.4056,8685.3219,8685.3219,8685.3219,9519.0837,0.00026872,0.5229,0.0,475.9542,-43548.1241,139086.665,0.936,Low,On Track
SUP-0093,Chemicals Supplier 093,Chemicals,2024,2015,2035,37700.998,3881.9187,3542.427,31290.2093,32321142.26,110130794.79,37700.998,Supplier Reported Emissions,False,High,None,Valid,2038,Industry Haircut Pathway,18204.4056,8685.3219,8685.3219,8685.3219,9519.0837,0.00026872,0.5229,0.0,475.9542,-52233.446,147771.9869,0.936,Low,On Track
SUP-0093,Chemicals Supplier 093,Chemicals,2024,2015,2035,37700.998,3881.9187,3542.427,31290.2093,32321142.26,110130794.79,37700.998,Supplier Reported Emissions,False,High,None,Valid,2039,Industry Haircut Pathway,18204.4056,8685.3219,8685.3219,8685.3219,9519.0837,0.00026872,0.5229,0.0,475.9542,-60918.7679,156457.3088,0.936,Low,On Track
SUP-0093,Chemicals Supplier 093,Chemicals,2024,2015,2035,37700.998,3881.9187,3542.427,31290.2093,32321142.26,110130794.79,37700.998,Supplier Reported Emissions,False,High,None,Valid,2040,Industry Haircut Pathway,18204.4056,8685.3219,8685.3219,8685.3219,9519.0837,0.00026872,0.5229,0.0,475.9542,-69604.0898,165142.6307,0.936,Low,On Track
SUP-0094,Metals Supplier 094,Metals,2024,2018,2040,3526.873,334.3378,746.4705,,5180906.03,36358089.83,3526.873,Supplier Reported Emissions,False,High,Scope_Emissions,Valid,2025,Supplier Target Pathway,4230.3408,2713.7636,3747.7935,3747.7935,482.5473,0.00072339,0.114068,1034.0299,68.9353,39672.4241,3747.7935,0.99,Critical,On Track to Glide Path
SUP-0094,Metals Supplier 094,Metals,2024,2018,2040,3526.873,334.3378,746.4705,,5180906.03,36358089.83,3526.873,Supplier Reported Emissions,False,High,Scope_Emissions,Valid,2026,Supplier Target Pathway,4230.3408,2713.7636,3678.8582,3678.8582,551.4826,0.00071008,0.130364,965.0946,68.9353,35993.5659,7426.6517,0.99,Critical,On Track to Glide Path
SUP-0094,Metals Supplier 094,Metals,2024,2018,2040,3526.873,334.3378,746.4705,,5180906.03,36358089.83,3526.873,Supplier Reported Emissions,False,High,Scope_Emissions,Valid,2027,Supplier Target Pathway,4230.3408,2713.7636,3609.9229,3609.9229,620.4179,0.00069677,0.146659,896.1592,68.9353,32383.643,11036.5746,0.99,High,On Track to Glide Path
SUP-0094,Metals Supplier 094,Metals,2024,2018,2040,3526.873,334.3378,746.4705,,5180906.03,36358089.83,3526.873,Supplier Reported Emissions,False,High,Scope_Emissions,Valid,2028,Supplier Target Pathway,4230.3408,2713.7636,3540.9875,3540.9875,689.3533,0.00068347,0.162955,827.2239,68.9353,28842.6555,14577.5621,0.99,High,On Track to Glide Path
SUP-0094,Metals Supplier 094,Metals,2024,2018,2040,3526.873,334.3378,746.4705,,5180906.03,36358089.83,3526.873,Supplier Reported Emissions,False,High,Scope_Emissions,Valid,2029,Supplier Target Pathway,4230.3408,2713.7636,3472.0522,3472.0522,758.2886,0.00067016,0.17925,758.2886,68.9353,25370.6033,18049.6143,0.99,High,On Track to Glide Path
SUP-0094,Metals Supplier 094,Metals,2024,2018,2040,3526.873,334.3378,746.4705,,5180906.03,36358089.83,3526.873,Supplier Reported Emissions,False,High,Scope_Emissions,Valid,2030,Supplier Target Pathway,4230.3408,2713.7636,3403.1169,3403.1169,827.2239,0.00065686,0.195545,689.3533,68.9353,21967.4864,21452.7312,0.99,High,On Track to Glide Path
SUP-0094,Metals Supplier 094,Metals,2024,2018,2040,3526.873,334.3378,746.4705,,5180906.03,36358089.83,3526.873,Supplier Reported Emissions,False,High,Scope_Emissions,Valid,2031,Supplier Target Pathway,4230.3408,2713.7636,3334.1816,3334.1816,896.1592,0.00064355,0.211841,620.4179,68.9353,18633.3048,24786.9128,0.99,High,On Track to Glide Path
SUP-0094,Metals Supplier 094,Metals,2024,2018,2040,3526.873,334.3378,746.4705,,5180906.03,36358089.83,3526.873,Supplier Reported Emissions,False,High,Scope_Emissions,Valid,2032,Supplier Target Pathway,4230.3408,2713.7636,3265.2462,3265.2462,965.0946,0.00063025,0.228136,551.4826,68.9353,15368.0586,28052.159,0.99,High,On Track to Glide Path
SUP-0094,Metals Supplier 094,Metals,2024,2018,2040,3526.873,334.3378,746.4705,,5180906.03,36358089.83,3526.873,Supplier Reported Emissions,False,High,Scope_Emissions,Valid,2033,Supplier Target Pathway,4230.3408,2713.7636,3196.3109,3196.3109,1034.0299,0.00061694,0.244432,482.5473,68.9353,12171.7477,31248.4699,0.99,High,On Track to Glide Path
SUP-0094,Metals Supplier 094,Metals,2024,2018,2040,3526.873,334.3378,746.4705,,5180906.03,36358089.83,3526.873,Supplier Reported Emissions,False,High,Scope_Emissions,Valid,2034,Supplier Target Pathway,4230.3408,2713.7636,3127.3756,3127.3756,1102.9652,0.00060363,0.260727,413.612,68.9353,9044.3721,34375.8455,0.99,High,On Track to Glide Path
SUP-0094,Metals Supplier 094,Metals,2024,2018,2040,3526.873,334.3378,746.4705,,5180906.03,36358089.83,3526.873,Supplier Reported Emissions,False,High,Scope_Emissions,Valid,2035,Supplier Target Pathway,4230.3408,2713.7636,3058.4403,3058.4403,1171.9005,0.00059033,0.277023,344.6766,68.9353,5985.9318,37434.2858,0.99,Medium,On Track to Glide Path
SUP-0094,Metals Supplier 094,Metals,2024,2018,2040,3526.873,334.3378,746.4705,,5180906.03,36358089.83,3526.873,Supplier Reported Emissions,False,High,Scope_Emissions,Valid,2036,Supplier Target Pathway,4230.3408,2713.7636,2989.5049,2989.5049,1240.8359,0.00057702,0.293318,275.7413,68.9353,2996.4269,40423.7907,0.99,Medium,On Track to Glide Path
SUP-0094,Metals Supplier 094,Metals,2024,2018,2040,3526.873,334.3378,746.4705,,5180906.03,36358089.83,3526.873,Supplier Reported Emissions,False,High,Scope_Emissions,Valid,2037,Supplier Target Pathway,4230.3408,2713.7636,2920.5696,2920.5696,1309.7712,0.00056372,0.309614,206.806,68.9353,75.8573,43344.3603,0.99,Medium,On Track to Glide Path
SUP-0094,Metals Supplier 094,Metals,2024,2018,2040,3526.873,334.3378,746.4705,,5180906.03,36358089.83,3526.873,Supplier Reported Emissions,False,High,Scope_Emissions,Valid,2038,Supplier Target Pathway,4230.3408,2713.7636,2851.6343,2851.6343,1378.7065,0.00055041,0.325909,137.8707,68.9353,-2775.777,46195.9946,0.99,Medium,On Track to Glide Path
SUP-0094,Metals Supplier 094,Metals,2024,2018,2040,3526.873,334.3378,746.4705,,5180906.03,36358089.83,3526.873,Supplier Reported Emissions,False,High,Scope_Emissions,Valid,2039,Supplier Target Pathway,4230.3408,2713.7636,2782.6989,2782.6989,1447.6419,0.00053711,0.342205,68.9353,68.9353,-5558.4759,48978.6935,0.99,Medium,On Track to Glide Path
SUP-0094,Metals Supplier 094,Metals,2024,2018,2040,3526.873,334.3378,746.4705,,5180906.03,36358089.83,3526.873,Supplier Reported Emissions,False,High,Scope_Emissions,Valid,2040,Supplier Target Pathway,4230.3408,2713.7636,2713.7636,2713.7636,1516.5772,0.0005238,0.3585,0.0,68.9353,-8272.2395,51692.4571,0.99,Low,On Track
SUP-0095,Agriculture Supplier 095,Agriculture,2024,2018,2040,6732.3688,1847.7828,1079.75,4534.0926,,49121994.19,6732.3688,Supplier Reported Emissions,False,High,Gross_Spend,Valid,2025,Supplier Target Pathway,6539.1665,3290.5086,5505.5026,5505.5026,1033.6639,,,2214.994,147.6663,47142.635,5505.5026,0.99,Critical,On Track to Glide Path
SUP-0095,Agriculture Supplier 095,Agriculture,2024,2018,2040,6732.3688,1847.7828,1079.75,4534.0926,,49121994.19,6732.3688,Supplier Reported Emissions,False,High,Gross_Spend,Valid,2026,Supplier Target Pathway,6539.1665,3290.5086,5357.8363,5357.8363,1181.3302,,,2067.3278,147.6663,41784.7987,10863.3389,0.99,Critical,On Track to Glide Path
SUP-0095,Agriculture Supplier 095,Agriculture,2024,2018,2040,6732.3688,1847.7828,1079.75,4534.0926,,49121994.19,6732.3688,Supplier Reported Emissions,False,High,Gross_Spend,Valid,2027,Supplier Target Pathway,6539.1665,3290.5086,5210.1701,5210.1701,1328.9964,,,1919.6615,147.6663,36574.6286,16073.509,0.99,Critical,On Track to Glide Path
SUP-0095,Agriculture Supplier 095,Agriculture,2024,2018,2040,6732.3688,1847.7828,1079.75,4534.0926,,49121994.19,6732.3688,Supplier Reported Emissions,False,High,Gross_Spend,Valid,2028,Supplier Target Pathway,6539.1665,3290.5086,5062.5038,5062.5038,1476.6627,,,1771.9952,147.6663,31512.1248,21136.0128,0.99,Critical,On Track to Glide Path
SUP-0095,Agriculture Supplier 095,Agriculture,2024,2018,2040,6732.3688,1847.7828,1079.75,4534.0926,,49121994.19,6732.3688,Supplier Reported Emissions,False,High,Gross_Spend,Valid,2029,Supplier Target Pathway,6539.1665,3290.5086,4914.8375,4914.8375,1624.329,,,1624.329,147.6663,26597.2873,26050.8503,0.99,Critical,On Track to Glide Path
SUP-0095,Agriculture Supplier 095,Agriculture,2024,2018,2040,6732.3688,1847.7828,1079.75,4534.0926,,49121994.19,6732.3688,Supplier Reported Emissions,False,High,Gross_Spend,Valid,2030,Supplier Target Pathway,6539.1665,3290.5086,4767.1713,4767.1713,1771.9952,,,1476.6627,147.6663,21830.116,30818.0216,0.99,Critical,On Track to Glide Path
SUP-0095,Agriculture Supplier 095,Agriculture,2024,2018,2040,6732.3688,1847.7828,1079.75,4534.0926,,49121994.19,6732.3688,Supplier Reported Emissions,False,High,Gross_Spend,Valid,2031,Supplier Target Pathway,6539.1665,3290.5086,4619.505,4619.505,1919.6615,,,1328.9964,147.6663,17210.611,35437.5266,0.99,Critical,On Track to Glide Path
SUP-0095,Agriculture Supplier 095,Agriculture,2024,2018,2040,6732.3688,1847.7828,1079.75,4534.0926,,49121994.19,6732.3688,Supplier Reported Emissions,False,High,Gross_Spend,Valid,2032,Supplier Target Pathway,6539.1665,3290.5086,4471.8387,4471.8387,2067.3278,,,1181.3302,147.6663,12738.7723,39909.3653,0.99,Critical,On Track to Glide Path
SUP-0095,Agriculture Supplier 095,Agriculture,2024,2018,2040,6732.3688,1847.7828,1079.75,4534.0926,,49121994.19,6732.3688,Supplier Reported Emissions,False,High,Gross_Spend,Valid,2033,Supplier Target Pathway,6539.1665,3290.5086,4324.1725,4324.1725,2214.994,,,1033.6639,147.6663,8414.5998,44233.5378,0.99,High,On Track to Glide Path
SUP-0095,Agriculture Supplier 095,Agriculture,2024,2018,2040,6732.3688,1847.7828,1079.75,4534.0926,,49121994.19,6732.3688,Supplier Reported Emissions,False,High,Gross_Spend,Valid,2034,Supplier Target Pathway,6539.1665,3290.5086,4176.5062,4176.5062,2362.6603,,,885.9976,147.6663,4238.0936,48410.044,0.99,High,On Track to Glide Path
SUP-0095,Agriculture Supplier 095,Agriculture,2024,2018,2040,6732.3688,1847.7828,1079.75,4534.0926,,49121994.19,6732.3688,Supplier Reported Emissions,False,High,Gross_Spend,Valid,2035,Supplier Target Pathway,6539.1665,3290.5086,4028.8399,4028.8399,2510.3266,,,738.3313,147.6663,209.2537,52438.8839,0.99,High,On Track to Glide Path
SUP-0095,Agriculture Supplier 095,Agriculture,2024,2018,2040,6732.3688,1847.7828,1079.75,4534.0926,,49121994.19,6732.3688,Supplier Reported Emissions,False,High,Gross_Spend,Valid,2036,Supplier Target Pathway,6539.1665,3290.5086,3881.1737,3881.1737,2657.9928,,,590.6651,147.6663,-3671.92,56320.0576,0.99,High,On Track to Glide Path
SUP-0095,Agriculture Supplier 095,Agriculture,2024,2018,2040,6732.3688,1847.7828,1079.75,4534.0926,,49121994.19,6732.3688,Supplier Reported Emissions,False,High,Gross_Spend,Valid,2037,Supplier Target Pathway,6539.1665,3290.5086,3733.5074,3733.5074,2805.6591,,,442.9988,147.6663,-7405.4274,60053.565,0.99,Medium,On Track to Glide Path
SUP-0095,Agriculture Supplier 095,Agriculture,2024,2018,2040,6732.3688,1847.7828,1079.75,4534.0926,,49121994.19,6732.3688,Supplier Reported Emissions,False,High,Gross_Spend,Valid,2038,Supplier Target Pathway,6539.1665,3290.5086,3585.8411,3585.8411,2953.3254,,,295.3325,147.6663,-10991.2685,63639.4061,0.99,Medium,On Track to Glide Path
SUP-0095,Agriculture Supplier 095,Agriculture,2024,2018,2040,6732.3688,1847.7828,1079.75,4534.0926,,49121994.19,6732.3688,Supplier Reported Emissions,False,High,Gross_Spend,Valid,2039,Supplier Target Pathway,6539.1665,3290.5086,3438.1749,3438.1749,3100.9916,,,147.6663,147.6663,-14429.4434,67077.581,0.99,Medium,On Track to Glide Path
SUP-0095,Agriculture Supplier 095,Agriculture,2024,2018,2040,6732.3688,1847.7828,1079.75,4534.0926,,49121994.19,6732.3688,Supplier Reported Emissions,False,High,Gross_Spend,Valid,2040,Supplier Target Pathway,6539.1665,3290.5086,3290.5086,3290.5086,3248.6579,,,0.0,147.6663,-17719.952,70368.0896,0.99,Low,On Track
SUP-0096,Agriculture Supplier 096,Agriculture,2024,2021,2040,12075.9287,2825.7717,,8136.1406,26282460.39,77949166.12,12075.9287,Supplier Reported Emissions,False,High,Scope_Emissions,Valid,2025,Supplier Target Pathway,13705.6022,5221.8344,11919.5458,11919.5458,1786.0564,0.00045352,0.130316,6697.7114,446.5141,71629.8046,11919.5458,0.99,Critical,On Track to Glide Path
SUP-0096,Agriculture Supplier 096,Agriculture,2024,2021,2040,12075.9287,2825.7717,,8136.1406,26282460.39,77949166.12,12075.9287,Supplier Reported Emissions,False,High,Scope_Emissions,Valid,2026,Supplier Target Pathway,13705.6022,5221.8344,11473.0317,11473.0317,2232.5705,0.00043653,0.162895,6251.1973,446.5141,60156.7729,23392.5775,0.99,Critical,On Track to Glide Path
SUP-0096,Agriculture Supplier 096,Agriculture,2024,2021,2040,12075.9287,2825.7717,,8136.1406,26282460.39,77949166.12,12075.9287,Supplier Reported Emissions,False,High,Scope_Emissions,Valid,2027,Supplier Target Pathway,13705.6022,5221.8344,11026.5176,11026.5176,2679.0846,0.00041954,0.195474,5804.6832,446.5141,49130.2553,34419.0951,0.99,Critical,On Track to Glide Path
SUP-0096,Agriculture Supplier 096,Agriculture,2024,2021,2040,12075.9287,2825.7717,,8136.1406,26282460.39,77949166.12,12075.9287,Supplier Reported Emissions,False,High,Scope_Emissions,Valid,2028,Supplier Target Pathway,13705.6022,5221.8344,10580.0036,10580.0036,3125.5986,0.00040255,0.228053,5358.1691,446.5141,38550.2517,44999.0987,0.99,Critical,On Track to Glide Path
SUP-0096,Agriculture Supplier 096,Agriculture,2024,2021,2040,12075.9287,2825.7717,,8136.1406,26282460.39,77949166.12,12075.9287,Supplier Reported Emissions,False,High,Scope_Emissions,Valid,2029,Supplier Target Pathway,13705.6022,5221.8344,10133.4895,10133.4895,3572.1127,0.00038556,0.260632,4911.655,446.5141,28416.7622,55132.5882,0.99,Critical,On Track to Glide Path
SUP-0096,Agriculture Supplier 096,Agriculture,2024,2021,2040,12075.9287,2825.7717,,8136.1406,26282460.39,77949166.12,12075.9287,Supplier Reported Emissions,False,High,Scope_Emissions,Valid,2030,Supplier Target Pathway,13705.6022,5221.8344,9686.9754,9686.9754,4018.6268,0.00036857,0.293211,4465.1409,446.5141,18729.7868,64819.5636,0.99,Critical,On Track to Glide Path
SUP-0096,Agriculture Supplier 096,Agriculture,2024,2021,2040,12075.9287,2825.7717,,8136.1406,26282460.39,77949166.12,12075.9287,Supplier Reported Emissions,False,High,Scope_Emissions,Valid,2031,Supplier Target Pathway,13705.6022,5221.8344,9240.4613,9240.4613,4465.1409,0.00035158,0.325789,4018.6268,446.5141,9489.3255,74060.0249,0.99,Critical,On Track to Glide Path
SUP-0096,Agriculture Supplier 096,Agriculture,2024,2021,2040,12075.9287,2825.7717,,8136.1406,26282460.39,77949166.12,12075.9287,Supplier Reported Emissions,False,High,Scope_Emissions,Valid,2032,Supplier Target Pathway,13705.6022,5221.8344,8793.9472,8793.9472,4911.655,0.00033459,0.358368,3572.1127,446.5141,695.3783,82853.9721,0.99,Critical,On Track to Glide Path
SUP-0096,Agriculture Supplier 096,Agriculture,2024,2021,2040,12075.9287,2825.7717,,8136.1406,26282460.39,77949166.12,12075.9287,Supplier Reported Emissions,False,High,Scope_Emissions,Valid,2033,Supplier Target Pathway,13705.6022,5221.8344,8347.4331,8347.4331,5358.1691,0.0003176,0.390947,3125.5986,446.5141,-7652.0548,91201.4052,0.99,Critical,On Track to Glide Path
SUP-0096,Agriculture Supplier 096,Agriculture,2024,2021,2040,12075.9287,2825.7717,,8136.1406,26282460.39,77949166.12,12075.9287,Supplier Reported Emissions,False,High,Scope_Emissions,Valid,2034,Supplier Target Pathway,13705.6022,5221.8344,7900.919,7900.919,5804.6832,0.00030062,0.423526,2679.0846,446.5141,-15552.9738,99102.3242,0.99,Critical,On Track to Glide Path
SUP-0096,Agriculture Supplier 096,Agriculture,2024,2021,2040,12075.9287,2825.7717,,8136.1406,26282460.39,77949166.12,12075.9287,Supplier Reported Emissions,False,High,Scope_Emissions,Valid,2035,Supplier Target Pathway,13705.6022,5221.8344,7454.4049,7454.4049,6251.1973,0.00028363,0.456105,2232.5705,446.5141,-23007.3787,106556.7291,0.99,Critical,On Track to Glide Path
SUP-0096,Agriculture Supplier 096,Agriculture,2024,2021,2040,12075.9287,2825.7717,,8136.1406,26282460.39,77949166.12,12075.9287,Supplier Reported Emissions,False,High,Scope_Emissions,Valid,2036,Supplier Target Pathway,13705.6022,5221.8344,7007.8908,7007.8908,6697.7114,0.00026664,0.488684,1786.0564,446.5141,-30015.2695,113564.6199,0.99,High,On Track to Glide Path
SUP-0096,Agriculture Supplier 096,Agriculture,2024,2021,2040,12075.9287,2825.7717,,8136.1406,26282460.39,77949166.12,12075.9287,Supplier Reported Emissions,False,High,Scope_Emissions,Valid,2037,Supplier Target Pathway,13705.6022,5221.8344,6561.3767,6561.3767,7144.2255,0.00024965,0.521263,1339.5423,446.5141,-36576.6462,120125.9966,0.99,High,On Track to Glide Path
SUP-0096,Agriculture Supplier 096,Agriculture,2024,2021,2040,12075.9287,2825.7717,,8136.1406,26282460.39,77949166.12,12075.9287,Supplier Reported Emissions,False,High,Scope_Emissions,Valid,2038,Supplier Target Pathway,13705.6022,5221.8344,6114.8626,6114.8626,7590.7396,0.00023266,0.553842,893.0282,446.5141,-42691.5088,126240.8592,0.99,High,On Track to Glide Path
SUP-0096,Agriculture Supplier 096,Agriculture,2024,2021,2040,12075.9287,2825.7717,,8136.1406,26282460.39,77949166.12,12075.9287,Supplier Reported Emissions,False,High,Scope_Emissions,Valid,2039,Supplier Target Pathway,13705.6022,5221.8344,5668.3485,5668.3485,8037.2537,0.00021567,0.586421,446.5141,446.5141,-48359.8573,131909.2077,0.99,Medium,On Track to Glide Path
SUP-0096,Agriculture Supplier 096,Agriculture,2024,2021,2040,12075.9287,2825.7717,,8136.1406,26282460.39,77949166.12,12075.9287,Supplier Reported Emissions,False,High,Scope_Emissions,Valid,2040,Supplier Target Pathway,13705.6022,5221.8344,5221.8344,5221.8344,8483.7678,0.00019868,0.619,0.0,446.5141,-53581.6917,137131.0421,0.99,Low,On Track
SUP-0097,Metals Supplier 097,Metals,2024,2018,2030,,5509.4482,4069.722,10757.1777,32953405.51,145705756.05,20336.3479,Scope 1 + Scope 2 + Scope 3,True,High,Reported_Emissions,Valid,2025,Supplier Target Pathway,16874.6723,8386.7121,11923.3622,11923.3622,4951.3101,0.00036182,0.293417,3536.6501,707.33,38396.9104,11923.3622,0.99,Critical,On Track to Glide Path
SUP-0097,Metals Supplier 097,Metals,2024,2018,2030,,5509.4482,4069.722,10757.1777,32953405.51,145705756.05,20336.3479,Scope 1 + Scope 2 + Scope 3,True,High,Reported_Emissions,Valid,2026,Supplier Target Pathway,16874.6723,8386.7121,11216.0322,11216.0322,5658.6401,0.00034036,0.335333,2829.3201,707.33,27180.8782,23139.3944,0.99,High,On Track to Glide Path
SUP-0097,Metals Supplier 097,Metals,2024,2018,2030,,5509.4482,4069.722,10757.1777,32953405.51,145705756.05,20336.3479,Scope 1 + Scope 2 + Scope 3,True,High,Reported_Emissions,Valid,2027,Supplier Target Pathway,16874.6723,8386.7121,10508.7022,10508.7022,6365.9701,0.0003189,0.37725,2121.99,707.33,16672.176,33648.0966,0.99,High,On Track to Glide Path
SUP-0097,Metals Supplier 097,Metals,2024,2018,2030,,5509.4482,4069.722,10757.1777,32953405.51,145705756.05,20336.3479,Scope 1 + Scope 2 + Scope 3,True,High,Reported_Emissions,Valid,2028,Supplier Target Pathway,16874.6723,8386.7121,9801.3722,9801.3722,7073.3001,0.00029743,0.419167,1414.66,707.33,6870.8038,43449.4688,0.99,High,On Track to Glide Path
SUP-0097,Metals Supplier 097,Metals,2024,2018,2030,,5509.4482,4069.722,10757.1777,32953405.51,145705756.05,20336.3479,Scope 1 + Scope 2 + Scope 3,True,High,Reported_Emissions,Valid,2029,Supplier Target Pathway,16874.6723,8386.7121,9094.0421,9094.0421,7780.6302,0.00027597,0.461083,707.33,707.33,-2223.2383,52543.5109,0.99,Medium,On Track to Glide Path
SUP-0097,Metals Supplier 097,Metals,2024,2018,2030,,5509.4482,4069.722,10757.1777,32953405.51,145705756.05,20336.3479,Scope 1 + Scope 2 + Scope 3,True,High,Reported_Emissions,Valid,2030,Supplier Target Pathway,16874.6723,8386.7121,8386.7121,8386.7121,8487.9602,0.0002545,0.503,0.0,707.33,-10609.9504,60930.223,0.99,Low,On Track
SUP-0097,Metals Supplier 097,Metals,2024,2018,2030,,5509.4482,4069.722,10757.1777,32953405.51,145705756.05,20336.3479,Scope 1 + Scope 2 + Scope 3,True,High,Reported_Emissions,Valid,2031,Supplier Target Pathway,16874.6723,8386.7121,8386.7121,8386.7121,8487.9602,0.0002545,0.503,0.0,707.33,-18996.6625,69316.9351,0.99,Low,On Track
SUP-0097,Metals Supplier 097,Metals,2024,2018,2030,,5509.4482,4069.722,10757.1777,32953405.51,145705756.05,20336.3479,Scope 1 + Scope 2 + Scope 3,True,High,Reported_Emissions,Valid,2032,Supplier Target Pathway,16874.6723,8386.7121,8386.7121,8386.7121,8487.9602,0.0002545,0.503,0.0,707.33,-27383.3746,77703.6472,0.99,Low,On Track
SUP-0097,Metals Supplier 097,Metals,2024,2018,2030,,5509.4482,4069.722,10757.1777,32953405.51,145705756.05,20336.3479,Scope 1 + Scope 2 + Scope 3,True,High,Reported_Emissions,Valid,2033,Supplier Target Pathway,16874.6723,8386.7121,8386.7121,8386.7121,8487.9602,0.0002545,0.503,0.0,707.33,-35770.0867,86090.3593,0.99,Low,On Track
SUP-0097,Metals Supplier 097,Metals,2024,2018,2030,,5509.4482,4069.722,10757.1777,32953405.51,145705756.05,20336.3479,Scope 1 + Scope 2 + Scope 3,True,High,Reported_Emissions,Valid,2034,Supplier Target Pathway,16874.6723,8386.7121,8386.7121,8386.7121,8487.9602,0.0002545,0.503,0.0,707.33,-44156.7988,94477.0714,0.99,Low,On Track
SUP-0097,Metals Supplier 097,Metals,2024,2018,2030,,5509.4482,4069.722,10757.1777,32953405.51,145705756.05,20336.3479,Scope 1 + Scope 2 + Scope 3,True,High,Reported_Emissions,Valid,2035,Supplier Target Pathway,16874.6723,8386.7121,8386.7121,8386.7121,8487.9602,0.0002545,0.503,0.0,707.33,-52543.5109,102863.7835,0.99,Low,On Track
SUP-0097,Metals Supplier 097,Metals,2024,2018,2030,,5509.4482,4069.722,10757.1777,32953405.51,145705756.05,20336.3479,Scope 1 + Scope 2 + Scope 3,True,High,Reported_Emissions,Valid,2036,Supplier Target Pathway,16874.6723,8386.7121,8386.7121,8386.7121,8487.9602,0.0002545,0.503,0.0,707.33,-60930.223,111250.4956,0.99,Low,On Track
SUP-0097,Metals Supplier 097,Metals,2024,2018,2030,,5509.4482,4069.722,10757.1777,32953405.51,145705756.05,20336.3479,Scope 1 + Scope 2 + Scope 3,True,High,Reported_Emissions,Valid,2037,Supplier Target Pathway,16874.6723,8386.7121,8386.7121,8386.7121,8487.9602,0.0002545,0.503,0.0,707.33,-69316.9351,119637.2077,0.99,Low,On Track
SUP-0097,Metals Supplier 097,Metals,2024,2018,2030,,5509.4482,4069.722,10757.1777,32953405.51,145705756.05,20336.3479,Scope 1 + Scope 2 + Scope 3,True,High,Reported_Emissions,Valid,2038,Supplier Target Pathway,16874.6723,8386.7121,8386.7121,8386.7121,8487.9602,0.0002545,0.503,0.0,707.33,-77703.6472,128023.9198,0.99,Low,On Track
SUP-0097,Metals Supplier 097,Metals,2024,2018,2030,,5509.4482,4069.722,10757.1777,32953405.51,145705756.05,20336.3479,Scope 1 + Scope 2 + Scope 3,True,High,Reported_Emissions,Valid,2039,Supplier Target Pathway,16874.6723,8386.7121,8386.7121,8386.7121,8487.9602,0.0002545,0.503,0.0,707.33,-86090.3593,136410.6319,0.99,Low,On Track
SUP-0097,Metals Supplier 097,Metals,2024,2018,2030,,5509.4482,4069.722,10757.1777,32953405.51,145705756.05,20336.3479,Scope 1 + Scope 2 + Scope 3,True,High,Reported_Emissions,Valid,2040,Supplier Target Pathway,16874.6723,8386.7121,8386.7121,8386.7121,8487.9602,0.0002545,0.503,0.0,707.33,-94477.0714,144797.344,0.99,Low,On Track
SUP-0098,Agriculture Supplier 098,Agriculture,2024,2018,2040,,,6571.6934,28060.4535,35509573.74,59361089.2,32460.3666,Spend-Based Estimate,True,Medium,Reported_Emissions; Scope_Emissions,Valid,2025,Supplier Target Pathway,34657.8376,10743.9297,27048.8669,27048.8669,7608.9707,0.00076173,0.219545,16304.9372,1086.9958,144854.0083,27048.8669,0.99,Critical,On Track to Glide Path
SUP-0098,Agriculture Supplier 098,Agriculture,2024,2018,2040,,,6571.6934,28060.4535,35509573.74,59361089.2,32460.3666,Spend-Based Estimate,True,Medium,Reported_Emissions; Scope_Emissions,Valid,2026,Supplier Target Pathway,34657.8376,10743.9297,25961.8711,25961.8711,8695.9665,0.00073112,0.250909,15217.9414,1086.9958,118892.1372,53010.738,0.99,Critical,On Track to Glide Path
SUP-0098,Agriculture Supplier 098,Agriculture,2024,2018,2040,,,6571.6934,28060.4535,35509573.74,59361089.2,32460.3666,Spend-Based Estimate,True,Medium,Reported_Emissions; Scope_Emissions,Valid,2027,Supplier Target Pathway,34657.8376,10743.9297,24874.8753,24874.8753,9782.9623,0.00070051,0.282273,14130.9456,1086.9958,94017.2619,77885.6133,0.99,Critical,On Track to Glide Path
SUP-0098,Agriculture Supplier 098,Agriculture,2024,2018,2040,,,6571.6934,28060.4535,35509573.74,59361089.2,32460.3666,Spend-Based Estimate,True,Medium,Reported_Emissions; Scope_Emissions,Valid,2028,Supplier Target Pathway,34657.8376,10743.9297,23787.8794,23787.8794,10869.9582,0.0006699,0.313636,13043.9498,1086.9958,70229.3825,101673.4927,0.99,Critical,On Track to Glide Path
SUP-0098,Agriculture Supplier 098,Agriculture,2024,2018,2040,,,6571.6934,28060.4535,35509573.74,59361089.2,32460.3666,Spend-Based Estimate,True,Medium,Reported_Emissions; Scope_Emissions,Valid,2029,Supplier Target Pathway,34657.8376,10743.9297,22700.8836,22700.8836,11956.954,0.00063929,0.345,11956.954,1086.9958,47528.4989,124374.3763,0.99,Critical,On Track to Glide Path
SUP-0098,Agriculture Supplier 098,Agriculture,2024,2018,2040,,,6571.6934,28060.4535,35509573.74,59361089.2,32460.3666,Spend-Based Estimate,True,Medium,Reported_Emissions; Scope_Emissions,Valid,2030,Supplier Target Pathway,34657.8376,10743.9297,21613.8878,21613.8878,13043.9498,0.00060868,0.376364,10869.9582,1086.9958,25914.6111,145988.2641,0.99,Critical,On Track to Glide Path
SUP-0098,Agriculture Supplier 098,Agriculture,2024,2018,2040,,,6571.6934,28060.4535,35509573.74,59361089.2,32460.3666,Spend-Based Estimate,True,Medium,Reported_Emissions; Scope_Emissions,Valid,2031,Supplier Target Pathway,34657.8376,10743.9297,20526.892,20526.892,14130.9456,0.00057807,0.407727,9782.9623,1086.9958,5387.7191,166515.1561,0.99,Critical,On Track to Glide Path
SUP-0098,Agriculture Supplier 098,Agriculture,2024,2018,2040,,,6571.6934,28060.4535,35509573.74,59361089.2,32460.3666,Spend-Based Estimate,True,Medium,Reported_Emissions; Scope_Emissions,Valid,2032,Supplier Target Pathway,34657.8376,10743.9297,19439.8962,19439.8962,15217.9414,0.00054746,0.439091,8695.9665,1086.9958,-14052.1771,185955.0523,0.99,Critical,On Track to Glide Path
SUP-0098,Agriculture Supplier 098,Agriculture,2024,2018,2040,,,6571.6934,28060.4535,35509573.74,59361089.2,32460.3666,Spend-Based Estimate,True,Medium,Reported_Emissions; Scope_Emissions,Valid,2033,Supplier Target Pathway,34657.8376,10743.9297,18352.9004,18352.9004,16304.9372,0.00051684,0.470455,7608.9707,1086.9958,-32405.0775,204307.9527,0.99,Critical,On Track to Glide Path
SUP-0098,Agriculture Supplier 098,Agriculture,2024,2018,2040,,,6571.6934,28060.4535,35509573.74,59361089.2,32460.3666,Spend-Based Estimate,True,Medium,Reported_Emissions; Scope_Emissions,Valid,2034,Supplier Target Pathway,34657.8376,10743.9297,17265.9045,17265.9045,17391.9331,0.00048623,0.501818,6521.9749,1086.9958,-49670.982,221573.8572,0.99,Critical,On Track to Glide Path
SUP-0098,Agriculture Supplier 098,Agriculture,2024,2018,2040,,,6571.6934,28060.4535,35509573.74,59361089.2,32460.3666,Spend-Based Estimate,True,Medium,Reported_Emissions; Scope_Emissions,Valid,2035,Supplier Target Pathway,34657.8376,10743.9297,16178.9087,16178.9087,18478.9289,0.00045562,0.533182,5434.9791,1086.9958,-65849.8907,237752.7659,0.99,Critical,On Track to Glide Path
SUP-0098,Agriculture Supplier 098,Agriculture,2024,2018,2040,,,6571.6934,28060.4535,35509573.74,59361089.2,32460.3666,Spend-Based Estimate,True,Medium,Reported_Emissions; Scope_Emissions,Valid,2036,Supplier Target Pathway,34657.8376,10743.9297,15091.9129,15091.9129,19565.9247,0.00042501,0.564545,4347.9833,1086.9958,-80941.8036,252844.6788,0.99,Critical,On Track to Glide Path
SUP-0098,Agriculture Supplier 098,Agriculture,2024,2018,2040,,,6571.6934,28060.4535,35509573.74,59361089.2,32460.3666,Spend-Based Estimate,True,Medium,Reported_Emissions; Scope_Emissions,Valid,2037,Supplier Target Pathway,34657.8376,10743.9297,14004.9171,14004.9171,20652.9205,0.0003944,0.595909,3260.9874,1086.9958,-94946.7207,266849.5959,0.99,High,On Track to Glide Path
SUP-0098,Agriculture Supplier 098,Agriculture,2024,2018,2040,,,6571.6934,28060.4535,35509573.74,59361089.2,32460.3666,Spend-Based Estimate,True,Medium,Reported_Emissions; Scope_Emissions,Valid,2038,Supplier Target Pathway,34657.8376,10743.9297,12917.9213,12917.9213,21739.9163,0.00036379,0.627273,2173.9916,1086.9958,-107864.642,279767.5172,0.99,High,On Track to Glide Path
SUP-0098,Agriculture Supplier 098,Agriculture,2024,2018,2040,,,6571.6934,28060.4535,35509573.74,59361089.2,32460.3666,Spend-Based Estimate,True,Medium,Reported_Emissions; Scope_Emissions,Valid,2039,Supplier Target Pathway,34657.8376,10743.9297,11830.9255,11830.9255,22826.9121,0.00033318,0.658636,1086.9958,1086.9958,-119695.5675,291598.4427,0.99,Medium,On Track to Glide Path
SUP-0098,Agriculture Supplier 098,Agriculture,2024,2018,2040,,,6571.6934,28060.4535,35509573.74,59361089.2,32460.3666,Spend-Based Estimate,True,Medium,Reported_Emissions; Scope_Emissions,Valid,2040,Supplier Target Pathway,34657.8376,10743.9297,10743.9297,10743.9297,23913.9079,0.00030256,0.69,0.0,1086.9958,-130439.4972,302342.3724,0.99,Low,On Track
SUP-0099,Electronics Supplier 099,Electronics,2024,2015,2040,,,464.4015,,16552919.08,106880751.0,14252.891,Spend-Based Estimate,True,Medium,Reported_Emissions; Scope_Emissions,Valid,2025,Industry Haircut Pathway,10913.1623,7176.4955,9418.4956,9418.4956,1494.6667,0.00056899,0.13696,2242.0001,149.4667,105405.4324,9418.4956,0.893,High,On Track to Glide Path
SUP-0099,Electronics Supplier 099,Electronics,2024,2015,2040,,,464.4015,,16552919.08,106880751.0,14252.891,Spend-Based Estimate,True,Medium,Reported_Emissions; Scope_Emissions,Valid,2026,Industry Haircut Pathway,10913.1623,7176.4955,9269.0289,9269.0289,1644.1334,0.00055996,0.150656,2092.5334,149.4667,96136.4035,18687.5245,0.893,High,On Track to Glide Path
SUP-0099,Electronics Supplier 099,Electronics,2024,2015,2040,,,464.4015,,16552919.08,106880751.0,14252.891,Spend-Based Estimate,True,Medium,Reported_Emissions; Scope_Emissions,Valid,2027,Industry Haircut Pathway,10913.1623,7176.4955,9119.5622,9119.5622,1793.6001,0.00055093,0.164352,1943.0667,149.4667,87016.8413,27807.0867,0.893,High,On Track to Glide Path
SUP-0099,Electronics Supplier 099,Electronics,2024,2015,2040,,,464.4015,,16552919.08,106880751.0,14252.891,Spend-Based Estimate,True,Medium,Reported_Emissions; Scope_Emissions,Valid,2028,Industry Haircut Pathway,10913.1623,7176.4955,8970.0956,8970.0956,1943.0667,0.0005419,0.178048,1793.6001,149.4667,78046.7457,36777.1823,0.893,High,On Track to Glide Path
SUP-0099,Electronics Supplier 099,Electronics,2024,2015,2040,,,464.4015,,16552919.08,106880751.0,14252.891,Spend-Based Estimate,True,Medium,Reported_Emissions; Scope_Emissions,Valid,2029,Industry Haircut Pathway,10913.1623,7176.4955,8820.6289,8820.6289,2092.5334,0.00053287,0.191744,1644.1334,149.4667,69226.1168,45597.8112,0.893,High,On Track to Glide Path
SUP-0099,Electronics Supplier 099,Electronics,2024,2015,2040,,,464.4015,,16552919.08,106880751.0,14252.891,Spend-Based Estimate,True,Medium,Reported_Emissions; Scope_Emissions,Valid,2030,Industry Haircut Pathway,10913.1623,7176.4955,8671.1622,8671.1622,2242.0001,0.00052384,0.20544,1494.6667,149.4667,60554.9546,54268.9734,0.893,High,On Track to Glide Path
SUP-0099,Electronics Supplier 099,Electronics,2024,2015,2040,,,464.4015,,16552919.08,106880751.0,14252.891,Spend-Based Estimate,True,Medium,Reported_Emissions; Scope_Emissions,Valid,2031,Industry Haircut Pathway,10913.1623,7176.4955,8521.6956,8521.6956,2391.4667,0.00051482,0.219136,1345.2,149.4667,52033.259,62790.669,0.893,High,On Track to Glide Path
SUP-0099,Electronics Supplier 099,Electronics,2024,2015,2040,,,464.4015,,16552919.08,106880751.0,14252.891,Spend-Based Estimate,True,Medium,Reported_Emissions; Scope_Emissions,Valid,2032,Industry Haircut Pathway,10913.1623,7176.4955,8372.2289,8372.2289,2540.9334,0.00050579,0.232832,1195.7334,149.4667,43661.0301,71162.8979,0.893,High,On Track to Glide Path
SUP-0099,Electronics Supplier 099,Electronics,2024,2015,2040,,,464.4015,,16552919.08,106880751.0,14252.891,Spend-Based Estimate,True,Medium,Reported_Emissions; Scope_Emissions,Valid,2033,Industry Haircut Pathway,10913.1623,7176.4955,8222.7622,8222.7622,2690.4001,0.00049676,0.246528,1046.2667,149.4667,35438.2679,79385.6601,0.893,Medium,On Track to Glide Path
SUP-0099,Electronics Supplier 099,Electronics,2024,2015,2040,,,464.4015,,16552919.08,106880751.0,14252.891,Spend-Based Estimate,True,Medium,Reported_Emissions; Scope_Emissions,Valid,2034,Industry Haircut Pathway,10913.1623,7176.4955,8073.2956,8073.2956,2839.8667,0.00048773,0.260224,896.8,149.4667,27364.9723,87458.9557,0.893,Medium,On Track to Glide Path
SUP-0099,Electronics Supplier 099,Electronics,2024,2015,2040,,,464.4015,,16552919.08,106880751.0,14252.891,Spend-Based Estimate,True,Medium,Reported_Emissions; Scope_Emissions,Valid,2035,Industry Haircut Pathway,10913.1623,7176.4955,7923.8289,7923.8289,2989.3334,0.0004787,0.27392,747.3334,149.4667,19441.1434,95382.7846,0.893,Medium,On Track to Glide Path
SUP-0099,Electronics Supplier 099,Electronics,2024,2015,2040,,,464.4015,,16552919.08,106880751.0,14252.891,Spend-Based Estimate,True,Medium,Reported_Emissions; Scope_Emissions,Valid,2036,Industry Haircut Pathway,10913.1623,7176.4955,7774.3622,7774.3622,3138.8001,0.00046967,0.287616,597.8667,149.4667,11666.7812,103157.1468,0.893,Medium,On Track to Glide Path
SUP-0099,Electronics Supplier 099,Electronics,2024,2015,2040,,,464.4015,,16552919.08,106880751.0,14252.891,Spend-Based Estimate,True,Medium,Reported_Emissions; Scope_Emissions,Valid,2037,Industry Haircut Pathway,10913.1623,7176.4955,7624.8955,7624.8955,3288.2668,0.00046064,0.301312,448.4,149.4667,4041.8857,110782.0423,0.893,Medium,On Track to Glide Path
SUP-0099,Electronics Supplier 099,Electronics,2024,2015,2040,,,464.4015,,16552919.08,106880751.0,14252.891,Spend-Based Estimate,True,Medium,Reported_Emissions; Scope_Emissions,Valid,2038,Industry Haircut Pathway,10913.1623,7176.4955,7475.4289,7475.4289,3437.7334,0.00045161,0.315008,298.9333,149.4667,-3433.5432,118257.4712,0.893,Medium,On Track to Glide Path
SUP-0099,Electronics Supplier 099,Electronics,2024,2015,2040,,,464.4015,,16552919.08,106880751.0,14252.891,Spend-Based Estimate,True,Medium,Reported_Emissions; Scope_Emissions,Valid,2039,Industry Haircut Pathway,10913.1623,7176.4955,7325.9622,7325.9622,3587.2001,0.00044258,0.328704,149.4667,149.4667,-10759.5054,125583.4334,0.893,Medium,On Track to Glide Path
SUP-0099,Electronics Supplier 099,Electronics,2024,2015,2040,,,464.4015,,16552919.08,106880751.0,14252.891,Spend-Based Estimate,True,Medium,Reported_Emissions; Scope_Emissions,Valid,2040,Industry Haircut Pathway,10913.1623,7176.4955,7176.4955,7176.4955,3736.6668,0.00043355,0.3424,0.0,149.4667,-17936.0009,132759.9289,0.893,Low,On Track
SUP-0100,Textiles Supplier 100,Textiles,2024,2021,2040,10082.4327,1145.0433,,6668.5072,45670132.94,258354383.57,10082.4327,Supplier Reported Emissions,False,High,Scope_Emissions,Valid,2025,Supplier Target Pathway,9067.2328,5088.531,8229.6114,8229.6114,837.6214,0.0001802,0.092379,3141.0803,209.4054,73186.8846,8229.6114,0.99,Critical,On Track to Glide Path
SUP-0100,Textiles Supplier 100,Textiles,2024,2021,2040,10082.4327,1145.0433,,6668.5072,45670132.94,258354383.57,10082.4327,Supplier Reported Emissions,False,High,Scope_Emissions,Valid,2026,Supplier Target Pathway,9067.2328,5088.531,8020.206,8020.206,1047.0268,0.00017561,0.115474,2931.675,209.4054,65166.6786,16249.8174,0.99,Critical,On Track to Glide Path
SUP-0100,Textiles Supplier 100,Textiles,2024,2021,2040,10082.4327,1145.0433,,6668.5072,45670132.94,258354383.57,10082.4327,Supplier Reported Emissions,False,High,Scope_Emissions,Valid,2027,Supplier Target Pathway,9067.2328,5088.531,7810.8007,7810.8007,1256.4321,0.00017103,0.138568,2722.2696,209.4054,57355.8779,24060.6181,0.99,Critical,On Track to Glide Path
SUP-0100,Textiles Supplier 100,Textiles,2024,2021,2040,10082.4327,1145.0433,,6668.5072,45670132.94,258354383.57,10082.4327,Supplier Reported Emissions,False,High,Scope_Emissions,Valid,2028,Supplier Target Pathway,9067.2328,5088.531,7601.3953,7601.3953,1465.8375,0.00016644,0.161663,2512.8643,209.4054,49754.4826,31662.0134,0.99,Critical,On Track to Glide Path
SUP-0100,Textiles Supplier 100,Textiles,2024,2021,2040,10082.4327,1145.0433,,6668.5072,45670132.94,258354383.57,10082.4327,Supplier Reported Emissions,False,High,Scope_Emissions,Valid,2029,Supplier Target Pathway,9067.2328,5088.531,7391.99,7391.99,1675.2428,0.00016186,0.184758,2303.4589,209.4054,42362.4926,39054.0034,0.99,Critical,On Track to Glide Path
SUP-0100,Textiles Supplier 100,Textiles,2024,2021,2040,10082.4327,1145.0433,,6668.5072,45670132.94,258354383.57,10082.4327,Supplier Reported Emissions,False,High,Scope_Emissions,Valid,2030,Supplier Target Pathway,9067.2328,5088.531,7182.5846,7182.5846,1884.6482,0.00015727,0.207853,2094.0536,209.4054,35179.908,46236.588,0.99,Critical,On Track to Glide Path
SUP-0100,Textiles Supplier 100,Textiles,2024,2021,2040,10082.4327,1145.0433,,6668.5072,45670132.94,258354383.57,10082.4327,Supplier Reported Emissions,False,High,Scope_Emissions,Valid,2031,Supplier Target Pathway,9067.2328,5088.531,6973.1792,6973.1792,2094.0536,0.00015269,0.230947,1884.6482,209.4054,28206.7288,53209.7672,0.99,Critical,On Track to Glide Path
SUP-0100,Textiles Supplier 100,Textiles,2024,2021,2040,10082.4327,1145.0433,,6668.5072,45670132.94,258354383.57,10082.4327,Supplier Reported Emissions,False,High,Scope_Emissions,Valid,2032,Supplier Target Pathway,9067.2328,5088.531,6763.7739,6763.7739,2303.4589,0.0001481,0.254042,1675.2428,209.4054,21442.9549,59973.5411,0.99,High,On Track to Glide Path
SUP-0100,Textiles Supplier 100,Textiles,2024,2021,2040,10082.4327,1145.0433,,6668.5072,45670132.94,258354383.57,10082.4327,Supplier Reported Emissions,False,High,Scope_Emissions,Valid,2033,Supplier Target Pathway,9067.2328,5088.531,6554.3685,6554.3685,2512.8643,0.00014352,0.277137,1465.8375,209.4054,14888.5864,66527.9096,0.99,High,On Track to Glide Path
SUP-0100,Textiles Supplier 100,Textiles,2024,2021,2040,10082.4327,1145.0433,,6668.5072,45670132.94,258354383.57,10082.4327,Supplier Reported Emissions,False,High,Scope_Emissions,Valid,2034,Supplier Target Pathway,9067.2328,5088.531,6344.9632,6344.9632,2722.2696,0.00013893,0.300232,1256.4321,209.4054,8543.6232,72872.8728,0.99,High,On Track to Glide Path
SUP-0100,Textiles Supplier 100,Textiles,2024,2021,2040,10082.4327,1145.0433,,6668.5072,45670132.94,258354383.57,10082.4327,Supplier Reported Emissions,False,High,Scope_Emissions,Valid,2035,Supplier Target Pathway,9067.2328,5088.531,6135.5578,6135.5578,2931.675,0.00013435,0.323326,1047.0268,209.4054,2408.0654,79008.4306,0.99,High,On Track to Glide Path
SUP-0100,Textiles Supplier 100,Textiles,2024,2021,2040,10082.4327,1145.0433,,6668.5072,45670132.94,258354383.57,10082.4327,Supplier Reported Emissions,False,High,Scope_Emissions,Valid,2036,Supplier Target Pathway,9067.2328,5088.531,5926.1525,5926.1525,3141.0803,0.00012976,0.346421,837.6214,209.4054,-3518.0871,84934.5831,0.99,High,On Track to Glide Path
SUP-0100,Textiles Supplier 100,Textiles,2024,2021,2040,10082.4327,1145.0433,,6668.5072,45670132.94,258354383.57,10082.4327,Supplier Reported Emissions,False,High,Scope_Emissions,Valid,2037,Supplier Target Pathway,9067.2328,5088.531,5716.7471,5716.7471,3350.4857,0.00012517,0.369516,628.2161,209.4054,-9234.8342,90651.3302,0.99,Medium,On Track to Glide Path
SUP-0100,Textiles Supplier 100,Textiles,2024,2021,2040,10082.4327,1145.0433,,6668.5072,45670132.94,258354383.57,10082.4327,Supplier Reported Emissions,False,High,Scope_Emissions,Valid,2038,Supplier Target Pathway,9067.2328,5088.531,5507.3418,5507.3418,3559.891,0.00012059,0.392611,418.8107,209.4054,-14742.176,96158.672,0.99,Medium,On Track to Glide Path
SUP-0100,Textiles Supplier 100,Textiles,2024,2021,2040,10082.4327,1145.0433,,6668.5072,45670132.94,258354383.57,10082.4327,Supplier Reported Emissions,False,High,Scope_Emissions,Valid,2039,Supplier Target Pathway,9067.2328,5088.531,5297.9364,5297.9364,3769.2964,0.000116,0.415705,209.4054,209.4054,-20040.1124,101456.6084,0.99,Medium,On Track to Glide Path
SUP-0100,Textiles Supplier 100,Textiles,2024,2021,2040,10082.4327,1145.0433,,6668.5072,45670132.94,258354383.57,10082.4327,Supplier Reported Emissions,False,High,Scope_Emissions,Valid,2040,Supplier Target Pathway,9067.2328,5088.531,5088.531,5088.531,3978.7018,0.00011142,0.4388,0.0,209.4054,-25128.6434,106545.1394,0.99,Low,On Track
