Supplier_ID,Supplier_Name,Supplier_Industry,Supplier_Year,Gross_Spend,Revenue,Reported_Emissions,Scope1_Emission,Scope2_Emission,Scope3_Emission,Baseline_Year,Target_Year,Target_Reduction_Percentage,Interim_Target_Reduction_Percentage,Industry_Baseline_Year,Industry_Target_Year,Industry_Reduction_Percentage,Industry_Emission_Factor,Spend_Based_Emission_Factor,Revenue_Based_Emission_Intensity,Total_Emission_Value,Emission_Source_Flag,Emissions_Data_Available_Flag,Spend_Based_Emission,Revenue_Based_Emission,Spend_Based_vs_Actual,Revenue_Based_vs_Actual,Spend_Based_Variance_Percentage,Revenue_Based_Variance_Percentage,Data_Quality_Flag,Missing_Parameter_Flag,Base_Confidence_Score,Validation_Flag
SUP-0001,Professional Supplier 001,Professional Services,2015,8929709.46,14715731.77,861.0206,195.7142,60.2963,583.9106,2021.0,2040.0,0.478,0.2876,2020,,,400.0326,0.00012906,0.00019658,861.0206,Provided Total Emissions,True,1152.4683,2892.8186,291.4477,2031.798,0.338491,2.359755,High,None,0.95,Valid
SUP-0001,Professional Supplier 001,Professional Services,2016,8058644.32,20293448.65,625.7589,132.5924,103.3699,357.3145,2021.0,2040.0,0.478,0.2876,2020,,,400.0326,0.00012906,0.00019658,625.7589,Provided Total Emissions,True,1040.0486,3989.2861,414.2897,3363.5272,0.66206,5.375117,High,None,0.95,Valid
SUP-0001,Professional Supplier 001,Professional Services,2017,9417684.77,23571903.73,739.6495,59.7084,108.5578,574.7995,2021.0,2040.0,0.478,0.2876,2020,,,400.0326,0.00012906,0.00019658,739.6495,Provided Total Emissions,True,1215.4464,4633.7648,475.7969,3894.1153,0.643273,5.264812,High,None,0.95,Valid
SUP-0001,Professional Supplier 001,Professional Services,2018,9654240.4,17715731.68,942.8898,224.324,101.4968,604.2606,2021.0,2040.0,0.478,0.2876,2020,,,400.0326,0.00012906,0.00019658,942.8898,Provided Total Emissions,True,1245.9763,3482.5585,303.0865,2539.6687,0.321444,2.693495,High,None,0.95,Valid
SUP-0001,Professional Supplier 001,Professional Services,2019,11716475.76,22734685.87,794.7667,188.2817,168.7676,416.0885,2021.0,2040.0,0.478,0.2876,2020,,,400.0326,0.00012906,0.00019658,794.7667,Provided Total Emissions,True,1512.1284,4469.1845,717.3617,3674.4178,0.902607,4.623266,High,None,0.95,Valid
SUP-0001,Professional Supplier 001,Professional Services,2020,12062470.15,20630532.84,1122.4783,120.1681,140.1851,909.4936,2021.0,2040.0,0.478,0.2876,2020,,,400.0326,0.00012906,0.00019658,1122.4783,Provided Total Emissions,True,1556.7824,4055.5501,434.3041,2933.0718,0.386915,2.613032,High,None,0.95,Valid
SUP-0001,Professional Supplier 001,Professional Services,2021,13887283.88,26196286.22,799.0691,194.798,124.877,505.039,2021.0,2040.0,0.478,0.2876,2020,,,400.0326,0.00012906,0.00019658,799.0691,Provided Total Emissions,True,1792.2929,5149.6659,993.2238,4350.5968,1.242976,5.444582,High,None,0.95,Valid
SUP-0001,Professional Supplier 001,Professional Services,2022,12897527.16,22352818.62,1167.0447,215.6192,117.8514,733.6514,2021.0,2040.0,0.478,0.2876,2020,,,400.0326,0.00012906,0.00019658,1167.0447,Provided Total Emissions,True,1664.5549,4394.1171,497.5102,3227.0724,0.426299,2.765166,High,None,0.95,Valid
SUP-0001,Professional Supplier 001,Professional Services,2023,14756108.85,31573987.56,1234.4554,206.4269,258.8131,714.2435,2021.0,2040.0,0.478,0.2876,2020,,,400.0326,0.00012906,0.00019658,1234.4554,Provided Total Emissions,True,1904.4234,6206.8145,669.968,4972.3591,0.542724,4.027978,High,None,0.95,Valid
SUP-0001,Professional Supplier 001,Professional Services,2024,14659284.07,38852519.79,996.923,170.7065,70.4457,823.8057,2021.0,2040.0,0.478,0.2876,2020,,,400.0326,0.00012906,0.00019658,996.923,Provided Total Emissions,True,1891.9272,7637.6283,895.0042,6640.7053,0.897767,6.661202,High,None,0.95,Valid
SUP-0002,Textiles Supplier 002,Textiles,2015,1770328.1,8439368.8,499.0619,58.5424,53.6096,373.7621,2021.0,2040.0,0.3164,0.1385,2019,2030.0,0.3171,401.7335,0.00029221,0.00017343,499.0619,Provided Total Emissions,True,517.3076,1463.6397,18.2457,964.5778,0.03656,1.932782,High,None,0.95,Valid
SUP-0002,Textiles Supplier 002,Textiles,2016,1790052.2,7431301.54,499.5827,69.348,59.7784,345.2596,2021.0,2040.0,0.3164,0.1385,2019,2030.0,0.3171,401.7335,0.00029221,0.00017343,499.5827,Provided Total Emissions,True,523.0712,1288.8106,23.4885,789.2279,0.047016,1.579774,High,None,0.95,Valid
SUP-0002,Textiles Supplier 002,Textiles,2017,1589094.76,6542947.16,589.2366,82.9763,118.6589,384.2626,2021.0,2040.0,0.3164,0.1385,2019,2030.0,0.3171,401.7335,0.00029221,0.00017343,589.2366,Provided Total Emissions,True,464.3494,1134.7433,-124.8872,545.5067,-0.211947,0.925786,High,None,0.95,Valid
SUP-0002,Textiles Supplier 002,Textiles,2018,1791485.54,8389559.22,605.8899,64.7509,35.0649,486.9595,2021.0,2040.0,0.3164,0.1385,2019,2030.0,0.3171,401.7335,0.00029221,0.00017343,605.8899,Provided Total Emissions,True,523.49,1455.0013,-82.3999,849.1114,-0.135998,1.401428,High,None,0.95,Valid
SUP-0002,Textiles Supplier 002,Textiles,2019,1559804.3,7534341.52,546.4897,111.48,46.314,392.9195,2021.0,2040.0,0.3164,0.1385,2019,2030.0,0.3171,401.7335,0.00029221,0.00017343,546.4897,Provided Total Emissions,True,455.7904,1306.6808,-90.6993,760.1911,-0.165967,1.391044,High,None,0.95,Valid
SUP-0002,Textiles Supplier 002,Textiles,2020,2148801.46,8745123.38,803.9844,193.8878,88.1413,525.8351,2021.0,2040.0,0.3164,0.1385,2019,2030.0,0.3171,401.7335,0.00029221,0.00017343,803.9844,Provided Total Emissions,True,627.9013,1516.6667,-176.0831,712.6823,-0.219013,0.886438,High,None,0.95,Valid
SUP-0002,Textiles Supplier 002,Textiles,2021,1954844.5,9204133.11,523.6637,40.0254,45.1173,433.4619,2021.0,2040.0,0.3164,0.1385,2019,2030.0,0.3171,401.7335,0.00029221,0.00017343,523.6637,Provided Total Emissions,True,571.2251,1596.2728,47.5614,1072.6091,0.090824,2.048279,High,None,0.95,Valid
SUP-0002,Textiles Supplier 002,Textiles,2022,2076524.99,8611039.42,689.9704,151.5974,58.3124,479.4331,2021.0,2040.0,0.3164,0.1385,2019,2030.0,0.3171,401.7335,0.00029221,0.00017343,689.9704,Provided Total Emissions,True,606.7814,1493.4126,-83.189,803.4422,-0.120569,1.164459,High,None,0.95,Valid
SUP-0002,Textiles Supplier 002,Textiles,2023,2023176.04,10863173.79,648.4259,169.1121,99.0613,399.1243,2021.0,2040.0,0.3164,0.1385,2019,2030.0,0.3171,401.7335,0.00029221,0.00017343,648.4259,Provided Total Emissions,True,591.1923,1884.0002,-57.2336,1235.5743,-0.088265,1.905498,High,None,0.95,Valid
SUP-0002,Textiles Supplier 002,Textiles,2024,1961826.78,7611105.33,609.8191,130.8505,61.9081,437.2972,2021.0,2040.0,0.3164,0.1385,2019,2030.0,0.3171,401.7335,0.00029221,0.00017343,609.8191,Provided Total Emissions,True,573.2654,1319.994,-36.5537,710.1749,-0.059942,1.164567,High,None,0.95,Valid
SUP-0003,Electronics Supplier 003,Electronics,2015,9739586.59,59308624.42,9908.0875,2372.3859,1415.2186,6276.9161,2018.0,2030.0,0.4542,0.214,2018,2040.0,0.3424,635.1588,0.00086105,0.00013947,9908.0875,Provided Total Emissions,True,8386.271,8271.7738,-1521.8165,-1636.3137,-0.153593,-0.165149,High,None,0.95,Valid
SUP-0003,Electronics Supplier 003,Electronics,2016,10601619.07,53872838.97,9411.6836,1230.989,1937.7465,6501.1085,2018.0,2030.0,0.4542,0.214,2018,2040.0,0.3424,635.1588,0.00086105,0.00013947,9411.6836,Provided Total Emissions,True,9128.5241,7513.6449,-283.1595,-1898.0387,-0.030086,-0.201668,High,None,0.95,Valid
SUP-0003,Electronics Supplier 003,Electronics,2017,10796082.02,62471010.23,11732.3983,2864.7932,2165.3717,7037.7831,2018.0,2030.0,0.4542,0.214,2018,2040.0,0.3424,635.1588,0.00086105,0.00013947,11732.3983,Provided Total Emissions,True,9295.9664,8712.8318,-2436.4319,-3019.5665,-0.207667,-0.25737,High,None,0.95,Valid
SUP-0003,Electronics Supplier 003,Electronics,2018,10887250.84,71839497.98,12549.8807,1057.6605,2847.3924,8698.4093,2018.0,2030.0,0.4542,0.214,2018,2040.0,0.3424,635.1588,0.00086105,0.00013947,12549.8807,Provided Total Emissions,True,9374.4673,10019.4548,-3175.4134,-2530.4259,-0.253023,-0.201629,High,None,0.95,Valid
SUP-0003,Electronics Supplier 003,Electronics,2019,14555246.06,76450343.89,12156.8405,2373.4495,2589.4371,7099.9158,2018.0,2030.0,0.4542,0.214,2018,2040.0,0.3424,635.1588,0.00086105,0.00013947,12156.8405,Provided Total Emissions,True,12532.7946,10662.5295,375.9541,-1494.311,0.030925,-0.122919,High,None,0.95,Valid
SUP-0003,Electronics Supplier 003,Electronics,2020,12369884.6,74795000.51,8004.9401,2134.5305,813.4703,5200.4394,2018.0,2030.0,0.4542,0.214,2018,2040.0,0.3424,635.1588,0.00086105,0.00013947,8004.9401,Provided Total Emissions,True,10651.0891,10431.6587,2646.149,2426.7186,0.330565,0.303153,High,None,0.95,Valid
SUP-0003,Electronics Supplier 003,Electronics,2021,11161092.71,78096888.22,7991.1847,1105.7544,593.8429,6937.0956,2018.0,2030.0,0.4542,0.214,2018,2040.0,0.3424,635.1588,0.00086105,0.00013947,7991.1847,Provided Total Emissions,True,9610.2589,10892.173,1619.0742,2900.9883,0.202608,0.363024,High,None,0.95,Valid
SUP-0003,Electronics Supplier 003,Electronics,2022,12966415.32,59928624.34,9800.5187,2691.3298,2023.6517,5343.6376,2018.0,2030.0,0.4542,0.214,2018,2040.0,0.3424,635.1588,0.00086105,0.00013947,9800.5187,Provided Total Emissions,True,11164.7319,8358.2452,1364.2132,-1442.2735,0.139198,-0.147163,High,None,0.95,Valid
SUP-0003,Electronics Supplier 003,Electronics,2023,14814677.09,80965223.6,7871.8427,1952.8787,1249.3878,4725.7116,2018.0,2030.0,0.4542,0.214,2018,2040.0,0.3424,635.1588,0.00086105,0.00013947,7871.8427,Provided Total Emissions,True,12756.1777,11292.2197,4884.335,3420.377,0.620482,0.434508,High,None,0.95,Valid
SUP-0003,Electronics Supplier 003,Electronics,2024,13228903.84,91085503.23,10076.1724,1598.8289,1283.6593,7805.0472,2018.0,2030.0,0.4542,0.214,2018,2040.0,0.3424,635.1588,0.00086105,0.00013947,10076.1724,Provided Total Emissions,True,11390.7477,12703.6951,1314.5753,2627.5227,0.130464,0.260766,High,None,0.95,Valid
SUP-0004,Agriculture Supplier 004,Agriculture,2015,3248283.06,24238178.76,1855.6969,464.7769,399.9877,1215.0983,2020.0,2040.0,0.5872,0.3238,2018,,,529.8294,0.00091413,0.00096913,1855.6969,Provided Total Emissions,True,2969.353,23489.9462,1113.6561,21634.2493,0.600128,11.658288,High,None,0.95,Valid
SUP-0004,Agriculture Supplier 004,Agriculture,2016,2935030.81,23259957.01,1748.1843,318.2508,244.3842,1173.4049,2020.0,2040.0,0.5872,0.3238,2018,,,529.8294,0.00091413,0.00096913,1748.1843,Provided Total Emissions,True,2682.9997,22541.9221,934.8154,20793.7378,0.534735,11.894477,High,None,0.95,Valid
SUP-0004,Agriculture Supplier 004,Agriculture,2017,3272591.36,25990862.4,2469.054,259.6962,353.9369,1812.2557,2020.0,2040.0,0.5872,0.3238,2018,,,529.8294,0.00091413,0.00096913,2469.054,Provided Total Emissions,True,2991.5739,25188.5245,522.5199,22719.4705,0.211628,9.20169,High,None,0.95,Valid
SUP-0004,Agriculture Supplier 004,Agriculture,2018,3389213.35,24860123.58,1925.4376,364.5507,298.3637,1584.3977,2020.0,2040.0,0.5872,0.3238,2018,,,529.8294,0.00091413,0.00096913,1925.4376,Provided Total Emissions,True,3098.1816,24092.6916,1172.744,22167.254,0.609079,11.512839,High,None,0.95,Valid
SUP-0004,Agriculture Supplier 004,Agriculture,2019,3284894.83,21806293.22,1595.1515,139.2399,192.2808,1248.0126,2020.0,2040.0,0.5872,0.3238,2018,,,529.8294,0.00091413,0.00096913,1595.1515,Provided Total Emissions,True,3002.8209,21133.1329,1407.6694,19537.9814,0.882468,12.248355,High,None,0.95,Valid
SUP-0004,Agriculture Supplier 004,Agriculture,2020,3209136.19,24639303.36,1681.5914,134.0797,359.4707,1209.118,2020.0,2040.0,0.5872,0.3238,2018,,,529.8294,0.00091413,0.00096913,1681.5914,Provided Total Emissions,True,2933.5677,23878.6881,1251.9763,22197.0967,0.744519,13.200054,High,None,0.95,Valid
SUP-0004,Agriculture Supplier 004,Agriculture,2021,3154363.1,23708763.23,1746.0112,254.928,298.5227,1116.9592,2020.0,2040.0,0.5872,0.3238,2018,,,529.8294,0.00091413,0.00096913,1746.0112,Provided Total Emissions,True,2883.4979,22976.8737,1137.4867,21230.8625,0.651477,12.159637,High,None,0.95,Valid
SUP-0004,Agriculture Supplier 004,Agriculture,2022,2796674.77,26084925.33,1443.3948,351.3276,98.7596,998.1058,2020.0,2040.0,0.5872,0.3238,2018,,,529.8294,0.00091413,0.00096913,1443.3948,Provided Total Emissions,True,2556.5243,25279.6837,1113.1295,23836.2889,0.771189,16.514047,High,None,0.95,Valid
SUP-0004,Agriculture Supplier 004,Agriculture,2023,3570305.46,32337727.18,1971.8728,313.6885,287.178,1321.3631,2020.0,2040.0,0.5872,0.3238,2018,,,529.8294,0.00091413,0.00096913,1971.8728,Provided Total Emissions,True,3263.7233,31339.4615,1291.8505,29367.5887,0.655139,14.893247,High,None,0.95,Valid
SUP-0004,Agriculture Supplier 004,Agriculture,2024,3011484.28,23161310.55,1450.8271,153.3148,105.5242,1198.7452,2020.0,2040.0,0.5872,0.3238,2018,,,529.8294,0.00091413,0.00096913,1450.8271,Provided Total Emissions,True,2752.8881,22446.3209,1302.061,20995.4938,0.897461,14.471396,High,None,0.95,Valid
SUP-0005,Professional Supplier 005,Professional Services,2015,8299184.74,20458486.28,1197.6171,180.4901,222.3723,926.24,,,,,2020,,,400.0326,0.00012906,0.00019658,1197.6171,Provided Total Emissions,True,1071.0928,4021.7292,-126.5243,2824.1121,-0.105647,2.358109,High,None,0.95,Valid
SUP-0005,Professional Supplier 005,Professional Services,2016,7323161.93,22624314.0,1169.5428,173.2119,254.4095,775.4459,,,,,2020,,,400.0326,0.00012906,0.00019658,1169.5428,Provided Total Emissions,True,945.1273,4447.4876,-224.4155,3277.9448,-0.191883,2.802757,High,None,0.95,Valid
SUP-0005,Professional Supplier 005,Professional Services,2017,10271328.08,23091198.31,1771.975,471.7758,208.1619,1168.9986,,,,,2020,,,400.0326,0.00012906,0.00019658,1771.975,Provided Total Emissions,True,1325.6176,4539.2678,-446.3574,2767.2928,-0.251898,1.5617,High,None,0.95,Valid
SUP-0005,Professional Supplier 005,Professional Services,2018,9778368.06,26622380.12,1319.2567,382.4871,251.0158,816.9723,,,,,2020,,,400.0326,0.00012906,0.00019658,1319.2567,Provided Total Emissions,True,1261.9962,5233.4275,-57.2605,3914.1708,-0.043404,2.966952,High,None,0.95,Valid
SUP-0005,Professional Supplier 005,Professional Services,2019,11098051.17,32622907.78,1757.8138,371.3183,223.5141,1263.4087,,,,,2020,,,400.0326,0.00012906,0.00019658,1757.8138,Provided Total Emissions,True,1432.3145,6413.0112,-325.4993,4655.1974,-0.185173,2.648288,High,None,0.95,Valid
SUP-0005,Professional Supplier 005,Professional Services,2020,10760799.46,31894910.8,1938.4515,209.3714,367.4339,1357.2159,,,,,2020,,,400.0326,0.00012906,0.00019658,1938.4515,Provided Total Emissions,True,1388.7888,6269.9016,-549.6627,4331.4501,-0.283558,2.23449,High,None,0.95,Valid
SUP-0005,Professional Supplier 005,Professional Services,2021,13965651.18,43319160.51,2065.1932,565.2486,148.1754,1344.5044,,,,,2020,,,400.0326,0.00012906,0.00019658,2065.1932,Provided Total Emissions,True,1802.4069,8515.6806,-262.7863,6450.4874,-0.127245,3.12343,High,None,0.95,Valid
SUP-0005,Professional Supplier 005,Professional Services,2022,12041826.56,28736377.98,1990.5615,336.7648,310.4892,1411.8684,,,,,2020,,,400.0326,0.00012906,0.00019658,1990.5615,Provided Total Emissions,True,1554.1181,5648.9972,-436.4434,3658.4357,-0.219256,1.837891,High,None,0.95,Valid
SUP-0005,Professional Supplier 005,Professional Services,2023,16390199.55,47439491.98,2738.4791,419.0667,390.0898,2101.7651,,,,,2020,,,400.0326,0.00012906,0.00019658,2738.4791,Provided Total Emissions,True,2115.3192,9325.6553,-623.1599,6587.1762,-0.227557,2.405414,High,None,0.95,Valid
SUP-0005,Professional Supplier 005,Professional Services,2024,13924074.52,42364209.75,2514.5094,358.4463,434.7338,1680.3886,,,,,2020,,,400.0326,0.00012906,0.00019658,2514.5094,Provided Total Emissions,True,1797.0411,8327.9564,-717.4683,5813.447,-0.285331,2.311961,High,None,0.95,Valid
SUP-0006,Agriculture Supplier 006,Agriculture,2015,22000328.94,37709605.66,13835.4074,1383.2229,2474.9302,11224.0567,,,,,2018,,,529.8294,0.00091413,0.00096913,13835.4074,Provided Total Emissions,True,20111.1607,36545.5101,6275.7533,22710.1027,0.453601,1.641448,High,None,0.95,Valid
SUP-0006,Agriculture Supplier 006,Agriculture,2016,22265353.89,38842341.44,18443.2783,2935.5479,3286.9499,12194.4996,,,,,2018,,,529.8294,0.00091413,0.00096913,18443.2783,Provided Total Emissions,True,20353.428,37643.2784,1910.1497,19200.0001,0.103569,1.04103,High,None,0.95,Valid
SUP-0006,Agriculture Supplier 006,Agriculture,2017,19154362.77,37331410.04,13319.2487,2987.8117,999.2521,9105.3121,,,,,2018,,,529.8294,0.00091413,0.00096913,13319.2487,Provided Total Emissions,True,17509.5776,36178.9894,4190.3289,22859.7407,0.314607,1.716294,High,None,0.95,Valid
SUP-0006,Agriculture Supplier 006,Agriculture,2018,26192695.78,47430128.29,16554.2419,2979.0625,2251.5248,11501.4661,,,,,2018,,,529.8294,0.00091413,0.00096913,16554.2419,Provided Total Emissions,True,23943.529,45965.9602,7389.2871,29411.7183,0.446368,1.776688,High,None,0.95,Valid
SUP-0006,Agriculture Supplier 006,Agriculture,2019,24417292.17,42615624.82,14239.3504,2998.755,2256.3318,9398.4638,,,,,2018,,,529.8294,0.00091413,0.00096913,14239.3504,Provided Total Emissions,True,22320.5793,41300.0805,8081.2289,27060.7301,0.567528,1.900419,High,None,0.95,Valid
SUP-0006,Agriculture Supplier 006,Agriculture,2020,22035056.84,44130055.91,14326.947,3188.7712,2721.3067,8208.2345,,,,,2018,,,529.8294,0.00091413,0.00096913,14326.947,Provided Total Emissions,True,20142.9065,42767.7611,5815.9595,28440.8141,0.405945,1.985127,High,None,0.95,Valid
SUP-0006,Agriculture Supplier 006,Agriculture,2021,28729052.19,41079496.59,22455.4527,1794.2627,2145.2376,18992.3269,,,,,2018,,,529.8294,0.00091413,0.00096913,22455.4527,Provided Total Emissions,True,26262.0885,39811.3725,3806.6358,17355.9198,0.169519,0.772904,High,None,0.95,Valid
SUP-0006,Agriculture Supplier 006,Agriculture,2022,30047547.05,62389889.68,23043.8068,2851.4669,3596.1378,18178.1685,,,,,2018,,,529.8294,0.00091413,0.00096913,23043.8068,Provided Total Emissions,True,27467.3642,60463.9138,4423.5574,37420.107,0.191963,1.623868,High,None,0.95,Valid
SUP-0006,Agriculture Supplier 006,Agriculture,2023,27635058.41,47949045.65,20405.9294,4974.3319,2184.5332,13718.0898,,,,,2018,,,529.8294,0.00091413,0.00096913,20405.9294,Provided Total Emissions,True,25262.0359,46468.8586,4856.1065,26062.9292,0.237975,1.277223,High,None,0.95,Valid
SUP-0006,Agriculture Supplier 006,Agriculture,2024,28569472.27,64789530.0,20436.7272,1834.7707,1396.9006,15397.2718,,,,,2018,,,529.8294,0.00091413,0.00096913,20436.7272,Provided Total Emissions,True,26116.2117,62789.4772,5679.4845,42352.75,0.277906,2.072384,High,None,0.95,Valid
SUP-0007,Chemicals Supplier 007,Chemicals,2015,19995092.71,120617779.88,23182.7697,5334.4184,1925.7557,15406.277,2019.0,2030.0,0.5673,0.2314,2019,2035.0,0.5229,506.3191,0.00100149,0.00047124,23182.7697,Provided Total Emissions,True,20024.8854,56839.9226,-3157.8843,33657.1529,-0.136217,1.451818,High,None,0.95,Valid
SUP-0007,Chemicals Supplier 007,Chemicals,2016,20630325.86,146171163.57,24935.9606,2336.9043,4993.2744,16505.9142,2019.0,2030.0,0.5673,0.2314,2019,2035.0,0.5229,506.3191,0.00100149,0.00047124,24935.9606,Provided Total Emissions,True,20661.065,68881.6991,-4274.8956,43945.7385,-0.171435,1.762344,High,None,0.95,Valid
SUP-0007,Chemicals Supplier 007,Chemicals,2017,21691524.2,125919887.15,22439.4559,3524.0297,2981.3683,16836.1163,2019.0,2030.0,0.5673,0.2314,2019,2035.0,0.5229,506.3191,0.00100149,0.00047124,22439.4559,Provided Total Emissions,True,21723.8446,59338.4876,-715.6113,36899.0317,-0.031891,1.644382,High,None,0.95,Valid
SUP-0007,Chemicals Supplier 007,Chemicals,2018,25955331.66,162091933.12,34303.111,3902.6275,6183.1368,24113.155,2019.0,2030.0,0.5673,0.2314,2019,2035.0,0.5229,506.3191,0.00100149,0.00047124,34303.111,Provided Total Emissions,True,25994.0051,76384.2026,-8309.1059,42081.0916,-0.242226,1.226743,High,None,0.95,Valid
SUP-0007,Chemicals Supplier 007,Chemicals,2019,24849723.88,194432607.95,28820.1528,6593.8254,1999.3427,21453.7198,2019.0,2030.0,0.5673,0.2314,2019,2035.0,0.5229,506.3191,0.00100149,0.00047124,28820.1528,Provided Total Emissions,True,24886.75,91624.4222,-3933.4028,62804.2694,-0.136481,2.179179,High,None,0.95,Valid
SUP-0007,Chemicals Supplier 007,Chemicals,2020,27624847.37,234168347.25,32114.4623,2554.9954,5386.718,24133.6386,2019.0,2030.0,0.5673,0.2314,2019,2035.0,0.5229,506.3191,0.00100149,0.00047124,32114.4623,Provided Total Emissions,True,27666.0084,110349.492,-4448.4539,78235.0297,-0.138519,2.436131,High,None,0.95,Valid
SUP-0007,Chemicals Supplier 007,Chemicals,2021,28262114.56,225133941.84,39637.9162,7472.9496,4003.0989,25846.239,2019.0,2030.0,0.5673,0.2314,2019,2035.0,0.5229,506.3191,0.00100149,0.00047124,39637.9162,Provided Total Emissions,True,28304.2251,106092.1188,-11333.6911,66454.2026,-0.285931,1.676531,High,None,0.95,Valid
SUP-0007,Chemicals Supplier 007,Chemicals,2022,30107576.95,247887481.19,28927.8767,5447.4423,5966.9615,17948.5245,2019.0,2030.0,0.5673,0.2314,2019,2035.0,0.5229,506.3191,0.00100149,0.00047124,28927.8767,Provided Total Emissions,True,30152.4372,116814.4966,1224.5605,87886.6199,0.042332,3.038129,High,None,0.95,Valid
SUP-0007,Chemicals Supplier 007,Chemicals,2023,34544558.59,212344917.76,26732.4761,4377.8896,2021.8906,20042.7884,2019.0,2030.0,0.5673,0.2314,2019,2035.0,0.5229,506.3191,0.00100149,0.00047124,26732.4761,Provided Total Emissions,True,34596.03,100065.419,7863.5539,73332.9429,0.294157,2.743216,High,None,0.95,Valid
SUP-0007,Chemicals Supplier 007,Chemicals,2024,40236055.73,391577893.99,38148.1199,8103.1886,3254.2091,25070.6768,2019.0,2030.0,0.5673,0.2314,2019,2035.0,0.5229,506.3191,0.00100149,0.00047124,38148.1199,Provided Total Emissions,True,40296.0075,184527.1668,2147.8876,146379.0469,0.056304,3.837123,High,None,0.95,Valid
SUP-0008,Electronics Supplier 008,Electronics,2015,10624481.24,60069851.45,7692.1155,1902.3197,1708.1663,4549.5684,,,,,2018,2040.0,0.3424,635.1588,0.00086105,0.00013947,7692.1155,Provided Total Emissions,True,9148.2096,8377.9422,1456.0941,685.8267,0.189297,0.08916,High,None,0.95,Valid
SUP-0008,Electronics Supplier 008,Electronics,2016,11862504.75,56349929.7,7808.3116,2207.2186,1636.7816,4092.6678,,,,,2018,2040.0,0.3424,635.1588,0.00086105,0.00013947,7808.3116,Provided Total Emissions,True,10214.2097,7859.1247,2405.8981,50.8131,0.30812,0.006508,High,None,0.95,Valid
SUP-0008,Electronics Supplier 008,Electronics,2017,11827144.76,46870852.57,8592.1688,2119.3457,725.9315,5728.2689,,,,,2018,2040.0,0.3424,635.1588,0.00086105,0.00013947,8592.1688,Provided Total Emissions,True,10183.763,6537.0778,1591.5942,-2055.091,0.185238,-0.239182,High,None,0.95,Valid
SUP-0008,Electronics Supplier 008,Electronics,2018,11986808.2,43626550.43,9649.1625,1058.2974,1022.0185,7483.9018,,,,,2018,2040.0,0.3424,635.1588,0.00086105,0.00013947,9649.1625,Provided Total Emissions,True,10321.2412,6084.595,672.0787,-3564.5675,0.069652,-0.369417,High,None,0.95,Valid
SUP-0008,Electronics Supplier 008,Electronics,2019,11751172.52,49726885.47,7042.4943,712.5672,1252.4349,4744.897,,,,,2018,2040.0,0.3424,635.1588,0.00086105,0.00013947,7042.4943,Provided Total Emissions,True,10118.3471,6935.4087,3075.8528,-107.0856,0.436756,-0.015206,High,None,0.95,Valid
SUP-0008,Electronics Supplier 008,Electronics,2020,8380077.54,57275326.51,5534.716,907.8883,681.6273,4207.5174,,,,,2018,2040.0,0.3424,635.1588,0.00086105,0.00013947,5534.716,Provided Total Emissions,True,7215.6658,7988.1898,1680.9498,2453.4738,0.30371,0.443288,High,None,0.95,Valid
SUP-0008,Electronics Supplier 008,Electronics,2021,11998429.8,46173492.57,8338.796,1090.1023,1899.408,5957.6603,,,,,2018,2040.0,0.3424,635.1588,0.00086105,0.00013947,8338.796,Provided Total Emissions,True,10331.248,6439.817,1992.452,-1898.979,0.238938,-0.227728,High,None,0.95,Valid
SUP-0008,Electronics Supplier 008,Electronics,2022,10313656.57,59237767.14,6895.9299,810.4514,1040.0913,4931.4945,,,,,2018,2040.0,0.3424,635.1588,0.00086105,0.00013947,6895.9299,Provided Total Emissions,True,8880.574,8261.8914,1984.6441,1365.9615,0.287799,0.198082,High,None,0.95,Valid
SUP-0008,Electronics Supplier 008,Electronics,2023,12311517.55,41003568.29,9857.748,1571.3756,755.4136,7862.9255,,,,,2018,2040.0,0.3424,635.1588,0.00086105,0.00013947,9857.748,Provided Total Emissions,True,10600.8322,5718.7677,743.0842,-4138.9803,0.075381,-0.419871,High,None,0.95,Valid
SUP-0008,Electronics Supplier 008,Electronics,2024,10136751.16,51404567.9,8452.0805,1771.538,1414.0394,5202.7566,,,,,2018,2040.0,0.3424,635.1588,0.00086105,0.00013947,8452.0805,Provided Total Emissions,True,8728.2496,7169.3951,276.1691,-1282.6854,0.032675,-0.15176,High,None,0.95,Valid
SUP-0009,Professional Supplier 009,Professional Services,2015,22601661.17,40888573.8,1814.6604,323.9482,222.9706,1326.9178,,,,,2020,,,400.0326,0.00012906,0.00019658,1814.6604,Provided Total Emissions,True,2916.9704,8037.8758,1102.31,6223.2154,0.607447,3.429411,High,None,0.95,Valid
SUP-0009,Professional Supplier 009,Professional Services,2016,28610690.73,69516036.77,2704.8967,454.2475,177.3982,1906.7101,,,,,2020,,,400.0326,0.00012906,0.00019658,2704.8967,Provided Total Emissions,True,3692.4957,13665.4625,987.599,10960.5658,0.365115,4.05212,High,None,0.95,Valid
SUP-0009,Professional Supplier 009,Professional Services,2017,29408890.7,62459512.22,3359.7671,671.8822,527.4786,2031.4469,,,,,2020,,,400.0326,0.00012906,0.00019658,3359.7671,Provided Total Emissions,True,3795.5114,12278.2909,435.7443,8918.5238,0.129695,2.654507,High,None,0.95,Valid
SUP-0009,Professional Supplier 009,Professional Services,2018,22945234.08,55672103.47,1667.3336,397.8121,136.0122,1080.6507,,,,,2020,,,400.0326,0.00012906,0.00019658,1667.3336,Provided Total Emissions,True,2961.3119,10944.0221,1293.9783,9276.6885,0.776076,5.563787,High,None,0.95,Valid
SUP-0009,Professional Supplier 009,Professional Services,2019,30753827.91,56198314.86,2606.9758,307.3276,270.4791,1975.9274,,,,,2020,,,400.0326,0.00012906,0.00019658,2606.9758,Provided Total Emissions,True,3969.089,11047.4647,1362.1132,8440.4889,0.522488,3.237655,High,None,0.95,Valid
SUP-0009,Professional Supplier 009,Professional Services,2020,29025295.09,55326408.88,2504.4614,341.9225,272.5624,1858.7434,,,,,2020,,,400.0326,0.00012906,0.00019658,2504.4614,Provided Total Emissions,True,3746.0046,10876.0655,1241.5432,8371.6041,0.495733,3.342676,High,None,0.95,Valid
SUP-0009,Professional Supplier 009,Professional Services,2021,28647354.44,56117572.08,2534.4705,425.5152,508.396,1649.7066,,,,,2020,,,400.0326,0.00012906,0.00019658,2534.4705,Provided Total Emissions,True,3697.2276,11031.5923,1162.7571,8497.1218,0.458777,3.352622,High,None,0.95,Valid
SUP-0009,Professional Supplier 009,Professional Services,2022,23908526.8,77964350.72,2218.4973,325.3238,197.6991,1754.1542,,,,,2020,,,400.0326,0.00012906,0.00019658,2218.4973,Provided Total Emissions,True,3085.6345,15326.2321,867.1372,13107.7348,0.390867,5.908384,High,None,0.95,Valid
SUP-0009,Professional Supplier 009,Professional Services,2023,27917225.26,88830358.74,2068.6484,489.3279,459.32,1102.2222,,,,,2020,,,400.0326,0.00012906,0.00019658,2068.6484,Provided Total Emissions,True,3602.9971,17462.2719,1534.3487,15393.6235,0.741716,7.441392,High,None,0.95,Valid
SUP-0009,Professional Supplier 009,Professional Services,2024,33414113.72,91700354.57,2053.6172,343.1529,244.9547,1276.7057,,,,,2020,,,400.0326,0.00012906,0.00019658,2053.6172,Provided Total Emissions,True,4312.4255,18026.4557,2258.8083,15972.8385,1.099917,7.777905,High,None,0.95,Valid
SUP-0010,Packaging Supplier 010,Packaging,2015,6131738.12,38775454.14,8825.2378,1655.0955,1782.2437,5197.5862,2018.0,2035.0,0.3963,0.1482,2018,2040.0,0.3112,702.4188,0.0010803,0.00078946,8825.2378,Provided Total Emissions,True,6624.1167,30611.67,-2201.1211,21786.4322,-0.249412,2.468651,High,None,0.95,Valid
SUP-0010,Packaging Supplier 010,Packaging,2016,5896501.51,38035123.64,7666.8935,1861.8698,1333.5731,4614.3438,2018.0,2035.0,0.3963,0.1482,2018,2040.0,0.3112,702.4188,0.0010803,0.00078946,7666.8935,Provided Total Emissions,True,6369.9906,30027.2087,-1296.9029,22360.3152,-0.169156,2.916477,High,None,0.95,Valid
SUP-0010,Packaging Supplier 010,Packaging,2017,6894974.82,41125127.98,7261.0702,950.6811,811.7663,6090.8575,2018.0,2035.0,0.3963,0.1482,2018,2040.0,0.3112,702.4188,0.0010803,0.00078946,7261.0702,Provided Total Emissions,True,7448.6413,32466.6435,187.5711,25205.5733,0.025832,3.47133,High,None,0.95,Valid
SUP-0010,Packaging Supplier 010,Packaging,2018,7297394.25,51405727.03,9181.706,2239.1491,878.4407,5570.777,2018.0,2035.0,0.3963,0.1482,2018,2040.0,0.3112,702.4188,0.0010803,0.00078946,9181.706,Provided Total Emissions,True,7883.375,40582.7653,-1298.331,31401.0593,-0.141404,3.419959,High,None,0.95,Valid
SUP-0010,Packaging Supplier 010,Packaging,2019,7992942.19,61941256.25,8513.704,1282.209,1600.8833,5566.1645,2018.0,2035.0,0.3963,0.1482,2018,2040.0,0.3112,702.4188,0.0010803,0.00078946,8513.704,Provided Total Emissions,True,8634.7754,48900.1442,121.0714,40386.4402,0.014221,4.743698,High,None,0.95,Valid
SUP-0010,Packaging Supplier 010,Packaging,2020,7820919.72,52061599.26,7716.1857,2250.9444,1022.0267,5044.1102,2018.0,2035.0,0.3963,0.1482,2018,2040.0,0.3112,702.4188,0.0010803,0.00078946,7716.1857,Provided Total Emissions,True,8448.9396,41100.5502,732.7539,33384.3645,0.094963,4.326537,High,None,0.95,Valid
SUP-0010,Packaging Supplier 010,Packaging,2021,10473349.84,72903823.84,9209.2719,1111.6765,1262.6236,6956.8699,2018.0,2035.0,0.3963,0.1482,2018,2040.0,0.3112,702.4188,0.0010803,0.00078946,9209.2719,Provided Total Emissions,True,11314.3598,57554.6528,2105.0879,48345.3809,0.228584,5.249642,High,None,0.95,Valid
SUP-0010,Packaging Supplier 010,Packaging,2022,10250261.15,73296701.68,10297.0682,3103.7643,1249.9714,6508.0625,2018.0,2035.0,0.3963,0.1482,2018,2040.0,0.3112,702.4188,0.0010803,0.00078946,10297.0682,Provided Total Emissions,True,11073.3571,57864.8141,776.2889,47567.7459,0.075389,4.619543,High,None,0.95,Valid
SUP-0010,Packaging Supplier 010,Packaging,2023,11438960.5,90459661.25,13321.4396,3128.2036,2624.6506,6978.5164,2018.0,2035.0,0.3963,0.1482,2018,2040.0,0.3112,702.4188,0.0010803,0.00078946,13321.4396,Provided Total Emissions,True,12357.509,71414.2842,-963.9306,58092.8446,-0.072359,4.360853,High,None,0.95,Valid
SUP-0010,Packaging Supplier 010,Packaging,2024,11589992.26,72105203.11,10699.7983,2412.7953,2333.4039,5974.333,2018.0,2035.0,0.3963,0.1482,2018,2040.0,0.3112,702.4188,0.0010803,0.00078946,10699.7983,Provided Total Emissions,True,12520.6686,56924.1736,1820.8703,46224.3753,0.170178,4.320117,High,None,0.95,Valid
SUP-0011,Agriculture Supplier 011,Agriculture,2015,18737349.08,124980459.4,24028.7419,3821.9408,4710.2418,16244.5014,2020.0,2040.0,0.3477,0.1695,2018,,,529.8294,0.00091413,0.00096913,24028.7419,Provided Total Emissions,True,17128.3729,121122.3126,-6900.369,97093.5707,-0.287171,4.040726,High,None,0.95,Valid
SUP-0011,Agriculture Supplier 011,Agriculture,2016,16392509.45,132096185.17,15868.8242,3559.372,2961.2416,8394.1878,2020.0,2040.0,0.3477,0.1695,2018,,,529.8294,0.00091413,0.00096913,15868.8242,Provided Total Emissions,True,14984.8847,128018.3759,-883.9395,112149.5517,-0.055703,7.067288,High,None,0.95,Valid
SUP-0011,Agriculture Supplier 011,Agriculture,2017,17778817.86,137459569.12,20774.162,2784.3816,3614.609,13874.3499,2020.0,2040.0,0.3477,0.1695,2018,,,529.8294,0.00091413,0.00096913,20774.162,Provided Total Emissions,True,16252.1508,133216.1922,-4522.0112,112442.0302,-0.217675,5.41259,High,None,0.95,Valid
SUP-0011,Agriculture Supplier 011,Agriculture,2018,16469341.57,141276034.42,20743.6603,4643.4388,1224.8048,13425.9298,2020.0,2040.0,0.3477,0.1695,2018,,,529.8294,0.00091413,0.00096913,20743.6603,Provided Total Emissions,True,15055.1192,136914.8432,-5688.5411,116171.1829,-0.27423,5.600322,High,None,0.95,Valid
SUP-0011,Agriculture Supplier 011,Agriculture,2019,19971956.58,118739196.4,23206.689,3716.2856,4772.0831,14307.101,2020.0,2040.0,0.3477,0.1695,2018,,,529.8294,0.00091413,0.00096913,23206.689,Provided Total Emissions,True,18256.9647,115073.7174,-4949.7243,91867.0284,-0.213289,3.958644,High,None,0.95,Valid
SUP-0011,Agriculture Supplier 011,Agriculture,2020,19711510.84,112992865.51,26547.3363,3567.4277,1855.6114,23794.5294,2020.0,2040.0,0.3477,0.1695,2018,,,529.8294,0.00091413,0.00096913,26547.3363,Provided Total Emissions,True,18018.8834,109504.7758,-8528.4529,82957.4395,-0.321255,3.124888,High,None,0.95,Valid
SUP-0011,Agriculture Supplier 011,Agriculture,2021,22090475.36,131106240.77,26266.1654,3119.0474,4968.2071,18222.7899,2020.0,2040.0,0.3477,0.1695,2018,,,529.8294,0.00091413,0.00096913,26266.1654,Provided Total Emissions,True,20193.5662,127058.9911,-6072.5992,100792.8257,-0.231195,3.837364,High,None,0.95,Valid
SUP-0011,Agriculture Supplier 011,Agriculture,2022,19454028.72,112049353.2,22781.644,2483.607,1902.7816,16427.262,2020.0,2040.0,0.3477,0.1695,2018,,,529.8294,0.00091413,0.00096913,22781.644,Provided Total Emissions,True,17783.5113,108590.3897,-4998.1327,85808.7457,-0.219393,3.766574,High,None,0.95,Valid
SUP-0011,Agriculture Supplier 011,Agriculture,2023,19497527.78,144974794.64,20023.4691,4977.4552,3416.7924,12755.5168,2020.0,2040.0,0.3477,0.1695,2018,,,529.8294,0.00091413,0.00096913,20023.4691,Provided Total Emissions,True,17823.2751,140499.4227,-2200.194,120475.9536,-0.109881,6.016737,High,None,0.95,Valid
SUP-0011,Agriculture Supplier 011,Agriculture,2024,20856357.09,109421404.1,22527.4382,5623.3532,2525.3928,15905.1585,2020.0,2040.0,0.3477,0.1695,2018,,,529.8294,0.00091413,0.00096913,22527.4382,Provided Total Emissions,True,19065.4217,106043.5654,-3462.0165,83516.1272,-0.15368,3.707307,High,None,0.95,Valid
SUP-0012,Textiles Supplier 012,Textiles,2015,16132716.31,113317502.67,2965.4297,610.6158,345.8851,2311.8881,,,,,2019,2030.0,0.3171,401.7335,0.00029221,0.00017343,2965.4297,Provided Total Emissions,True,4714.141,19652.6545,1748.7113,16687.2248,0.589699,5.627254,High,None,0.95,Valid
SUP-0012,Textiles Supplier 012,Textiles,2016,16542936.23,118984110.76,3034.9761,297.4317,399.1682,2499.2047,,,,,2019,2030.0,0.3171,401.7335,0.00029221,0.00017343,3034.9761,Provided Total Emissions,True,4834.0114,20635.4143,1799.0353,17600.4382,0.592768,5.799202,High,None,0.95,Valid
SUP-0012,Textiles Supplier 012,Textiles,2017,18689663.55,151900741.93,3075.149,584.1612,491.7075,2141.6052,,,,,2019,2030.0,0.3171,401.7335,0.00029221,0.00017343,3075.149,Provided Total Emissions,True,5461.3066,26344.1457,2386.1576,23268.9967,0.775949,7.566787,High,None,0.95,Valid
SUP-0012,Textiles Supplier 012,Textiles,2018,21920983.47,159287047.01,3170.1424,858.1265,449.7598,1779.8168,,,,,2019,2030.0,0.3171,401.7335,0.00029221,0.00017343,3170.1424,Provided Total Emissions,True,6405.5306,27625.1526,3235.3882,24455.0102,1.020581,7.714168,High,None,0.95,Valid
SUP-0012,Textiles Supplier 012,Textiles,2019,18960427.94,167321797.34,3826.7301,906.5643,687.5201,2294.8817,,,,,2019,2030.0,0.3171,401.7335,0.00029221,0.00017343,3826.7301,Provided Total Emissions,True,5540.4266,29018.6193,1713.6965,25191.8892,0.447823,6.583137,High,None,0.95,Valid
SUP-0012,Textiles Supplier 012,Textiles,2020,23137923.07,167871326.95,4419.0129,675.4344,812.4313,2894.252,,,,,2019,2030.0,0.3171,401.7335,0.00029221,0.00017343,4419.0129,Provided Total Emissions,True,6761.1325,29113.9242,2342.1196,24694.9113,0.53001,5.588332,High,None,0.95,Valid
SUP-0012,Textiles Supplier 012,Textiles,2021,20795844.13,157383910.73,4289.9676,539.8788,438.077,3321.9238,,,,,2019,2030.0,0.3171,401.7335,0.00029221,0.00017343,4289.9676,Provided Total Emissions,True,6076.7536,27295.0916,1786.786,23005.124,0.416503,5.36254,High,None,0.95,Valid
SUP-0012,Textiles Supplier 012,Textiles,2022,21756851.6,198340358.72,4669.4346,916.8105,959.3006,3145.748,,,,,2019,2030.0,0.3171,401.7335,0.00029221,0.00017343,4669.4346,Provided Total Emissions,True,6357.5696,34398.1684,1688.135,29728.7338,0.361529,6.366667,High,None,0.95,Valid
SUP-0012,Textiles Supplier 012,Textiles,2023,29447898.31,197653463.47,5186.3794,930.1838,738.0038,3210.8004,,,,,2019,2030.0,0.3171,401.7335,0.00029221,0.00017343,5186.3794,Provided Total Emissions,True,8604.9704,34279.0402,3418.591,29092.6608,0.659148,5.609436,High,None,0.95,Valid
SUP-0012,Textiles Supplier 012,Textiles,2024,28117792.16,188548606.72,5818.5637,1387.6296,777.2957,3532.3272,,,,,2019,2030.0,0.3171,401.7335,0.00029221,0.00017343,5818.5637,Provided Total Emissions,True,8216.3,32699.9849,2397.7363,26881.4212,0.412084,4.619941,High,None,0.95,Valid
SUP-0013,Electronics Supplier 013,Electronics,2015,7568103.52,18931948.0,8966.5666,975.6255,1308.7717,6571.2586,,,,,2018,2040.0,0.3424,635.1588,0.00086105,0.00013947,8966.5666,Provided Total Emissions,True,6516.5155,2640.4388,-2450.0511,-6326.1278,-0.273243,-0.705524,High,None,0.95,Valid
SUP-0013,Electronics Supplier 013,Electronics,2016,8136724.21,19103472.14,8523.9705,1744.3695,739.3195,6379.5815,,,,,2018,2040.0,0.3424,635.1588,0.00086105,0.00013947,8523.9705,Provided Total Emissions,True,7006.1264,2664.3613,-1517.8441,-5859.6092,-0.178068,-0.687427,High,None,0.95,Valid
SUP-0013,Electronics Supplier 013,Electronics,2017,6880866.02,20203652.56,8603.5303,1330.1897,856.8607,6356.7543,,,,,2018,2040.0,0.3424,635.1588,0.00086105,0.00013947,8603.5303,Provided Total Emissions,True,5924.7697,2817.8034,-2678.7606,-5785.7269,-0.311356,-0.672483,High,None,0.95,Valid
SUP-0013,Electronics Supplier 013,Electronics,2018,8256496.51,15796472.47,7950.0633,2171.1405,1477.2199,4907.9218,,,,,2018,2040.0,0.3424,635.1588,0.00086105,0.00013947,7950.0633,Provided Total Emissions,True,7109.2563,2203.134,-840.807,-5746.9293,-0.105761,-0.722878,High,None,0.95,Valid
SUP-0013,Electronics Supplier 013,Electronics,2019,7731017.25,16479763.28,8393.1665,956.8842,1671.1615,5950.5726,,,,,2018,2040.0,0.3424,635.1588,0.00086105,0.00013947,8393.1665,Provided Total Emissions,True,6656.7924,2298.4326,-1736.3741,-6094.7339,-0.20688,-0.726154,High,None,0.95,Valid
SUP-0013,Electronics Supplier 013,Electronics,2020,7377328.76,21240817.67,6903.8459,2091.7104,1626.3133,4139.5953,,,,,2018,2040.0,0.3424,635.1588,0.00086105,0.00013947,6903.8459,Provided Total Emissions,True,6352.2489,2962.4568,-551.597,-3941.3891,-0.079897,-0.570898,High,None,0.95,Valid
SUP-0013,Electronics Supplier 013,Electronics,2021,6168281.02,21505370.08,7580.7361,776.6937,1333.5566,4859.1966,,,,,2018,2040.0,0.3424,635.1588,0.00086105,0.00013947,7580.7361,Provided Total Emissions,True,5311.1984,2999.354,-2269.5377,-4581.3821,-0.299382,-0.604345,High,None,0.95,Valid
SUP-0013,Electronics Supplier 013,Electronics,2022,7401107.6,19042837.71,7196.7714,998.1185,594.6608,5054.0253,,,,,2018,2040.0,0.3424,635.1588,0.00086105,0.00013947,7196.7714,Provided Total Emissions,True,6372.7237,2655.9046,-824.0477,-4540.8668,-0.114502,-0.630959,High,None,0.95,Valid
SUP-0013,Electronics Supplier 013,Electronics,2023,9259296.72,16828370.46,7703.8025,1041.755,1345.6381,5793.3158,,,,,2018,2040.0,0.3424,635.1588,0.00086105,0.00013947,7703.8025,Provided Total Emissions,True,7972.7174,2347.0528,268.9149,-5356.7497,0.034907,-0.695338,High,None,0.95,Valid
SUP-0013,Electronics Supplier 013,Electronics,2024,7043670.44,17996629.42,6510.22,631.1288,916.1944,4871.3148,,,,,2018,2040.0,0.3424,635.1588,0.00086105,0.00013947,6510.22,Provided Total Emissions,True,6064.9524,2509.9899,-445.2676,-4000.2301,-0.068395,-0.614454,High,None,0.95,Valid
SUP-0014,Textiles Supplier 014,Textiles,2015,13245650.48,84805483.07,3706.3867,422.9413,645.7306,2706.0896,,,,,2019,2030.0,0.3171,401.7335,0.00029221,0.00017343,3706.3867,Provided Total Emissions,True,3870.5115,14707.8149,164.1248,11001.4282,0.044282,2.968235,High,None,0.95,Valid
SUP-0014,Textiles Supplier 014,Textiles,2016,13909185.51,96937451.9,4263.5461,832.5032,453.1903,2734.3678,,,,,2019,2030.0,0.3171,401.7335,0.00029221,0.00017343,4263.5461,Provided Total Emissions,True,4064.4031,16811.8623,-199.143,12548.3162,-0.046708,2.943164,High,None,0.95,Valid
SUP-0014,Textiles Supplier 014,Textiles,2017,15582388.34,103144929.93,4171.2319,795.1103,671.9011,2774.8591,,,,,2019,2030.0,0.3171,401.7335,0.00029221,0.00017343,4171.2319,Provided Total Emissions,True,4553.3297,17888.4252,382.0978,13717.1933,0.091603,3.288523,High,None,0.95,Valid
SUP-0014,Textiles Supplier 014,Textiles,2018,17190385.76,115378190.53,4611.7523,954.7508,866.3863,2901.5935,,,,,2019,2030.0,0.3171,401.7335,0.00029221,0.00017343,4611.7523,Provided Total Emissions,True,5023.2026,20010.0396,411.4503,15398.2873,0.089218,3.338923,High,None,0.95,Valid
SUP-0014,Textiles Supplier 014,Textiles,2019,17421971.51,137513675.12,4955.1243,534.6615,536.8023,3552.1649,,,,,2019,2030.0,0.3171,401.7335,0.00029221,0.00017343,4955.1243,Provided Total Emissions,True,5090.8743,23848.9967,135.75,18893.8724,0.027396,3.812997,High,None,0.95,Valid
SUP-0014,Textiles Supplier 014,Textiles,2020,17617474.41,172344577.58,4622.058,528.1533,325.6831,3915.9074,,,,,2019,2030.0,0.3171,401.7335,0.00029221,0.00017343,4622.058,Provided Total Emissions,True,5148.0022,29889.7201,525.9442,25267.6621,0.11379,5.466756,High,None,0.95,Valid
SUP-0014,Textiles Supplier 014,Textiles,2021,22064098.15,160606105.73,4324.2977,610.5491,649.2472,3570.9364,,,,,2019,2030.0,0.3171,401.7335,0.00029221,0.00017343,4324.2977,Provided Total Emissions,True,6447.3501,27853.9169,2123.0524,23529.6192,0.490959,5.441258,High,None,0.95,Valid
SUP-0014,Textiles Supplier 014,Textiles,2022,22165175.89,191011078.27,5070.9519,686.4191,323.8394,3821.86,,,,,2019,2030.0,0.3171,401.7335,0.00029221,0.00017343,5070.9519,Provided Total Emissions,True,6476.886,33127.0513,1405.9341,28056.0994,0.277253,5.532709,High,None,0.95,Valid
SUP-0014,Textiles Supplier 014,Textiles,2023,25579745.77,171925399.42,6371.7312,1337.6062,816.0549,4090.2878,,,,,2019,2030.0,0.3171,401.7335,0.00029221,0.00017343,6371.7312,Provided Total Emissions,True,7474.6575,29817.022,1102.9263,23445.2908,0.173097,3.679579,High,None,0.95,Valid
SUP-0014,Textiles Supplier 014,Textiles,2024,24664450.64,213988750.54,4273.9353,488.1233,460.1649,3618.1924,,,,,2019,2030.0,0.3171,401.7335,0.00029221,0.00017343,4273.9353,Provided Total Emissions,True,7207.1991,37112.069,2933.2638,32838.1337,0.686315,7.683348,High,None,0.95,Valid
SUP-0015,Packaging Supplier 015,Packaging,2015,17362318.1,105884568.27,27833.4162,2488.6204,6234.9318,20517.3902,2019.0,2040.0,0.2525,0.1186,2018,2040.0,0.3112,702.4188,0.0010803,0.00078946,27833.4162,Provided Total Emissions,True,18756.5122,83591.6313,-9076.904,55758.2151,-0.326115,2.003283,High,None,0.95,Valid
SUP-0015,Packaging Supplier 015,Packaging,2016,18079324.4,94948257.07,26779.0078,4287.6146,3246.4592,20696.204,2019.0,2040.0,0.2525,0.1186,2018,2040.0,0.3112,702.4188,0.0010803,0.00078946,26779.0078,Provided Total Emissions,True,19531.0941,74957.851,-7247.9137,48178.8432,-0.270657,1.799127,High,None,0.95,Valid
SUP-0015,Packaging Supplier 015,Packaging,2017,19683950.21,120535774.72,30484.5268,5730.7464,3365.3853,21730.0387,2019.0,2040.0,0.2525,0.1186,2018,2040.0,0.3112,702.4188,0.0010803,0.00078946,30484.5268,Provided Total Emissions,True,21264.5714,95158.1727,-9219.9554,64673.6459,-0.302447,2.121524,High,None,0.95,Valid
SUP-0015,Packaging Supplier 015,Packaging,2018,18534757.37,127244406.88,30973.7441,8868.8404,2412.7626,19932.6345,2019.0,2040.0,0.2525,0.1186,2018,2040.0,0.3112,702.4188,0.0010803,0.00078946,30973.7441,Provided Total Emissions,True,20023.0984,100454.3695,-10950.6457,69480.6254,-0.353546,2.24321,High,None,0.95,Valid
SUP-0015,Packaging Supplier 015,Packaging,2019,18181512.6,115006281.01,34263.2294,8362.6245,2530.5312,22578.3783,2019.0,2040.0,0.2525,0.1186,2018,2040.0,0.3112,702.4188,0.0010803,0.00078946,34263.2294,Provided Total Emissions,True,19641.4881,90792.8586,-14621.7413,56529.6292,-0.426747,1.649863,High,None,0.95,Valid
SUP-0015,Packaging Supplier 015,Packaging,2020,19538013.74,115627745.49,29631.9875,4200.7363,6319.9879,20327.9939,2019.0,2040.0,0.2525,0.1186,2018,2040.0,0.3112,702.4188,0.0010803,0.00078946,29631.9875,Provided Total Emissions,True,21106.9162,91283.48,-8525.0713,61651.4925,-0.287698,2.080572,High,None,0.95,Valid
SUP-0015,Packaging Supplier 015,Packaging,2021,18965830.99,121663620.68,36730.7344,7434.6777,4718.3821,27166.8511,2019.0,2040.0,0.2525,0.1186,2018,2040.0,0.3112,702.4188,0.0010803,0.00078946,36730.7344,Provided Total Emissions,True,20488.7872,96048.562,-16241.9472,59317.8276,-0.44219,1.614937,High,None,0.95,Valid
SUP-0015,Packaging Supplier 015,Packaging,2022,17989169.72,120914987.05,31900.7786,3405.5722,5480.2854,19810.2206,2019.0,2040.0,0.2525,0.1186,2018,2040.0,0.3112,702.4188,0.0010803,0.00078946,31900.7786,Provided Total Emissions,True,19433.7,95457.5457,-12467.0786,63556.7671,-0.390808,1.992327,High,None,0.95,Valid
SUP-0015,Packaging Supplier 015,Packaging,2023,18310064.34,120347331.67,24363.5093,6155.8592,1782.1161,17679.3158,2019.0,2040.0,0.2525,0.1186,2018,2040.0,0.3112,702.4188,0.0010803,0.00078946,24363.5093,Provided Total Emissions,True,19780.3625,95009.4045,-4583.1468,70645.8952,-0.188115,2.89966,High,None,0.95,Valid
SUP-0015,Packaging Supplier 015,Packaging,2024,19994189.82,110798630.88,33949.0529,6231.8621,5555.3183,19678.3135,2019.0,2040.0,0.2525,0.1186,2018,2040.0,0.3112,702.4188,0.0010803,0.00078946,33949.0529,Provided Total Emissions,True,21599.7233,87471.0871,-12349.3296,53522.0342,-0.363761,1.57654,High,None,0.95,Valid
SUP-0016,Metals Supplier 016,Metals,2015,11538760.2,82972433.14,7433.9568,1201.2624,659.7274,5516.4453,2018.0,2040.0,0.2599,0.1001,2019,2030.0,0.3852,158.2904,0.00100695,0.00065008,7433.9568,Provided Total Emissions,True,11618.9546,53938.7193,4184.9978,46504.7625,0.562957,6.255721,High,None,0.95,Valid
SUP-0016,Metals Supplier 016,Metals,2016,11582344.91,109873725.67,8046.8331,767.9359,1739.212,5631.282,2018.0,2040.0,0.2599,0.1001,2019,2030.0,0.3852,158.2904,0.00100695,0.00065008,8046.8331,Provided Total Emissions,True,11662.8422,71426.7116,3616.0091,63379.8785,0.44937,7.876375,High,None,0.95,Valid
SUP-0016,Metals Supplier 016,Metals,2017,12259966.42,102173572.13,7125.2866,1100.7631,677.3647,5280.1706,2018.0,2040.0,0.2599,0.1001,2019,2030.0,0.3852,158.2904,0.00100695,0.00065008,7125.2866,Provided Total Emissions,True,12345.1732,66420.9958,5219.8866,59295.7092,0.732586,8.32187,High,None,0.95,Valid
SUP-0016,Metals Supplier 016,Metals,2018,10800802.23,81944716.14,6679.2649,1055.709,1002.0031,4468.8623,2018.0,2040.0,0.2599,0.1001,2019,2030.0,0.3852,158.2904,0.00100695,0.00065008,6679.2649,Provided Total Emissions,True,10875.8678,53270.6211,4196.6029,46591.3562,0.628303,6.975522,High,None,0.95,Valid
SUP-0016,Metals Supplier 016,Metals,2019,10969288.09,97730159.46,7199.7775,1208.6378,541.22,5448.0896,2018.0,2040.0,0.2599,0.1001,2019,2030.0,0.3852,158.2904,0.00100695,0.00065008,7199.7775,Provided Total Emissions,True,11045.5246,63532.4221,3845.7471,56332.6446,0.534148,7.82422,High,None,0.95,Valid
SUP-0016,Metals Supplier 016,Metals,2020,9850074.99,81474384.67,5122.5498,1117.9421,982.0932,2888.2406,2018.0,2040.0,0.2599,0.1001,2019,2030.0,0.3852,158.2904,0.00100695,0.00065008,5122.5498,Provided Total Emissions,True,9918.533,52964.868,4795.9832,47842.3182,0.936249,9.339552,High,None,0.95,Valid
SUP-0016,Metals Supplier 016,Metals,2021,11240115.88,112241313.53,5184.4682,747.757,869.9752,3531.9265,2018.0,2040.0,0.2599,0.1001,2019,2030.0,0.3852,158.2904,0.00100695,0.00065008,5184.4682,Provided Total Emissions,True,11318.2347,72965.8331,6133.7665,67781.3649,1.183104,13.073928,High,None,0.95,Valid
SUP-0016,Metals Supplier 016,Metals,2022,10552847.67,83741002.12,4669.038,986.9663,515.8257,3156.8553,2018.0,2040.0,0.2599,0.1001,2019,2030.0,0.3852,158.2904,0.00100695,0.00065008,4669.038,Provided Total Emissions,True,10626.19,54438.3507,5957.152,49769.3127,1.275884,10.659436,High,None,0.95,Valid
SUP-0016,Metals Supplier 016,Metals,2023,11632492.06,73623651.97,5574.4952,992.1398,733.5021,3835.073,2018.0,2040.0,0.2599,0.1001,2019,2030.0,0.3852,158.2904,0.00100695,0.00065008,5574.4952,Provided Total Emissions,True,11713.3379,47861.2637,6138.8427,42286.7685,1.101237,7.585757,High,None,0.95,Valid
SUP-0016,Metals Supplier 016,Metals,2024,10927929.9,74404649.87,4467.5461,717.3159,410.1449,3460.3599,2018.0,2040.0,0.2599,0.1001,2019,2030.0,0.3852,158.2904,0.00100695,0.00065008,4467.5461,Provided Total Emissions,True,11003.879,48368.9748,6536.3329,43901.4287,1.46307,9.826743,High,None,0.95,Valid
SUP-0017,Electronics Supplier 017,Electronics,2015,12609467.42,64512073.81,6489.2628,699.1606,978.2215,4529.7287,2020.0,2035.0,0.5999,0.2666,2018,2040.0,0.3424,635.1588,0.00086105,0.00013947,6489.2628,Provided Total Emissions,True,10857.3819,8997.4989,4368.1191,2508.2361,0.67313,0.386521,High,None,0.95,Valid
SUP-0017,Electronics Supplier 017,Electronics,2016,12656490.54,95229369.17,8232.8767,1151.6766,1200.7176,5648.1665,2020.0,2035.0,0.5999,0.2666,2018,2040.0,0.3424,635.1588,0.00086105,0.00013947,8232.8767,Provided Total Emissions,True,10897.8712,13281.6401,2664.9945,5048.7634,0.323701,0.613244,High,None,0.95,Valid
SUP-0017,Electronics Supplier 017,Electronics,2017,13053287.39,96689008.13,8561.072,2356.4715,703.9186,6357.5203,2020.0,2035.0,0.5999,0.2666,2018,2040.0,0.3424,635.1588,0.00086105,0.00013947,8561.072,Provided Total Emissions,True,11239.5331,13485.216,2678.4611,4924.144,0.312865,0.575178,High,None,0.95,Valid
SUP-0017,Electronics Supplier 017,Electronics,2018,12023318.7,82006756.42,8661.5954,1490.8426,1836.7381,4981.8211,2020.0,2035.0,0.5999,0.2666,2018,2040.0,0.3424,635.1588,0.00086105,0.00013947,8661.5954,Provided Total Emissions,True,10352.6786,11437.4823,1691.0832,2775.8869,0.195239,0.320482,High,None,0.95,Valid
SUP-0017,Electronics Supplier 017,Electronics,2019,11875083.08,90406953.58,6536.4749,1015.1375,751.0753,4655.4475,2020.0,2035.0,0.5999,0.2666,2018,2040.0,0.3424,635.1588,0.00086105,0.00013947,6536.4749,Provided Total Emissions,True,10225.0403,12609.0578,3688.5654,6072.5829,0.564305,0.92903,High,None,0.95,Valid
SUP-0017,Electronics Supplier 017,Electronics,2020,9040936.71,89890472.49,3595.3805,734.5496,281.8244,2436.4215,2020.0,2035.0,0.5999,0.2666,2018,2040.0,0.3424,635.1588,0.00086105,0.00013947,3595.3805,Provided Total Emissions,True,7784.6986,12537.0242,4189.3181,8941.6437,1.165195,2.486981,High,None,0.95,Valid
SUP-0017,Electronics Supplier 017,Electronics,2021,10495934.14,84332655.57,6772.3223,673.1578,1384.7532,5365.5774,2020.0,2035.0,0.5999,0.2666,2018,2040.0,0.3424,635.1588,0.00086105,0.00013947,6772.3223,Provided Total Emissions,True,9037.5241,11761.8755,2265.2018,4989.5532,0.334479,0.736757,High,None,0.95,Valid
SUP-0017,Electronics Supplier 017,Electronics,2022,11379519.98,72726012.54,5774.5367,697.1536,470.6821,4726.1921,2020.0,2035.0,0.5999,0.2666,2018,2040.0,0.3424,635.1588,0.00086105,0.00013947,5774.5367,Provided Total Emissions,True,9798.3357,10143.097,4023.799,4368.5603,0.696818,0.756521,High,None,0.95,Valid
SUP-0017,Electronics Supplier 017,Electronics,2023,9460022.63,65233778.42,4849.6801,718.4561,580.8194,3568.0581,2020.0,2035.0,0.5999,0.2666,2018,2040.0,0.3424,635.1588,0.00086105,0.00013947,4849.6801,Provided Total Emissions,True,8145.5525,9098.1551,3295.8724,4248.475,0.679606,0.876032,High,None,0.95,Valid
SUP-0017,Electronics Supplier 017,Electronics,2024,12291762.5,99042383.87,6974.0868,1330.6149,479.5272,5173.2292,2020.0,2035.0,0.5999,0.2666,2018,2040.0,0.3424,635.1588,0.00086105,0.00013947,6974.0868,Provided Total Emissions,True,10583.8221,13813.4413,3609.7353,6839.3545,0.517593,0.980681,High,None,0.95,Valid
SUP-0018,Professional Supplier 018,Professional Services,2015,2541074.4,18222629.86,453.6538,88.9344,48.3982,290.6463,,,,,2020,,,400.0326,0.00012906,0.00019658,453.6538,Provided Total Emissions,True,327.9511,3582.2046,-125.7027,3128.5508,-0.27709,6.89634,High,None,0.95,Valid
SUP-0018,Professional Supplier 018,Professional Services,2016,2494119.0,15113664.17,411.5977,48.626,58.5548,299.9857,,,,,2020,,,400.0326,0.00012906,0.00019658,411.5977,Provided Total Emissions,True,321.891,2971.0441,-89.7067,2559.4464,-0.217948,6.21832,High,None,0.95,Valid
SUP-0018,Professional Supplier 018,Professional Services,2017,2563969.59,16898778.43,417.8117,85.9928,75.1117,258.7569,,,,,2020,,,400.0326,0.00012906,0.00019658,417.8117,Provided Total Emissions,True,330.9059,3321.9619,-86.9058,2904.1502,-0.208002,6.950859,High,None,0.95,Valid
SUP-0018,Professional Supplier 018,Professional Services,2018,2292693.39,14183404.0,379.2739,49.9963,71.8554,265.6098,,,,,2020,,,400.0326,0.00012906,0.00019658,379.2739,Provided Total Emissions,True,295.895,2788.1736,-83.3789,2408.8997,-0.219838,6.351346,High,None,0.95,Valid
SUP-0018,Professional Supplier 018,Professional Services,2019,1906983.72,14905301.33,247.9613,39.1163,17.8626,210.0307,,,,,2020,,,400.0326,0.00012906,0.00019658,247.9613,Provided Total Emissions,True,246.1153,2930.0841,-1.846,2682.1228,-0.007445,10.816699,High,None,0.95,Valid
SUP-0018,Professional Supplier 018,Professional Services,2020,2626337.42,14573468.03,396.4826,94.655,46.2136,241.8666,,,,,2020,,,400.0326,0.00012906,0.00019658,396.4826,Provided Total Emissions,True,338.9551,2864.8523,-57.5275,2468.3697,-0.145095,6.22567,High,None,0.95,Valid
SUP-0018,Professional Supplier 018,Professional Services,2021,2219050.14,18997821.02,298.5838,59.3507,30.7841,215.2202,,,,,2020,,,400.0326,0.00012906,0.00019658,298.5838,Provided Total Emissions,True,286.3906,3734.5917,-12.1932,3436.0079,-0.040837,11.507683,High,None,0.95,Valid
SUP-0018,Professional Supplier 018,Professional Services,2022,2337255.26,17373114.82,268.6694,72.8982,57.9549,148.0152,,,,,2020,,,400.0326,0.00012906,0.00019658,268.6694,Provided Total Emissions,True,301.6462,3415.2069,32.9768,3146.5375,0.122741,11.711559,High,None,0.95,Valid
SUP-0018,Professional Supplier 018,Professional Services,2023,1816767.79,10870631.98,192.5024,19.5382,17.1927,143.3505,,,,,2020,,,400.0326,0.00012906,0.00019658,192.5024,Provided Total Emissions,True,234.4721,2136.9488,41.9697,1944.4464,0.218021,10.100895,High,None,0.95,Valid
SUP-0018,Professional Supplier 018,Professional Services,2024,2101779.39,17106470.76,231.6462,58.6964,47.0019,114.9503,,,,,2020,,,400.0326,0.00012906,0.00019658,231.6462,Provided Total Emissions,True,271.2556,3362.79,39.6094,3131.1438,0.170991,13.516923,High,None,0.95,Valid
SUP-0019,Metals Supplier 019,Metals,2015,17169931.75,22450899.61,25564.5171,4151.9482,2905.8973,17440.7275,2021.0,2035.0,0.5173,0.245,2019,2030.0,0.3852,158.2904,0.00100695,0.00065008,25564.5171,Provided Total Emissions,True,17289.2628,14594.8808,-8275.2543,-10969.6363,-0.323701,-0.429096,High,None,0.95,Valid
SUP-0019,Metals Supplier 019,Metals,2016,19576946.44,28606110.85,27456.2609,7389.0406,2834.1281,16600.9268,2021.0,2035.0,0.5173,0.245,2019,2030.0,0.3852,158.2904,0.00100695,0.00065008,27456.2609,Provided Total Emissions,True,19713.0062,18596.2605,-7743.2547,-8860.0004,-0.282021,-0.322695,High,None,0.95,Valid
SUP-0019,Metals Supplier 019,Metals,2017,20555763.04,27548765.77,32177.465,5794.1512,4906.6191,22134.93,2021.0,2035.0,0.5173,0.245,2019,2030.0,0.3852,158.2904,0.00100695,0.00065008,32177.465,Provided Total Emissions,True,20698.6256,17908.9017,-11478.8394,-14268.5633,-0.356735,-0.443433,High,None,0.95,Valid
SUP-0019,Metals Supplier 019,Metals,2018,19678257.7,25444893.68,24591.1645,5773.147,3628.2746,15871.3668,2021.0,2035.0,0.5173,0.245,2019,2030.0,0.3852,158.2904,0.00100695,0.00065008,24591.1645,Provided Total Emissions,True,19815.0216,16541.2165,-4776.1429,-8049.948,-0.194222,-0.327351,High,None,0.95,Valid
SUP-0019,Metals Supplier 019,Metals,2019,23339873.62,25532896.5,28217.9851,4647.2419,3280.8838,20374.9146,2021.0,2035.0,0.5173,0.245,2019,2030.0,0.3852,158.2904,0.00100695,0.00065008,28217.9851,Provided Total Emissions,True,23502.0857,16598.4254,-4715.8994,-11619.5597,-0.167124,-0.411779,High,None,0.95,Valid
SUP-0019,Metals Supplier 019,Metals,2020,20791262.01,31695690.95,21302.6956,2149.2617,2738.4066,16975.6816,2021.0,2035.0,0.5173,0.245,2019,2030.0,0.3852,158.2904,0.00100695,0.00065008,21302.6956,Provided Total Emissions,True,20935.7613,20604.7348,-366.9343,-697.9608,-0.017225,-0.032764,High,None,0.95,Valid
SUP-0019,Metals Supplier 019,Metals,2021,21855672.03,30550291.96,22965.889,4811.7012,2157.4402,16305.6445,2021.0,2035.0,0.5173,0.245,2019,2030.0,0.3852,158.2904,0.00100695,0.00065008,22965.889,Provided Total Emissions,True,22007.569,19860.1338,-958.32,-3105.7552,-0.041728,-0.135233,High,None,0.95,Valid
SUP-0019,Metals Supplier 019,Metals,2022,23529217.42,23059293.02,19753.3383,2341.5749,3748.9556,12824.1605,2021.0,2035.0,0.5173,0.245,2019,2030.0,0.3852,158.2904,0.00100695,0.00065008,19753.3383,Provided Total Emissions,True,23692.7455,14990.3852,3939.4072,-4762.9531,0.19943,-0.241121,High,None,0.95,Valid
SUP-0019,Metals Supplier 019,Metals,2023,25890690.97,36842061.14,28700.4665,5279.1249,3324.0785,19146.0447,2021.0,2035.0,0.5173,0.245,2019,2030.0,0.3852,158.2904,0.00100695,0.00065008,28700.4665,Provided Total Emissions,True,26070.6313,23950.2871,-2629.8352,-4750.1794,-0.09163,-0.165509,High,None,0.95,Valid
SUP-0019,Metals Supplier 019,Metals,2024,24549341.99,36127319.87,21637.1443,3908.234,1969.4431,16391.7637,2021.0,2035.0,0.5173,0.245,2019,2030.0,0.3852,158.2904,0.00100695,0.00065008,21637.1443,Provided Total Emissions,True,24719.9599,23485.6481,3082.8156,1848.5038,0.142478,0.085432,High,None,0.95,Valid
SUP-0020,Logistics Supplier 020,Logistics,2015,15156328.44,93526966.51,3808.2801,587.7985,698.5398,2521.5506,2020.0,2035.0,0.668,0.2613,2019,2040.0,0.4616,591.6386,0.00022349,0.00047787,3808.2801,Provided Total Emissions,True,3387.2878,44693.7315,-420.9923,40885.4514,-0.110547,10.735936,High,None,0.95,Valid
SUP-0020,Logistics Supplier 020,Logistics,2016,16819560.51,100951976.91,3706.09,616.1444,447.2838,2600.8481,2020.0,2035.0,0.668,0.2613,2019,2040.0,0.4616,591.6386,0.00022349,0.00047787,3706.09,Provided Total Emissions,True,3759.0036,48241.9212,52.9136,44535.8312,0.014277,12.016932,High,None,0.95,Valid
SUP-0020,Logistics Supplier 020,Logistics,2017,14927911.15,102056225.65,3110.4722,479.8663,363.6482,2119.0045,2020.0,2035.0,0.668,0.2613,2019,2040.0,0.4616,591.6386,0.00022349,0.00047787,3110.4722,Provided Total Emissions,True,3336.2389,48769.6086,225.7667,45659.1364,0.072583,14.679166,High,None,0.95,Valid
SUP-0020,Logistics Supplier 020,Logistics,2018,20355974.24,115428040.27,3481.464,810.8945,276.7852,2274.6983,2020.0,2035.0,0.668,0.2613,2019,2040.0,0.4616,591.6386,0.00022349,0.00047787,3481.464,Provided Total Emissions,True,4549.3567,55159.5976,1067.8927,51678.1336,0.306737,14.843794,High,None,0.95,Valid
SUP-0020,Logistics Supplier 020,Logistics,2019,19269545.46,132983686.64,2853.2387,465.0825,596.7748,1833.9609,2020.0,2035.0,0.668,0.2613,2019,2040.0,0.4616,591.6386,0.00022349,0.00047787,2853.2387,Provided Total Emissions,True,4306.5507,63548.9143,1453.312,60695.6756,0.509355,21.272554,High,None,0.95,Valid
SUP-0020,Logistics Supplier 020,Logistics,2020,19826889.65,168332883.14,3133.1158,809.2578,552.4873,1960.0902,2020.0,2035.0,0.668,0.2613,2019,2040.0,0.4616,591.6386,0.00022349,0.00047787,3133.1158,Provided Total Emissions,True,4431.1116,80441.2349,1297.9958,77308.1191,0.414283,24.674517,High,None,0.95,Valid
SUP-0020,Logistics Supplier 020,Logistics,2021,26660563.14,149710155.19,3108.732,814.2219,305.4906,2122.8596,2020.0,2035.0,0.668,0.2613,2019,2040.0,0.4616,591.6386,0.00022349,0.00047787,3108.732,Provided Total Emissions,True,5958.3693,71541.9919,2849.6373,68433.2599,0.916656,22.013239,High,None,0.95,Valid
SUP-0020,Logistics Supplier 020,Logistics,2022,24939588.08,154753318.7,3414.0058,387.0745,618.3888,2413.9488,2020.0,2035.0,0.668,0.2613,2019,2040.0,0.4616,591.6386,0.00022349,0.00047787,3414.0058,Provided Total Emissions,True,5573.7485,73951.9684,2159.7427,70537.9626,0.632612,20.661348,High,None,0.95,Valid
SUP-0020,Logistics Supplier 020,Logistics,2023,24539327.17,202551178.46,4268.9436,558.3005,565.1122,3206.3475,2020.0,2035.0,0.668,0.2613,2019,2040.0,0.4616,591.6386,0.00022349,0.00047787,4268.9436,Provided Total Emissions,True,5484.2942,96793.1317,1215.3506,92524.1881,0.284696,21.67379,High,None,0.95,Valid
SUP-0020,Logistics Supplier 020,Logistics,2024,28872722.48,176082919.37,3896.7543,571.8148,731.9186,2469.7873,2020.0,2035.0,0.668,0.2613,2019,2040.0,0.4616,591.6386,0.00022349,0.00047787,3896.7543,Provided Total Emissions,True,6452.7647,84144.7447,2556.0104,80247.9904,0.655933,20.593546,High,None,0.95,Valid
SUP-0021,Textiles Supplier 021,Textiles,2015,6392089.25,38559902.55,2699.1645,470.7515,440.56,1642.4406,2018.0,2030.0,0.4825,0.2517,2019,2030.0,0.3171,401.7335,0.00029221,0.00017343,2699.1645,Provided Total Emissions,True,1867.8324,6687.4439,-831.3321,3988.2794,-0.307996,1.477598,High,None,0.95,Valid
SUP-0021,Textiles Supplier 021,Textiles,2016,5726914.02,34789295.99,2198.746,611.4398,189.1185,1432.1347,2018.0,2030.0,0.4825,0.2517,2019,2030.0,0.3171,401.7335,0.00029221,0.00017343,2198.746,Provided Total Emissions,True,1673.4615,6033.5076,-525.2845,3834.7616,-0.238902,1.744068,High,None,0.95,Valid
SUP-0021,Textiles Supplier 021,Textiles,2017,5455132.56,32944362.66,1801.5371,200.4707,153.1774,1637.2568,2018.0,2030.0,0.4825,0.2517,2019,2030.0,0.3171,401.7335,0.00029221,0.00017343,1801.5371,Provided Total Emissions,True,1594.0443,5713.5408,-207.4928,3912.0037,-0.115175,2.171481,High,None,0.95,Valid
SUP-0021,Textiles Supplier 021,Textiles,2018,5152368.7,32682807.82,1637.445,231.4642,286.3204,955.4575,2018.0,2030.0,0.4825,0.2517,2019,2030.0,0.3171,401.7335,0.00029221,0.00017343,1637.445,Provided Total Emissions,True,1505.5737,5668.1794,-131.8713,4030.7344,-0.080535,2.4616,High,None,0.95,Valid
SUP-0021,Textiles Supplier 021,Textiles,2019,5284885.05,30701259.56,1439.1483,363.0174,318.7144,828.9106,2018.0,2030.0,0.4825,0.2517,2019,2030.0,0.3171,401.7335,0.00029221,0.00017343,1439.1483,Provided Total Emissions,True,1544.2963,5324.5194,105.148,3885.3711,0.073063,2.699771,High,None,0.95,Valid
SUP-0021,Textiles Supplier 021,Textiles,2020,5611368.32,30834914.46,1787.662,221.1469,129.9472,1548.2307,2018.0,2030.0,0.4825,0.2517,2019,2030.0,0.3171,401.7335,0.00029221,0.00017343,1787.662,Provided Total Emissions,True,1639.6979,5347.6992,-147.9641,3560.0372,-0.08277,1.991449,High,None,0.95,Valid
SUP-0021,Textiles Supplier 021,Textiles,2021,5521619.15,28600789.2,1677.4609,241.9544,283.0725,1131.4733,2018.0,2030.0,0.4825,0.2517,2019,2030.0,0.3171,401.7335,0.00029221,0.00017343,1677.4609,Provided Total Emissions,True,1613.4723,4960.2349,-63.9886,3282.774,-0.038146,1.95699,High,None,0.95,Valid
SUP-0021,Textiles Supplier 021,Textiles,2022,4763731.94,32917986.02,1012.5026,130.1267,139.0924,773.2897,2018.0,2030.0,0.4825,0.2517,2019,2030.0,0.3171,401.7335,0.00029221,0.00017343,1012.5026,Provided Total Emissions,True,1392.0101,5708.9663,379.5075,4696.4637,0.374821,4.638471,High,None,0.95,Valid
SUP-0021,Textiles Supplier 021,Textiles,2023,4711664.55,38380495.16,1341.5257,302.7368,177.6983,816.4175,2018.0,2030.0,0.4825,0.2517,2019,2030.0,0.3171,401.7335,0.00029221,0.00017343,1341.5257,Provided Total Emissions,True,1376.7955,6656.3293,35.2698,5314.8036,0.026291,3.961761,High,None,0.95,Valid
SUP-0021,Textiles Supplier 021,Textiles,2024,4926592.51,36793939.37,1191.0759,189.308,165.6905,876.3218,2018.0,2030.0,0.4825,0.2517,2019,2030.0,0.3171,401.7335,0.00029221,0.00017343,1191.0759,Provided Total Emissions,True,1439.5996,6381.1729,248.5237,5190.097,0.208655,4.357486,High,None,0.95,Valid
SUP-0022,Chemicals Supplier 022,Chemicals,2015,17332742.06,64124115.12,22441.9259,2134.6236,2570.43,16207.623,,,,,2019,2035.0,0.5229,506.3191,0.00100149,0.00047124,22441.9259,Provided Total Emissions,True,17358.5678,30217.848,-5083.3581,7775.9221,-0.226512,0.346491,High,None,0.95,Valid
SUP-0022,Chemicals Supplier 022,Chemicals,2016,17364243.59,58836178.49,18561.6056,2617.2221,2449.2969,14371.7664,,,,,2019,2035.0,0.5229,506.3191,0.00100149,0.00047124,18561.6056,Provided Total Emissions,True,17390.1163,27725.9608,-1171.4893,9164.3552,-0.063114,0.493726,High,None,0.95,Valid
SUP-0022,Chemicals Supplier 022,Chemicals,2017,18458371.29,80994594.97,19516.0428,1494.5058,3829.4015,12761.4443,,,,,2019,2035.0,0.5229,506.3191,0.00100149,0.00047124,19516.0428,Provided Total Emissions,True,18485.8743,38167.8929,-1030.1685,18651.8501,-0.052786,0.955719,High,None,0.95,Valid
SUP-0022,Chemicals Supplier 022,Chemicals,2018,15468200.03,103313057.5,16715.6599,4361.1766,1537.4006,10309.2537,,,,,2019,2035.0,0.5229,506.3191,0.00100149,0.00047124,16715.6599,Provided Total Emissions,True,15491.2476,48685.2452,-1224.4123,31969.5853,-0.073249,1.912553,High,None,0.95,Valid
SUP-0022,Chemicals Supplier 022,Chemicals,2019,20039702.87,78962860.08,22404.8985,6409.6901,1555.1787,14594.2431,,,,,2019,2035.0,0.5229,506.3191,0.00100149,0.00047124,22404.8985,Provided Total Emissions,True,20069.562,37210.4582,-2335.3365,14805.5597,-0.104233,0.660818,High,None,0.95,Valid
SUP-0022,Chemicals Supplier 022,Chemicals,2020,19924582.33,82554582.64,22387.9323,2912.2664,4305.6962,15852.4029,,,,,2019,2035.0,0.5229,506.3191,0.00100149,0.00047124,22387.9323,Provided Total Emissions,True,19954.27,38903.0215,-2433.6623,16515.0892,-0.108704,0.737678,High,None,0.95,Valid
SUP-0022,Chemicals Supplier 022,Chemicals,2021,18691228.39,75521290.46,17727.2344,4112.1125,2589.9687,10516.8646,,,,,2019,2035.0,0.5229,506.3191,0.00100149,0.00047124,17727.2344,Provided Total Emissions,True,18719.0783,35588.6529,991.8439,17861.4185,0.05595,1.007569,High,None,0.95,Valid
SUP-0022,Chemicals Supplier 022,Chemicals,2022,19794301.06,107144434.19,16194.2977,2327.3291,1265.3068,12470.5023,,,,,2019,2035.0,0.5229,506.3191,0.00100149,0.00047124,16194.2977,Provided Total Emissions,True,19823.7946,50490.7432,3629.4969,34296.4455,0.224122,2.11781,High,None,0.95,Valid
SUP-0022,Chemicals Supplier 022,Chemicals,2023,18841547.16,83664839.29,21734.171,3191.3429,3998.248,14343.5866,,,,,2019,2035.0,0.5229,506.3191,0.00100149,0.00047124,21734.171,Provided Total Emissions,True,18869.6211,39426.2189,-2864.5499,17692.0479,-0.131799,0.81402,High,None,0.95,Valid
SUP-0022,Chemicals Supplier 022,Chemicals,2024,20030017.08,88354497.29,20122.7364,2114.3888,1174.6508,15427.4638,,,,,2019,2035.0,0.5229,506.3191,0.00100149,0.00047124,20122.7364,Provided Total Emissions,True,20059.8618,41636.1733,-62.8746,21513.4369,-0.003125,1.069111,High,None,0.95,Valid
SUP-0023,Agriculture Supplier 023,Agriculture,2015,6259172.0,30686372.01,5605.1281,1337.0046,746.3754,3045.3149,2018.0,2040.0,0.339,0.1496,2018,,,529.8294,0.00091413,0.00096913,5605.1281,Provided Total Emissions,True,5721.6969,29739.0837,116.5688,24133.9556,0.020797,4.305692,High,None,0.95,Valid
SUP-0023,Agriculture Supplier 023,Agriculture,2016,5392353.22,33436105.41,5407.9631,1045.6761,388.8528,3818.1733,2018.0,2040.0,0.339,0.1496,2018,,,529.8294,0.00091413,0.00096913,5407.9631,Provided Total Emissions,True,4929.3118,32403.9328,-478.6513,26995.9697,-0.088509,4.991892,High,None,0.95,Valid
SUP-0023,Agriculture Supplier 023,Agriculture,2017,6252921.14,29007625.16,5619.1959,988.8669,807.3681,3504.4468,2018.0,2040.0,0.339,0.1496,2018,,,529.8294,0.00091413,0.00096913,5619.1959,Provided Total Emissions,True,5715.9828,28112.1598,96.7869,22492.9639,0.017224,4.002879,High,None,0.95,Valid
SUP-0023,Agriculture Supplier 023,Agriculture,2018,7178702.32,32342058.77,3860.3046,831.7894,264.0439,2688.5768,2018.0,2040.0,0.339,0.1496,2018,,,529.8294,0.00091413,0.00096913,3860.3046,Provided Total Emissions,True,6562.2672,31343.6594,2701.9626,27483.3548,0.699935,7.119478,High,None,0.95,Valid
SUP-0023,Agriculture Supplier 023,Agriculture,2019,6489888.14,32783192.86,5094.0469,1109.7089,535.2453,3224.3259,2018.0,2040.0,0.339,0.1496,2018,,,529.8294,0.00091413,0.00096913,5094.0469,Provided Total Emissions,True,5932.6014,31771.1757,838.5545,26677.1288,0.164615,5.236922,High,None,0.95,Valid
SUP-0023,Agriculture Supplier 023,Agriculture,2020,5329465.01,25656766.54,3371.4788,484.747,295.1296,2514.7576,2018.0,2040.0,0.339,0.1496,2018,,,529.8294,0.00091413,0.00096913,3371.4788,Provided Total Emissions,True,4871.8238,24864.7422,1500.345,21493.2634,0.445011,6.375026,High,None,0.95,Valid
SUP-0023,Agriculture Supplier 023,Agriculture,2021,6304761.93,34978955.63,3567.3077,1050.8803,617.7738,2026.6731,2018.0,2040.0,0.339,0.1496,2018,,,529.8294,0.00091413,0.00096913,3567.3077,Provided Total Emissions,True,5763.372,33899.1553,2196.0643,30331.8476,0.615608,8.502728,High,None,0.95,Valid
SUP-0023,Agriculture Supplier 023,Agriculture,2022,6412003.65,34342998.05,4961.7906,1020.0599,978.0762,2471.3469,2018.0,2040.0,0.339,0.1496,2018,,,529.8294,0.00091413,0.00096913,4961.7906,Provided Total Emissions,True,5861.4049,33282.8297,899.6143,28321.0391,0.181308,5.707826,High,None,0.95,Valid
SUP-0023,Agriculture Supplier 023,Agriculture,2023,7588113.76,33274776.4,5241.0951,1099.1493,728.1542,3579.8056,2018.0,2040.0,0.339,0.1496,2018,,,529.8294,0.00091413,0.00096913,5241.0951,Provided Total Emissions,True,6936.5224,32247.5841,1695.4273,27006.489,0.323487,5.152833,High,None,0.95,Valid
SUP-0023,Agriculture Supplier 023,Agriculture,2024,7127955.0,50228809.36,4720.6843,691.2297,578.6542,3491.0896,2018.0,2040.0,0.339,0.1496,2018,,,529.8294,0.00091413,0.00096913,4720.6843,Provided Total Emissions,True,6515.8775,48678.246,1795.1932,43957.5617,0.380282,9.311693,High,None,0.95,Valid
SUP-0024,Agriculture Supplier 024,Agriculture,2015,533490.63,3448385.65,719.4856,102.3345,67.6703,545.1468,,,,,2018,,,529.8294,0.00091413,0.00096913,719.4856,Provided Total Emissions,True,487.6798,3341.934,-231.8058,2622.4484,-0.322183,3.644893,High,None,0.95,Valid
SUP-0024,Agriculture Supplier 024,Agriculture,2016,558927.28,4345666.79,758.0536,185.6516,134.2301,369.3543,,,,,2018,,,529.8294,0.00091413,0.00096913,758.0536,Provided Total Emissions,True,510.9322,4211.5161,-247.1214,3453.4625,-0.325995,4.555697,High,None,0.95,Valid
SUP-0024,Agriculture Supplier 024,Agriculture,2017,581013.24,4826591.8,644.4213,166.2048,57.9701,400.8005,,,,,2018,,,529.8294,0.00091413,0.00096913,644.4213,Provided Total Emissions,True,531.1216,4677.5949,-113.2997,4033.1736,-0.175816,6.258598,High,None,0.95,Valid
SUP-0024,Agriculture Supplier 024,Agriculture,2018,672584.9,5355649.75,731.356,100.56,73.9352,578.6892,,,,,2018,,,529.8294,0.00091413,0.00096913,731.356,Provided Total Emissions,True,614.83,5190.3208,-116.526,4458.9648,-0.159329,6.096846,High,None,0.95,Valid
SUP-0024,Agriculture Supplier 024,Agriculture,2019,663848.25,5242616.85,600.8067,72.0462,73.656,497.7557,,,,,2018,,,529.8294,0.00091413,0.00096913,600.8067,Provided Total Emissions,True,606.8436,5080.7773,6.0369,4479.9706,0.010048,7.456592,High,None,0.95,Valid
SUP-0024,Agriculture Supplier 024,Agriculture,2020,725906.11,5126270.23,592.9076,95.307,118.9631,383.9623,,,,,2018,,,529.8294,0.00091413,0.00096913,592.9076,Provided Total Emissions,True,663.5726,4968.0223,70.665,4375.1147,0.119184,7.379083,High,None,0.95,Valid
SUP-0024,Agriculture Supplier 024,Agriculture,2021,782364.27,7648911.45,706.3012,104.6737,59.8632,554.4547,,,,,2018,,,529.8294,0.00091413,0.00096913,706.3012,Provided Total Emissions,True,715.1827,7412.7896,8.8815,6706.4884,0.012575,9.495224,High,None,0.95,Valid
SUP-0024,Agriculture Supplier 024,Agriculture,2022,865989.68,6098801.74,633.5292,51.1369,106.5079,499.4389,,,,,2018,,,529.8294,0.00091413,0.00096913,633.5292,Provided Total Emissions,True,791.6271,5910.5317,158.0979,5277.0025,0.249551,8.329533,High,None,0.95,Valid
SUP-0024,Agriculture Supplier 024,Agriculture,2023,826023.17,6824546.21,712.2287,203.2088,161.3611,386.4595,,,,,2018,,,529.8294,0.00091413,0.00096913,712.2287,Provided Total Emissions,True,755.0926,6613.8725,42.8639,5901.6438,0.060183,8.286164,High,None,0.95,Valid
SUP-0024,Agriculture Supplier 024,Agriculture,2024,853888.01,10047334.03,560.3584,168.2989,97.5733,308.0436,,,,,2018,,,529.8294,0.00091413,0.00096913,560.3584,Provided Total Emissions,True,780.5646,9737.1728,220.2062,9176.8144,0.392974,16.376688,High,None,0.95,Valid
SUP-0025,Metals Supplier 025,Metals,2015,19450072.92,73343572.38,12808.9183,1294.3621,2340.374,9789.8246,2020.0,2030.0,0.3833,0.1962,2019,2030.0,0.3852,158.2904,0.00100695,0.00065008,12808.9183,Provided Total Emissions,True,19585.2509,47679.1895,6776.3326,34870.2712,0.529032,2.722343,High,None,0.95,Valid
SUP-0025,Metals Supplier 025,Metals,2016,20890255.51,72177878.76,13545.7318,2173.6412,2033.7718,9568.3736,2020.0,2030.0,0.3833,0.1962,2019,2030.0,0.3852,158.2904,0.00100695,0.00065008,13545.7318,Provided Total Emissions,True,21035.4428,46921.3954,7489.711,33375.6636,0.55292,2.463925,High,None,0.95,Valid
SUP-0025,Metals Supplier 025,Metals,2017,21715825.05,90109813.81,14608.3348,2228.6582,829.0013,10426.7216,2020.0,2030.0,0.3833,0.1962,2019,2030.0,0.3852,158.2904,0.00100695,0.00065008,14608.3348,Provided Total Emissions,True,21866.75,58578.5878,7258.4152,43970.253,0.496868,3.009943,High,None,0.95,Valid
SUP-0025,Metals Supplier 025,Metals,2018,24788648.45,112248512.28,13831.5855,3107.5044,1603.5736,8802.0559,2020.0,2030.0,0.3833,0.1962,2019,2030.0,0.3852,158.2904,0.00100695,0.00065008,13831.5855,Provided Total Emissions,True,24960.9296,72970.5129,11129.3441,59138.9274,0.804633,4.275643,High,None,0.95,Valid
SUP-0025,Metals Supplier 025,Metals,2019,24277157.67,114675907.48,12920.1468,3261.5642,2235.7782,7724.7935,2020.0,2030.0,0.3833,0.1962,2019,2030.0,0.3852,158.2904,0.00100695,0.00065008,12920.1468,Provided Total Emissions,True,24445.8839,74548.5139,11525.7371,61628.3671,0.892075,4.769943,High,None,0.95,Valid
SUP-0025,Metals Supplier 025,Metals,2020,24724354.1,102062036.06,11635.6166,1243.001,2490.708,7664.2913,2020.0,2030.0,0.3833,0.1962,2019,2030.0,0.3852,158.2904,0.00100695,0.00065008,11635.6166,Provided Total Emissions,True,24896.1884,66348.4884,13260.5718,54712.8718,1.139654,4.702189,High,None,0.95,Valid
SUP-0025,Metals Supplier 025,Metals,2021,24745687.6,81702724.55,9485.3756,2008.6838,1177.7976,7241.2778,2020.0,2030.0,0.3833,0.1962,2019,2030.0,0.3852,158.2904,0.00100695,0.00065008,9485.3756,Provided Total Emissions,True,24917.6701,53113.3072,15432.2945,43627.9316,1.626957,4.599494,High,None,0.95,Valid
SUP-0025,Metals Supplier 025,Metals,2022,27220351.61,120500462.65,12281.011,3061.6232,1007.1515,9056.7755,2020.0,2030.0,0.3833,0.1962,2019,2030.0,0.3852,158.2904,0.00100695,0.00065008,12281.011,Provided Total Emissions,True,27409.5331,78334.9408,15128.5221,66053.9298,1.231863,5.378542,High,None,0.95,Valid
SUP-0025,Metals Supplier 025,Metals,2023,26067670.35,88936216.36,9847.541,1189.8286,822.026,7382.8081,2020.0,2030.0,0.3833,0.1962,2019,2030.0,0.3852,158.2904,0.00100695,0.00065008,9847.541,Provided Total Emissions,True,26248.8407,57815.6555,16401.2997,47968.1145,1.665522,4.871075,High,None,0.95,Valid
SUP-0025,Metals Supplier 025,Metals,2024,28051545.88,98370436.7,10805.0329,2648.121,1554.6211,6865.0615,2020.0,2030.0,0.3833,0.1962,2019,2030.0,0.3852,158.2904,0.00100695,0.00065008,10805.0329,Provided Total Emissions,True,28246.5041,63948.6535,17441.4712,53143.6206,1.614199,4.918414,High,None,0.95,Valid
SUP-0026,Professional Supplier 026,Professional Services,2015,1040706.31,2718331.61,115.5587,17.0544,20.4449,75.9154,2019.0,2040.0,0.4936,0.2987,2020,,,400.0326,0.00012906,0.00019658,115.5587,Provided Total Emissions,True,134.3136,534.3696,18.7549,418.8109,0.162297,3.624227,High,None,0.95,Valid
SUP-0026,Professional Supplier 026,Professional Services,2016,848177.45,2468864.2,77.833,21.2403,8.9654,47.0298,2019.0,2040.0,0.4936,0.2987,2020,,,400.0326,0.00012906,0.00019658,77.833,Provided Total Emissions,True,109.4658,485.3293,31.6328,407.4963,0.406419,5.235521,High,None,0.95,Valid
SUP-0026,Professional Supplier 026,Professional Services,2017,887693.26,3459389.03,76.6845,14.1997,11.9657,46.2213,2019.0,2040.0,0.4936,0.2987,2020,,,400.0326,0.00012906,0.00019658,76.6845,Provided Total Emissions,True,114.5657,680.0467,37.8812,603.3622,0.493988,7.868111,High,None,0.95,Valid
SUP-0026,Professional Supplier 026,Professional Services,2018,984357.13,2947127.14,92.658,18.8301,17.1095,52.5788,2019.0,2040.0,0.4936,0.2987,2020,,,400.0326,0.00012906,0.00019658,92.658,Provided Total Emissions,True,127.0411,579.3463,34.3831,486.6883,0.371076,5.252523,High,None,0.95,Valid
SUP-0026,Professional Supplier 026,Professional Services,2019,849842.46,3282869.71,67.1713,5.9824,6.4362,54.0202,2019.0,2040.0,0.4936,0.2987,2020,,,400.0326,0.00012906,0.00019658,67.1713,Provided Total Emissions,True,109.6807,645.3465,42.5094,578.1752,0.63285,8.607474,High,None,0.95,Valid
SUP-0026,Professional Supplier 026,Professional Services,2020,975802.06,3150509.0,76.4237,8.1599,5.5558,58.0165,2019.0,2040.0,0.4936,0.2987,2020,,,400.0326,0.00012906,0.00019658,76.4237,Provided Total Emissions,True,125.937,619.3271,49.5133,542.9034,0.647879,7.103861,High,None,0.95,Valid
SUP-0026,Professional Supplier 026,Professional Services,2021,930501.43,2777714.02,59.2091,4.5491,6.0907,43.7275,2019.0,2040.0,0.4936,0.2987,2020,,,400.0326,0.00012906,0.00019658,59.2091,Provided Total Emissions,True,120.0905,546.043,60.8814,486.8339,1.028244,8.222282,High,None,0.95,Valid
SUP-0026,Professional Supplier 026,Professional Services,2022,895415.47,3714986.77,60.5093,12.4138,9.3717,38.306,2019.0,2040.0,0.4936,0.2987,2020,,,400.0326,0.00012906,0.00019658,60.5093,Provided Total Emissions,True,115.5623,730.2921,55.053,669.7828,0.909827,11.069089,High,None,0.95,Valid
SUP-0026,Professional Supplier 026,Professional Services,2023,893693.43,3271008.7,61.5516,15.0911,5.1173,40.1028,2019.0,2040.0,0.4936,0.2987,2020,,,400.0326,0.00012906,0.00019658,61.5516,Provided Total Emissions,True,115.3401,643.0149,53.7885,581.4633,0.873876,9.446762,High,None,0.95,Valid
SUP-0026,Professional Supplier 026,Professional Services,2024,993339.67,4530875.75,93.609,25.8028,13.8137,55.2833,2019.0,2040.0,0.4936,0.2987,2020,,,400.0326,0.00012906,0.00019658,93.609,Provided Total Emissions,True,128.2004,890.6796,34.5914,797.0706,0.369531,8.514892,High,None,0.95,Valid
SUP-0027,Metals Supplier 027,Metals,2015,10472782.26,37285643.06,8865.7331,898.8901,1531.4681,6549.2942,2019.0,2030.0,0.2739,0.1728,2019,2030.0,0.3852,158.2904,0.00100695,0.00065008,8865.7331,Provided Total Emissions,True,10545.5681,24238.6508,1679.835,15372.9177,0.189475,1.73397,High,None,0.95,Valid
SUP-0027,Metals Supplier 027,Metals,2016,11721490.72,33394212.9,8139.8986,1012.3493,1146.5911,6009.1926,2019.0,2030.0,0.2739,0.1728,2019,2030.0,0.3852,158.2904,0.00100695,0.00065008,8139.8986,Provided Total Emissions,True,11802.9551,21708.9099,3663.0565,13569.0113,0.450013,1.666975,High,None,0.95,Valid
SUP-0027,Metals Supplier 027,Metals,2017,12769245.16,33209437.34,6987.1292,1758.755,499.2694,4675.4208,2019.0,2030.0,0.2739,0.1728,2019,2030.0,0.3852,158.2904,0.00100695,0.00065008,6987.1292,Provided Total Emissions,True,12857.9914,21588.791,5870.8622,14601.6618,0.84024,2.089794,High,None,0.95,Valid
SUP-0027,Metals Supplier 027,Metals,2018,13135088.89,42443438.05,6774.6338,1990.4123,1540.9722,4032.5449,2019.0,2030.0,0.2739,0.1728,2019,2030.0,0.3852,158.2904,0.00100695,0.00065008,6774.6338,Provided Total Emissions,True,13226.3778,27591.6302,6451.744,20816.9964,0.952338,3.072785,High,None,0.95,Valid
SUP-0027,Metals Supplier 027,Metals,2019,13075733.46,36224427.01,7783.0952,672.2423,1239.3422,6352.1899,2019.0,2030.0,0.2739,0.1728,2019,2030.0,0.3852,158.2904,0.00100695,0.00065008,7783.0952,Provided Total Emissions,True,13166.6098,23548.7755,5383.5146,15765.6803,0.691693,2.025631,High,None,0.95,Valid
SUP-0027,Metals Supplier 027,Metals,2020,14057274.56,46031978.74,8106.9659,1156.3547,1563.0193,5506.8955,2019.0,2030.0,0.2739,0.1728,2019,2030.0,0.3852,158.2904,0.00100695,0.00065008,8106.9659,Provided Total Emissions,True,14154.9726,29924.4687,6048.0067,21817.5028,0.746026,2.691204,High,None,0.95,Valid
SUP-0027,Metals Supplier 027,Metals,2021,14818842.94,45424452.1,8031.9736,701.4999,1444.8155,5746.1878,2019.0,2030.0,0.2739,0.1728,2019,2030.0,0.3852,158.2904,0.00100695,0.00065008,8031.9736,Provided Total Emissions,True,14921.8339,29529.5278,6889.8603,21497.5542,0.857804,2.676497,High,None,0.95,Valid
SUP-0027,Metals Supplier 027,Metals,2022,15333712.56,42104237.7,7693.1699,1041.8481,1562.1463,4917.039,2019.0,2030.0,0.2739,0.1728,2019,2030.0,0.3852,158.2904,0.00100695,0.00065008,7693.1699,Provided Total Emissions,True,15440.2819,27371.1228,7747.112,19677.9529,1.007012,2.557847,High,None,0.95,Valid
SUP-0027,Metals Supplier 027,Metals,2023,16482944.31,38052919.88,7278.8139,1997.4358,1187.7057,4265.4791,2019.0,2030.0,0.2739,0.1728,2019,2030.0,0.3852,158.2904,0.00100695,0.00065008,7278.8139,Provided Total Emissions,True,16597.5008,24737.4422,9318.6869,17458.6283,1.280248,2.398554,High,None,0.95,Valid
SUP-0027,Metals Supplier 027,Metals,2024,20111235.02,65477013.16,9386.2026,2360.709,1459.5858,5351.0363,2019.0,2030.0,0.2739,0.1728,2019,2030.0,0.3852,158.2904,0.00100695,0.00065008,9386.2026,Provided Total Emissions,True,20251.0081,42565.2967,10864.8055,33179.0941,1.157529,3.534879,High,None,0.95,Valid
SUP-0028,Professional Supplier 028,Professional Services,2015,10734531.0,62547040.05,1701.742,446.9844,324.6698,1096.5451,2020.0,2035.0,0.5648,0.2914,2020,,,400.0326,0.00012906,0.00019658,1701.742,Provided Total Emissions,True,1385.3986,12295.4971,-316.3434,10593.7551,-0.185894,6.225242,High,None,0.95,Valid
SUP-0028,Professional Supplier 028,Professional Services,2016,9992567.31,74889249.34,1167.6142,124.1709,157.6059,845.2224,2020.0,2035.0,0.5648,0.2914,2020,,,400.0326,0.00012906,0.00019658,1167.6142,Provided Total Emissions,True,1289.6407,14721.7286,122.0265,13554.1144,0.104509,11.608384,High,None,0.95,Valid
SUP-0028,Professional Supplier 028,Professional Services,2017,10722422.58,72785575.86,1469.617,178.7795,299.4709,1089.548,2020.0,2035.0,0.5648,0.2914,2020,,,400.0326,0.00012906,0.00019658,1469.617,Provided Total Emissions,True,1383.8359,14308.1885,-85.7811,12838.5715,-0.05837,8.735998,High,None,0.95,Valid
SUP-0028,Professional Supplier 028,Professional Services,2018,12798210.84,87564843.27,1970.4947,378.411,165.1098,1439.4172,2020.0,2035.0,0.5648,0.2914,2020,,,400.0326,0.00012906,0.00019658,1970.4947,Provided Total Emissions,True,1651.7371,17213.4969,-318.7576,15243.0022,-0.161765,7.735622,High,None,0.95,Valid
SUP-0028,Professional Supplier 028,Professional Services,2019,10293927.01,64183317.77,1347.5008,378.6466,117.272,948.2303,2020.0,2035.0,0.5648,0.2914,2020,,,400.0326,0.00012906,0.00019658,1347.5008,Provided Total Emissions,True,1328.5342,12617.1566,-18.9666,11269.6558,-0.014075,8.363376,High,None,0.95,Valid
SUP-0028,Professional Supplier 028,Professional Services,2020,12993685.73,88143337.89,1428.3473,383.8821,240.5935,838.7801,2020.0,2035.0,0.5648,0.2914,2020,,,400.0326,0.00012906,0.00019658,1428.3473,Provided Total Emissions,True,1676.9651,17327.2174,248.6178,15898.8701,0.17406,11.130955,High,None,0.95,Valid
SUP-0028,Professional Supplier 028,Professional Services,2021,13373573.39,110896956.78,1889.598,353.4674,386.2048,1241.1617,2020.0,2035.0,0.5648,0.2914,2020,,,400.0326,0.00012906,0.00019658,1889.598,Provided Total Emissions,True,1725.9934,21800.1238,-163.6046,19910.5258,-0.086582,10.536911,High,None,0.95,Valid
SUP-0028,Professional Supplier 028,Professional Services,2022,12592632.48,85134341.94,1985.2182,271.8191,356.8458,1406.77,2020.0,2035.0,0.5648,0.2914,2020,,,400.0326,0.00012906,0.00019658,1985.2182,Provided Total Emissions,True,1625.2051,16735.7089,-360.0131,14750.4907,-0.181347,7.430161,High,None,0.95,Valid
SUP-0028,Professional Supplier 028,Professional Services,2023,14059345.87,102810531.03,2004.8012,352.1035,368.8109,1215.3521,2020.0,2035.0,0.5648,0.2914,2020,,,400.0326,0.00012906,0.00019658,2004.8012,Provided Total Emissions,True,1814.4992,20210.4942,-190.302,18205.693,-0.094923,9.081047,High,None,0.95,Valid
SUP-0028,Professional Supplier 028,Professional Services,2024,13198001.69,90459784.41,1850.0365,318.9023,201.854,1411.4951,2020.0,2035.0,0.5648,0.2914,2020,,,400.0326,0.00012906,0.00019658,1850.0365,Provided Total Emissions,True,1703.3341,17782.5844,-146.7024,15932.5479,-0.079297,8.612018,High,None,0.95,Valid
SUP-0029,Electronics Supplier 029,Electronics,2015,223062.03,458767.46,151.9491,33.4493,27.76,102.2946,,,,,2018,2040.0,0.3424,635.1588,0.00086105,0.00013947,151.9491,Provided Total Emissions,True,192.0676,63.9843,40.1185,-87.9648,0.264026,-0.57891,High,None,0.95,Valid
SUP-0029,Electronics Supplier 029,Electronics,2016,241306.76,598385.19,153.9803,33.6248,23.9532,99.8334,,,,,2018,2040.0,0.3424,635.1588,0.00086105,0.00013947,153.9803,Provided Total Emissions,True,207.7772,83.4568,53.7969,-70.5235,0.349375,-0.458004,High,None,0.95,Valid
SUP-0029,Electronics Supplier 029,Electronics,2017,267111.36,529256.98,204.1134,42.0518,13.6744,155.1985,,,,,2018,2040.0,0.3424,635.1588,0.00086105,0.00013947,204.1134,Provided Total Emissions,True,229.9962,73.8155,25.8828,-130.2979,0.126806,-0.63836,High,None,0.95,Valid
SUP-0029,Electronics Supplier 029,Electronics,2018,252950.87,565369.32,174.8928,14.2522,29.5052,124.3836,,,,,2018,2040.0,0.3424,635.1588,0.00086105,0.00013947,174.8928,Provided Total Emissions,True,217.8033,78.8521,42.9105,-96.0407,0.245353,-0.549141,High,None,0.95,Valid
SUP-0029,Electronics Supplier 029,Electronics,2019,220241.63,596207.68,160.5815,25.2138,12.7047,133.6157,,,,,2018,2040.0,0.3424,635.1588,0.00086105,0.00013947,160.5815,Provided Total Emissions,True,189.6391,83.1531,29.0576,-77.4284,0.180952,-0.482175,High,None,0.95,Valid
SUP-0029,Electronics Supplier 029,Electronics,2020,245532.05,586961.75,158.8172,24.1389,13.7509,110.029,,,,,2018,2040.0,0.3424,635.1588,0.00086105,0.00013947,158.8172,Provided Total Emissions,True,211.4154,81.8636,52.5982,-76.9536,0.331187,-0.484542,High,None,0.95,Valid
SUP-0029,Electronics Supplier 029,Electronics,2021,244358.09,443195.02,178.0783,43.6369,18.3024,101.3148,,,,,2018,2040.0,0.3424,635.1588,0.00086105,0.00013947,178.0783,Provided Total Emissions,True,210.4045,61.8124,32.3262,-116.2659,0.181528,-0.652892,High,None,0.95,Valid
SUP-0029,Electronics Supplier 029,Electronics,2022,228057.38,419221.41,194.0224,17.8165,22.695,147.9371,,,,,2018,2040.0,0.3424,635.1588,0.00086105,0.00013947,194.0224,Provided Total Emissions,True,196.3688,58.4688,2.3464,-135.5536,0.012093,-0.698649,High,None,0.95,Valid
SUP-0029,Electronics Supplier 029,Electronics,2023,265407.68,455493.32,192.0086,30.0418,19.75,127.5048,,,,,2018,2040.0,0.3424,635.1588,0.00086105,0.00013947,192.0086,Provided Total Emissions,True,228.5293,63.5277,36.5207,-128.4809,0.190203,-0.669142,High,None,0.95,Valid
SUP-0029,Electronics Supplier 029,Electronics,2024,222813.21,672583.71,163.0581,31.4304,20.2685,98.7323,,,,,2018,2040.0,0.3424,635.1588,0.00086105,0.00013947,163.0581,Provided Total Emissions,True,191.8533,93.8053,28.7952,-69.2528,0.176595,-0.424713,High,None,0.95,Valid
SUP-0030,Agriculture Supplier 030,Agriculture,2015,17909060.11,130491251.74,19786.4407,5490.914,2741.5933,12569.1446,,,,,2018,,,529.8294,0.00091413,0.00096913,19786.4407,Provided Total Emissions,True,16371.2091,126462.9868,-3415.2316,106676.5461,-0.172605,5.391396,High,None,0.95,Valid
SUP-0030,Agriculture Supplier 030,Agriculture,2016,19840476.29,135062764.63,23373.4782,4254.0238,3513.7584,14451.5213,,,,,2018,,,529.8294,0.00091413,0.00096913,23373.4782,Provided Total Emissions,True,18136.7746,130893.3771,-5236.7036,107519.8989,-0.224045,4.600081,High,None,0.95,Valid
SUP-0030,Agriculture Supplier 030,Agriculture,2017,22579401.71,161374800.24,26800.9351,7117.832,3692.7142,16260.0457,,,,,2018,,,529.8294,0.00091413,0.00096913,26800.9351,Provided Total Emissions,True,20640.5085,156393.1602,-6160.4266,129592.2251,-0.229859,4.835362,High,None,0.95,Valid
SUP-0030,Agriculture Supplier 030,Agriculture,2018,21586726.87,166956017.43,22795.8982,3678.8105,3819.7555,14585.3566,,,,,2018,,,529.8294,0.00091413,0.00096913,22795.8982,Provided Total Emissions,True,19733.0746,161802.0852,-3062.8236,139006.187,-0.134359,6.09786,High,None,0.95,Valid
SUP-0030,Agriculture Supplier 030,Agriculture,2019,24715912.81,140876629.35,20411.3029,2083.0355,2046.7214,16846.5933,,,,,2018,,,529.8294,0.00091413,0.00096913,20411.3029,Provided Total Emissions,True,22593.5574,136527.7678,2182.2545,116116.4649,0.106914,5.688832,High,None,0.95,Valid
SUP-0030,Agriculture Supplier 030,Agriculture,2020,25279346.94,179347848.39,22047.5687,4691.5942,4412.5517,13224.0917,,,,,2018,,,529.8294,0.00091413,0.00096913,22047.5687,Provided Total Emissions,True,23108.6094,173811.3803,1061.0407,151763.8116,0.048125,6.883472,High,None,0.95,Valid
SUP-0030,Agriculture Supplier 030,Agriculture,2021,22344949.67,163705926.94,23910.3597,6355.5603,2231.1681,14704.9675,,,,,2018,,,529.8294,0.00091413,0.00096913,23910.3597,Provided Total Emissions,True,20426.1888,158652.325,-3484.1709,134741.9653,-0.145718,5.635296,High,None,0.95,Valid
SUP-0030,Agriculture Supplier 030,Agriculture,2022,26312881.37,167586065.68,25356.2077,2144.6946,2095.6363,20503.7029,,,,,2018,,,529.8294,0.00091413,0.00096913,25356.2077,Provided Total Emissions,True,24053.3942,162412.6838,-1302.8135,137056.4761,-0.05138,5.405243,High,None,0.95,Valid
SUP-0030,Agriculture Supplier 030,Agriculture,2023,29235000.05,237026566.03,22628.1895,3261.0174,2026.5033,17515.5349,,,,,2018,,,529.8294,0.00091413,0.00096913,22628.1895,Provided Total Emissions,True,26724.5906,229709.5559,4096.4011,207081.3664,0.181031,9.151477,High,None,0.95,Valid
SUP-0030,Agriculture Supplier 030,Agriculture,2024,33628613.81,276886307.65,26332.4931,5330.482,1911.2776,20152.7191,,,,,2018,,,529.8294,0.00091413,0.00096913,26332.4931,Provided Total Emissions,True,30740.9247,268338.8273,4408.4316,242006.3342,0.167414,9.190407,High,None,0.95,Valid
SUP-0031,Professional Supplier 031,Professional Services,2015,19317170.21,110942819.34,2930.2668,410.7166,635.4351,2078.4078,2020.0,2040.0,0.6432,0.4028,2020,,,400.0326,0.00012906,0.00019658,2930.2668,Provided Total Emissions,True,2493.074,21809.1394,-437.1928,18878.8726,-0.149199,6.442715,High,None,0.95,Valid
SUP-0031,Professional Supplier 031,Professional Services,2016,19266245.62,112543316.76,3474.0478,310.2074,678.6254,2551.5319,2020.0,2040.0,0.6432,0.4028,2020,,,400.0326,0.00012906,0.00019658,3474.0478,Provided Total Emissions,True,2486.5017,22123.7652,-987.5461,18649.7174,-0.284264,5.368296,High,None,0.95,Valid
SUP-0031,Professional Supplier 031,Professional Services,2017,16875390.43,135504038.66,2153.5007,283.7012,267.6612,1510.1413,2020.0,2040.0,0.6432,0.4028,2020,,,400.0326,0.00012906,0.00019658,2153.5007,Provided Total Emissions,True,2177.9379,26637.3839,24.4372,24483.8832,0.011348,11.369341,High,None,0.95,Valid
SUP-0031,Professional Supplier 031,Professional Services,2018,20339472.05,157885060.76,3228.8704,327.0737,460.9404,2662.3321,2020.0,2040.0,0.6432,0.4028,2020,,,400.0326,0.00012906,0.00019658,3228.8704,Provided Total Emissions,True,2625.0123,31037.0452,-603.8581,27808.1748,-0.187018,8.612354,High,None,0.95,Valid
SUP-0031,Professional Supplier 031,Professional Services,2019,21284062.29,135008335.03,2311.1774,409.3161,301.5696,1812.2925,2020.0,2040.0,0.6432,0.4028,2020,,,400.0326,0.00012906,0.00019658,2311.1774,Provided Total Emissions,True,2746.9211,26539.9385,435.7437,24228.7611,0.188538,10.483298,High,None,0.95,Valid
SUP-0031,Professional Supplier 031,Professional Services,2020,21532513.74,174133853.96,2893.9504,471.6932,520.3762,1842.0945,2020.0,2040.0,0.6432,0.4028,2020,,,400.0326,0.00012906,0.00019658,2893.9504,Provided Total Emissions,True,2778.9862,34231.233,-114.9642,31337.2826,-0.039726,10.828549,High,None,0.95,Valid
SUP-0031,Professional Supplier 031,Professional Services,2021,20538051.38,145587037.59,2562.341,308.5521,479.9229,2137.9727,2020.0,2040.0,0.6432,0.4028,2020,,,400.0326,0.00012906,0.00019658,2562.341,Provided Total Emissions,True,2650.6409,28619.4998,88.2999,26057.1588,0.034461,10.169278,High,None,0.95,Valid
SUP-0031,Professional Supplier 031,Professional Services,2022,23747402.88,150202222.04,3304.5571,364.0911,640.8466,2471.0143,2020.0,2040.0,0.6432,0.4028,2020,,,400.0326,0.00012906,0.00019658,3304.5571,Provided Total Emissions,True,3064.8398,29526.7528,-239.7173,26222.1957,-0.072541,7.935162,High,None,0.95,Valid
SUP-0031,Professional Supplier 031,Professional Services,2023,24871423.81,201926004.81,3163.5607,557.9772,630.3502,1983.0895,2020.0,2040.0,0.6432,0.4028,2020,,,400.0326,0.00012906,0.00019658,3163.5607,Provided Total Emissions,True,3209.906,39694.614,46.3453,36531.0533,0.01465,11.547448,High,None,0.95,Valid
SUP-0031,Professional Supplier 031,Professional Services,2024,26096563.11,215871245.21,2967.1823,739.4444,330.6118,1931.7399,2020.0,2040.0,0.6432,0.4028,2020,,,400.0326,0.00012906,0.00019658,2967.1823,Provided Total Emissions,True,3368.0224,42435.9694,400.8401,39468.7871,0.135091,13.301774,High,None,0.95,Valid
SUP-0032,Agriculture Supplier 032,Agriculture,2015,21233122.08,52704414.57,27660.6991,4343.6234,4542.7692,18128.3492,2018.0,2035.0,0.4241,0.1876,2018,,,529.8294,0.00091413,0.00096913,27660.6991,Provided Total Emissions,True,19409.8339,51077.4293,-8250.8652,23416.7302,-0.298288,0.84657,High,None,0.95,Valid
SUP-0032,Agriculture Supplier 032,Agriculture,2016,19120072.99,44016153.21,22514.7375,2886.8334,1743.3124,19238.8606,2018.0,2035.0,0.4241,0.1876,2018,,,529.8294,0.00091413,0.00096913,22514.7375,Provided Total Emissions,True,17478.2323,42657.3746,-5036.5052,20142.6371,-0.223698,0.894642,High,None,0.95,Valid
SUP-0032,Agriculture Supplier 032,Agriculture,2017,20067334.8,57264940.05,18974.1113,5530.6047,4048.2394,9846.3678,2018.0,2035.0,0.4241,0.1876,2018,,,529.8294,0.00091413,0.00096913,18974.1113,Provided Total Emissions,True,18344.1528,55497.1714,-629.9585,36523.0601,-0.033201,1.924889,High,None,0.95,Valid
SUP-0032,Agriculture Supplier 032,Agriculture,2018,22016588.31,41513083.64,21808.8858,3740.4149,1856.2762,15225.0924,2018.0,2035.0,0.4241,0.1876,2018,,,529.8294,0.00091413,0.00096913,21808.8858,Provided Total Emissions,True,20126.0239,40231.5747,-1682.8619,18422.6889,-0.077164,0.844733,High,None,0.95,Valid
SUP-0032,Agriculture Supplier 032,Agriculture,2019,26354693.52,51671935.58,33025.3747,3002.5849,2764.6497,27898.783,2018.0,2035.0,0.4241,0.1876,2018,,,529.8294,0.00091413,0.00096913,33025.3747,Provided Total Emissions,True,24091.616,50076.8229,-8933.7587,17051.4482,-0.270512,0.516314,High,None,0.95,Valid
SUP-0032,Agriculture Supplier 032,Agriculture,2020,21719749.37,37044997.79,20983.841,2464.0849,2940.1945,15064.6983,2018.0,2035.0,0.4241,0.1876,2018,,,529.8294,0.00091413,0.00096913,20983.841,Provided Total Emissions,True,19854.6745,35901.4187,-1129.1665,14917.5777,-0.053811,0.710908,High,None,0.95,Valid
SUP-0032,Agriculture Supplier 032,Agriculture,2021,26657829.0,50623394.95,25869.0855,2595.008,3531.5972,20484.6702,2018.0,2035.0,0.4241,0.1876,2018,,,529.8294,0.00091413,0.00096913,25869.0855,Provided Total Emissions,True,24368.7212,49060.6507,-1500.3643,23191.5652,-0.057998,0.896497,High,None,0.95,Valid
SUP-0032,Agriculture Supplier 032,Agriculture,2022,31242811.43,65014914.54,27557.6547,4811.5877,2244.7932,20114.3144,2018.0,2035.0,0.4241,0.1876,2018,,,529.8294,0.00091413,0.00096913,27557.6547,Provided Total Emissions,True,28559.9912,63007.9041,1002.3365,35450.2494,0.036372,1.286403,High,None,0.95,Valid
SUP-0032,Agriculture Supplier 032,Agriculture,2023,26370598.13,56102092.16,27694.9338,3804.0961,3620.9945,20153.5367,2018.0,2035.0,0.4241,0.1876,2018,,,529.8294,0.00091413,0.00096913,27694.9338,Provided Total Emissions,True,24106.1549,54370.2206,-3588.7789,26675.2868,-0.129583,0.963183,High,None,0.95,Valid
SUP-0032,Agriculture Supplier 032,Agriculture,2024,29658352.82,54901393.73,34656.8022,7131.6436,5510.1683,20443.4335,2018.0,2035.0,0.4241,0.1876,2018,,,529.8294,0.00091413,0.00096913,34656.8022,Provided Total Emissions,True,27111.5901,53206.5877,-7545.2121,18549.7855,-0.217712,0.535242,High,None,0.95,Valid
SUP-0033,Metals Supplier 033,Metals,2015,15998310.87,89254633.77,9065.9326,2079.8164,806.274,6325.0081,2021.0,2030.0,0.3204,0.1259,2019,2030.0,0.3852,158.2904,0.00100695,0.00065008,9065.9326,Provided Total Emissions,True,16109.4991,58022.6523,7043.5665,48956.7197,0.776927,5.400075,High,None,0.95,Valid
SUP-0033,Metals Supplier 033,Metals,2016,13720608.69,74581272.39,11244.0091,2254.7139,1569.8402,7894.4241,2021.0,2030.0,0.3204,0.1259,2019,2030.0,0.3852,158.2904,0.00100695,0.00065008,11244.0091,Provided Total Emissions,True,13815.9669,48483.7936,2571.9578,37239.7845,0.22874,3.311967,High,None,0.95,Valid
SUP-0033,Metals Supplier 033,Metals,2017,15549179.27,73634595.66,10732.473,1075.6427,1555.5003,7426.8225,2021.0,2030.0,0.3204,0.1259,2019,2030.0,0.3852,158.2904,0.00100695,0.00065008,10732.473,Provided Total Emissions,True,15657.2461,47868.3779,4924.7731,37135.9049,0.458867,3.460144,High,None,0.95,Valid
SUP-0033,Metals Supplier 033,Metals,2018,17303283.72,83890023.86,11595.7144,2030.6753,1070.8501,9078.3561,2021.0,2030.0,0.3204,0.1259,2019,2030.0,0.3852,158.2904,0.00100695,0.00065008,11595.7144,Provided Total Emissions,True,17423.5415,54535.2267,5827.8271,42939.5123,0.502585,3.70305,High,None,0.95,Valid
SUP-0033,Metals Supplier 033,Metals,2019,16336880.54,72219573.26,12102.1724,2834.8484,1321.075,8195.859,2021.0,2030.0,0.3204,0.1259,2019,2030.0,0.3852,158.2904,0.00100695,0.00065008,12102.1724,Provided Total Emissions,True,16450.4219,46948.5002,4348.2495,34846.3278,0.359295,2.879345,High,None,0.95,Valid
SUP-0033,Metals Supplier 033,Metals,2020,16537249.98,102216500.22,12522.7846,2862.5934,1060.2234,7682.4781,2021.0,2030.0,0.3204,0.1259,2019,2030.0,0.3852,158.2904,0.00100695,0.00065008,12522.7846,Provided Total Emissions,True,16652.1839,66448.9025,4129.3993,53926.1179,0.329751,4.30624,High,None,0.95,Valid
SUP-0033,Metals Supplier 033,Metals,2021,17348753.3,101167181.7,13883.0935,2520.0288,1425.7247,9267.3525,2021.0,2030.0,0.3204,0.1259,2019,2030.0,0.3852,158.2904,0.00100695,0.00065008,13883.0935,Provided Total Emissions,True,17469.3271,65766.7615,3586.2336,51883.668,0.258317,3.737184,High,None,0.95,Valid
SUP-0033,Metals Supplier 033,Metals,2022,17927363.41,108130446.51,13167.4154,3305.3177,1986.6977,8424.434,2021.0,2030.0,0.3204,0.1259,2019,2030.0,0.3852,158.2904,0.00100695,0.00065008,13167.4154,Provided Total Emissions,True,18051.9586,70293.4407,4884.5432,57126.0253,0.370957,4.338439,High,None,0.95,Valid
SUP-0033,Metals Supplier 033,Metals,2023,16980651.57,77564386.36,12985.5048,3144.9567,1521.4671,8014.7075,2021.0,2030.0,0.3204,0.1259,2019,2030.0,0.3852,158.2904,0.00100695,0.00065008,12985.5048,Provided Total Emissions,True,17098.6671,50423.0563,4113.1623,37437.5515,0.31675,2.883026,High,None,0.95,Valid
SUP-0033,Metals Supplier 033,Metals,2024,18958013.92,104451745.12,12244.2507,2156.3568,1832.355,8994.9452,2021.0,2030.0,0.3204,0.1259,2019,2030.0,0.3852,158.2904,0.00100695,0.00065008,12244.2507,Provided Total Emissions,True,19089.7721,67901.9905,6845.5214,55657.7398,0.55908,4.545622,High,None,0.95,Valid
SUP-0034,Logistics Supplier 034,Logistics,2015,19040237.78,116344496.25,4392.4433,946.421,570.6712,2859.2036,2020.0,2035.0,0.5058,0.1853,2019,2040.0,0.4616,591.6386,0.00022349,0.00047787,4392.4433,Provided Total Emissions,True,4255.3027,55597.5444,-137.1406,51205.1011,-0.031222,11.657544,High,None,0.95,Valid
SUP-0034,Logistics Supplier 034,Logistics,2016,18730497.43,134779633.06,3728.3764,460.276,524.8778,2743.4851,2020.0,2035.0,0.5058,0.1853,2019,2040.0,0.4616,591.6386,0.00022349,0.00047787,3728.3764,Provided Total Emissions,True,4186.0789,64407.1433,457.7025,60678.7669,0.122762,16.27485,High,None,0.95,Valid
SUP-0034,Logistics Supplier 034,Logistics,2017,18651982.3,115338466.91,3933.1381,670.0202,787.9194,2419.0406,2020.0,2035.0,0.5058,0.1853,2019,2040.0,0.4616,591.6386,0.00022349,0.00047787,3933.1381,Provided Total Emissions,True,4168.5315,55116.7932,235.3934,51183.6551,0.059849,13.01344,High,None,0.95,Valid
SUP-0034,Logistics Supplier 034,Logistics,2018,21359791.0,139172350.84,4662.97,1232.3042,815.4778,2539.8581,2020.0,2035.0,0.5058,0.1853,2019,2040.0,0.4616,591.6386,0.00022349,0.00047787,4662.97,Provided Total Emissions,True,4773.6997,66506.2913,110.7297,61843.3213,0.023747,13.262646,High,None,0.95,Valid
SUP-0034,Logistics Supplier 034,Logistics,2019,23971015.81,144845903.44,4914.8181,817.2832,358.0742,3703.9821,2020.0,2035.0,0.5058,0.1853,2019,2040.0,0.4616,591.6386,0.00022349,0.00047787,4914.8181,Provided Total Emissions,True,5357.2823,69217.5119,442.4642,64302.6938,0.090027,13.083433,High,None,0.95,Valid
SUP-0034,Logistics Supplier 034,Logistics,2020,21903922.36,141624239.49,4701.9081,456.582,382.2548,3719.8328,2020.0,2035.0,0.5058,0.1853,2019,2040.0,0.4616,591.6386,0.00022349,0.00047787,4701.9081,Provided Total Emissions,True,4895.3076,67677.9753,193.3995,62976.0672,0.041132,13.393726,High,None,0.95,Valid
SUP-0034,Logistics Supplier 034,Logistics,2021,22626505.43,156101402.75,4573.2377,556.7282,836.2675,3427.5821,2020.0,2035.0,0.5058,0.1853,2019,2040.0,0.4616,591.6386,0.00022349,0.00047787,4573.2377,Provided Total Emissions,True,5056.7977,74596.1773,483.56,70022.9396,0.105737,15.311459,High,None,0.95,Valid
SUP-0034,Logistics Supplier 034,Logistics,2022,21227341.45,150195708.14,4206.7626,917.9058,389.4106,2917.875,2020.0,2035.0,0.5058,0.1853,2019,2040.0,0.4616,591.6386,0.00022349,0.00047787,4206.7626,Provided Total Emissions,True,4744.0985,71774.023,537.3359,67567.2604,0.127731,16.061582,High,None,0.95,Valid
SUP-0034,Logistics Supplier 034,Logistics,2023,25015123.0,128014940.86,5725.9683,768.2855,1343.4971,3917.818,2020.0,2035.0,0.5058,0.1853,2019,2040.0,0.4616,591.6386,0.00022349,0.00047787,5725.9683,Provided Total Emissions,True,5590.6298,61174.4998,-135.3385,55448.5315,-0.023636,9.683695,High,None,0.95,Valid
SUP-0034,Logistics Supplier 034,Logistics,2024,23627672.7,232879500.3,5611.4786,1260.2179,1088.3227,3411.1148,2020.0,2035.0,0.5058,0.1853,2019,2040.0,0.4616,591.6386,0.00022349,0.00047787,5611.4786,Provided Total Emissions,True,5280.5486,111286.1268,-330.93,105674.6482,-0.058974,18.831872,High,None,0.95,Valid
SUP-0035,Electronics Supplier 035,Electronics,2015,20426576.37,29719573.98,15579.0932,1487.9583,1025.6585,14068.6648,,,,,2018,2040.0,0.3424,635.1588,0.00086105,0.00013947,15579.0932,Provided Total Emissions,True,17588.3036,4144.989,2009.2104,-11434.1042,0.128968,-0.733939,High,None,0.95,Valid
SUP-0035,Electronics Supplier 035,Electronics,2016,23350603.06,27122763.25,13632.7323,2644.2224,1826.6625,9716.9769,,,,,2018,2040.0,0.3424,635.1588,0.00086105,0.00013947,13632.7323,Provided Total Emissions,True,20106.0368,3782.8118,6473.3045,-9849.9205,0.474835,-0.72252,High,None,0.95,Valid
SUP-0035,Electronics Supplier 035,Electronics,2017,23307823.73,33029634.55,17985.2621,4280.532,1750.6265,10109.8351,,,,,2018,2040.0,0.3424,635.1588,0.00086105,0.00013947,17985.2621,Provided Total Emissions,True,20069.2016,4606.6431,2083.9395,-13378.619,0.115869,-0.743866,High,None,0.95,Valid
SUP-0035,Electronics Supplier 035,Electronics,2018,26701967.63,36593994.79,16404.932,2170.3317,3836.6665,11433.891,,,,,2018,2040.0,0.3424,635.1588,0.00086105,0.00013947,16404.932,Provided Total Emissions,True,22991.7292,5103.7645,6586.7972,-11301.1675,0.401513,-0.688888,High,None,0.95,Valid
SUP-0035,Electronics Supplier 035,Electronics,2019,25753136.25,42253712.21,14844.4018,2641.7558,1869.4547,9134.1656,,,,,2018,2040.0,0.3424,635.1588,0.00086105,0.00013947,14844.4018,Provided Total Emissions,True,22174.738,5893.1252,7330.3362,-8951.2766,0.493811,-0.603007,High,None,0.95,Valid
SUP-0035,Electronics Supplier 035,Electronics,2020,28833132.26,45408884.99,20737.6211,3106.5285,4426.0465,13580.7388,,,,,2018,2040.0,0.3424,635.1588,0.00086105,0.00013947,20737.6211,Provided Total Emissions,True,24826.7685,6333.1772,4089.1474,-14404.4439,0.197185,-0.694604,High,None,0.95,Valid
SUP-0035,Electronics Supplier 035,Electronics,2021,34847084.65,47945803.11,22649.7767,6253.7056,2985.4723,16343.7594,,,,,2018,2040.0,0.3424,635.1588,0.00086105,0.00013947,22649.7767,Provided Total Emissions,True,30005.0822,6687.0012,7355.3055,-15962.7755,0.324741,-0.704765,High,None,0.95,Valid
SUP-0035,Electronics Supplier 035,Electronics,2022,34575726.32,44434364.37,28742.1347,6983.7158,5758.6912,14394.765,,,,,2018,2040.0,0.3424,635.1588,0.00086105,0.00013947,28742.1347,Provided Total Emissions,True,29771.4291,6197.2608,1029.2944,-22544.8739,0.035811,-0.784384,High,None,0.95,Valid
SUP-0035,Electronics Supplier 035,Electronics,2023,37374355.39,59684531.11,23457.212,4411.8808,4474.7196,14707.6603,,,,,2018,2040.0,0.3424,635.1588,0.00086105,0.00013947,23457.212,Provided Total Emissions,True,32181.1887,8324.2016,8723.9767,-15133.0104,0.37191,-0.645133,High,None,0.95,Valid
SUP-0035,Electronics Supplier 035,Electronics,2024,37936357.49,56187941.98,23190.5906,2894.491,1752.3803,20630.1494,,,,,2018,2040.0,0.3424,635.1588,0.00086105,0.00013947,23190.5906,Provided Total Emissions,True,32665.1006,7836.5323,9474.51,-15354.0583,0.40855,-0.662081,High,None,0.95,Valid
SUP-0036,Metals Supplier 036,Metals,2015,24368084.07,88285614.35,25179.2865,4152.5543,3621.8613,16306.7958,,,,,2019,2030.0,0.3852,158.2904,0.00100695,0.00065008,25179.2865,Provided Total Emissions,True,24537.4423,57392.7122,-641.8442,32213.4257,-0.025491,1.279362,High,None,0.95,Valid
SUP-0036,Metals Supplier 036,Metals,2016,22652589.85,75100329.91,24303.2188,5480.9391,2303.2119,16758.5659,,,,,2019,2030.0,0.3852,158.2904,0.00100695,0.00065008,24303.2188,Provided Total Emissions,True,22810.0253,48821.2225,-1493.1935,24518.0037,-0.06144,1.008838,High,None,0.95,Valid
SUP-0036,Metals Supplier 036,Metals,2017,29714076.72,64907094.59,33493.2358,4975.9332,2789.9629,25550.1548,,,,,2019,2030.0,0.3852,158.2904,0.00100695,0.00065008,33493.2358,Provided Total Emissions,True,29920.5896,42194.8041,-3572.6462,8701.5683,-0.106668,0.259801,High,None,0.95,Valid
SUP-0036,Metals Supplier 036,Metals,2018,27281053.86,82293932.27,26820.766,2956.7645,4514.6711,17317.0166,,,,,2019,2030.0,0.3852,158.2904,0.00100695,0.00065008,26820.766,Provided Total Emissions,True,27470.6572,53497.6395,649.8912,26676.8735,0.024231,0.994635,High,None,0.95,Valid
SUP-0036,Metals Supplier 036,Metals,2019,28887085.92,111487077.53,27330.5972,7115.3826,3263.985,17656.3126,,,,,2019,2030.0,0.3852,158.2904,0.00100695,0.00065008,27330.5972,Provided Total Emissions,True,29087.8512,72475.5194,1757.254,45144.9222,0.064296,1.651809,High,None,0.95,Valid
SUP-0036,Metals Supplier 036,Metals,2020,32544400.79,88514071.46,31985.6767,2748.2383,2043.5515,28023.4533,,,,,2019,2030.0,0.3852,158.2904,0.00100695,0.00065008,31985.6767,Provided Total Emissions,True,32770.5844,57541.2276,784.9077,25555.5509,0.024539,0.798969,High,None,0.95,Valid
SUP-0036,Metals Supplier 036,Metals,2021,31664310.52,156965170.98,26847.8444,2787.655,2650.4833,21151.2494,,,,,2019,2030.0,0.3852,158.2904,0.00100695,0.00065008,26847.8444,Provided Total Emissions,True,31884.3775,102039.9184,5036.5331,75192.074,0.187595,2.800675,High,None,0.95,Valid
SUP-0036,Metals Supplier 036,Metals,2022,40796629.49,87260708.13,48555.4925,6013.6001,5233.5693,36592.9927,,,,,2019,2030.0,0.3852,158.2904,0.00100695,0.00065008,48555.4925,Provided Total Emissions,True,41080.1661,56726.4411,-7475.3264,8170.9486,-0.153954,0.168281,High,None,0.95,Valid
SUP-0036,Metals Supplier 036,Metals,2023,31525041.92,140223185.18,31686.4932,5605.4586,4513.6403,19574.5066,,,,,2019,2030.0,0.3852,158.2904,0.00100695,0.00065008,31686.4932,Provided Total Emissions,True,31744.141,91156.2882,57.6478,59469.795,0.001819,1.876818,High,None,0.95,Valid
SUP-0036,Metals Supplier 036,Metals,2024,39253784.89,132900679.86,38687.7856,7578.5332,2713.8883,28678.0905,,,,,2019,2030.0,0.3852,158.2904,0.00100695,0.00065008,38687.7856,Provided Total Emissions,True,39526.5987,86396.074,838.8131,47708.2884,0.021682,1.233162,High,None,0.95,Valid
SUP-0037,Agriculture Supplier 037,Agriculture,2015,26116905.2,60512632.69,19288.7383,3598.9607,1176.2689,12595.3642,2019.0,2035.0,0.5499,0.2996,2018,,,529.8294,0.00091413,0.00096913,19288.7383,Provided Total Emissions,True,23874.2466,58644.6077,4585.5083,39355.8694,0.23773,2.040355,High,None,0.95,Valid
SUP-0037,Agriculture Supplier 037,Agriculture,2016,19764864.23,49671299.67,12892.9693,3341.1667,1320.2082,8920.372,2019.0,2035.0,0.5499,0.2996,2018,,,529.8294,0.00091413,0.00096913,12892.9693,Provided Total Emissions,True,18067.6553,48137.9466,5174.686,35244.9773,0.401357,2.733659,High,None,0.95,Valid
SUP-0037,Agriculture Supplier 037,Agriculture,2017,23026753.15,57163834.99,15694.1764,4575.1358,1305.6075,10150.0166,2019.0,2035.0,0.5499,0.2996,2018,,,529.8294,0.00091413,0.00096913,15694.1764,Provided Total Emissions,True,21049.4459,55399.1874,5355.2695,39705.011,0.341227,2.52992,High,None,0.95,Valid
SUP-0037,Agriculture Supplier 037,Agriculture,2018,23979567.75,53859911.45,15333.6731,2935.9349,1903.1483,9372.9184,2019.0,2035.0,0.5499,0.2996,2018,,,529.8294,0.00091413,0.00096913,15333.6731,Provided Total Emissions,True,21920.4423,52197.256,6586.7692,36863.5829,0.429562,2.404093,High,None,0.95,Valid
SUP-0037,Agriculture Supplier 037,Agriculture,2019,25634907.46,53390725.31,15786.4995,4336.4911,1289.0667,11065.847,2019.0,2035.0,0.5499,0.2996,2018,,,529.8294,0.00091413,0.00096913,15786.4995,Provided Total Emissions,True,23433.638,51742.5536,7647.1385,35956.0541,0.48441,2.277646,High,None,0.95,Valid
SUP-0037,Agriculture Supplier 037,Agriculture,2020,21437252.97,62480378.18,12897.518,3221.3761,2661.1949,7229.7551,2019.0,2035.0,0.5499,0.2996,2018,,,529.8294,0.00091413,0.00096913,12897.518,Provided Total Emissions,True,19596.4361,60551.6089,6698.9181,47654.0909,0.519396,3.694826,High,None,0.95,Valid
SUP-0037,Agriculture Supplier 037,Agriculture,2021,24128271.05,51164195.79,11774.29,2441.0935,1510.5457,7684.4666,2019.0,2035.0,0.5499,0.2996,2018,,,529.8294,0.00091413,0.00096913,11774.29,Provided Total Emissions,True,22056.3764,49584.7571,10282.0864,37810.4671,0.873266,3.211274,High,None,0.95,Valid
SUP-0037,Agriculture Supplier 037,Agriculture,2022,24100987.37,67850346.78,14167.6272,2665.7679,1614.6304,10393.0162,2019.0,2035.0,0.5499,0.2996,2018,,,529.8294,0.00091413,0.00096913,14167.6272,Provided Total Emissions,True,22031.4356,65755.8066,7863.8084,51588.1794,0.555055,3.641272,High,None,0.95,Valid
SUP-0037,Agriculture Supplier 037,Agriculture,2023,20415046.49,58791720.77,11224.2775,2321.5002,1096.965,7258.3922,2019.0,2035.0,0.5499,0.2996,2018,,,529.8294,0.00091413,0.00096913,11224.2775,Provided Total Emissions,True,18662.0064,56976.8203,7437.7289,45752.5428,0.662647,4.076213,High,None,0.95,Valid
SUP-0037,Agriculture Supplier 037,Agriculture,2024,26483300.15,57053590.24,13051.2434,3284.9472,1144.4694,9280.3227,2019.0,2035.0,0.5499,0.2996,2018,,,529.8294,0.00091413,0.00096913,13051.2434,Provided Total Emissions,True,24209.1792,55292.3459,11157.9358,42241.1025,0.854933,3.236558,High,None,0.95,Valid
SUP-0038,Agriculture Supplier 038,Agriculture,2015,14805212.08,43650389.3,22876.7359,4009.5025,1612.1863,16396.6582,2020.0,2040.0,0.6816,0.3985,2018,,,529.8294,0.00091413,0.00096913,22876.7359,Provided Total Emissions,True,13533.8885,42302.9018,-9342.8474,19426.1659,-0.408399,0.849167,High,None,0.95,Valid
SUP-0038,Agriculture Supplier 038,Agriculture,2016,14556064.61,47065155.38,18967.999,3818.1455,3946.1347,10654.0138,2020.0,2040.0,0.6816,0.3985,2018,,,529.8294,0.00091413,0.00096913,18967.999,Provided Total Emissions,True,13306.1353,45612.254,-5661.8637,26644.255,-0.298496,1.404695,High,None,0.95,Valid
SUP-0038,Agriculture Supplier 038,Agriculture,2017,16152451.03,41968027.5,17865.2611,2482.0328,2155.3696,12085.4284,2020.0,2040.0,0.6816,0.3985,2018,,,529.8294,0.00091413,0.00096913,17865.2611,Provided Total Emissions,True,14765.4401,40672.4745,-3099.821,22807.2134,-0.173511,1.276624,High,None,0.95,Valid
SUP-0038,Agriculture Supplier 038,Agriculture,2018,12343138.76,50074962.88,11879.9428,1308.9805,2720.1646,8168.2955,2020.0,2040.0,0.6816,0.3985,2018,,,529.8294,0.00091413,0.00096913,11879.9428,Provided Total Emissions,True,11283.2334,48529.1488,-596.7094,36649.206,-0.050228,3.084965,High,None,0.95,Valid
SUP-0038,Agriculture Supplier 038,Agriculture,2019,13573368.1,47407340.83,18076.5701,3185.1768,2658.9788,12535.1354,2020.0,2040.0,0.6816,0.3985,2018,,,529.8294,0.00091413,0.00096913,18076.5701,Provided Total Emissions,True,12407.823,45943.8762,-5668.7471,27867.3061,-0.313596,1.541626,High,None,0.95,Valid
SUP-0038,Agriculture Supplier 038,Agriculture,2020,12559955.47,40375714.69,13839.7149,1848.357,1860.1332,10509.9595,2020.0,2040.0,0.6816,0.3985,2018,,,529.8294,0.00091413,0.00096913,13839.7149,Provided Total Emissions,True,11481.4321,39129.3164,-2358.2828,25289.6015,-0.1704,1.827321,High,None,0.95,Valid
SUP-0038,Agriculture Supplier 038,Agriculture,2021,14562351.39,54781787.14,19234.0241,2444.2313,1177.2597,16645.5067,2020.0,2040.0,0.6816,0.3985,2018,,,529.8294,0.00091413,0.00096913,19234.0241,Provided Total Emissions,True,13311.8823,53090.6734,-5922.1418,33856.6493,-0.307899,1.760248,High,None,0.95,Valid
SUP-0038,Agriculture Supplier 038,Agriculture,2022,14570276.25,50887522.7,12777.9916,3164.9433,2201.0522,7417.6339,2020.0,2040.0,0.6816,0.3985,2018,,,529.8294,0.00091413,0.00096913,12777.9916,Provided Total Emissions,True,13319.1266,49316.6249,541.135,36538.6333,0.042349,2.859497,High,None,0.95,Valid
SUP-0038,Agriculture Supplier 038,Agriculture,2023,14350857.76,37362785.44,15025.2831,4021.3266,1954.4517,8918.0563,2020.0,2040.0,0.6816,0.3985,2018,,,529.8294,0.00091413,0.00096913,15025.2831,Provided Total Emissions,True,13118.5496,36209.3963,-1906.7335,21184.1132,-0.126902,1.409898,High,None,0.95,Valid
SUP-0038,Agriculture Supplier 038,Agriculture,2024,13831452.9,33834276.85,16071.1844,2142.4139,2355.7957,10997.5378,2020.0,2040.0,0.6816,0.3985,2018,,,529.8294,0.00091413,0.00096913,16071.1844,Provided Total Emissions,True,12643.746,32789.8127,-3427.4384,16718.6283,-0.213266,1.040286,High,None,0.95,Valid
SUP-0039,Electronics Supplier 039,Electronics,2015,22650957.54,184179008.14,14435.294,2403.3883,1418.1893,10054.5759,,,,,2018,2040.0,0.3424,635.1588,0.00086105,0.00013947,14435.294,Provided Total Emissions,True,19503.607,25687.4463,5068.313,11252.1523,0.351106,0.779489,High,None,0.95,Valid
SUP-0039,Electronics Supplier 039,Electronics,2016,25617368.06,172986219.1,16355.3013,4026.2406,1991.5224,9372.7206,,,,,2018,2040.0,0.3424,635.1588,0.00086105,0.00013947,16355.3013,Provided Total Emissions,True,22057.8348,24126.388,5702.5335,7771.0867,0.348666,0.475142,High,None,0.95,Valid
SUP-0039,Electronics Supplier 039,Electronics,2017,24068630.98,205583351.0,14583.1756,3922.5515,2318.3639,8766.1918,,,,,2018,2040.0,0.3424,635.1588,0.00086105,0.00013947,14583.1756,Provided Total Emissions,True,20724.2947,28672.71,6141.1191,14089.5344,0.42111,0.96615,High,None,0.95,Valid
SUP-0039,Electronics Supplier 039,Electronics,2018,27320540.01,199240719.61,15897.3007,2879.5923,1035.1758,10725.5987,,,,,2018,2040.0,0.3424,635.1588,0.00086105,0.00013947,15897.3007,Provided Total Emissions,True,23524.351,27788.1032,7627.0503,11890.8025,0.47977,0.747976,High,None,0.95,Valid
SUP-0039,Electronics Supplier 039,Electronics,2019,26276313.59,197886759.44,15946.8821,2200.6736,3340.5853,10303.653,,,,,2018,2040.0,0.3424,635.1588,0.00086105,0.00013947,15946.8821,Provided Total Emissions,True,22625.2198,27599.2663,6678.3377,11652.3842,0.418786,0.7307,High,None,0.95,Valid
SUP-0039,Electronics Supplier 039,Electronics,2020,31447738.13,273596282.03,15049.2047,2156.2719,1111.5808,12033.9607,,,,,2018,2040.0,0.3424,635.1588,0.00086105,0.00013947,15049.2047,Provided Total Emissions,True,27078.0749,38158.4735,12028.8702,23109.2688,0.799303,1.535581,High,None,0.95,Valid
SUP-0039,Electronics Supplier 039,Electronics,2021,28311716.4,230571342.34,11094.521,1979.1161,2321.1854,7321.18,,,,,2018,2040.0,0.3424,635.1588,0.00086105,0.00013947,11094.521,Provided Total Emissions,True,24377.8034,32157.7851,13283.2824,21063.2641,1.197283,1.898528,High,None,0.95,Valid
SUP-0039,Electronics Supplier 039,Electronics,2022,33119650.09,288421301.75,13987.645,2453.8536,1738.5436,8999.0386,,,,,2018,2040.0,0.3424,635.1588,0.00086105,0.00013947,13987.645,Provided Total Emissions,True,28517.6747,40226.119,14530.0297,26238.474,1.038776,1.875832,High,None,0.95,Valid
SUP-0039,Electronics Supplier 039,Electronics,2023,33938557.54,299261997.25,14383.9625,2424.848,864.5204,10685.8285,,,,,2018,2040.0,0.3424,635.1588,0.00086105,0.00013947,14383.9625,Provided Total Emissions,True,29222.795,41738.0708,14838.8325,27354.1083,1.031623,1.901709,High,None,0.95,Valid
SUP-0039,Electronics Supplier 039,Electronics,2024,35278962.72,405077060.74,16018.6447,3392.6745,3419.1994,8856.7769,,,,,2018,2040.0,0.3424,635.1588,0.00086105,0.00013947,16018.6447,Provided Total Emissions,True,30376.9509,56496.0977,14358.3062,40477.453,0.89635,2.526896,High,None,0.95,Valid
SUP-0040,Chemicals Supplier 040,Chemicals,2015,11424841.09,14458845.2,11264.6652,2698.7832,1512.3675,7420.4093,2021.0,2030.0,0.5251,0.198,2019,2035.0,0.5229,506.3191,0.00100149,0.00047124,11264.6652,Provided Total Emissions,True,11441.8641,6813.5862,177.1989,-4451.079,0.015731,-0.395136,High,None,0.95,Valid
SUP-0040,Chemicals Supplier 040,Chemicals,2016,13190016.41,16231509.7,13241.8661,2464.3975,1831.6121,8606.4121,2021.0,2030.0,0.5251,0.198,2019,2035.0,0.5229,506.3191,0.00100149,0.00047124,13241.8661,Provided Total Emissions,True,13209.6695,7648.9366,-32.1966,-5592.9295,-0.002431,-0.422367,High,None,0.95,Valid
SUP-0040,Chemicals Supplier 040,Chemicals,2017,15787871.57,19234824.66,14987.5645,2829.9778,2625.2758,9523.5132,2021.0,2030.0,0.5251,0.198,2019,2035.0,0.5229,506.3191,0.00100149,0.00047124,14987.5645,Provided Total Emissions,True,15811.3955,9064.2188,823.831,-5923.3457,0.054968,-0.395217,High,None,0.95,Valid
SUP-0040,Chemicals Supplier 040,Chemicals,2018,14746032.18,21785847.7,13528.4989,3332.1144,1990.7531,7999.6083,2021.0,2030.0,0.5251,0.198,2019,2035.0,0.5229,506.3191,0.00100149,0.00047124,13528.4989,Provided Total Emissions,True,14768.0038,10266.3629,1239.5049,-3262.136,0.091622,-0.241131,High,None,0.95,Valid
SUP-0040,Chemicals Supplier 040,Chemicals,2019,17490787.51,22700073.16,9662.1486,1076.8015,1978.3181,6964.0702,2021.0,2030.0,0.5251,0.198,2019,2035.0,0.5229,506.3191,0.00100149,0.00047124,9662.1486,Provided Total Emissions,True,17516.8488,10697.1825,7854.7002,1035.0339,0.812935,0.107123,High,None,0.95,Valid
SUP-0040,Chemicals Supplier 040,Chemicals,2020,19026902.13,22092739.25,14936.3589,3380.917,1406.0565,10369.7662,2021.0,2030.0,0.5251,0.198,2019,2035.0,0.5229,506.3191,0.00100149,0.00047124,14936.3589,Provided Total Emissions,True,19055.2522,10410.9824,4118.8933,-4525.3765,0.275763,-0.302977,High,None,0.95,Valid
SUP-0040,Chemicals Supplier 040,Chemicals,2021,21423382.26,29552904.18,17446.7882,2293.5919,2372.2836,12344.5689,2021.0,2030.0,0.5251,0.198,2019,2035.0,0.5229,506.3191,0.00100149,0.00047124,17446.7882,Provided Total Emissions,True,21455.3031,13926.5106,4008.5149,-3520.2776,0.229757,-0.201772,High,None,0.95,Valid
SUP-0040,Chemicals Supplier 040,Chemicals,2022,19983519.06,21165542.09,17956.435,3534.9444,2430.6324,11619.8125,2021.0,2030.0,0.5251,0.198,2019,2035.0,0.5229,506.3191,0.00100149,0.00047124,17956.435,Provided Total Emissions,True,20013.2945,9974.0501,2056.8595,-7982.3849,0.114547,-0.444542,High,None,0.95,Valid
SUP-0040,Chemicals Supplier 040,Chemicals,2023,21795603.47,34126814.4,17106.3288,2850.698,1549.4607,13746.1698,2021.0,2030.0,0.5251,0.198,2019,2035.0,0.5229,506.3191,0.00100149,0.00047124,17106.3288,Provided Total Emissions,True,21828.0789,16081.92,4721.7501,-1024.4088,0.276024,-0.059885,High,None,0.95,Valid
SUP-0040,Chemicals Supplier 040,Chemicals,2024,22590970.07,47688275.49,18835.0754,5073.7738,1792.4488,11346.0114,2021.0,2030.0,0.5251,0.198,2019,2035.0,0.5229,506.3191,0.00100149,0.00047124,18835.0754,Provided Total Emissions,True,22624.6306,22472.6229,3789.5552,3637.5475,0.201197,0.193126,High,None,0.95,Valid
SUP-0041,Logistics Supplier 041,Logistics,2015,11277527.31,33719350.22,2495.9222,595.4793,430.4402,1708.6045,,,,,2019,2040.0,0.4616,591.6386,0.00022349,0.00047787,2495.9222,Provided Total Emissions,True,2520.4146,16113.4659,24.4924,13617.5437,0.009813,5.455917,High,None,0.95,Valid
SUP-0041,Logistics Supplier 041,Logistics,2016,13792155.25,33211946.35,3547.7566,526.2093,665.6977,2326.1188,,,,,2019,2040.0,0.4616,591.6386,0.00022349,0.00047787,3547.7566,Provided Total Emissions,True,3082.4088,15870.9928,-465.3478,12323.2362,-0.131167,3.473529,High,None,0.95,Valid
SUP-0041,Logistics Supplier 041,Logistics,2017,14010710.24,42740341.28,2874.6782,346.8674,387.7503,2115.0376,,,,,2019,2040.0,0.4616,591.6386,0.00022349,0.00047787,2874.6782,Provided Total Emissions,True,3131.2536,20424.3269,256.5754,17549.6487,0.089254,6.104909,High,None,0.95,Valid
SUP-0041,Logistics Supplier 041,Logistics,2018,15080949.51,40421428.59,3136.9314,486.2391,572.1697,2057.6565,,,,,2019,2040.0,0.4616,591.6386,0.00022349,0.00047787,3136.9314,Provided Total Emissions,True,3370.4414,19316.1881,233.51,16179.2567,0.074439,5.15767,High,None,0.95,Valid
SUP-0041,Logistics Supplier 041,Logistics,2019,18171425.7,40279028.71,3737.9405,779.5288,759.2517,2291.4522,,,,,2019,2040.0,0.4616,591.6386,0.00022349,0.00047787,3737.9405,Provided Total Emissions,True,4061.1319,19248.1394,323.1914,15510.1989,0.086462,4.149397,High,None,0.95,Valid
SUP-0041,Logistics Supplier 041,Logistics,2020,15982998.8,37725677.98,2476.727,599.9384,251.824,1615.7135,,,,,2019,2040.0,0.4616,591.6386,0.00022349,0.00047787,2476.727,Provided Total Emissions,True,3572.0404,18027.9697,1095.3134,15551.2427,0.442242,6.278949,High,None,0.95,Valid
SUP-0041,Logistics Supplier 041,Logistics,2021,16531779.01,41941439.59,2968.465,472.1326,326.1694,2211.8291,,,,,2019,2040.0,0.4616,591.6386,0.00022349,0.00047787,2968.465,Provided Total Emissions,True,3694.6873,20042.5557,726.2223,17074.0907,0.244646,5.751825,High,None,0.95,Valid
SUP-0041,Logistics Supplier 041,Logistics,2022,23599832.14,45575736.53,3762.9818,682.039,369.1733,2929.2337,,,,,2019,2040.0,0.4616,591.6386,0.00022349,0.00047787,3762.9818,Provided Total Emissions,True,5274.3265,21779.2772,1511.3447,18016.2954,0.401635,4.787771,High,None,0.95,Valid
SUP-0041,Logistics Supplier 041,Logistics,2023,23012828.57,69659424.63,3297.5734,708.1897,332.9773,2440.9124,,,,,2019,2040.0,0.4616,591.6386,0.00022349,0.00047787,3297.5734,Provided Total Emissions,True,5143.1371,33288.1492,1845.5637,29990.5758,0.559673,9.094741,High,None,0.95,Valid
SUP-0041,Logistics Supplier 041,Logistics,2024,20979153.39,59913976.27,2891.8692,341.8479,406.456,2146.4991,,,,,2019,2040.0,0.4616,591.6386,0.00022349,0.00047787,2891.8692,Provided Total Emissions,True,4688.631,28631.0918,1796.7618,25739.2226,0.621315,8.900549,High,None,0.95,Valid
SUP-0042,Chemicals Supplier 042,Chemicals,2015,21653769.03,44041080.72,16898.105,3055.9754,1532.7919,11913.2183,,,,,2019,2035.0,0.5229,506.3191,0.00100149,0.00047124,16898.105,Provided Total Emissions,True,21686.0331,20753.9189,4787.9281,3855.8139,0.283341,0.22818,High,None,0.95,Valid
SUP-0042,Chemicals Supplier 042,Chemicals,2016,21615919.12,47985076.7,14140.3076,3343.408,2718.0585,7897.0747,,,,,2019,2035.0,0.5229,506.3191,0.00100149,0.00047124,14140.3076,Provided Total Emissions,True,21648.1268,22612.4875,7507.8192,8472.1799,0.530952,0.599151,High,None,0.95,Valid
SUP-0042,Chemicals Supplier 042,Chemicals,2017,18544086.13,46147953.08,11632.1648,2931.0438,755.6316,8187.4031,,,,,2019,2035.0,0.5229,506.3191,0.00100149,0.00047124,11632.1648,Provided Total Emissions,True,18571.7168,21746.7614,6939.552,10114.5966,0.596583,0.869537,High,None,0.95,Valid
SUP-0042,Chemicals Supplier 042,Chemicals,2018,20463032.99,45606723.6,14480.3407,1535.0212,1472.1991,10340.4931,,,,,2019,2035.0,0.5229,506.3191,0.00100149,0.00047124,14480.3407,Provided Total Emissions,True,20493.5229,21491.7124,6013.1822,7011.3717,0.415265,0.484199,High,None,0.95,Valid
SUP-0042,Chemicals Supplier 042,Chemicals,2019,21557766.35,62443157.58,13759.2291,2443.9398,2145.6407,9589.8924,,,,,2019,2035.0,0.5229,506.3191,0.00100149,0.00047124,13759.2291,Provided Total Emissions,True,21589.8874,29425.7136,7830.6583,15666.4845,0.56912,1.138616,High,None,0.95,Valid
SUP-0042,Chemicals Supplier 042,Chemicals,2020,18619708.21,56226290.16,9905.5977,1025.4695,975.0033,7143.5349,,,,,2019,2035.0,0.5229,506.3191,0.00100149,0.00047124,9905.5977,Provided Total Emissions,True,18647.4516,26496.077,8741.8539,16590.4793,0.882517,1.674859,High,None,0.95,Valid
SUP-0042,Chemicals Supplier 042,Chemicals,2021,22605340.78,60823129.34,14446.426,1980.0588,1670.7068,9915.3993,,,,,2019,2035.0,0.5229,506.3191,0.00100149,0.00047124,14446.426,Provided Total Emissions,True,22639.0227,28662.2915,8192.5967,14215.8655,0.567102,0.98404,High,None,0.95,Valid
SUP-0042,Chemicals Supplier 042,Chemicals,2022,18660099.56,58147530.89,8600.5115,1692.3969,1068.1161,5680.9662,,,,,2019,2035.0,0.5229,506.3191,0.00100149,0.00047124,8600.5115,Provided Total Emissions,True,18687.9031,27401.4425,10087.3916,18800.931,1.172883,2.186025,High,None,0.95,Valid
SUP-0042,Chemicals Supplier 042,Chemicals,2023,20953123.85,50908907.99,10498.3251,2569.1608,1136.1683,6938.2186,,,,,2019,2035.0,0.5229,506.3191,0.00100149,0.00047124,10498.3251,Provided Total Emissions,True,20984.344,23990.3138,10486.0189,13491.9887,0.998828,1.285156,High,None,0.95,Valid
SUP-0042,Chemicals Supplier 042,Chemicals,2024,24573334.82,65294304.22,10825.417,1403.0164,716.2825,8123.7014,,,,,2019,2035.0,0.5229,506.3191,0.00100149,0.00047124,10825.417,Provided Total Emissions,True,24609.9491,30769.2879,13784.5321,19943.8709,1.273349,1.842319,High,None,0.95,Valid
SUP-0043,Logistics Supplier 043,Logistics,2015,6979137.95,31806367.62,2141.4227,443.5348,395.8466,1299.3501,2018.0,2035.0,0.543,0.1921,2019,2040.0,0.4616,591.6386,0.00022349,0.00047787,2141.4227,Provided Total Emissions,True,1559.7675,15199.3089,-581.6552,13057.8862,-0.271621,6.097762,High,None,0.95,Valid
SUP-0043,Logistics Supplier 043,Logistics,2016,6836695.02,35230997.21,2073.7041,341.9225,184.8141,1497.266,2018.0,2035.0,0.543,0.1921,2019,2040.0,0.4616,591.6386,0.00022349,0.00047787,2073.7041,Provided Total Emissions,True,1527.933,16835.8366,-545.7711,14762.1325,-0.263187,7.118727,High,None,0.95,Valid
SUP-0043,Logistics Supplier 043,Logistics,2017,6362319.89,37687342.87,1783.2094,159.4329,171.046,1540.8793,2018.0,2035.0,0.543,0.1921,2019,2040.0,0.4616,591.6386,0.00022349,0.00047787,1783.2094,Provided Total Emissions,True,1421.9149,18009.6505,-361.2945,16226.4411,-0.202609,9.099571,High,None,0.95,Valid
SUP-0043,Logistics Supplier 043,Logistics,2018,6877171.09,31981094.54,1838.8543,308.8531,365.6906,1028.215,2018.0,2035.0,0.543,0.1921,2019,2040.0,0.4616,591.6386,0.00022349,0.00047787,1838.8543,Provided Total Emissions,True,1536.979,15282.8056,-301.8753,13443.9513,-0.164165,7.311048,High,None,0.95,Valid
SUP-0043,Logistics Supplier 043,Logistics,2019,7743140.6,35368571.44,2269.6418,438.6873,286.4922,1467.4228,2018.0,2035.0,0.543,0.1921,2019,2040.0,0.4616,591.6386,0.00022349,0.00047787,2269.6418,Provided Total Emissions,True,1730.5145,16901.5792,-539.1273,14631.9374,-0.237538,6.446805,High,None,0.95,Valid
SUP-0043,Logistics Supplier 043,Logistics,2020,7181848.3,25362502.82,1411.0765,301.4112,104.8701,936.6015,2018.0,2035.0,0.543,0.1921,2019,2040.0,0.4616,591.6386,0.00022349,0.00047787,1411.0765,Provided Total Emissions,True,1605.0713,12119.9792,193.9948,10708.9027,0.13748,7.589172,High,None,0.95,Valid
SUP-0043,Logistics Supplier 043,Logistics,2021,6988519.31,38575932.01,1570.1411,125.7443,217.9945,1223.2958,2018.0,2035.0,0.543,0.1921,2019,2040.0,0.4616,591.6386,0.00022349,0.00047787,1570.1411,Provided Total Emissions,True,1561.8642,18434.2806,-8.2769,16864.1395,-0.005271,10.740525,High,None,0.95,Valid
SUP-0043,Logistics Supplier 043,Logistics,2022,7280627.4,26109678.44,1774.2446,294.8017,352.9167,1012.1643,2018.0,2035.0,0.543,0.1921,2019,2040.0,0.4616,591.6386,0.00022349,0.00047787,1774.2446,Provided Total Emissions,True,1627.1474,12477.032,-147.0972,10702.7874,-0.082907,6.032307,High,None,0.95,Valid
SUP-0043,Logistics Supplier 043,Logistics,2023,6751046.32,36607602.47,1469.3987,227.7673,273.3214,1038.884,2018.0,2035.0,0.543,0.1921,2019,2040.0,0.4616,591.6386,0.00022349,0.00047787,1469.3987,Provided Total Emissions,True,1508.7913,17493.675,39.3926,16024.2763,0.026809,10.905329,High,None,0.95,Valid
SUP-0043,Logistics Supplier 043,Logistics,2024,6370904.51,28178717.84,1506.1183,359.6559,97.6424,882.8898,2018.0,2035.0,0.543,0.1921,2019,2040.0,0.4616,591.6386,0.00022349,0.00047787,1506.1183,Provided Total Emissions,True,1423.8334,13465.7639,-82.2849,11959.6456,-0.054634,7.940708,High,None,0.95,Valid
SUP-0044,Chemicals Supplier 044,Chemicals,2015,24749052.33,110885225.08,22198.8814,2317.7182,1748.053,18186.0038,,,,,2019,2035.0,0.5229,506.3191,0.00100149,0.00047124,22198.8814,Provided Total Emissions,True,24785.9284,52253.5535,2587.047,30054.6721,0.11654,1.353882,High,None,0.95,Valid
SUP-0044,Chemicals Supplier 044,Chemicals,2016,24777044.3,87102990.88,26047.9002,3911.4301,3050.9837,17865.5298,,,,,2019,2035.0,0.5229,506.3191,0.00100149,0.00047124,26047.9002,Provided Total Emissions,True,24813.9621,41046.4134,-1233.9381,14998.5132,-0.047372,0.575805,High,None,0.95,Valid
SUP-0044,Chemicals Supplier 044,Chemicals,2017,24986174.37,93739735.89,22974.5445,3170.0312,2364.2391,17710.175,,,,,2019,2035.0,0.5229,506.3191,0.00100149,0.00047124,22974.5445,Provided Total Emissions,True,25023.4038,44173.9131,2048.8593,21199.3686,0.08918,0.922733,High,None,0.95,Valid
SUP-0044,Chemicals Supplier 044,Chemicals,2018,24744637.84,117457459.06,25813.0038,3473.803,4978.8608,17197.4031,,,,,2019,2035.0,0.5229,506.3191,0.00100149,0.00047124,25813.0038,Provided Total Emissions,True,24781.5074,55350.653,-1031.4964,29537.6492,-0.03996,1.144293,High,None,0.95,Valid
SUP-0044,Chemicals Supplier 044,Chemicals,2019,24987738.46,99683633.99,22576.4717,2454.834,4811.2581,17174.9722,,,,,2019,2035.0,0.5229,506.3191,0.00100149,0.00047124,22576.4717,Provided Total Emissions,True,25024.9702,46974.9157,2448.4985,24398.444,0.108454,1.080702,High,None,0.95,Valid
SUP-0044,Chemicals Supplier 044,Chemicals,2020,27664349.08,92797885.11,29799.8593,7096.3223,5743.3408,16839.7499,,,,,2019,2035.0,0.5229,506.3191,0.00100149,0.00047124,29799.8593,Provided Total Emissions,True,27705.569,43730.0754,-2094.2903,13930.2161,-0.070279,0.467459,High,None,0.95,Valid
SUP-0044,Chemicals Supplier 044,Chemicals,2021,23629010.18,96958904.06,22270.1115,6121.4688,2920.3443,13989.317,,,,,2019,2035.0,0.5229,506.3191,0.00100149,0.00047124,22270.1115,Provided Total Emissions,True,23664.2174,45690.9139,1394.1059,23420.8024,0.0626,1.05167,High,None,0.95,Valid
SUP-0044,Chemicals Supplier 044,Chemicals,2022,21470361.04,84429917.16,27769.2314,6460.9563,4226.5764,14467.1514,,,,,2019,2035.0,0.5229,506.3191,0.00100149,0.00047124,27769.2314,Provided Total Emissions,True,21502.3519,39786.7542,-6266.8795,12017.5228,-0.225677,0.432764,High,None,0.95,Valid
SUP-0044,Chemicals Supplier 044,Chemicals,2023,30018481.46,117075227.4,24384.8085,5724.794,2891.4276,18362.0186,,,,,2019,2035.0,0.5229,506.3191,0.00100149,0.00047124,24384.8085,Provided Total Emissions,True,30063.209,55170.5302,5678.4005,30785.7217,0.232866,1.262496,High,None,0.95,Valid
SUP-0044,Chemicals Supplier 044,Chemicals,2024,27343951.9,111608688.08,31646.3834,4531.7686,3731.7091,22168.0061,,,,,2019,2035.0,0.5229,506.3191,0.00100149,0.00047124,31646.3834,Provided Total Emissions,True,27384.6944,52594.4782,-4261.689,20948.0948,-0.134666,0.661943,High,None,0.95,Valid
SUP-0045,Logistics Supplier 045,Logistics,2015,2211152.25,11487908.72,537.8563,80.8023,100.6066,375.481,2019.0,2035.0,0.5906,0.2263,2019,2040.0,0.4616,591.6386,0.00022349,0.00047787,537.8563,Provided Total Emissions,True,494.1704,5489.7269,-43.6859,4951.8706,-0.081222,9.20668,High,None,0.95,Valid
SUP-0045,Logistics Supplier 045,Logistics,2016,2374249.83,11819091.65,690.8856,89.22,79.9152,519.5663,2019.0,2035.0,0.5906,0.2263,2019,2040.0,0.4616,591.6386,0.00022349,0.00047787,690.8856,Provided Total Emissions,True,530.6211,5647.9893,-160.2645,4957.1037,-0.23197,7.174999,High,None,0.95,Valid
SUP-0045,Logistics Supplier 045,Logistics,2017,1839654.85,14291988.23,570.7465,69.8939,118.1408,393.3224,2019.0,2035.0,0.5906,0.2263,2019,2040.0,0.4616,591.6386,0.00022349,0.00047787,570.7465,Provided Total Emissions,True,411.1445,6829.7124,-159.602,6258.9659,-0.279637,10.96628,High,None,0.95,Valid
SUP-0045,Logistics Supplier 045,Logistics,2018,1860163.98,11828497.96,690.3168,165.0793,114.6016,403.3426,2019.0,2035.0,0.5906,0.2263,2019,2040.0,0.4616,591.6386,0.00022349,0.00047787,690.3168,Provided Total Emissions,True,415.728,5652.4843,-274.5888,4962.1675,-0.397772,7.188247,High,None,0.95,Valid
SUP-0045,Logistics Supplier 045,Logistics,2019,1961056.65,13413641.41,624.5126,101.646,55.5856,505.5487,2019.0,2035.0,0.5906,0.2263,2019,2040.0,0.4616,591.6386,0.00022349,0.00047787,624.5126,Provided Total Emissions,True,438.2766,6409.9768,-186.236,5785.4642,-0.29821,9.263967,High,None,0.95,Valid
SUP-0045,Logistics Supplier 045,Logistics,2020,2256193.68,13291284.49,806.03,100.3044,131.8041,537.5231,2019.0,2035.0,0.5906,0.2263,2019,2040.0,0.4616,591.6386,0.00022349,0.00047787,806.03,Provided Total Emissions,True,504.2367,6351.5061,-301.7933,5545.4761,-0.374419,6.879987,High,None,0.95,Valid
SUP-0045,Logistics Supplier 045,Logistics,2021,2117050.4,12476552.92,656.8422,124.3946,77.6761,474.6327,2019.0,2035.0,0.5906,0.2263,2019,2040.0,0.4616,591.6386,0.00022349,0.00047787,656.8422,Provided Total Emissions,True,473.1396,5962.1703,-183.7026,5305.3281,-0.279675,8.077021,High,None,0.95,Valid
SUP-0045,Logistics Supplier 045,Logistics,2022,2095557.22,11531062.98,728.5343,146.6258,61.3679,460.6891,2019.0,2035.0,0.5906,0.2263,2019,2040.0,0.4616,591.6386,0.00022349,0.00047787,728.5343,Provided Total Emissions,True,468.3361,5510.3491,-260.1982,4781.8148,-0.357153,6.56361,High,None,0.95,Valid
SUP-0045,Logistics Supplier 045,Logistics,2023,1934122.43,7730766.31,691.4733,83.7806,116.0563,452.9853,2019.0,2035.0,0.5906,0.2263,2019,2040.0,0.4616,591.6386,0.00022349,0.00047787,691.4733,Provided Total Emissions,True,432.257,3694.3013,-259.2163,3002.828,-0.374875,4.342652,High,None,0.95,Valid
SUP-0045,Logistics Supplier 045,Logistics,2024,1698255.43,11816970.36,671.0594,101.3782,91.246,474.1713,2019.0,2035.0,0.5906,0.2263,2019,2040.0,0.4616,591.6386,0.00022349,0.00047787,671.0594,Provided Total Emissions,True,379.5431,5646.9756,-291.5163,4975.9162,-0.434412,7.415016,High,None,0.95,Valid
SUP-0046,Textiles Supplier 046,Textiles,2015,24029656.0,155668093.29,11348.9965,1082.9227,2222.7033,8010.2236,,,,,2019,2030.0,0.3171,401.7335,0.00029221,0.00017343,11348.9965,Provided Total Emissions,True,7021.7058,26997.5174,-4327.2907,15648.5209,-0.381293,1.378846,High,None,0.95,Valid
SUP-0046,Textiles Supplier 046,Textiles,2016,26279381.17,194126677.39,8111.7001,1037.1225,1527.6194,5321.8724,,,,,2019,2030.0,0.3171,401.7335,0.00029221,0.00017343,8111.7001,Provided Total Emissions,True,7679.098,33667.3897,-432.6021,25555.6896,-0.053331,3.150473,High,None,0.95,Valid
SUP-0046,Textiles Supplier 046,Textiles,2017,29996111.83,171004328.6,13190.7967,2379.0104,1128.5148,9628.4433,,,,,2019,2030.0,0.3171,401.7335,0.00029221,0.00017343,13190.7967,Provided Total Emissions,True,8765.1638,29657.2807,-4425.6329,16466.484,-0.335509,1.248331,High,None,0.95,Valid
SUP-0046,Textiles Supplier 046,Textiles,2018,28618743.31,190142286.79,11572.7532,2826.0,2183.4558,6224.2889,,,,,2019,2030.0,0.3171,401.7335,0.00029221,0.00017343,11572.7532,Provided Total Emissions,True,8362.683,32976.3768,-3210.0702,21403.6236,-0.277382,1.849484,High,None,0.95,Valid
SUP-0046,Textiles Supplier 046,Textiles,2019,25377883.54,210883949.18,10379.4734,1106.6352,999.9177,8107.3024,,,,,2019,2030.0,0.3171,401.7335,0.00029221,0.00017343,10379.4734,Provided Total Emissions,True,7415.6713,36573.6033,-2963.8021,26194.1299,-0.285545,2.523647,High,None,0.95,Valid
SUP-0046,Textiles Supplier 046,Textiles,2020,24694630.16,216554903.9,9019.4579,2292.7129,781.8221,5835.7112,,,,,2019,2030.0,0.3171,401.7335,0.00029221,0.00017343,9019.4579,Provided Total Emissions,True,7216.0179,37557.117,-1803.44,28537.6591,-0.19995,3.16401,High,None,0.95,Valid
SUP-0046,Textiles Supplier 046,Textiles,2021,29111144.35,306325725.59,10974.344,3012.9673,1190.2566,6636.4941,,,,,2019,2030.0,0.3171,401.7335,0.00029221,0.00017343,10974.344,Provided Total Emissions,True,8506.5675,53126.0706,-2467.7765,42151.7266,-0.224868,3.840934,High,None,0.95,Valid
SUP-0046,Textiles Supplier 046,Textiles,2022,31700340.94,239038969.82,12091.9374,2648.8736,1726.855,7009.3499,,,,,2019,2030.0,0.3171,401.7335,0.00029221,0.00017343,12091.9374,Provided Total Emissions,True,9263.1566,41456.5285,-2828.7808,29364.5911,-0.233939,2.428444,High,None,0.95,Valid
SUP-0046,Textiles Supplier 046,Textiles,2023,29758324.09,264275277.69,9779.3001,1009.9358,1391.1191,6973.3488,,,,,2019,2030.0,0.3171,401.7335,0.00029221,0.00017343,9779.3001,Provided Total Emissions,True,8695.6799,45833.2614,-1083.6202,36053.9613,-0.110808,3.686763,High,None,0.95,Valid
SUP-0046,Textiles Supplier 046,Textiles,2024,35669239.14,298991933.66,10245.2754,2575.2464,1393.8351,6178.8654,,,,,2019,2030.0,0.3171,401.7335,0.00029221,0.00017343,10245.2754,Provided Total Emissions,True,10422.9084,51854.1711,177.633,41608.8957,0.017338,4.061276,High,None,0.95,Valid
SUP-0047,Packaging Supplier 047,Packaging,2015,16793833.43,53492736.11,12486.143,3665.588,2152.6369,7372.0366,2018.0,2040.0,0.3939,0.2136,2018,2040.0,0.3112,702.4188,0.0010803,0.00078946,12486.143,Provided Total Emissions,True,18142.3783,42230.3754,5656.2353,29744.2324,0.453001,2.382179,High,None,0.95,Valid
SUP-0047,Packaging Supplier 047,Packaging,2016,14940633.02,61469681.33,11117.2313,1402.1528,1157.0224,7829.6058,2018.0,2040.0,0.3939,0.2136,2018,2040.0,0.3112,702.4188,0.0010803,0.00078946,11117.2313,Provided Total Emissions,True,16140.3659,48527.8546,5023.1346,37410.6233,0.451833,3.365103,High,None,0.95,Valid
SUP-0047,Packaging Supplier 047,Packaging,2017,18390725.16,56953449.62,14040.9276,2874.6935,1167.9628,9771.1843,2018.0,2040.0,0.3939,0.2136,2018,2040.0,0.3112,702.4188,0.0010803,0.00078946,14040.9276,Provided Total Emissions,True,19867.5004,44962.4703,5826.5728,30921.5427,0.414971,2.202244,High,None,0.95,Valid
SUP-0047,Packaging Supplier 047,Packaging,2018,17398949.92,78585153.59,11313.691,2958.2428,1889.7384,6484.7143,2018.0,2040.0,0.3939,0.2136,2018,2040.0,0.3112,702.4188,0.0010803,0.00078946,11313.691,Provided Total Emissions,True,18796.0856,62039.8354,7482.3946,50726.1444,0.661358,4.483607,High,None,0.95,Valid
SUP-0047,Packaging Supplier 047,Packaging,2019,19662075.48,92712221.79,11309.5815,1997.1922,1214.3548,7775.245,2018.0,2040.0,0.3939,0.2136,2018,2040.0,0.3112,702.4188,0.0010803,0.00078946,11309.5815,Provided Total Emissions,True,21240.9401,73192.5906,9931.3586,61883.0091,0.878137,5.471733,High,None,0.95,Valid
SUP-0047,Packaging Supplier 047,Packaging,2020,22643064.03,81515325.38,14248.534,3701.9178,1810.7953,8485.5603,2018.0,2040.0,0.3939,0.2136,2018,2040.0,0.3112,702.4188,0.0010803,0.00078946,14248.534,Provided Total Emissions,True,24461.3021,64353.0888,10212.7681,50104.5548,0.716759,3.516471,High,None,0.95,Valid
SUP-0047,Packaging Supplier 047,Packaging,2021,23945464.44,96609387.24,13189.7769,1223.3192,2178.3025,10612.0074,2018.0,2040.0,0.3939,0.2136,2018,2040.0,0.3112,702.4188,0.0010803,0.00078946,13189.7769,Provided Total Emissions,True,25868.2852,76269.2469,12678.5083,63079.47,0.961238,4.782452,High,None,0.95,Valid
SUP-0047,Packaging Supplier 047,Packaging,2022,25873096.69,112075703.34,17222.8554,3151.816,3362.7772,10983.9424,2018.0,2040.0,0.3939,0.2136,2018,2040.0,0.3112,702.4188,0.0010803,0.00078946,17222.8554,Provided Total Emissions,True,27950.7064,88479.2848,10727.851,71256.4294,0.622885,4.137318,High,None,0.95,Valid
SUP-0047,Packaging Supplier 047,Packaging,2023,23807938.47,106952017.66,12310.6203,2830.8121,2365.3927,7656.6617,2018.0,2040.0,0.3939,0.2136,2018,2040.0,0.3112,702.4188,0.0010803,0.00078946,12310.6203,Provided Total Emissions,True,25719.7159,84434.3399,13409.0956,72123.7196,1.08923,5.858658,High,None,0.95,Valid
SUP-0047,Packaging Supplier 047,Packaging,2024,26170616.74,101956949.16,13482.4768,1729.6497,2219.6431,9242.8785,2018.0,2040.0,0.3939,0.2136,2018,2040.0,0.3112,702.4188,0.0010803,0.00078946,13482.4768,Provided Total Emissions,True,28272.1173,80490.9331,14789.6405,67008.4563,1.096953,4.970041,High,None,0.95,Valid
SUP-0048,Logistics Supplier 048,Logistics,2015,18991523.37,70719744.2,4758.622,806.2873,775.2829,3390.3402,,,,,2019,2040.0,0.4616,591.6386,0.00022349,0.00047787,4758.622,Provided Total Emissions,True,4244.4156,33794.8442,-514.2064,29036.2222,-0.108058,6.101813,High,None,0.95,Valid
SUP-0048,Logistics Supplier 048,Logistics,2016,19327115.41,64414694.97,5076.4788,422.0101,719.1691,3999.7012,,,,,2019,2040.0,0.4616,591.6386,0.00022349,0.00047787,5076.4788,Provided Total Emissions,True,4319.417,30781.8503,-757.0618,25705.3715,-0.149131,5.063622,High,None,0.95,Valid
SUP-0048,Logistics Supplier 048,Logistics,2017,20083432.76,65876387.87,4453.6723,1063.4829,514.6403,2763.0843,,,,,2019,2040.0,0.4616,591.6386,0.00022349,0.00047787,4453.6723,Provided Total Emissions,True,4488.4464,31480.3495,34.7741,27026.6772,0.007808,6.068403,High,None,0.95,Valid
SUP-0048,Logistics Supplier 048,Logistics,2018,19371445.38,81099858.7,5632.0652,825.9596,493.6809,4153.8697,,,,,2019,2040.0,0.4616,591.6386,0.00022349,0.00047787,5632.0652,Provided Total Emissions,True,4329.3243,38755.1895,-1302.7409,33123.1243,-0.231308,5.881168,High,None,0.95,Valid
SUP-0048,Logistics Supplier 048,Logistics,2019,19151818.03,72216187.37,4602.3673,438.754,689.9709,3660.7472,,,,,2019,2040.0,0.4616,591.6386,0.00022349,0.00047787,4602.3673,Provided Total Emissions,True,4280.2398,34509.9495,-322.1275,29907.5822,-0.069992,6.498304,High,None,0.95,Valid
SUP-0048,Logistics Supplier 048,Logistics,2020,18170142.2,69459438.14,4408.7943,438.3239,875.1327,3379.0135,,,,,2019,2040.0,0.4616,591.6386,0.00022349,0.00047787,4408.7943,Provided Total Emissions,True,4060.8451,33192.5817,-347.9492,28783.7874,-0.078922,6.528721,High,None,0.95,Valid
SUP-0048,Logistics Supplier 048,Logistics,2021,21054115.78,79200318.71,5073.351,1364.5192,821.9184,2688.5456,,,,,2019,2040.0,0.4616,591.6386,0.00022349,0.00047787,5073.351,Provided Total Emissions,True,4705.3843,37847.4563,-367.9667,32774.1053,-0.072529,6.460051,High,None,0.95,Valid
SUP-0048,Logistics Supplier 048,Logistics,2022,18413215.31,66540185.06,3753.2035,328.949,733.0292,2560.3257,,,,,2019,2040.0,0.4616,591.6386,0.00022349,0.00047787,3753.2035,Provided Total Emissions,True,4115.1695,31797.5582,361.966,28044.3547,0.096442,7.472111,High,None,0.95,Valid
SUP-0048,Logistics Supplier 048,Logistics,2023,19920817.69,81951394.42,4090.8603,853.8475,852.2911,2409.4907,,,,,2019,2040.0,0.4616,591.6386,0.00022349,0.00047787,4090.8603,Provided Total Emissions,True,4452.1035,39162.1129,361.2432,35071.2526,0.088305,8.573075,High,None,0.95,Valid
SUP-0048,Logistics Supplier 048,Logistics,2024,19025466.64,69879977.98,3591.2892,889.4317,772.1653,2020.8447,,,,,2019,2040.0,0.4616,591.6386,0.00022349,0.00047787,3591.2892,Provided Total Emissions,True,4252.0015,33393.5451,660.7123,29802.2559,0.183976,8.298484,High,None,0.95,Valid
SUP-0049,Logistics Supplier 049,Logistics,2015,25136871.49,236160019.89,3218.5116,687.2545,398.1012,2856.6177,2019.0,2030.0,0.236,0.1422,2019,2040.0,0.4616,591.6386,0.00022349,0.00047787,3218.5116,Provided Total Emissions,True,5617.8394,112853.7887,2399.3278,109635.2771,0.745477,34.063968,High,None,0.95,Valid
SUP-0049,Logistics Supplier 049,Logistics,2016,28381783.98,155777855.01,5120.1638,1121.8729,856.3129,2889.5754,2019.0,2030.0,0.236,0.1422,2019,2040.0,0.4616,591.6386,0.00022349,0.00047787,5120.1638,Provided Total Emissions,True,6343.0449,74441.5636,1222.8811,69321.3998,0.238836,13.538903,High,None,0.95,Valid
SUP-0049,Logistics Supplier 049,Logistics,2017,26166523.43,190695784.05,2751.2175,287.1195,587.1898,1857.0248,2019.0,2030.0,0.236,0.1422,2019,2040.0,0.4616,591.6386,0.00022349,0.00047787,2751.2175,Provided Total Emissions,True,5847.9563,91127.7943,3096.7388,88376.5768,1.125589,32.122715,High,None,0.95,Valid
SUP-0049,Logistics Supplier 049,Logistics,2018,25484078.87,191277908.29,2803.8057,482.4047,540.492,1702.0519,2019.0,2030.0,0.236,0.1422,2019,2040.0,0.4616,591.6386,0.00022349,0.00047787,2803.8057,Provided Total Emissions,True,5695.4368,91405.974,2891.6311,88602.1683,1.031324,31.600681,High,None,0.95,Valid
SUP-0049,Logistics Supplier 049,Logistics,2019,26146183.5,212510828.33,3454.0256,570.7656,438.0112,2510.2535,2019.0,2030.0,0.236,0.1422,2019,2040.0,0.4616,591.6386,0.00022349,0.00047787,3454.0256,Provided Total Emissions,True,5843.4106,101552.5495,2389.385,98098.5239,0.691768,28.401215,High,None,0.95,Valid
SUP-0049,Logistics Supplier 049,Logistics,2020,27304231.05,186325464.96,3603.0712,811.6507,496.9414,2114.5396,2019.0,2030.0,0.236,0.1422,2019,2040.0,0.4616,591.6386,0.00022349,0.00047787,3603.0712,Provided Total Emissions,True,6102.2226,89039.3499,2499.1514,85436.2787,0.693617,23.712071,High,None,0.95,Valid
SUP-0049,Logistics Supplier 049,Logistics,2021,28434249.01,206949935.98,4392.9269,654.5833,676.4708,2903.8948,2019.0,2030.0,0.236,0.1422,2019,2040.0,0.4616,591.6386,0.00022349,0.00047787,4392.9269,Provided Total Emissions,True,6354.7703,98895.1659,1961.8434,94502.239,0.446591,21.512363,High,None,0.95,Valid
SUP-0049,Logistics Supplier 049,Logistics,2022,25108682.31,276868795.36,2712.7996,670.0629,491.776,1650.4128,2019.0,2030.0,0.236,0.1422,2019,2040.0,0.4616,591.6386,0.00022349,0.00047787,2712.7996,Provided Total Emissions,True,5611.5394,132307.2912,2898.7398,129594.4916,1.068542,47.771495,High,None,0.95,Valid
SUP-0049,Logistics Supplier 049,Logistics,2023,23417466.6,198140798.34,2983.1812,340.5265,355.2558,2296.5185,2019.0,2030.0,0.236,0.1422,2019,2040.0,0.4616,591.6386,0.00022349,0.00047787,2983.1812,Provided Total Emissions,True,5233.5696,94685.5433,2250.3884,91702.3621,0.754359,30.739789,High,None,0.95,Valid
SUP-0049,Logistics Supplier 049,Logistics,2024,26134542.66,253220040.05,1693.5044,390.5338,375.4377,937.9883,2019.0,2030.0,0.236,0.1422,2019,2040.0,0.4616,591.6386,0.00022349,0.00047787,1693.5044,Provided Total Emissions,True,5840.8089,121006.2605,4147.3045,119312.7561,2.448948,70.453172,High,None,0.95,Valid
SUP-0050,Electronics Supplier 050,Electronics,2015,20795137.9,107954875.96,15925.9302,3110.3208,1597.6165,10159.6303,,,,,2018,2040.0,0.3424,635.1588,0.00086105,0.00013947,15925.9302,Provided Total Emissions,True,17905.6535,15056.4666,1979.7233,-869.4636,0.124308,-0.054594,High,None,0.95,Valid
SUP-0050,Electronics Supplier 050,Electronics,2016,20724332.35,89854433.57,20295.228,2319.8601,2768.2121,15388.3294,,,,,2018,2040.0,0.3424,635.1588,0.00086105,0.00013947,20295.228,Provided Total Emissions,True,17844.6864,12531.9979,-2450.5416,-7763.2301,-0.120745,-0.382515,High,None,0.95,Valid
SUP-0050,Electronics Supplier 050,Electronics,2017,22994668.96,127677953.89,16936.6704,2882.6136,1094.3562,12355.7846,,,,,2018,2040.0,0.3424,635.1588,0.00086105,0.00013947,16936.6704,Provided Total Emissions,True,19799.5597,17807.2442,2862.8893,870.5738,0.169035,0.051402,High,None,0.95,Valid
SUP-0050,Electronics Supplier 050,Electronics,2018,21284640.41,129930148.54,16724.4073,1315.1911,3386.7716,12721.8956,,,,,2018,2040.0,0.3424,635.1588,0.00086105,0.00013947,16724.4073,Provided Total Emissions,True,18327.1396,18121.3578,1602.7323,1396.9505,0.095832,0.083528,High,None,0.95,Valid
SUP-0050,Electronics Supplier 050,Electronics,2019,23058301.52,143937983.25,19288.0011,3358.5902,4026.092,12313.081,,,,,2018,2040.0,0.3424,635.1588,0.00086105,0.00013947,19288.0011,Provided Total Emissions,True,19854.3505,20075.0305,566.3494,787.0294,0.029363,0.040804,High,None,0.95,Valid
SUP-0050,Electronics Supplier 050,Electronics,2020,29576501.84,147250481.16,25275.0346,3460.77,4081.5543,18020.0502,,,,,2018,2040.0,0.3424,635.1588,0.00086105,0.00013947,25275.0346,Provided Total Emissions,True,25466.8469,20537.0246,191.8123,-4738.01,0.007589,-0.187458,High,None,0.95,Valid
SUP-0050,Electronics Supplier 050,Electronics,2021,25368133.72,150731172.92,23312.1615,4751.8979,2136.6492,17116.2143,,,,,2018,2040.0,0.3424,635.1588,0.00086105,0.00013947,23312.1615,Provided Total Emissions,True,21843.2315,21022.4767,-1468.93,-2289.6848,-0.063011,-0.098218,High,None,0.95,Valid
SUP-0050,Electronics Supplier 050,Electronics,2022,24314180.13,167414534.24,27783.6172,5212.6755,2621.0313,18414.2135,,,,,2018,2040.0,0.3424,635.1588,0.00086105,0.00013947,27783.6172,Provided Total Emissions,True,20935.7248,23349.3051,-6847.8924,-4434.3121,-0.246472,-0.159602,High,None,0.95,Valid
SUP-0050,Electronics Supplier 050,Electronics,2023,26697144.48,164441018.28,20962.4768,2639.7217,1497.1062,16583.1625,,,,,2018,2040.0,0.3424,635.1588,0.00086105,0.00013947,20962.4768,Provided Total Emissions,True,22987.5763,22934.5888,2025.0995,1972.112,0.096606,0.094078,High,None,0.95,Valid
SUP-0050,Electronics Supplier 050,Electronics,2024,30128796.93,167804865.66,26983.1476,5642.8221,3907.9537,16597.9242,,,,,2018,2040.0,0.3424,635.1588,0.00086105,0.00013947,26983.1476,Provided Total Emissions,True,25942.4006,23403.7446,-1040.747,-3579.403,-0.03857,-0.132653,High,None,0.95,Valid
SUP-0051,Textiles Supplier 051,Textiles,2015,3843448.55,16367090.18,1002.279,161.6254,65.6512,824.1725,2021.0,2035.0,0.4466,0.1676,2019,2030.0,0.3171,401.7335,0.00029221,0.00017343,1002.279,Provided Total Emissions,True,1123.0941,2838.5444,120.8151,1836.2654,0.12054,1.83209,High,None,0.95,Valid
SUP-0051,Textiles Supplier 051,Textiles,2016,3747858.91,18337798.55,1000.1226,177.6966,141.3352,655.1781,2021.0,2035.0,0.4466,0.1676,2019,2030.0,0.3171,401.7335,0.00029221,0.00017343,1000.1226,Provided Total Emissions,True,1095.1619,3180.3244,95.0393,2180.2018,0.095028,2.179935,High,None,0.95,Valid
SUP-0051,Textiles Supplier 051,Textiles,2017,4443257.64,23142398.76,1300.6021,128.974,219.5341,970.2135,2021.0,2035.0,0.4466,0.1676,2019,2030.0,0.3171,401.7335,0.00029221,0.00017343,1300.6021,Provided Total Emissions,True,1298.3643,4013.5862,-2.2378,2712.9841,-0.001721,2.085945,High,None,0.95,Valid
SUP-0051,Textiles Supplier 051,Textiles,2018,5187878.71,25884366.25,1431.4853,258.5408,122.8536,1128.3149,2021.0,2035.0,0.4466,0.1676,2019,2030.0,0.3171,401.7335,0.00029221,0.00017343,1431.4853,Provided Total Emissions,True,1515.95,4489.1256,84.4647,3057.6403,0.059005,2.135991,High,None,0.95,Valid
SUP-0051,Textiles Supplier 051,Textiles,2019,5468285.13,23690121.85,1820.5137,406.5727,300.9163,998.111,2021.0,2035.0,0.4466,0.1676,2019,2030.0,0.3171,401.7335,0.00029221,0.00017343,1820.5137,Provided Total Emissions,True,1597.8876,4108.5778,-222.6261,2288.0641,-0.122288,1.256823,High,None,0.95,Valid
SUP-0051,Textiles Supplier 051,Textiles,2020,4938369.73,26416229.92,1524.4904,395.2428,290.7353,765.755,2021.0,2035.0,0.4466,0.1676,2019,2030.0,0.3171,401.7335,0.00029221,0.00017343,1524.4904,Provided Total Emissions,True,1443.041,4581.3668,-81.4494,3056.8764,-0.053427,2.005179,High,None,0.95,Valid
SUP-0051,Textiles Supplier 051,Textiles,2021,6352360.79,29264276.99,1552.8311,255.2304,215.6815,1118.208,2021.0,2035.0,0.4466,0.1676,2019,2030.0,0.3171,401.7335,0.00029221,0.00017343,1552.8311,Provided Total Emissions,True,1856.2233,5075.3036,303.3922,3522.4725,0.19538,2.26842,High,None,0.95,Valid
SUP-0051,Textiles Supplier 051,Textiles,2022,6552006.01,30581564.64,1726.5506,140.7257,323.2552,1345.8754,2021.0,2035.0,0.4466,0.1676,2019,2030.0,0.3171,401.7335,0.00029221,0.00017343,1726.5506,Provided Total Emissions,True,1914.5617,5303.7608,188.0111,3577.2102,0.108894,2.071883,High,None,0.95,Valid
SUP-0051,Textiles Supplier 051,Textiles,2023,5664971.37,31272518.87,1675.0922,210.4342,106.0905,1362.1053,2021.0,2035.0,0.4466,0.1676,2019,2030.0,0.3171,401.7335,0.00029221,0.00017343,1675.0922,Provided Total Emissions,True,1655.3613,5423.5929,-19.7309,3748.5007,-0.011779,2.237788,High,None,0.95,Valid
SUP-0051,Textiles Supplier 051,Textiles,2024,6481538.48,32335832.86,1500.1231,270.3479,170.1741,1090.4532,2021.0,2035.0,0.4466,0.1676,2019,2030.0,0.3171,401.7335,0.00029221,0.00017343,1500.1231,Provided Total Emissions,True,1893.9704,5608.0035,393.8473,4107.8804,0.262543,2.738362,High,None,0.95,Valid
SUP-0052,Electronics Supplier 052,Electronics,2015,3472122.95,26316758.21,1548.3883,160.259,331.6604,1207.2059,,,,,2018,2040.0,0.3424,635.1588,0.00086105,0.00013947,1548.3883,Provided Total Emissions,True,2989.6715,3670.3983,1441.2832,2122.01,0.930828,1.370464,High,None,0.95,Valid
SUP-0052,Electronics Supplier 052,Electronics,2016,3623047.78,18087244.93,2241.0289,359.2606,449.2499,1820.3543,,,,,2018,2040.0,0.3424,635.1588,0.00086105,0.00013947,2241.0289,Provided Total Emissions,True,3119.6253,2522.6281,878.5964,281.5992,0.39205,0.125656,High,None,0.95,Valid
SUP-0052,Electronics Supplier 052,Electronics,2017,2859076.61,26896732.87,1623.8663,182.3371,234.4386,1273.3668,,,,,2018,2040.0,0.3424,635.1588,0.00086105,0.00013947,1623.8663,Provided Total Emissions,True,2461.8079,3751.2873,837.9416,2127.421,0.516016,1.310096,High,None,0.95,Valid
SUP-0052,Electronics Supplier 052,Electronics,2018,3661828.19,22548335.14,2706.0524,530.7162,196.3814,2020.2192,,,,,2018,2040.0,0.3424,635.1588,0.00086105,0.00013947,2706.0524,Provided Total Emissions,True,3153.0172,3144.8163,446.9648,438.7639,0.165172,0.162142,High,None,0.95,Valid
SUP-0052,Electronics Supplier 052,Electronics,2019,3104599.42,24171490.72,2054.4385,166.7449,143.6119,1726.5429,,,,,2018,2040.0,0.3424,635.1588,0.00086105,0.00013947,2054.4385,Provided Total Emissions,True,2673.2153,3371.1978,618.7768,1316.7593,0.30119,0.640934,High,None,0.95,Valid
SUP-0052,Electronics Supplier 052,Electronics,2020,3014599.53,28726586.91,1140.9934,168.9751,203.8388,859.7547,,,,,2018,2040.0,0.3424,635.1588,0.00086105,0.00013947,1140.9934,Provided Total Emissions,True,2595.7209,4006.4971,1454.7275,2865.5037,1.274966,2.511411,High,None,0.95,Valid
SUP-0052,Electronics Supplier 052,Electronics,2021,3035926.46,24508748.4,1591.3873,194.8867,134.9942,1204.9709,,,,,2018,2040.0,0.3424,635.1588,0.00086105,0.00013947,1591.3873,Provided Total Emissions,True,2614.0845,3418.2351,1022.6972,1826.8478,0.642645,1.147959,High,None,0.95,Valid
SUP-0052,Electronics Supplier 052,Electronics,2022,3093272.85,23525134.53,1087.8217,268.5471,202.9979,687.9441,,,,,2018,2040.0,0.3424,635.1588,0.00086105,0.00013947,1087.8217,Provided Total Emissions,True,2663.4626,3281.0505,1575.6409,2193.2288,1.448437,2.016166,High,None,0.95,Valid
SUP-0052,Electronics Supplier 052,Electronics,2023,2982597.08,24293955.4,1558.2705,325.3519,241.9644,984.0862,,,,,2018,2040.0,0.3424,635.1588,0.00086105,0.00013947,1558.2705,Provided Total Emissions,True,2568.1652,3388.278,1009.8947,1830.0075,0.648087,1.174384,High,None,0.95,Valid
SUP-0052,Electronics Supplier 052,Electronics,2024,2698892.0,16949044.66,1342.4416,214.191,166.702,880.8258,,,,,2018,2040.0,0.3424,635.1588,0.00086105,0.00013947,1342.4416,Provided Total Emissions,True,2323.881,2363.8833,981.4394,1021.4417,0.731085,0.760883,High,None,0.95,Valid
SUP-0053,Electronics Supplier 053,Electronics,2015,9470569.54,31088196.1,8826.9665,1901.1209,866.1514,6103.4856,2021.0,2030.0,0.5843,0.3539,2018,2040.0,0.3424,635.1588,0.00086105,0.00013947,8826.9665,Provided Total Emissions,True,8154.6339,4335.8707,-672.3326,-4491.0958,-0.076168,-0.508793,High,None,0.95,Valid
SUP-0053,Electronics Supplier 053,Electronics,2016,8465911.18,36450925.09,7118.7694,1589.9879,616.226,4695.5056,2021.0,2030.0,0.5843,0.3539,2018,2040.0,0.3424,635.1588,0.00086105,0.00013947,7118.7694,Provided Total Emissions,True,7289.5728,5083.8105,170.8034,-2034.9589,0.023993,-0.285858,High,None,0.95,Valid
SUP-0053,Electronics Supplier 053,Electronics,2017,7891935.07,31058756.39,7387.6392,631.4311,1444.4768,5490.7971,2021.0,2030.0,0.5843,0.3539,2018,2040.0,0.3424,635.1588,0.00086105,0.00013947,7387.6392,Provided Total Emissions,True,6795.3507,4331.7648,-592.2885,-3055.8744,-0.080173,-0.413647,High,None,0.95,Valid
SUP-0053,Electronics Supplier 053,Electronics,2018,8879704.22,29118064.72,5599.2244,1080.5135,595.8452,4612.0415,2021.0,2030.0,0.5843,0.3539,2018,2040.0,0.3424,635.1588,0.00086105,0.00013947,5599.2244,Provided Total Emissions,True,7645.8693,4061.0965,2046.6449,-1538.1279,0.365523,-0.274704,High,None,0.95,Valid
SUP-0053,Electronics Supplier 053,Electronics,2019,7596314.77,43497840.55,4603.1214,1287.9028,651.7608,2828.3518,2021.0,2030.0,0.5843,0.3539,2018,2040.0,0.3424,635.1588,0.00086105,0.00013947,4603.1214,Provided Total Emissions,True,6540.8068,6066.6438,1937.6854,1463.5224,0.42095,0.317941,High,None,0.95,Valid
SUP-0053,Electronics Supplier 053,Electronics,2020,8425995.23,38644754.4,6094.0147,1205.8474,509.3801,4177.6809,2021.0,2030.0,0.5843,0.3539,2018,2040.0,0.3424,635.1588,0.00086105,0.00013947,6094.0147,Provided Total Emissions,True,7255.2032,5389.7839,1161.1885,-704.2308,0.190546,-0.115561,High,None,0.95,Valid
SUP-0053,Electronics Supplier 053,Electronics,2021,7244422.57,36584093.37,5361.5757,1291.189,519.6786,3549.7114,2021.0,2030.0,0.5843,0.3539,2018,2040.0,0.3424,635.1588,0.00086105,0.00013947,5361.5757,Provided Total Emissions,True,6237.8101,5102.3835,876.2344,-259.1922,0.163429,-0.048343,High,None,0.95,Valid
SUP-0053,Electronics Supplier 053,Electronics,2022,9050530.8,31949994.46,6306.2578,1538.3416,479.2878,3990.7026,2021.0,2030.0,0.5843,0.3539,2018,2040.0,0.3424,635.1588,0.00086105,0.00013947,6306.2578,Provided Total Emissions,True,7792.9595,4456.0657,1486.7017,-1850.1921,0.23575,-0.29339,High,None,0.95,Valid
SUP-0053,Electronics Supplier 053,Electronics,2023,6709971.13,22409594.03,4212.6269,792.2428,423.3055,3247.0881,2021.0,2030.0,0.5843,0.3539,2018,2040.0,0.3424,635.1588,0.00086105,0.00013947,4212.6269,Provided Total Emissions,True,5777.6206,3125.4661,1564.9937,-1087.1608,0.371501,-0.258072,High,None,0.95,Valid
SUP-0053,Electronics Supplier 053,Electronics,2024,7469190.27,35983983.63,4992.2479,685.8043,584.2321,3799.3045,2021.0,2030.0,0.5843,0.3539,2018,2040.0,0.3424,635.1588,0.00086105,0.00013947,4992.2479,Provided Total Emissions,True,6431.3463,5018.6862,1439.0984,26.4383,0.288267,0.005296,High,None,0.95,Valid
SUP-0054,Chemicals Supplier 054,Chemicals,2015,28019947.45,83789498.28,41518.1188,10056.484,6520.3501,26377.3042,2019.0,2035.0,0.3128,0.1632,2019,2035.0,0.5229,506.3191,0.00100149,0.00047124,41518.1188,Provided Total Emissions,True,28061.6972,39484.9632,-13456.4216,-2033.1556,-0.32411,-0.04897,High,None,0.95,Valid
SUP-0054,Chemicals Supplier 054,Chemicals,2016,23168573.61,86300190.9,36795.9297,5394.464,6116.1382,25344.2665,2019.0,2035.0,0.3128,0.1632,2019,2035.0,0.5229,506.3191,0.00100149,0.00047124,36795.9297,Provided Total Emissions,True,23203.0948,40668.102,-13592.8349,3872.1723,-0.369411,0.105234,High,None,0.95,Valid
SUP-0054,Chemicals Supplier 054,Chemicals,2017,27182471.85,88330895.4,42051.3808,6530.1402,6219.1663,28266.0498,2019.0,2035.0,0.3128,0.1632,2019,2035.0,0.5229,506.3191,0.00100149,0.00047124,42051.3808,Provided Total Emissions,True,27222.9737,41625.0511,-14828.4071,-426.3297,-0.352626,-0.010138,High,None,0.95,Valid
SUP-0054,Chemicals Supplier 054,Chemicals,2018,27832960.84,80462068.35,35118.7131,6361.4525,3829.403,29020.7354,2019.0,2035.0,0.3128,0.1632,2019,2035.0,0.5229,506.3191,0.00100149,0.00047124,35118.7131,Provided Total Emissions,True,27874.432,37916.9451,-7244.2811,2798.232,-0.20628,0.079679,High,None,0.95,Valid
SUP-0054,Chemicals Supplier 054,Chemicals,2019,30245803.25,107524629.88,27514.2942,2713.5436,4516.4876,18462.3221,2019.0,2035.0,0.3128,0.1632,2019,2035.0,0.5229,506.3191,0.00100149,0.00047124,27514.2942,Provided Total Emissions,True,30290.8695,50669.9066,2776.5753,23155.6124,0.100914,0.841585,High,None,0.95,Valid
SUP-0054,Chemicals Supplier 054,Chemicals,2020,31420309.41,120646235.65,28790.3583,4950.4584,4674.7484,18046.8399,2019.0,2035.0,0.3128,0.1632,2019,2035.0,0.5229,506.3191,0.00100149,0.00047124,28790.3583,Provided Total Emissions,True,31467.1257,56853.3321,2676.7674,28062.9738,0.092974,0.974735,High,None,0.95,Valid
SUP-0054,Chemicals Supplier 054,Chemicals,2021,31637584.9,128977156.35,39436.2797,5553.6247,6047.3563,24428.4399,2019.0,2035.0,0.3128,0.1632,2019,2035.0,0.5229,506.3191,0.00100149,0.00047124,39436.2797,Provided Total Emissions,True,31684.7249,60779.1952,-7751.5548,21342.9155,-0.196559,0.5412,High,None,0.95,Valid
SUP-0054,Chemicals Supplier 054,Chemicals,2022,38468162.74,109158075.27,33808.2724,9347.2545,5970.9275,18531.0426,2019.0,2035.0,0.3128,0.1632,2019,2035.0,0.5229,506.3191,0.00100149,0.00047124,33808.2724,Provided Total Emissions,True,38525.4803,51439.6514,4717.2079,17631.379,0.139528,0.521511,High,None,0.95,Valid
SUP-0054,Chemicals Supplier 054,Chemicals,2023,40269781.09,115226906.2,42775.8394,9273.528,7735.7487,25797.279,2019.0,2035.0,0.3128,0.1632,2019,2035.0,0.5229,506.3191,0.00100149,0.00047124,42775.8394,Provided Total Emissions,True,40329.7831,54299.5273,-2446.0563,11523.6879,-0.057183,0.269397,High,None,0.95,Valid
SUP-0054,Chemicals Supplier 054,Chemicals,2024,37566679.46,162599786.13,32020.9372,4886.915,2610.0762,24805.526,2019.0,2035.0,0.3128,0.1632,2019,2035.0,0.5229,506.3191,0.00100149,0.00047124,32020.9372,Provided Total Emissions,True,37622.6538,76623.5232,5601.7166,44602.586,0.174939,1.392919,High,None,0.95,Valid
SUP-0055,Chemicals Supplier 055,Chemicals,2015,15360702.47,108791726.24,14182.9707,1769.8946,2275.3892,9770.1364,2020.0,2040.0,0.6136,0.3724,2019,2035.0,0.5229,506.3191,0.00100149,0.00047124,14182.9707,Provided Total Emissions,True,15383.5899,51267.0131,1200.6192,37084.0424,0.084652,2.614688,High,None,0.95,Valid
SUP-0055,Chemicals Supplier 055,Chemicals,2016,13280878.75,97986719.2,11846.4904,1354.8191,2261.7928,7759.0693,2020.0,2040.0,0.6136,0.3724,2019,2035.0,0.5229,506.3191,0.00100149,0.00047124,11846.4904,Provided Total Emissions,True,13300.6673,46175.2616,1454.1769,34328.7712,0.122752,2.897801,High,None,0.95,Valid
SUP-0055,Chemicals Supplier 055,Chemicals,2017,13128177.49,93558931.69,8274.934,1428.4879,1205.4439,6432.1961,2020.0,2040.0,0.6136,0.3724,2019,2035.0,0.5229,506.3191,0.00100149,0.00047124,8274.934,Provided Total Emissions,True,13147.7385,44088.711,4872.8045,35813.777,0.588863,4.327983,High,None,0.95,Valid
SUP-0055,Chemicals Supplier 055,Chemicals,2018,17194683.68,95727572.56,15015.5622,2001.6273,2504.7764,9144.1849,2020.0,2040.0,0.6136,0.3724,2019,2035.0,0.5229,506.3191,0.00100149,0.00047124,15015.5622,Provided Total Emissions,True,17220.3038,45110.6613,2204.7416,30095.0991,0.14683,2.004261,High,None,0.95,Valid
SUP-0055,Chemicals Supplier 055,Chemicals,2019,12440155.6,101218713.03,9048.2636,1487.0432,1409.4911,5518.1337,2020.0,2040.0,0.6136,0.3724,2019,2035.0,0.5229,506.3191,0.00100149,0.00047124,9048.2636,Provided Total Emissions,True,12458.6914,47698.3063,3410.4278,38650.0427,0.376915,4.271543,High,None,0.95,Valid
SUP-0055,Chemicals Supplier 055,Chemicals,2020,13026519.25,84142939.36,8036.8609,1914.4284,1152.5193,5489.3715,2020.0,2040.0,0.6136,0.3724,2019,2035.0,0.5229,506.3191,0.00100149,0.00047124,8036.8609,Provided Total Emissions,True,13045.9288,39651.5187,5009.0679,31614.6578,0.623262,3.933707,High,None,0.95,Valid
SUP-0055,Chemicals Supplier 055,Chemicals,2021,12395562.21,100833608.13,13462.2976,3373.8244,1525.4619,8125.8447,2020.0,2040.0,0.6136,0.3724,2019,2035.0,0.5229,506.3191,0.00100149,0.00047124,13462.2976,Provided Total Emissions,True,12414.0316,47516.8295,-1048.266,34054.5319,-0.077867,2.529623,High,None,0.95,Valid
SUP-0055,Chemicals Supplier 055,Chemicals,2022,14092637.24,111802323.98,14378.7182,3269.4798,2010.0322,8831.3563,2020.0,2040.0,0.6136,0.3724,2019,2035.0,0.5229,506.3191,0.00100149,0.00047124,14378.7182,Provided Total Emissions,True,14113.6353,52685.7272,-265.0829,38307.009,-0.018436,2.664146,High,None,0.95,Valid
SUP-0055,Chemicals Supplier 055,Chemicals,2023,12889454.92,98197472.98,14313.6755,1937.1632,2382.7458,10405.0512,2020.0,2040.0,0.6136,0.3724,2019,2035.0,0.5229,506.3191,0.00100149,0.00047124,14313.6755,Provided Total Emissions,True,12908.6602,46274.5772,-1405.0153,31960.9017,-0.098159,2.232893,High,None,0.95,Valid
SUP-0055,Chemicals Supplier 055,Chemicals,2024,11454992.68,75753628.87,7352.1791,2076.3008,855.4068,4718.631,2020.0,2040.0,0.6136,0.3724,2019,2035.0,0.5229,506.3191,0.00100149,0.00047124,7352.1791,Provided Total Emissions,True,11472.0606,35698.1401,4119.8815,28345.961,0.560362,3.85545,High,None,0.95,Valid
SUP-0056,Metals Supplier 056,Metals,2015,24788265.03,35805000.61,30211.8386,5000.7136,5424.0247,18888.0274,,,,,2019,2030.0,0.3852,158.2904,0.00100695,0.00065008,30211.8386,Provided Total Emissions,True,24960.5435,23276.1148,-5251.2951,-6935.7238,-0.173816,-0.22957,High,None,0.95,Valid
SUP-0056,Metals Supplier 056,Metals,2016,26746635.82,34642005.13,32234.0325,9078.0158,3547.9618,19679.7307,,,,,2019,2030.0,0.3852,158.2904,0.00100695,0.00065008,32234.0325,Provided Total Emissions,True,26932.5249,22520.0747,-5301.5076,-9713.9578,-0.164469,-0.301357,High,None,0.95,Valid
SUP-0056,Metals Supplier 056,Metals,2017,23410348.03,37434903.09,29160.2751,3270.027,2318.7428,22906.0813,,,,,2019,2030.0,0.3852,158.2904,0.00100695,0.00065008,29160.2751,Provided Total Emissions,True,23573.0499,24335.6818,-5587.2252,-4824.5933,-0.191604,-0.165451,High,None,0.95,Valid
SUP-0056,Metals Supplier 056,Metals,2018,27898567.03,38288053.7,29861.1749,7020.0444,1747.5098,19182.1247,,,,,2019,2030.0,0.3852,158.2904,0.00100695,0.00065008,29861.1749,Provided Total Emissions,True,28092.4621,24890.2979,-1768.7128,-4970.877,-0.059231,-0.166466,High,None,0.95,Valid
SUP-0056,Metals Supplier 056,Metals,2019,24172786.93,44504176.75,23989.0765,3829.1191,4764.2654,16584.1913,,,,,2019,2030.0,0.3852,158.2904,0.00100695,0.00065008,23989.0765,Provided Total Emissions,True,24340.7878,28931.2752,351.7113,4942.1987,0.014661,0.206019,High,None,0.95,Valid
SUP-0056,Metals Supplier 056,Metals,2020,25660326.0,43987409.06,26368.1929,5567.7745,3718.4461,15983.7034,,,,,2019,2030.0,0.3852,158.2904,0.00100695,0.00065008,26368.1929,Provided Total Emissions,True,25838.6653,28595.3349,-529.5276,2227.142,-0.020082,0.084463,High,None,0.95,Valid
SUP-0056,Metals Supplier 056,Metals,2021,29078595.26,39281156.45,22025.9685,4832.9731,2989.0134,15477.7787,,,,,2019,2030.0,0.3852,158.2904,0.00100695,0.00065008,22025.9685,Provided Total Emissions,True,29280.6915,25535.8942,7254.723,3509.9257,0.329371,0.159354,High,None,0.95,Valid
SUP-0056,Metals Supplier 056,Metals,2022,34183007.73,42143005.81,35216.3145,4727.8462,1965.5305,28685.2208,,,,,2019,2030.0,0.3852,158.2904,0.00100695,0.00065008,35216.3145,Provided Total Emissions,True,34420.5796,27396.3252,-795.7349,-7819.9893,-0.022596,-0.222056,High,None,0.95,Valid
SUP-0056,Metals Supplier 056,Metals,2023,34503702.37,54819733.04,32421.3742,4294.5674,2382.2716,26487.9908,,,,,2019,2030.0,0.3852,158.2904,0.00100695,0.00065008,32421.3742,Provided Total Emissions,True,34743.5031,35637.2121,2322.1289,3215.8379,0.071623,0.099189,High,None,0.95,Valid
SUP-0056,Metals Supplier 056,Metals,2024,35680319.64,60380635.83,30237.7557,3770.1001,2423.3846,24044.0953,,,,,2019,2030.0,0.3852,158.2904,0.00100695,0.00065008,30237.7557,Provided Total Emissions,True,35928.2979,39252.2437,5690.5422,9014.488,0.188193,0.29812,High,None,0.95,Valid
SUP-0057,Logistics Supplier 057,Logistics,2015,2997470.91,22353512.63,541.5365,42.2745,67.6764,408.7327,,,,,2019,2040.0,0.4616,591.6386,0.00022349,0.00047787,541.5365,Provided Total Emissions,True,669.9048,10682.0731,128.3683,10140.5366,0.237045,18.72549,High,None,0.95,Valid
SUP-0057,Logistics Supplier 057,Logistics,2016,3211728.68,23528609.95,593.454,146.5503,86.0079,357.2743,,,,,2019,2040.0,0.4616,591.6386,0.00022349,0.00047787,593.454,Provided Total Emissions,True,717.7892,11243.6168,124.3352,10650.1628,0.209511,17.946063,High,None,0.95,Valid
SUP-0057,Logistics Supplier 057,Logistics,2017,3098948.54,25255670.02,412.4154,50.4203,44.5818,313.2603,,,,,2019,2040.0,0.4616,591.6386,0.00022349,0.00047787,412.4154,Provided Total Emissions,True,692.584,12068.927,280.1686,11656.5116,0.679336,28.264007,High,None,0.95,Valid
SUP-0057,Logistics Supplier 057,Logistics,2018,2933450.7,23712140.26,500.5962,110.2448,74.3186,323.9925,,,,,2019,2040.0,0.4616,591.6386,0.00022349,0.00047787,500.5962,Provided Total Emissions,True,655.5969,11331.3205,155.0007,10830.7243,0.309632,21.63565,High,None,0.95,Valid
SUP-0057,Logistics Supplier 057,Logistics,2019,3051566.85,24305708.8,460.5049,45.2501,84.9969,298.6384,,,,,2019,2040.0,0.4616,591.6386,0.00022349,0.00047787,460.5049,Provided Total Emissions,True,681.9947,11614.9691,221.4898,11154.4642,0.480972,24.222249,High,None,0.95,Valid
SUP-0057,Logistics Supplier 057,Logistics,2020,3592089.14,37187696.98,529.3278,93.2388,67.7513,351.7008,,,,,2019,2040.0,0.4616,591.6386,0.00022349,0.00047787,529.3278,Provided Total Emissions,True,802.796,17770.8848,273.4682,17241.557,0.516633,32.572551,High,None,0.95,Valid
SUP-0057,Logistics Supplier 057,Logistics,2021,3101178.76,25943379.39,390.4988,74.2925,72.325,238.8076,,,,,2019,2040.0,0.4616,591.6386,0.00022349,0.00047787,390.4988,Provided Total Emissions,True,693.0824,12397.5627,302.5836,12007.0639,0.774864,30.748017,High,None,0.95,Valid
SUP-0057,Logistics Supplier 057,Logistics,2022,3546741.66,34477288.06,417.8545,122.4763,89.0233,263.5854,,,,,2019,2040.0,0.4616,591.6386,0.00022349,0.00047787,417.8545,Provided Total Emissions,True,792.6613,16475.6616,374.8068,16057.8071,0.896979,38.429183,High,None,0.95,Valid
SUP-0057,Logistics Supplier 057,Logistics,2023,3326851.29,29992908.17,451.5633,121.7339,35.154,292.7448,,,,,2019,2040.0,0.4616,591.6386,0.00022349,0.00047787,451.5633,Provided Total Emissions,True,743.518,14332.711,291.9547,13881.1477,0.646542,30.740203,High,None,0.95,Valid
SUP-0057,Logistics Supplier 057,Logistics,2024,3657289.52,23873981.07,437.5221,64.6681,76.8837,290.0746,,,,,2019,2040.0,0.4616,591.6386,0.00022349,0.00047787,437.5221,Provided Total Emissions,True,817.3676,11408.6593,379.8455,10971.1372,0.868175,25.075618,High,None,0.95,Valid
SUP-0058,Textiles Supplier 058,Textiles,2015,16474869.01,65189479.61,4613.9565,562.113,802.9226,2966.5916,,,,,2019,2030.0,0.3171,401.7335,0.00029221,0.00017343,4613.9565,Provided Total Emissions,True,4814.1215,11305.8114,200.165,6691.8549,0.043383,1.450351,High,None,0.95,Valid
SUP-0058,Textiles Supplier 058,Textiles,2016,17420555.13,61884668.69,4527.4219,954.0147,899.9687,2733.4549,,,,,2019,2030.0,0.3171,401.7335,0.00029221,0.00017343,4527.4219,Provided Total Emissions,True,5090.4604,10732.6581,563.0385,6205.2362,0.124362,1.370589,High,None,0.95,Valid
SUP-0058,Textiles Supplier 058,Textiles,2017,16933943.09,57140321.55,3703.3739,680.4303,497.2945,2571.5972,,,,,2019,2030.0,0.3171,401.7335,0.00029221,0.00017343,3703.3739,Provided Total Emissions,True,4948.2675,9909.846,1244.8936,6206.4721,0.336151,1.675897,High,None,0.95,Valid
SUP-0058,Textiles Supplier 058,Textiles,2018,17536454.07,71574758.7,4223.3779,1170.0877,559.1584,2767.4018,,,,,2019,2030.0,0.3171,401.7335,0.00029221,0.00017343,4223.3779,Provided Total Emissions,True,5124.3272,12413.2104,900.9493,8189.8325,0.213324,1.939166,High,None,0.95,Valid
SUP-0058,Textiles Supplier 058,Textiles,2019,16366814.83,68765198.1,3893.3564,656.8179,737.3503,2414.1075,,,,,2019,2030.0,0.3171,401.7335,0.00029221,0.00017343,3893.3564,Provided Total Emissions,True,4782.547,11925.9483,889.1906,8032.5919,0.228387,2.063154,High,None,0.95,Valid
SUP-0058,Textiles Supplier 058,Textiles,2020,16741812.95,65155923.38,4965.281,853.3374,542.2898,3232.9126,,,,,2019,2030.0,0.3171,401.7335,0.00029221,0.00017343,4965.281,Provided Total Emissions,True,4892.1252,11299.9918,-73.1558,6334.7108,-0.014733,1.275801,High,None,0.95,Valid
SUP-0058,Textiles Supplier 058,Textiles,2021,17313678.27,79916480.05,4840.822,1078.74,941.758,2998.2166,,,,,2019,2030.0,0.3171,401.7335,0.00029221,0.00017343,4840.822,Provided Total Emissions,True,5059.2299,13859.9151,218.4079,9019.0931,0.045118,1.863133,High,None,0.95,Valid
SUP-0058,Textiles Supplier 058,Textiles,2022,18180022.49,73966099.68,4261.6691,803.3409,357.4462,2950.8191,,,,,2019,2030.0,0.3171,401.7335,0.00029221,0.00017343,4261.6691,Provided Total Emissions,True,5312.3844,12827.9407,1050.7153,8566.2716,0.24655,2.010074,High,None,0.95,Valid
SUP-0058,Textiles Supplier 058,Textiles,2023,17281848.36,78060951.28,4512.1757,756.5142,845.4549,2905.7896,,,,,2019,2030.0,0.3171,401.7335,0.00029221,0.00017343,4512.1757,Provided Total Emissions,True,5049.9289,13538.1108,537.7532,9025.9351,0.119178,2.000351,High,None,0.95,Valid
SUP-0058,Textiles Supplier 058,Textiles,2024,16879873.73,81156267.66,3660.5011,371.5177,754.6674,2368.2513,,,,,2019,2030.0,0.3171,401.7335,0.00029221,0.00017343,3660.5011,Provided Total Emissions,True,4932.4679,14074.9315,1271.9668,10414.4304,0.347484,2.845083,High,None,0.95,Valid
SUP-0059,Agriculture Supplier 059,Agriculture,2015,17243248.44,52563313.73,9936.6798,2797.7922,1311.0987,6178.2072,2021.0,2030.0,0.495,0.1874,2018,,,529.8294,0.00091413,0.00096913,9936.6798,Provided Total Emissions,True,15762.5707,50940.6842,5825.8909,41004.0044,0.586302,4.12653,High,None,0.95,Valid
SUP-0059,Agriculture Supplier 059,Agriculture,2016,16118597.8,68317461.26,8128.1427,1117.5487,1171.3605,5369.1019,2021.0,2030.0,0.495,0.1874,2018,,,529.8294,0.00091413,0.00096913,8128.1427,Provided Total Emissions,True,14734.4938,66208.5012,6606.3511,58080.3585,0.812775,7.145588,High,None,0.95,Valid
SUP-0059,Agriculture Supplier 059,Agriculture,2017,14598164.71,73607671.41,8484.9743,874.3722,871.5406,6430.4277,2021.0,2030.0,0.495,0.1874,2018,,,529.8294,0.00091413,0.00096913,8484.9743,Provided Total Emissions,True,13344.6203,71335.4026,4859.646,62850.4283,0.572736,7.407262,High,None,0.95,Valid
SUP-0059,Agriculture Supplier 059,Agriculture,2018,18461714.45,78254275.88,11365.1772,2015.5173,1260.1611,7563.555,2021.0,2030.0,0.495,0.1874,2018,,,529.8294,0.00091413,0.00096913,11365.1772,Provided Total Emissions,True,16876.407,75838.5664,5511.2298,64473.3892,0.484922,5.672889,High,None,0.95,Valid
SUP-0059,Agriculture Supplier 059,Agriculture,2019,21800747.38,80189709.92,14761.5143,1719.0952,1929.6916,10477.4695,2021.0,2030.0,0.495,0.1874,2018,,,529.8294,0.00091413,0.00096913,14761.5143,Provided Total Emissions,True,19928.7172,77714.2536,5167.2029,62952.7393,0.350046,4.264653,High,None,0.95,Valid
SUP-0059,Agriculture Supplier 059,Agriculture,2020,19882235.56,118084380.57,9330.4808,2467.3668,2007.1848,4576.8829,2021.0,2030.0,0.495,0.1874,2018,,,529.8294,0.00091413,0.00096913,9330.4808,Provided Total Emissions,True,18174.948,114439.1157,8844.4672,105108.6349,0.947911,11.265082,High,None,0.95,Valid
SUP-0059,Agriculture Supplier 059,Agriculture,2021,24034395.23,123943987.5,9370.1815,1153.2722,798.3201,8593.4515,2021.0,2030.0,0.495,0.1874,2018,,,529.8294,0.00091413,0.00096913,9370.1815,Provided Total Emissions,True,21970.5617,120117.8366,12600.3802,110747.6551,1.344732,11.819158,High,None,0.95,Valid
SUP-0059,Agriculture Supplier 059,Agriculture,2022,23482265.59,131422589.99,9189.0458,1770.4275,1881.2297,5958.9258,2021.0,2030.0,0.495,0.1874,2018,,,529.8294,0.00091413,0.00096913,9189.0458,Provided Total Emissions,True,21465.8434,127365.5746,12276.7976,118176.5288,1.336025,12.860588,High,None,0.95,Valid
SUP-0059,Agriculture Supplier 059,Agriculture,2023,28403622.92,101005085.27,16243.0987,3696.1957,3223.779,8911.0366,2021.0,2030.0,0.495,0.1874,2018,,,529.8294,0.00091413,0.00096913,16243.0987,Provided Total Emissions,True,25964.6038,97887.0583,9721.5051,81643.9596,0.598501,5.026378,High,None,0.95,Valid
SUP-0059,Agriculture Supplier 059,Agriculture,2024,26467142.02,151629388.58,11355.498,1747.988,1053.9191,9018.0995,2021.0,2030.0,0.495,0.1874,2018,,,529.8294,0.00091413,0.00096913,11355.498,Provided Total Emissions,True,24194.4085,146948.5894,12838.9105,135593.0914,1.130634,11.940744,High,None,0.95,Valid
SUP-0060,Electronics Supplier 060,Electronics,2015,5976625.36,35243416.16,6998.4025,898.4818,1230.3199,5141.5413,2020.0,2040.0,0.5996,0.2984,2018,2040.0,0.3424,635.1588,0.00086105,0.00013947,6998.4025,Provided Total Emissions,True,5146.1733,4915.3993,-1852.2292,-2083.0032,-0.264665,-0.29764,High,None,0.95,Valid
SUP-0060,Electronics Supplier 060,Electronics,2016,5875144.8,43941662.48,4702.4681,1331.7365,791.977,2889.5614,2020.0,2040.0,0.5996,0.2984,2018,2040.0,0.3424,635.1588,0.00086105,0.00013947,4702.4681,Provided Total Emissions,True,5058.7934,6128.5437,356.3253,1426.0756,0.075774,0.303261,High,None,0.95,Valid
SUP-0060,Electronics Supplier 060,Electronics,2017,6628187.08,39488351.38,4745.084,1202.0647,560.0262,2873.0492,2020.0,2040.0,0.5996,0.2984,2018,2040.0,0.3424,635.1588,0.00086105,0.00013947,4745.084,Provided Total Emissions,True,5707.2005,5507.4404,962.1165,762.3564,0.202761,0.160662,High,None,0.95,Valid
SUP-0060,Electronics Supplier 060,Electronics,2018,7231734.64,51270570.88,5975.4594,1473.7985,697.5704,4010.3544,2020.0,2040.0,0.5996,0.2984,2018,2040.0,0.3424,635.1588,0.00086105,0.00013947,5975.4594,Provided Total Emissions,True,6226.8851,7150.7065,251.4257,1175.2471,0.042076,0.196679,High,None,0.95,Valid
SUP-0060,Electronics Supplier 060,Electronics,2019,7986916.19,47020601.36,7594.2622,2050.5894,1642.7119,3824.8128,2020.0,2040.0,0.5996,0.2984,2018,2040.0,0.3424,635.1588,0.00086105,0.00013947,7594.2622,Provided Total Emissions,True,6877.1342,6557.9633,-717.128,-1036.2989,-0.09443,-0.136458,High,None,0.95,Valid
SUP-0060,Electronics Supplier 060,Electronics,2020,8144656.1,45817817.74,6767.4202,641.1863,623.8468,4759.3367,2020.0,2040.0,0.5996,0.2984,2018,2040.0,0.3424,635.1588,0.00086105,0.00013947,6767.4202,Provided Total Emissions,True,7012.9561,6390.211,245.5359,-377.2092,0.036282,-0.055739,High,None,0.95,Valid
SUP-0060,Electronics Supplier 060,Electronics,2021,8598599.54,65849397.17,5345.7411,1130.0475,1045.6309,2942.0532,2020.0,2040.0,0.5996,0.2984,2018,2040.0,0.3424,635.1588,0.00086105,0.00013947,5345.7411,Provided Total Emissions,True,7403.8241,9184.0154,2058.083,3838.2743,0.384995,0.718006,High,None,0.95,Valid
SUP-0060,Electronics Supplier 060,Electronics,2022,9149444.14,48962110.53,7472.0152,685.2096,1652.695,4881.3305,2020.0,2040.0,0.5996,0.2984,2018,2040.0,0.3424,635.1588,0.00086105,0.00013947,7472.0152,Provided Total Emissions,True,7878.1289,6828.7456,406.1137,-643.2696,0.054351,-0.086091,High,None,0.95,Valid
SUP-0060,Electronics Supplier 060,Electronics,2023,9096501.38,62588313.04,6459.7329,1861.2513,1452.9343,3455.3932,2020.0,2040.0,0.5996,0.2984,2018,2040.0,0.3424,635.1588,0.00086105,0.00013947,6459.7329,Provided Total Emissions,True,7832.5425,8729.192,1372.8096,2269.4591,0.212518,0.351324,High,None,0.95,Valid
SUP-0060,Electronics Supplier 060,Electronics,2024,9511980.97,51494851.6,6336.7308,738.3951,476.1886,4578.248,2020.0,2040.0,0.5996,0.2984,2018,2040.0,0.3424,635.1588,0.00086105,0.00013947,6336.7308,Provided Total Emissions,True,8190.2912,7181.987,1853.5604,845.2562,0.292511,0.13339,High,None,0.95,Valid
SUP-0061,Metals Supplier 061,Metals,2015,19631554.42,184557329.93,22191.9842,3324.6634,3138.0721,16776.7278,2018.0,2040.0,0.342,0.2056,2019,2030.0,0.3852,158.2904,0.00100695,0.00065008,22191.9842,Provided Total Emissions,True,19767.9937,119977.029,-2423.9905,97785.0448,-0.109228,4.406323,High,None,0.95,Valid
SUP-0061,Metals Supplier 061,Metals,2016,22054270.12,166783171.77,20794.5035,2233.0515,3185.3185,15509.376,2018.0,2040.0,0.342,0.2056,2019,2030.0,0.3852,158.2904,0.00100695,0.00065008,20794.5035,Provided Total Emissions,True,22207.5473,108422.4043,1413.0438,87627.9008,0.067953,4.213993,High,None,0.95,Valid
SUP-0061,Metals Supplier 061,Metals,2017,21849501.45,175811455.81,22937.6725,6332.3641,2924.4701,13411.2722,2018.0,2040.0,0.342,0.2056,2019,2030.0,0.3852,158.2904,0.00100695,0.00065008,22937.6725,Provided Total Emissions,True,22001.3555,114291.5112,-936.317,91353.8387,-0.04082,3.982699,High,None,0.95,Valid
SUP-0061,Metals Supplier 061,Metals,2018,19974552.28,132580290.24,20080.9039,2189.483,4347.2137,14648.3367,2018.0,2040.0,0.342,0.2056,2019,2030.0,0.3852,158.2904,0.00100695,0.00065008,20080.9039,Provided Total Emissions,True,20113.3754,86187.7951,32.4715,66106.8912,0.001617,3.292028,High,None,0.95,Valid
SUP-0061,Metals Supplier 061,Metals,2019,21728925.48,204713264.77,27957.7961,3490.8738,3020.0931,21219.2632,2018.0,2040.0,0.342,0.2056,2019,2030.0,0.3852,158.2904,0.00100695,0.00065008,27957.7961,Provided Total Emissions,True,21879.9415,133079.9992,-6077.8546,105122.2031,-0.217394,3.760032,High,None,0.95,Valid
SUP-0061,Metals Supplier 061,Metals,2020,20928490.99,138479146.1,28062.847,3884.9679,1826.7546,23360.7279,2018.0,2040.0,0.342,0.2056,2019,2030.0,0.3852,158.2904,0.00100695,0.00065008,28062.847,Provided Total Emissions,True,21073.944,90022.5233,-6988.903,61959.6763,-0.249045,2.20789,High,None,0.95,Valid
SUP-0061,Metals Supplier 061,Metals,2021,20071209.65,164395558.05,19751.5152,3017.466,1773.5588,15436.2253,2018.0,2040.0,0.342,0.2056,2019,2030.0,0.3852,158.2904,0.00100695,0.00065008,19751.5152,Provided Total Emissions,True,20210.7046,106870.2644,459.1894,87118.7492,0.023248,4.410738,High,None,0.95,Valid
SUP-0061,Metals Supplier 061,Metals,2022,20903275.47,152471948.47,24833.4603,2932.8242,3799.5386,16934.5926,2018.0,2040.0,0.342,0.2056,2019,2030.0,0.3852,158.2904,0.00100695,0.00065008,24833.4603,Provided Total Emissions,True,21048.5532,99118.9643,-3784.9071,74285.504,-0.152412,2.991347,High,None,0.95,Valid
SUP-0061,Metals Supplier 061,Metals,2023,23429532.43,197726137.49,34242.1452,8870.6243,3751.0999,22222.7393,2018.0,2040.0,0.342,0.2056,2019,2030.0,0.3852,158.2904,0.00100695,0.00065008,34242.1452,Provided Total Emissions,True,23592.3677,128537.8075,-10649.7775,94295.6623,-0.311014,2.75379,High,None,0.95,Valid
SUP-0061,Metals Supplier 061,Metals,2024,19755026.2,178370687.43,18509.7967,3942.7155,1552.3745,12231.1446,2018.0,2040.0,0.342,0.2056,2019,2030.0,0.3852,158.2904,0.00100695,0.00065008,18509.7967,Provided Total Emissions,True,19892.3236,115955.2165,1382.5269,97445.4198,0.074692,5.264532,High,None,0.95,Valid
SUP-0062,Textiles Supplier 062,Textiles,2015,20829781.08,149410881.29,4254.5212,902.0312,785.0882,2805.1871,2018.0,2030.0,0.5281,0.1906,2019,2030.0,0.3171,401.7335,0.00029221,0.00017343,4254.5212,Provided Total Emissions,True,6086.6703,25912.3291,1832.1491,21657.8079,0.430636,5.090539,High,None,0.95,Valid
SUP-0062,Textiles Supplier 062,Textiles,2016,20423758.06,123172378.22,5624.9091,1303.4156,1118.1675,3011.446,2018.0,2030.0,0.5281,0.1906,2019,2030.0,0.3171,401.7335,0.00029221,0.00017343,5624.9091,Provided Total Emissions,True,5968.0263,21361.7856,343.1172,15736.8765,0.061,2.797712,High,None,0.95,Valid
SUP-0062,Textiles Supplier 062,Textiles,2017,24098203.37,157397874.21,6551.9981,1429.3018,808.4918,4370.451,2018.0,2030.0,0.5281,0.1906,2019,2030.0,0.3171,401.7335,0.00029221,0.00017343,6551.9981,Provided Total Emissions,True,7041.736,27297.5133,489.7379,20745.5152,0.074746,3.166288,High,None,0.95,Valid
SUP-0062,Textiles Supplier 062,Textiles,2018,25089989.92,141118114.05,6379.3652,979.7216,460.2397,4863.7932,2018.0,2030.0,0.5281,0.1906,2019,2030.0,0.3171,401.7335,0.00029221,0.00017343,6379.3652,Provided Total Emissions,True,7331.546,24474.1145,952.1808,18094.7493,0.149259,2.83645,High,None,0.95,Valid
SUP-0062,Textiles Supplier 062,Textiles,2019,26235024.02,166971699.53,5856.1944,972.9812,1049.3187,3554.5322,2018.0,2030.0,0.5281,0.1906,2019,2030.0,0.3171,401.7335,0.00029221,0.00017343,5856.1944,Provided Total Emissions,True,7666.1364,28957.9018,1809.942,23101.7074,0.309065,3.944833,High,None,0.95,Valid
SUP-0062,Textiles Supplier 062,Textiles,2020,30522730.8,172035790.4,8548.8875,1599.8318,1011.4263,5372.438,2018.0,2030.0,0.5281,0.1906,2019,2030.0,0.3171,401.7335,0.00029221,0.00017343,8548.8875,Provided Total Emissions,True,8919.0472,29836.1671,370.1597,21287.2796,0.043299,2.490064,High,None,0.95,Valid
SUP-0062,Textiles Supplier 062,Textiles,2021,29539716.69,184908193.14,5657.4449,1357.8855,368.7106,3724.5978,2018.0,2030.0,0.5281,0.1906,2019,2030.0,0.3171,401.7335,0.00029221,0.00017343,5657.4449,Provided Total Emissions,True,8631.8006,32068.6279,2974.3557,26411.183,0.525742,4.668394,High,None,0.95,Valid
SUP-0062,Textiles Supplier 062,Textiles,2022,37646293.41,151573680.16,8453.6973,1686.8764,624.7733,5705.1672,2018.0,2030.0,0.5281,0.1906,2019,2030.0,0.3171,401.7335,0.00029221,0.00017343,8453.6973,Provided Total Emissions,True,11000.6234,26287.4234,2546.9261,17833.7261,0.30128,2.109577,High,None,0.95,Valid
SUP-0062,Textiles Supplier 062,Textiles,2023,39819787.72,255829469.46,6023.5193,1301.972,1147.5191,3922.4465,2018.0,2030.0,0.5281,0.1906,2019,2030.0,0.3171,401.7335,0.00029221,0.00017343,6023.5193,Provided Total Emissions,True,11635.7402,44368.5049,5612.2209,38344.9856,0.931718,6.365877,High,None,0.95,Valid
SUP-0062,Textiles Supplier 062,Textiles,2024,35793021.81,296991410.25,7479.6472,1243.5064,1589.1811,4415.6005,2018.0,2030.0,0.5281,0.1906,2019,2030.0,0.3171,401.7335,0.00029221,0.00017343,7479.6472,Provided Total Emissions,True,10459.0789,51507.2203,2979.4317,44027.5731,0.398339,5.886317,High,None,0.95,Valid
SUP-0063,Chemicals Supplier 063,Chemicals,2015,12459131.87,65221692.66,18549.8719,1765.9394,3943.2944,13479.4319,2020.0,2030.0,0.5004,0.1931,2019,2035.0,0.5229,506.3191,0.00100149,0.00047124,18549.8719,Provided Total Emissions,True,12477.696,30735.0704,-6072.1759,12185.1985,-0.327343,0.656889,High,None,0.95,Valid
SUP-0063,Chemicals Supplier 063,Chemicals,2016,14961954.68,65148878.7,16135.6719,2538.2911,3397.9811,11494.0582,2020.0,2030.0,0.5004,0.1931,2019,2035.0,0.5229,506.3191,0.00100149,0.00047124,16135.6719,Provided Total Emissions,True,14984.248,30700.7576,-1151.4239,14565.0857,-0.071359,0.902664,High,None,0.95,Valid
SUP-0063,Chemicals Supplier 063,Chemicals,2017,14429530.54,71862933.37,21384.9866,4942.9344,3659.8774,12506.1373,2020.0,2030.0,0.5004,0.1931,2019,2035.0,0.5229,506.3191,0.00100149,0.00047124,21384.9866,Provided Total Emissions,True,14451.0305,33864.6887,-6933.9561,12479.7021,-0.324244,0.583573,High,None,0.95,Valid
SUP-0063,Chemicals Supplier 063,Chemicals,2018,15973886.86,78142475.69,17570.8036,2059.1307,1980.8143,13267.9225,2020.0,2030.0,0.5004,0.1931,2019,2035.0,0.5229,506.3191,0.00100149,0.00047124,17570.8036,Provided Total Emissions,True,15997.688,36823.8602,-1573.1156,19253.0566,-0.08953,1.095741,High,None,0.95,Valid
SUP-0063,Chemicals Supplier 063,Chemicals,2019,15464991.28,60465887.68,19703.2466,4219.8393,2657.9075,13382.6708,2020.0,2030.0,0.5004,0.1931,2019,2035.0,0.5229,506.3191,0.00100149,0.00047124,19703.2466,Provided Total Emissions,True,15488.0341,28493.9449,-4215.2125,8790.6983,-0.213935,0.446155,High,None,0.95,Valid
SUP-0063,Chemicals Supplier 063,Chemicals,2020,15588841.79,70524257.27,17812.0997,2883.5414,2216.5932,14212.2569,2020.0,2030.0,0.5004,0.1931,2019,2035.0,0.5229,506.3191,0.00100149,0.00047124,17812.0997,Provided Total Emissions,True,15612.0692,33233.851,-2200.0305,15421.7513,-0.123513,0.865802,High,None,0.95,Valid
SUP-0063,Chemicals Supplier 063,Chemicals,2021,21900115.76,82369512.08,22307.9947,3130.6237,1407.7977,16277.034,2020.0,2030.0,0.5004,0.1931,2019,2035.0,0.5229,506.3191,0.00100149,0.00047124,22307.9947,Provided Total Emissions,True,21932.7469,38815.8089,-375.2478,16507.8142,-0.016821,0.739995,High,None,0.95,Valid
SUP-0063,Chemicals Supplier 063,Chemicals,2022,19490969.24,98026100.77,20809.9664,3424.1443,2041.1988,15678.1762,2020.0,2030.0,0.5004,0.1931,2019,2035.0,0.5229,506.3191,0.00100149,0.00047124,20809.9664,Provided Total Emissions,True,19520.0108,46193.8197,-1289.9556,25383.8533,-0.061987,1.219793,High,None,0.95,Valid
SUP-0063,Chemicals Supplier 063,Chemicals,2023,19073604.79,83336296.86,21119.4578,5411.3301,3036.3764,12465.0106,2020.0,2030.0,0.5004,0.1931,2019,2035.0,0.5229,506.3191,0.00100149,0.00047124,21119.4578,Provided Total Emissions,True,19102.0245,39271.3965,-2017.4333,18151.9387,-0.095525,0.859489,High,None,0.95,Valid
SUP-0063,Chemicals Supplier 063,Chemicals,2024,17530557.49,116720536.19,18647.3146,1913.937,1263.2604,15802.7697,2020.0,2030.0,0.5004,0.1931,2019,2035.0,0.5229,506.3191,0.00100149,0.00047124,18647.3146,Provided Total Emissions,True,17556.678,55003.3855,-1090.6366,36356.0709,-0.058488,1.949668,High,None,0.95,Valid
SUP-0064,Metals Supplier 064,Metals,2015,9896213.5,59562124.27,7803.8473,926.7635,598.0845,6487.6778,,,,,2019,2030.0,0.3852,158.2904,0.00100695,0.00065008,7803.8473,Provided Total Emissions,True,9964.9922,38720.1457,2161.1449,30916.2984,0.276933,3.961674,High,None,0.95,Valid
SUP-0064,Metals Supplier 064,Metals,2016,8976486.55,55724724.07,7903.6502,1411.8629,655.7898,5722.6354,,,,,2019,2030.0,0.3852,158.2904,0.00100695,0.00065008,7903.6502,Provided Total Emissions,True,9038.8731,36225.5286,1135.2229,28321.8784,0.143633,3.583392,High,None,0.95,Valid
SUP-0064,Metals Supplier 064,Metals,2017,9818842.4,57297081.09,6081.7501,647.4467,1188.2785,4480.4162,,,,,2019,2030.0,0.3852,158.2904,0.00100695,0.00065008,6081.7501,Provided Total Emissions,True,9887.0834,37247.6865,3805.3333,31165.9364,0.625697,5.124501,High,None,0.95,Valid
SUP-0064,Metals Supplier 064,Metals,2018,9466503.75,54626086.88,5401.2867,1356.2853,1074.2606,3010.1376,,,,,2019,2030.0,0.3852,158.2904,0.00100695,0.00065008,5401.2867,Provided Total Emissions,True,9532.296,35511.3266,4131.0093,30110.0399,0.764819,5.574605,High,None,0.95,Valid
SUP-0064,Metals Supplier 064,Metals,2019,9678953.08,57871305.27,6881.9675,1744.329,1031.7116,3763.9477,,,,,2019,2030.0,0.3852,158.2904,0.00100695,0.00065008,6881.9675,Provided Total Emissions,True,9746.2218,37620.9781,2864.2543,30739.0106,0.416197,4.466602,High,None,0.95,Valid
SUP-0064,Metals Supplier 064,Metals,2020,9319215.39,57023526.71,6656.8257,884.7607,1374.3739,4847.2573,,,,,2019,2030.0,0.3852,158.2904,0.00100695,0.00065008,6656.8257,Provided Total Emissions,True,9383.9839,37069.8542,2727.1582,30413.0285,0.409678,4.568698,High,None,0.95,Valid
SUP-0064,Metals Supplier 064,Metals,2021,8032688.07,56900504.6,5239.5185,1528.0335,451.5795,3296.084,,,,,2019,2030.0,0.3852,158.2904,0.00100695,0.00065008,5239.5185,Provided Total Emissions,True,8088.5153,36989.88,2848.9968,31750.3615,0.543752,6.059786,High,None,0.95,Valid
SUP-0064,Metals Supplier 064,Metals,2022,9835091.09,55252649.19,6043.4531,588.5239,655.3885,4538.8002,,,,,2019,2030.0,0.3852,158.2904,0.00100695,0.00065008,6043.4531,Provided Total Emissions,True,9903.445,35918.6422,3859.9919,29875.1891,0.638706,4.943397,High,None,0.95,Valid
SUP-0064,Metals Supplier 064,Metals,2023,9612060.72,77141102.89,6061.9488,1217.7853,721.7499,4224.3568,,,,,2019,2030.0,0.3852,158.2904,0.00100695,0.00065008,6061.9488,Provided Total Emissions,True,9678.8645,50147.8882,3616.9157,44085.9394,0.596659,7.272569,High,None,0.95,Valid
SUP-0064,Metals Supplier 064,Metals,2024,10514177.67,58694224.57,6615.3276,1523.4357,1186.8678,3615.0829,,,,,2019,2030.0,0.3852,158.2904,0.00100695,0.00065008,6615.3276,Provided Total Emissions,True,10587.2512,38155.9415,3971.9236,31540.6139,0.600412,4.767808,High,None,0.95,Valid
SUP-0065,Agriculture Supplier 065,Agriculture,2015,1069624.03,9385139.83,1236.4857,302.9365,148.3727,829.8486,2018.0,2035.0,0.42,0.2167,2018,,,529.8294,0.00091413,0.00096913,1236.4857,Provided Total Emissions,True,977.7754,9095.4206,-258.7103,7858.9349,-0.20923,6.355864,High,None,0.95,Valid
SUP-0065,Agriculture Supplier 065,Agriculture,2016,1052693.74,7777075.71,1355.2688,360.2747,197.9424,788.301,2018.0,2035.0,0.42,0.2167,2018,,,529.8294,0.00091413,0.00096913,1355.2688,Provided Total Emissions,True,962.2989,7536.9974,-392.9699,6181.7286,-0.289957,4.561256,High,None,0.95,Valid
SUP-0065,Agriculture Supplier 065,Agriculture,2017,1003749.24,7975348.43,1071.4088,275.4641,181.4859,527.3003,2018.0,2035.0,0.42,0.2167,2018,,,529.8294,0.00091413,0.00096913,1071.4088,Provided Total Emissions,True,917.5573,7729.1494,-153.8515,6657.7406,-0.143597,6.214006,High,None,0.95,Valid
SUP-0065,Agriculture Supplier 065,Agriculture,2018,1023773.43,7190441.47,1245.2041,287.0364,116.5372,822.748,2018.0,2035.0,0.42,0.2167,2018,,,529.8294,0.00091413,0.00096913,1245.2041,Provided Total Emissions,True,935.862,6968.4725,-309.3421,5723.2684,-0.248427,4.596249,High,None,0.95,Valid
SUP-0065,Agriculture Supplier 065,Agriculture,2019,1044713.32,9270850.84,1703.86,283.7596,111.3776,1150.9791,2018.0,2035.0,0.42,0.2167,2018,,,529.8294,0.00091413,0.00096913,1703.86,Provided Total Emissions,True,955.0038,8984.6597,-748.8562,7280.7997,-0.439506,4.273121,High,None,0.95,Valid
SUP-0065,Agriculture Supplier 065,Agriculture,2020,1100698.13,6833624.38,1660.585,239.6574,209.9199,1114.8852,2018.0,2035.0,0.42,0.2167,2018,,,529.8294,0.00091413,0.00096913,1660.585,Provided Total Emissions,True,1006.1812,6622.6704,-654.4038,4962.0854,-0.39408,2.988155,High,None,0.95,Valid
SUP-0065,Agriculture Supplier 065,Agriculture,2021,926397.05,7234718.71,904.4109,89.8974,113.4256,737.5156,2018.0,2035.0,0.42,0.2167,2018,,,529.8294,0.00091413,0.00096913,904.4109,Provided Total Emissions,True,846.8473,7011.3829,-57.5636,6106.972,-0.063648,6.752431,High,None,0.95,Valid
SUP-0065,Agriculture Supplier 065,Agriculture,2022,899333.22,5268317.75,973.8551,148.8857,165.3642,661.3364,2018.0,2035.0,0.42,0.2167,2018,,,529.8294,0.00091413,0.00096913,973.8551,Provided Total Emissions,True,822.1075,5105.6848,-151.7476,4131.8297,-0.155822,4.242756,High,None,0.95,Valid
SUP-0065,Agriculture Supplier 065,Agriculture,2023,954625.19,6197265.87,1235.71,268.9538,132.5008,834.8451,2018.0,2035.0,0.42,0.2167,2018,,,529.8294,0.00091413,0.00096913,1235.71,Provided Total Emissions,True,872.6515,6005.9563,-363.0585,4770.2463,-0.293806,3.860328,High,None,0.95,Valid
SUP-0065,Agriculture Supplier 065,Agriculture,2024,783969.24,5047969.27,864.2283,118.7355,70.1896,696.6199,2018.0,2035.0,0.42,0.2167,2018,,,529.8294,0.00091413,0.00096913,864.2283,Provided Total Emissions,True,716.6498,4892.1385,-147.5785,4027.9102,-0.170763,4.660702,High,None,0.95,Valid
SUP-0066,Electronics Supplier 066,Electronics,2015,14118278.87,116009195.44,15159.4347,3905.5548,917.2373,10007.4828,2020.0,2030.0,0.339,0.1901,2018,2040.0,0.3424,635.1588,0.00086105,0.00013947,15159.4347,Provided Total Emissions,True,12156.544,16179.8025,-3002.8907,1020.3678,-0.198087,0.067309,High,None,0.95,Valid
SUP-0066,Electronics Supplier 066,Electronics,2016,15646654.23,125411881.07,17276.2838,5081.7638,3219.2533,10410.0057,2020.0,2030.0,0.339,0.1901,2018,2040.0,0.3424,635.1588,0.00086105,0.00013947,17276.2838,Provided Total Emissions,True,13472.5516,17491.1951,-3803.7322,214.9113,-0.220171,0.01244,High,None,0.95,Valid
SUP-0066,Electronics Supplier 066,Electronics,2017,13596856.07,130305737.62,16381.4923,3750.4925,1953.5191,10392.1685,2020.0,2030.0,0.339,0.1901,2018,2040.0,0.3424,635.1588,0.00086105,0.00013947,16381.4923,Provided Total Emissions,True,11707.5729,18173.7412,-4673.9194,1792.2489,-0.285317,0.109407,High,None,0.95,Valid
SUP-0066,Electronics Supplier 066,Electronics,2018,17873979.19,114871711.14,19645.7463,1803.2374,2163.866,14658.2815,2020.0,2030.0,0.339,0.1901,2018,2040.0,0.3424,635.1588,0.00086105,0.00013947,19645.7463,Provided Total Emissions,True,15390.3898,16021.1576,-4255.3565,-3624.5887,-0.216604,-0.184497,High,None,0.95,Valid
SUP-0066,Electronics Supplier 066,Electronics,2019,18927523.77,155463365.8,17976.3245,3823.3491,2946.9599,9771.588,2020.0,2030.0,0.339,0.1901,2018,2040.0,0.3424,635.1588,0.00086105,0.00013947,17976.3245,Provided Total Emissions,True,16297.5443,21682.4756,-1678.7802,3706.1511,-0.093388,0.206168,High,None,0.95,Valid
SUP-0066,Electronics Supplier 066,Electronics,2020,18905755.57,170979469.76,16152.7618,4031.2915,1082.8891,11112.0089,2020.0,2030.0,0.339,0.1901,2018,2040.0,0.3424,635.1588,0.00086105,0.00013947,16152.7618,Provided Total Emissions,True,16278.8008,23846.5066,126.039,7693.7448,0.007803,0.476311,High,None,0.95,Valid
SUP-0066,Electronics Supplier 066,Electronics,2021,22980374.45,181289129.74,15688.1112,3812.3933,2224.5461,8659.254,2020.0,2030.0,0.339,0.1901,2018,2040.0,0.3424,635.1588,0.00086105,0.00013947,15688.1112,Provided Total Emissions,True,19787.2514,25284.3949,4099.1402,9596.2837,0.26129,0.611691,High,None,0.95,Valid
SUP-0066,Electronics Supplier 066,Electronics,2022,20944558.54,156019332.07,18248.2678,2841.7886,2061.1125,13761.2397,2020.0,2030.0,0.339,0.1901,2018,2040.0,0.3424,635.1588,0.00086105,0.00013947,18248.2678,Provided Total Emissions,True,18034.3121,21760.0162,-213.9557,3511.7484,-0.011725,0.192443,High,None,0.95,Valid
SUP-0066,Electronics Supplier 066,Electronics,2023,23417299.0,214001569.32,18516.6863,2054.7114,2965.6611,14625.3806,2020.0,2030.0,0.339,0.1901,2018,2040.0,0.3424,635.1588,0.00086105,0.00013947,18516.6863,Provided Total Emissions,True,20163.4653,29846.7989,1646.779,11330.1126,0.088935,0.611887,High,None,0.95,Valid
SUP-0066,Electronics Supplier 066,Electronics,2024,19647049.39,180616239.14,17053.0904,3144.3067,2347.2066,11019.9071,2020.0,2030.0,0.339,0.1901,2018,2040.0,0.3424,635.1588,0.00086105,0.00013947,17053.0904,Provided Total Emissions,True,16917.0919,25190.5469,-135.9985,8137.4565,-0.007975,0.477184,High,None,0.95,Valid
SUP-0067,Professional Supplier 067,Professional Services,2015,10038247.82,50348525.22,1204.742,324.9545,79.6658,930.5732,,,,,2020,,,400.0326,0.00012906,0.00019658,1204.742,Provided Total Emissions,True,1295.5363,9897.5131,90.7943,8692.7711,0.075364,7.215463,High,None,0.95,Valid
SUP-0067,Professional Supplier 067,Professional Services,2016,12732544.24,62439106.16,1170.0522,155.6328,184.3432,907.4825,,,,,2020,,,400.0326,0.00012906,0.00019658,1170.0522,Provided Total Emissions,True,1643.2622,12274.2795,473.21,11104.2273,0.404435,9.490369,High,None,0.95,Valid
SUP-0067,Professional Supplier 067,Professional Services,2017,14059424.04,74365008.3,1412.7499,233.3121,188.0721,888.1329,,,,,2020,,,400.0326,0.00012906,0.00019658,1412.7499,Provided Total Emissions,True,1814.5093,14618.6733,401.7594,13205.9234,0.284381,9.347673,High,None,0.95,Valid
SUP-0067,Professional Supplier 067,Professional Services,2018,15645945.78,70915023.93,1717.8367,241.9069,124.7323,1394.2528,,,,,2020,,,400.0326,0.00012906,0.00019658,1717.8367,Provided Total Emissions,True,2019.2658,13940.4754,301.4291,12222.6387,0.17547,7.115134,High,None,0.95,Valid
SUP-0067,Professional Supplier 067,Professional Services,2019,18395539.02,75341111.67,1735.7635,425.9383,215.4982,1071.3878,,,,,2020,,,400.0326,0.00012906,0.00019658,1735.7635,Provided Total Emissions,True,2374.1283,14810.5557,638.3648,13074.7922,0.367772,7.532589,High,None,0.95,Valid
SUP-0067,Professional Supplier 067,Professional Services,2020,16930456.97,72550494.35,1791.1932,436.2517,218.2987,1110.7215,,,,,2020,,,400.0326,0.00012906,0.00019658,1791.1932,Provided Total Emissions,True,2185.0448,14261.9762,393.8516,12470.783,0.219882,6.962277,High,None,0.95,Valid
SUP-0067,Professional Supplier 067,Professional Services,2021,20320149.51,103573303.02,1661.3409,398.3889,264.0185,1050.6075,,,,,2020,,,400.0326,0.00012906,0.00019658,1661.3409,Provided Total Emissions,True,2622.5185,20360.4399,961.1776,18699.099,0.578555,11.255426,High,None,0.95,Valid
SUP-0067,Professional Supplier 067,Professional Services,2022,20345004.15,89725613.55,1345.384,224.5164,273.9649,761.538,,,,,2020,,,400.0326,0.00012906,0.00019658,1345.384,Provided Total Emissions,True,2625.7262,17638.2611,1280.3422,16292.8771,0.951656,12.110206,High,None,0.95,Valid
SUP-0067,Professional Supplier 067,Professional Services,2023,23554704.42,104846593.63,1773.9266,368.1097,103.5748,1292.954,,,,,2020,,,400.0326,0.00012906,0.00019658,1773.9266,Provided Total Emissions,True,3039.9702,20610.7434,1266.0436,18836.8168,0.713696,10.618713,High,None,0.95,Valid
SUP-0067,Professional Supplier 067,Professional Services,2024,21150301.34,151276455.11,1476.7146,295.2488,192.0735,897.9854,,,,,2020,,,400.0326,0.00012906,0.00019658,1476.7146,Provided Total Emissions,True,2729.6579,29737.9255,1252.9433,28261.2109,0.848467,19.137896,High,None,0.95,Valid
SUP-0068,Agriculture Supplier 068,Agriculture,2015,18513783.52,66916972.77,18257.883,2348.7144,3147.3399,13119.6701,,,,,2018,,,529.8294,0.00091413,0.00096913,18257.883,Provided Total Emissions,True,16924.0049,64851.2458,-1333.8781,46593.3628,-0.073058,2.551959,High,None,0.95,Valid
SUP-0068,Agriculture Supplier 068,Agriculture,2016,21873685.28,59968292.99,21653.9413,2716.6103,1788.7716,15602.6032,,,,,2018,,,529.8294,0.00091413,0.00096913,21653.9413,Provided Total Emissions,True,19995.3919,58117.0718,-1658.5494,36463.1305,-0.076593,1.683903,High,None,0.95,Valid
SUP-0068,Agriculture Supplier 068,Agriculture,2017,18607354.27,72012029.33,19202.515,1649.741,1503.109,15795.3854,,,,,2018,,,529.8294,0.00091413,0.00096913,19202.515,Provided Total Emissions,True,17009.5408,69789.018,-2192.9742,50586.503,-0.114202,2.634369,High,None,0.95,Valid
SUP-0068,Agriculture Supplier 068,Agriculture,2018,18646548.89,54440631.12,20695.2167,3256.6112,3252.0533,12825.8978,,,,,2018,,,529.8294,0.00091413,0.00096913,20695.2167,Provided Total Emissions,True,17045.3697,52760.0488,-3649.847,32064.8321,-0.176362,1.549384,High,None,0.95,Valid
SUP-0068,Agriculture Supplier 068,Agriculture,2019,18252601.18,66220041.42,14475.8231,1813.6172,3455.4611,10995.5501,,,,,2018,,,529.8294,0.00091413,0.00096913,14475.8231,Provided Total Emissions,True,16685.2503,64175.8287,2209.4272,49700.0056,0.152629,3.433311,High,None,0.95,Valid
SUP-0068,Agriculture Supplier 068,Agriculture,2020,18599884.09,56655845.94,10178.3517,1545.9435,2172.6727,6854.3338,,,,,2018,,,529.8294,0.00091413,0.00096913,10178.3517,Provided Total Emissions,True,17002.712,54906.88,6824.3603,44728.5283,0.670478,4.394477,High,None,0.95,Valid
SUP-0068,Agriculture Supplier 068,Agriculture,2021,18800211.84,60558721.85,14929.9264,3225.2797,2178.1935,9789.5515,,,,,2018,,,529.8294,0.00091413,0.00096913,14929.9264,Provided Total Emissions,True,17185.8376,58689.2741,2255.9112,43759.3477,0.1511,2.930982,High,None,0.95,Valid
SUP-0068,Agriculture Supplier 068,Agriculture,2022,20073667.46,68958102.8,17736.1275,4007.3683,2828.7976,10552.3944,,,,,2018,,,529.8294,0.00091413,0.00096913,17736.1275,Provided Total Emissions,True,18349.9416,66829.3662,613.8141,49093.2387,0.034608,2.76798,High,None,0.95,Valid
SUP-0068,Agriculture Supplier 068,Agriculture,2023,18028035.85,52485681.36,15050.6514,1247.6667,1483.5199,11516.0747,,,,,2018,,,529.8294,0.00091413,0.00096913,15050.6514,Provided Total Emissions,True,16479.9684,50865.4484,1429.317,35814.797,0.094967,2.379618,High,None,0.95,Valid
SUP-0068,Agriculture Supplier 068,Agriculture,2024,18949155.27,62164621.18,16061.3429,1445.2497,1900.8892,13568.3448,,,,,2018,,,529.8294,0.00091413,0.00096913,16061.3429,Provided Total Emissions,True,17321.9913,60245.5993,1260.6484,44184.2564,0.07849,2.750969,High,None,0.95,Valid
SUP-0069,Chemicals Supplier 069,Chemicals,2015,5465464.08,33920083.54,6379.6482,1185.478,428.2469,4405.0267,,,,,2019,2035.0,0.5229,506.3191,0.00100149,0.00047124,6379.6482,Provided Total Emissions,True,5473.6076,15984.5002,-906.0406,9604.852,-0.14202,1.505546,High,None,0.95,Valid
SUP-0069,Chemicals Supplier 069,Chemicals,2016,5467862.58,33237456.12,5314.4978,1072.1321,974.1582,3061.2793,,,,,2019,2035.0,0.5229,506.3191,0.00100149,0.00047124,5314.4978,Provided Total Emissions,True,5476.0097,15662.8188,161.5119,10348.321,0.030391,1.947187,High,None,0.95,Valid
SUP-0069,Chemicals Supplier 069,Chemicals,2017,5000794.32,35810337.56,6332.5194,1667.5336,419.7029,4258.0701,,,,,2019,2035.0,0.5229,506.3191,0.00100149,0.00047124,6332.5194,Provided Total Emissions,True,5008.2455,16875.2635,-1324.2739,10542.7441,-0.209123,1.664858,High,None,0.95,Valid
SUP-0069,Chemicals Supplier 069,Chemicals,2018,5715548.27,41301928.54,5229.0996,597.7381,678.2804,3778.6248,,,,,2019,2035.0,0.5229,506.3191,0.00100149,0.00047124,5229.0996,Provided Total Emissions,True,5724.0644,19463.1208,494.9648,14234.0212,0.094656,2.722079,High,None,0.95,Valid
SUP-0069,Chemicals Supplier 069,Chemicals,2019,6634031.13,25562518.17,6264.6366,734.728,579.7041,4752.7613,,,,,2019,2035.0,0.5229,506.3191,0.00100149,0.00047124,6264.6366,Provided Total Emissions,True,6643.9158,12046.0811,379.2792,5781.4445,0.060543,0.92287,High,None,0.95,Valid
SUP-0069,Chemicals Supplier 069,Chemicals,2020,6621140.7,35128467.24,5636.5844,792.0367,1129.8197,3870.8027,,,,,2019,2035.0,0.5229,506.3191,0.00100149,0.00047124,5636.5844,Provided Total Emissions,True,6631.0062,16553.9389,994.4218,10917.3545,0.176423,1.936874,High,None,0.95,Valid
SUP-0069,Chemicals Supplier 069,Chemicals,2021,7117988.81,45519100.41,6038.6119,627.7264,1297.3225,4405.9451,,,,,2019,2035.0,0.5229,506.3191,0.00100149,0.00047124,6038.6119,Provided Total Emissions,True,7128.5946,21450.4209,1089.9827,15411.809,0.180502,2.552211,High,None,0.95,Valid
SUP-0069,Chemicals Supplier 069,Chemicals,2022,7690650.25,42346828.48,5480.1374,537.1181,373.0039,4651.7707,,,,,2019,2035.0,0.5229,506.3191,0.00100149,0.00047124,5480.1374,Provided Total Emissions,True,7702.1093,19955.5195,2221.9719,14475.3821,0.405459,2.641427,High,None,0.95,Valid
SUP-0069,Chemicals Supplier 069,Chemicals,2023,7195164.69,39608280.52,6686.1137,1839.0444,924.1332,4276.9894,,,,,2019,2035.0,0.5229,506.3191,0.00100149,0.00047124,6686.1137,Provided Total Emissions,True,7205.8855,18665.0061,519.7718,11978.8924,0.077739,1.791608,High,None,0.95,Valid
SUP-0069,Chemicals Supplier 069,Chemicals,2024,7337261.26,51791399.73,4541.1221,1021.9259,902.6064,2893.9993,,,,,2019,2035.0,0.5229,506.3191,0.00100149,0.00047124,4541.1221,Provided Total Emissions,True,7348.1938,24406.1792,2807.0717,19865.0571,0.618145,4.374482,High,None,0.95,Valid
SUP-0070,Agriculture Supplier 070,Agriculture,2015,1375042.58,5571678.37,941.8648,80.0092,172.6739,721.1348,2020.0,2035.0,0.5262,0.2341,2018,,,529.8294,0.00091413,0.00096913,941.8648,Provided Total Emissions,True,1256.9677,5399.6807,315.1029,4457.8159,0.334552,4.732968,High,None,0.95,Valid
SUP-0070,Agriculture Supplier 070,Agriculture,2016,1652866.05,4724171.33,1152.599,188.7866,72.9946,992.9045,2020.0,2035.0,0.5262,0.2341,2018,,,529.8294,0.00091413,0.00096913,1152.599,Provided Total Emissions,True,1510.9344,4578.3362,358.3354,3425.7372,0.310893,2.972185,High,None,0.95,Valid
SUP-0070,Agriculture Supplier 070,Agriculture,2017,1701465.96,5605173.95,1392.1278,229.8678,132.9286,997.1272,2020.0,2035.0,0.5262,0.2341,2018,,,529.8294,0.00091413,0.00096913,1392.1278,Provided Total Emissions,True,1555.3611,5432.1422,163.2333,4040.0144,0.117255,2.902043,High,None,0.95,Valid
SUP-0070,Agriculture Supplier 070,Agriculture,2018,1484793.07,6238823.75,1085.2951,139.8256,62.6339,814.4272,2020.0,2035.0,0.5262,0.2341,2018,,,529.8294,0.00091413,0.00096913,1085.2951,Provided Total Emissions,True,1357.2939,6046.2313,271.9988,4960.9362,0.250622,4.571048,High,None,0.95,Valid
SUP-0070,Agriculture Supplier 070,Agriculture,2019,1783163.67,6785150.48,977.9649,176.7909,220.7979,584.1249,2020.0,2035.0,0.5262,0.2341,2018,,,529.8294,0.00091413,0.00096913,977.9649,Provided Total Emissions,True,1630.0434,6575.6929,652.0785,5597.728,0.666771,5.723854,High,None,0.95,Valid
SUP-0070,Agriculture Supplier 070,Agriculture,2020,1775564.61,5902376.3,1108.6892,249.1961,237.0501,657.0151,2020.0,2035.0,0.5262,0.2341,2018,,,529.8294,0.00091413,0.00096913,1108.6892,Provided Total Emissions,True,1623.0969,5720.1699,514.4077,4611.4807,0.463978,4.159399,High,None,0.95,Valid
SUP-0070,Agriculture Supplier 070,Agriculture,2021,1775726.42,5954332.68,1318.4728,303.1162,277.1492,724.1574,2020.0,2035.0,0.5262,0.2341,2018,,,529.8294,0.00091413,0.00096913,1318.4728,Provided Total Emissions,True,1623.2448,5770.5224,304.772,4452.0496,0.231155,3.376672,High,None,0.95,Valid
SUP-0070,Agriculture Supplier 070,Agriculture,2022,1788186.29,7690777.36,1029.4723,187.9748,235.2314,691.3718,2020.0,2035.0,0.5262,0.2341,2018,,,529.8294,0.00091413,0.00096913,1029.4723,Provided Total Emissions,True,1634.6347,7453.3631,605.1624,6423.8908,0.587838,6.239984,High,None,0.95,Valid
SUP-0070,Agriculture Supplier 070,Agriculture,2023,1806214.5,4842678.04,1068.5917,193.1409,79.4084,713.1055,2020.0,2035.0,0.5262,0.2341,2018,,,529.8294,0.00091413,0.00096913,1068.5917,Provided Total Emissions,True,1651.1149,4693.1846,582.5232,3624.5929,0.545132,3.391934,High,None,0.95,Valid
SUP-0070,Agriculture Supplier 070,Agriculture,2024,1745636.25,6872336.88,1092.2372,320.9355,78.0285,725.5937,2020.0,2035.0,0.5262,0.2341,2018,,,529.8294,0.00091413,0.00096913,1092.2372,Provided Total Emissions,True,1595.7385,6660.1878,503.5013,5567.9506,0.460982,5.097749,High,None,0.95,Valid
SUP-0071,Chemicals Supplier 071,Chemicals,2015,22811105.57,58530529.1,15764.715,2834.657,2267.6755,9462.7303,2021.0,2040.0,0.5246,0.2891,2019,2035.0,0.5229,506.3191,0.00100149,0.00047124,15764.715,Provided Total Emissions,True,22845.0941,27581.9265,7080.3791,11817.2115,0.449128,0.749599,High,None,0.95,Valid
SUP-0071,Chemicals Supplier 071,Chemicals,2016,26896940.43,58075452.16,17590.8476,2623.5259,2828.2184,10289.4215,2021.0,2040.0,0.5246,0.2891,2019,2035.0,0.5229,506.3191,0.00100149,0.00047124,17590.8476,Provided Total Emissions,True,26937.0169,27367.4761,9346.1693,9776.6285,0.531309,0.555779,High,None,0.95,Valid
SUP-0071,Chemicals Supplier 071,Chemicals,2017,22742596.66,72190565.84,15764.4531,3035.6635,2015.3068,10395.6809,2021.0,2040.0,0.5246,0.2891,2019,2035.0,0.5229,506.3191,0.00100149,0.00047124,15764.4531,Provided Total Emissions,True,22776.4831,34019.0822,7012.03,18254.6291,0.4448,1.157961,High,None,0.95,Valid
SUP-0071,Chemicals Supplier 071,Chemicals,2018,28910524.85,76841563.66,22080.4409,5003.0544,2350.564,13573.9181,2021.0,2040.0,0.5246,0.2891,2019,2035.0,0.5229,506.3191,0.00100149,0.00047124,22080.4409,Provided Total Emissions,True,28953.6015,36210.8185,6873.1606,14130.3776,0.311278,0.63995,High,None,0.95,Valid
SUP-0071,Chemicals Supplier 071,Chemicals,2019,33263938.5,69217826.82,23403.6238,5761.8448,1783.1407,16364.3809,2021.0,2040.0,0.5246,0.2891,2019,2035.0,0.5229,506.3191,0.00100149,0.00047124,23403.6238,Provided Total Emissions,True,33313.5018,32618.2087,9909.878,9214.5849,0.423433,0.393725,High,None,0.95,Valid
SUP-0071,Chemicals Supplier 071,Chemicals,2020,27314148.25,81276736.59,16605.1135,1990.9293,1831.5292,11520.5585,2021.0,2040.0,0.5246,0.2891,2019,2035.0,0.5229,506.3191,0.00100149,0.00047124,16605.1135,Provided Total Emissions,True,27354.8463,38300.8494,10749.7328,21695.7359,0.647375,1.30657,High,None,0.95,Valid
SUP-0071,Chemicals Supplier 071,Chemicals,2021,34238844.19,85065897.43,23855.8461,2965.3576,2821.8846,18110.2081,2021.0,2040.0,0.5246,0.2891,2019,2035.0,0.5229,506.3191,0.00100149,0.00047124,23855.8461,Provided Total Emissions,True,34289.8601,40086.4535,10434.014,16230.6074,0.437378,0.680362,High,None,0.95,Valid
SUP-0071,Chemicals Supplier 071,Chemicals,2022,35596223.75,81356766.12,19196.8338,3652.9592,2385.8163,13395.4594,2021.0,2040.0,0.5246,0.2891,2019,2035.0,0.5229,506.3191,0.00100149,0.00047124,19196.8338,Provided Total Emissions,True,35649.2621,38338.5625,16452.4283,19141.7287,0.857039,0.997129,High,None,0.95,Valid
SUP-0071,Chemicals Supplier 071,Chemicals,2023,35181325.06,126853573.13,17332.5614,4377.128,2751.7918,10302.1126,2021.0,2040.0,0.5246,0.2891,2019,2035.0,0.5229,506.3191,0.00100149,0.00047124,17332.5614,Provided Total Emissions,True,35233.7452,59778.4778,17901.1838,42445.9164,1.032807,2.448912,High,None,0.95,Valid
SUP-0071,Chemicals Supplier 071,Chemicals,2024,43200087.82,123558713.2,21541.644,1955.2305,4891.8038,16048.01,2021.0,2040.0,0.5246,0.2891,2019,2035.0,0.5229,506.3191,0.00100149,0.00047124,21541.644,Provided Total Emissions,True,43264.456,58225.808,21722.812,36684.164,1.00841,1.702942,High,None,0.95,Valid
SUP-0072,Electronics Supplier 072,Electronics,2015,10506325.85,38913778.26,11993.606,1102.629,2500.1968,8727.2613,2018.0,2040.0,0.5726,0.3086,2018,2040.0,0.3424,635.1588,0.00086105,0.00013947,11993.606,Provided Total Emissions,True,9046.4719,5427.3047,-2947.1341,-6566.3013,-0.245725,-0.547483,High,None,0.95,Valid
SUP-0072,Electronics Supplier 072,Electronics,2016,11713705.18,41959310.29,12183.6758,1278.7069,2056.5272,8547.5137,2018.0,2040.0,0.5726,0.3086,2018,2040.0,0.3424,635.1588,0.00086105,0.00013947,12183.6758,Provided Total Emissions,True,10086.0858,5852.065,-2097.59,-6331.6108,-0.172164,-0.51968,High,None,0.95,Valid
SUP-0072,Electronics Supplier 072,Electronics,2017,11695391.97,33854957.91,11398.2178,1192.4761,2477.0986,7533.0768,2018.0,2040.0,0.5726,0.3086,2018,2040.0,0.3424,635.1588,0.00086105,0.00013947,11398.2178,Provided Total Emissions,True,10070.3173,4721.751,-1327.9005,-6676.4668,-0.116501,-0.585747,High,None,0.95,Valid
SUP-0072,Electronics Supplier 072,Electronics,2018,9854888.34,41561339.73,10423.0333,1230.3426,900.4161,8604.0663,2018.0,2040.0,0.5726,0.3086,2018,2040.0,0.3424,635.1588,0.00086105,0.00013947,10423.0333,Provided Total Emissions,True,8485.5516,5796.5601,-1937.4817,-4626.4732,-0.185885,-0.44387,High,None,0.95,Valid
SUP-0072,Electronics Supplier 072,Electronics,2019,13217924.6,55982753.74,14716.8561,1694.6308,2755.4922,10292.8157,2018.0,2040.0,0.5726,0.3086,2018,2040.0,0.3424,635.1588,0.00086105,0.00013947,14716.8561,Provided Total Emissions,True,11381.294,7807.9147,-3335.5621,-6908.9414,-0.226649,-0.469458,High,None,0.95,Valid
SUP-0072,Electronics Supplier 072,Electronics,2020,15624527.34,45487008.59,16658.6488,1863.6767,2603.4154,10868.3376,2018.0,2040.0,0.5726,0.3086,2018,2040.0,0.3424,635.1588,0.00086105,0.00013947,16658.6488,Provided Total Emissions,True,13453.4993,6344.0731,-3205.1495,-10314.5757,-0.192402,-0.619172,High,None,0.95,Valid
SUP-0072,Electronics Supplier 072,Electronics,2021,16321412.08,61368838.08,15590.0088,3499.3135,3390.294,8520.0472,2018.0,2040.0,0.5726,0.3086,2018,2040.0,0.3424,635.1588,0.00086105,0.00013947,15590.0088,Provided Total Emissions,True,14053.5519,8559.1118,-1536.4569,-7030.897,-0.098554,-0.450987,High,None,0.95,Valid
SUP-0072,Electronics Supplier 072,Electronics,2022,19273186.87,67345667.16,16969.0324,5275.4986,2117.3728,11150.0859,2018.0,2040.0,0.5726,0.3086,2018,2040.0,0.3424,635.1588,0.00086105,0.00013947,16969.0324,Provided Total Emissions,True,16595.1776,9392.7002,-373.8548,-7576.3322,-0.022032,-0.44648,High,None,0.95,Valid
SUP-0072,Electronics Supplier 072,Electronics,2023,18986242.52,60624393.09,16352.585,2428.0496,2728.128,11560.2403,2018.0,2040.0,0.5726,0.3086,2018,2040.0,0.3424,635.1588,0.00086105,0.00013947,16352.585,Provided Total Emissions,True,16348.1041,8455.2841,-4.4809,-7897.3009,-0.000274,-0.482939,High,None,0.95,Valid
SUP-0072,Electronics Supplier 072,Electronics,2024,22159283.79,64594775.65,13727.7422,3736.5444,2668.0744,6799.6499,2018.0,2040.0,0.5726,0.3086,2018,2040.0,0.3424,635.1588,0.00086105,0.00013947,13727.7422,Provided Total Emissions,True,19080.2513,9009.0334,5352.5091,-4718.7088,0.389905,-0.343735,High,None,0.95,Valid
SUP-0073,Packaging Supplier 073,Packaging,2015,14763853.08,96943142.7,18889.0839,5106.4273,1903.5881,12997.7075,2021.0,2030.0,0.6005,0.3773,2018,2040.0,0.3112,702.4188,0.0010803,0.00078946,18889.0839,Provided Total Emissions,True,15949.3905,76532.7334,-2939.6934,57643.6495,-0.155629,3.051691,High,None,0.95,Valid
SUP-0073,Packaging Supplier 073,Packaging,2016,13608726.9,88868715.46,18233.9659,2040.7975,2975.3223,12338.0173,2021.0,2030.0,0.6005,0.3773,2018,2040.0,0.3112,702.4188,0.0010803,0.00078946,18233.9659,Provided Total Emissions,True,14701.5077,70158.2961,-3532.4582,51924.3302,-0.19373,2.847671,High,None,0.95,Valid
SUP-0073,Packaging Supplier 073,Packaging,2017,15114078.75,112041874.21,24298.0792,5831.9716,3333.403,14693.1021,2021.0,2030.0,0.6005,0.3773,2018,2040.0,0.3112,702.4188,0.0010803,0.00078946,24298.0792,Provided Total Emissions,True,16327.7393,88452.578,-7970.3399,64154.4988,-0.328023,2.640312,High,None,0.95,Valid
SUP-0073,Packaging Supplier 073,Packaging,2018,13828838.91,100302801.31,21391.4834,3967.866,3829.063,13545.5182,2021.0,2030.0,0.6005,0.3773,2018,2040.0,0.3112,702.4188,0.0010803,0.00078946,21391.4834,Provided Total Emissions,True,14939.2947,79185.0495,-6452.1887,57793.5661,-0.301624,2.701709,High,None,0.95,Valid
SUP-0073,Packaging Supplier 073,Packaging,2019,15911519.93,91051393.53,22972.6716,6447.0033,1785.6175,14440.3642,2021.0,2030.0,0.6005,0.3773,2018,2040.0,0.3112,702.4188,0.0010803,0.00078946,22972.6716,Provided Total Emissions,True,17189.215,71881.4331,-5783.4566,48908.7615,-0.251754,2.128998,High,None,0.95,Valid
SUP-0073,Packaging Supplier 073,Packaging,2020,13397661.17,98725708.11,18879.8321,3364.4304,3075.4877,10997.9805,2021.0,2030.0,0.6005,0.3773,2018,2040.0,0.3112,702.4188,0.0010803,0.00078946,18879.8321,Provided Total Emissions,True,14473.4934,77939.9975,-4406.3387,59060.1654,-0.233389,3.128215,High,None,0.95,Valid
SUP-0073,Packaging Supplier 073,Packaging,2021,12463830.73,117255240.41,17473.4283,2868.2018,3619.7011,11085.9625,2021.0,2030.0,0.6005,0.3773,2018,2040.0,0.3112,702.4188,0.0010803,0.00078946,17473.4283,Provided Total Emissions,True,13464.6763,92568.3221,-4008.752,75094.8938,-0.22942,4.297662,High,None,0.95,Valid
SUP-0073,Packaging Supplier 073,Packaging,2022,16374375.22,126387017.34,19625.1774,3700.3488,2778.0769,12609.0802,2021.0,2030.0,0.6005,0.3773,2018,2040.0,0.3112,702.4188,0.0010803,0.00078946,19625.1774,Provided Total Emissions,True,17689.2376,99777.4947,-1935.9398,80152.3173,-0.098646,4.084158,High,None,0.95,Valid
SUP-0073,Packaging Supplier 073,Packaging,2023,12528358.29,124295264.58,14945.5376,3368.1631,1286.3832,9194.5804,2021.0,2030.0,0.6005,0.3773,2018,2040.0,0.3112,702.4188,0.0010803,0.00078946,14945.5376,Provided Total Emissions,True,13534.3855,98126.1396,-1411.1521,83180.602,-0.09442,5.565581,High,None,0.95,Valid
SUP-0073,Packaging Supplier 073,Packaging,2024,14423624.23,120436061.57,16015.2073,3724.4673,3199.0057,8740.0867,2021.0,2030.0,0.6005,0.3773,2018,2040.0,0.3112,702.4188,0.0010803,0.00078946,16015.2073,Provided Total Emissions,True,15581.8413,95079.4532,-433.366,79064.2459,-0.02706,4.936823,High,None,0.95,Valid
SUP-0074,Agriculture Supplier 074,Agriculture,2015,22066820.31,103194090.45,26221.5934,2146.9381,1702.4555,22604.1755,2020.0,2040.0,0.5813,0.2506,2018,,,529.8294,0.00091413,0.00096913,26221.5934,Provided Total Emissions,True,20171.9424,100008.4889,-6049.651,73786.8955,-0.230713,2.813975,High,None,0.95,Valid
SUP-0074,Agriculture Supplier 074,Agriculture,2016,20601719.28,123472065.37,27567.0959,6188.2995,3029.1854,18823.1088,2020.0,2040.0,0.5813,0.2506,2018,,,529.8294,0.00091413,0.00096913,27567.0959,Provided Total Emissions,True,18832.6496,119660.4827,-8734.4463,92093.3868,-0.316843,3.3407,High,None,0.95,Valid
SUP-0074,Agriculture Supplier 074,Agriculture,2017,21953336.91,107664624.98,31110.7614,3451.2307,6663.1547,21957.0002,2020.0,2040.0,0.5813,0.2506,2018,,,529.8294,0.00091413,0.00096913,31110.7614,Provided Total Emissions,True,20068.2039,104341.018,-11042.5575,73230.2566,-0.354943,2.353856,High,None,0.95,Valid
SUP-0074,Agriculture Supplier 074,Agriculture,2018,22806996.51,116934469.44,28110.6496,5987.0206,5465.9718,16720.1208,2020.0,2040.0,0.5813,0.2506,2018,,,529.8294,0.00091413,0.00096913,28110.6496,Provided Total Emissions,True,20848.5597,113324.7024,-7262.0899,85214.0528,-0.258339,3.03138,High,None,0.95,Valid
SUP-0074,Agriculture Supplier 074,Agriculture,2019,24407587.57,114335846.34,28665.822,4540.3293,1902.8637,21579.2891,2020.0,2040.0,0.5813,0.2506,2018,,,529.8294,0.00091413,0.00096913,28665.822,Provided Total Emissions,True,22311.708,110806.2988,-6354.114,82140.4768,-0.221662,2.86545,High,None,0.95,Valid
SUP-0074,Agriculture Supplier 074,Agriculture,2020,20523007.49,121888896.83,26164.4453,6199.5748,3723.7017,15338.7353,2020.0,2040.0,0.5813,0.2506,2018,,,529.8294,0.00091413,0.00096913,26164.4453,Provided Total Emissions,True,18760.6968,118126.1866,-7403.7485,91961.7413,-0.28297,3.51476,High,None,0.95,Valid
SUP-0074,Agriculture Supplier 074,Agriculture,2021,20727221.38,154544008.75,21763.6077,3578.079,4238.6447,13610.5658,2020.0,2040.0,0.5813,0.2506,2018,,,529.8294,0.00091413,0.00096913,21763.6077,Provided Total Emissions,True,18947.3749,149773.2352,-2816.2328,128009.6275,-0.129401,5.88182,High,None,0.95,Valid
SUP-0074,Agriculture Supplier 074,Agriculture,2022,22659679.26,116520266.46,21744.9428,2542.0176,3649.309,17014.1927,2020.0,2040.0,0.5813,0.2506,2018,,,529.8294,0.00091413,0.00096913,21744.9428,Provided Total Emissions,True,20713.8926,112923.2858,-1031.0502,91178.343,-0.047416,4.193083,High,None,0.95,Valid
SUP-0074,Agriculture Supplier 074,Agriculture,2023,20439950.93,155159175.41,19763.98,3662.0269,4447.0621,11983.2568,2020.0,2040.0,0.5813,0.2506,2018,,,529.8294,0.00091413,0.00096913,19763.98,Provided Total Emissions,True,18684.7723,150369.4117,-1079.2077,130605.4317,-0.054605,6.608256,High,None,0.95,Valid
SUP-0074,Agriculture Supplier 074,Agriculture,2024,24196428.53,112116291.4,30189.7905,8412.3522,3688.8515,18908.2226,2020.0,2040.0,0.5813,0.2506,2018,,,529.8294,0.00091413,0.00096913,30189.7905,Provided Total Emissions,True,22118.6812,108655.2615,-8071.1093,78465.471,-0.267346,2.599073,High,None,0.95,Valid
SUP-0075,Metals Supplier 075,Metals,2015,16974646.7,68912077.37,23663.2792,6789.6953,2035.5996,16409.9462,2021.0,2030.0,0.5861,0.2598,2019,2030.0,0.3852,158.2904,0.00100695,0.00065008,23663.2792,Provided Total Emissions,True,17092.6205,44798.3633,-6570.6587,21135.0841,-0.277673,0.89316,High,None,0.95,Valid
SUP-0075,Metals Supplier 075,Metals,2016,19931681.67,56470123.7,19194.7755,3885.8102,3384.3531,12638.9708,2021.0,2030.0,0.5861,0.2598,2019,2030.0,0.3852,158.2904,0.00100695,0.00065008,19194.7755,Provided Total Emissions,True,20070.2069,36710.098,875.4314,17515.3225,0.045608,0.912505,High,None,0.95,Valid
SUP-0075,Metals Supplier 075,Metals,2017,18155513.65,49494987.18,25222.6998,4915.2486,2349.5925,16308.1413,2021.0,2030.0,0.5861,0.2598,2019,2030.0,0.3852,158.2904,0.00100695,0.00065008,25222.6998,Provided Total Emissions,True,18281.6945,32175.7013,-6941.0053,6953.0015,-0.275189,0.275664,High,None,0.95,Valid
SUP-0075,Metals Supplier 075,Metals,2018,16218298.51,51578881.31,21064.122,4554.925,3827.8203,12173.651,2021.0,2030.0,0.5861,0.2598,2019,2030.0,0.3852,158.2904,0.00100695,0.00065008,21064.122,Provided Total Emissions,True,16331.0157,33530.3992,-4733.1063,12466.2772,-0.2247,0.591825,High,None,0.95,Valid
SUP-0075,Metals Supplier 075,Metals,2019,17532435.07,45919650.68,20647.6652,4330.8964,1660.6249,14448.4514,2021.0,2030.0,0.5861,0.2598,2019,2030.0,0.3852,158.2904,0.00100695,0.00065008,20647.6652,Provided Total Emissions,True,17654.2855,29851.4465,-2993.3797,9203.7813,-0.144974,0.445754,High,None,0.95,Valid
SUP-0075,Metals Supplier 075,Metals,2020,13904862.83,59799561.41,19213.079,3378.5212,3074.297,13057.7312,2021.0,2030.0,0.5861,0.2598,2019,2030.0,0.3852,158.2904,0.00100695,0.00065008,19213.079,Provided Total Emissions,True,14001.5016,38874.4989,-5211.5774,19661.4199,-0.271252,1.023335,High,None,0.95,Valid
SUP-0075,Metals Supplier 075,Metals,2021,15608176.1,53199684.53,16696.1315,2860.135,2154.6443,12589.5422,2021.0,2030.0,0.5861,0.2598,2019,2030.0,0.3852,158.2904,0.00100695,0.00065008,16696.1315,Provided Total Emissions,True,15716.6529,34584.0509,-979.4786,17887.9194,-0.058665,1.071381,High,None,0.95,Valid
SUP-0075,Metals Supplier 075,Metals,2022,15062877.65,59966768.08,17156.6499,1896.2261,1401.7823,12578.5343,2021.0,2030.0,0.5861,0.2598,2019,2030.0,0.3852,158.2904,0.00100695,0.00065008,17156.6499,Provided Total Emissions,True,15167.5646,38983.1966,-1989.0853,21826.5467,-0.115937,1.272192,High,None,0.95,Valid
SUP-0075,Metals Supplier 075,Metals,2023,16227896.34,50345238.2,17558.3938,3766.0546,3637.8733,9477.8441,2021.0,2030.0,0.5861,0.2598,2019,2030.0,0.3852,158.2904,0.00100695,0.00065008,17558.3938,Provided Total Emissions,True,16340.6802,32728.4324,-1217.7136,15170.0386,-0.069352,0.863976,High,None,0.95,Valid
SUP-0075,Metals Supplier 075,Metals,2024,15218241.83,48232106.23,19104.6888,4592.6116,2530.4429,10865.5764,2021.0,2030.0,0.5861,0.2598,2019,2030.0,0.3852,158.2904,0.00100695,0.00065008,19104.6888,Provided Total Emissions,True,15324.0086,31354.7276,-3780.6802,12250.0388,-0.197893,0.641206,High,None,0.95,Valid
SUP-0076,Chemicals Supplier 076,Chemicals,2015,12866678.52,38461948.58,10881.0078,1507.5678,1351.7503,8261.6192,2018.0,2035.0,0.4347,0.1718,2019,2035.0,0.5229,506.3191,0.00100149,0.00047124,10881.0078,Provided Total Emissions,True,12885.8499,18124.8086,2004.8421,7243.8008,0.184252,0.665729,High,None,0.95,Valid
SUP-0076,Chemicals Supplier 076,Chemicals,2016,13227015.44,42904166.91,14292.8563,2150.8079,1286.8113,10290.9884,2018.0,2035.0,0.4347,0.1718,2019,2035.0,0.5229,506.3191,0.00100149,0.00047124,14292.8563,Provided Total Emissions,True,13246.7237,20218.1596,-1046.1326,5925.3033,-0.073193,0.414564,High,None,0.95,Valid
SUP-0076,Chemicals Supplier 076,Chemicals,2017,13231531.92,41134614.74,11999.159,1135.2537,2009.3878,8605.7251,2018.0,2035.0,0.4347,0.1718,2019,2035.0,0.5229,506.3191,0.00100149,0.00047124,11999.159,Provided Total Emissions,True,13251.2469,19384.2759,1252.0879,7385.1169,0.104348,0.61547,High,None,0.95,Valid
SUP-0076,Chemicals Supplier 076,Chemicals,2018,13981725.11,38408987.69,12639.7671,1272.7909,2073.7099,8636.1524,2018.0,2035.0,0.4347,0.1718,2019,2035.0,0.5229,506.3191,0.00100149,0.00047124,12639.7671,Provided Total Emissions,True,14002.5579,18099.8514,1362.7908,5460.0843,0.107818,0.431977,High,None,0.95,Valid
SUP-0076,Chemicals Supplier 076,Chemicals,2019,11992391.28,43227910.94,15627.347,1918.5885,1204.9355,11881.4883,2018.0,2035.0,0.4347,0.1718,2019,2035.0,0.5229,506.3191,0.00100149,0.00047124,15627.347,Provided Total Emissions,True,12010.2599,20370.7208,-3617.0871,4743.3738,-0.231459,0.30353,High,None,0.95,Valid
SUP-0076,Chemicals Supplier 076,Chemicals,2020,15728020.93,43223165.75,15633.8994,3659.3994,2234.8877,9611.7216,2018.0,2035.0,0.4347,0.1718,2019,2035.0,0.5229,506.3191,0.00100149,0.00047124,15633.8994,Provided Total Emissions,True,15751.4557,20368.4846,117.5563,4734.5852,0.007519,0.302841,High,None,0.95,Valid
SUP-0076,Chemicals Supplier 076,Chemicals,2021,14472960.57,47484900.29,17242.9658,3217.1797,2342.9038,12472.6953,2018.0,2035.0,0.4347,0.1718,2019,2035.0,0.5229,506.3191,0.00100149,0.00047124,17242.9658,Provided Total Emissions,True,14494.5253,22376.7844,-2748.4405,5133.8186,-0.159395,0.297734,High,None,0.95,Valid
SUP-0076,Chemicals Supplier 076,Chemicals,2022,15330857.59,39673600.74,12664.0205,1012.0744,825.3565,10993.7916,2018.0,2035.0,0.4347,0.1718,2019,2035.0,0.5229,506.3191,0.00100149,0.00047124,12664.0205,Provided Total Emissions,True,15353.7006,18695.7876,2689.6801,6031.7671,0.212388,0.476292,High,None,0.95,Valid
SUP-0076,Chemicals Supplier 076,Chemicals,2023,13391394.83,44386551.72,13654.4523,2480.0389,2812.3615,8485.3076,2018.0,2035.0,0.4347,0.1718,2019,2035.0,0.5229,506.3191,0.00100149,0.00047124,13654.4523,Provided Total Emissions,True,13411.348,20916.7186,-243.1043,7262.2663,-0.017804,0.531861,High,None,0.95,Valid
SUP-0076,Chemicals Supplier 076,Chemicals,2024,15916390.39,63998237.61,21781.5845,5125.7204,2293.7183,14465.8495,2018.0,2035.0,0.4347,0.1718,2019,2035.0,0.5229,506.3191,0.00100149,0.00047124,21781.5845,Provided Total Emissions,True,15940.1058,30158.5295,-5841.4787,8376.945,-0.268184,0.384588,High,None,0.95,Valid
SUP-0077,Packaging Supplier 077,Packaging,2015,386082.37,1876788.48,318.8556,58.6678,54.9768,214.9952,2018.0,2030.0,0.6421,0.3614,2018,2040.0,0.3112,702.4188,0.0010803,0.00078946,318.8556,Provided Total Emissions,True,417.0848,1481.6494,98.2292,1162.7938,0.308068,3.646772,High,None,0.95,Valid
SUP-0077,Packaging Supplier 077,Packaging,2016,388236.44,2305606.69,307.4867,35.5216,47.4897,230.5924,2018.0,2030.0,0.6421,0.3614,2018,2040.0,0.3112,702.4188,0.0010803,0.00078946,307.4867,Provided Total Emissions,True,419.4118,1820.1843,111.9251,1512.6976,0.364,4.919554,High,None,0.95,Valid
SUP-0077,Packaging Supplier 077,Packaging,2017,436262.43,2530849.29,319.0824,30.948,25.4746,274.9959,2018.0,2030.0,0.6421,0.3614,2018,2040.0,0.3112,702.4188,0.0010803,0.00078946,319.0824,Provided Total Emissions,True,471.2943,1998.0043,152.2119,1678.9219,0.47703,5.261719,High,None,0.95,Valid
SUP-0077,Packaging Supplier 077,Packaging,2018,390292.95,2480959.08,248.6256,30.115,34.2874,167.4944,2018.0,2030.0,0.6421,0.3614,2018,2040.0,0.3112,702.4188,0.0010803,0.00078946,248.6256,Provided Total Emissions,True,421.6335,1958.618,173.0079,1709.9924,0.695857,6.877781,High,None,0.95,Valid
SUP-0077,Packaging Supplier 077,Packaging,2019,385788.43,3010643.91,266.2393,65.4461,53.1564,140.5188,2018.0,2030.0,0.6421,0.3614,2018,2040.0,0.3112,702.4188,0.0010803,0.00078946,266.2393,Provided Total Emissions,True,416.7672,2376.7829,150.5279,2110.5436,0.565386,7.927243,High,None,0.95,Valid
SUP-0077,Packaging Supplier 077,Packaging,2020,447902.28,2098274.26,337.0618,53.9184,29.6485,255.3002,2018.0,2030.0,0.6421,0.3614,2018,2040.0,0.3112,702.4188,0.0010803,0.00078946,337.0618,Provided Total Emissions,True,483.8688,1656.5036,146.807,1319.4418,0.435549,3.91454,High,None,0.95,Valid
SUP-0077,Packaging Supplier 077,Packaging,2021,519938.42,3100136.59,345.1167,86.6527,70.7113,185.4901,2018.0,2030.0,0.6421,0.3614,2018,2040.0,0.3112,702.4188,0.0010803,0.00078946,345.1167,Provided Total Emissions,True,561.6895,2447.4338,216.5728,2102.3171,0.627535,6.091612,High,None,0.95,Valid
SUP-0077,Packaging Supplier 077,Packaging,2022,625623.27,2653415.21,413.6172,105.934,49.9278,228.5003,2018.0,2030.0,0.6421,0.3614,2018,2040.0,0.3112,702.4188,0.0010803,0.00078946,413.6172,Provided Total Emissions,True,675.8608,2094.7652,262.2436,1681.148,0.634025,4.064502,High,None,0.95,Valid
SUP-0077,Packaging Supplier 077,Packaging,2023,609500.67,3768512.27,403.8538,112.4133,28.1003,258.8601,2018.0,2030.0,0.6421,0.3614,2018,2040.0,0.3112,702.4188,0.0010803,0.00078946,403.8538,Provided Total Emissions,True,658.4436,2975.0897,254.5898,2571.2359,0.630401,6.366749,High,None,0.95,Valid
SUP-0077,Packaging Supplier 077,Packaging,2024,603398.41,5012554.34,368.6382,80.429,32.5647,257.7497,2018.0,2030.0,0.6421,0.3614,2018,2040.0,0.3112,702.4188,0.0010803,0.00078946,368.6382,Provided Total Emissions,True,651.8513,3957.2111,283.2131,3588.5729,0.768268,9.734675,High,None,0.95,Valid
SUP-0078,Metals Supplier 078,Metals,2015,14585847.49,99121824.54,16727.625,3323.3005,1644.0023,12700.9707,2021.0,2040.0,0.2592,0.1569,2019,2030.0,0.3852,158.2904,0.00100695,0.00065008,16727.625,Provided Total Emissions,True,14687.2191,64437.1157,-2040.4059,47709.4907,-0.121978,2.852138,High,None,0.95,Valid
SUP-0078,Metals Supplier 078,Metals,2016,16144702.76,93474038.82,14381.2814,1298.6579,1922.0779,10885.529,2021.0,2040.0,0.2592,0.1569,2019,2030.0,0.3852,158.2904,0.00100695,0.00065008,14381.2814,Provided Total Emissions,True,16256.9084,60765.6032,1875.627,46384.3218,0.130421,3.225326,High,None,0.95,Valid
SUP-0078,Metals Supplier 078,Metals,2017,13468426.16,114665498.83,15148.6706,2087.7518,2916.926,9975.3322,2021.0,2040.0,0.2592,0.1569,2019,2030.0,0.3852,158.2904,0.00100695,0.00065008,15148.6706,Provided Total Emissions,True,13562.0317,74541.7475,-1586.6389,59393.0769,-0.104738,3.920679,High,None,0.95,Valid
SUP-0078,Metals Supplier 078,Metals,2018,17845798.32,87612229.39,16427.7088,3299.1605,3094.2077,10554.401,2021.0,2040.0,0.2592,0.1569,2019,2030.0,0.3852,158.2904,0.00100695,0.00065008,16427.7088,Provided Total Emissions,True,17969.8266,56954.9581,1542.1178,40527.2493,0.093873,2.467006,High,None,0.95,Valid
SUP-0078,Metals Supplier 078,Metals,2019,19683401.03,133321669.95,16364.6187,2275.6015,1834.9069,12409.4446,2021.0,2040.0,0.2592,0.1569,2019,2030.0,0.3852,158.2904,0.00100695,0.00065008,16364.6187,Provided Total Emissions,True,19820.2007,86669.7512,3455.582,70305.1325,0.211162,4.296167,High,None,0.95,Valid
SUP-0078,Metals Supplier 078,Metals,2020,21649774.3,168864127.83,18722.8263,4155.0188,2252.5483,11193.4875,2021.0,2040.0,0.2592,0.1569,2019,2030.0,0.3852,158.2904,0.00100695,0.00065008,18722.8263,Provided Total Emissions,True,21800.2402,109775.1922,3077.4139,91052.3659,0.164367,4.863174,High,None,0.95,Valid
SUP-0078,Metals Supplier 078,Metals,2021,21108845.56,139270178.23,18414.7725,2181.4125,3585.1038,12866.188,2021.0,2040.0,0.2592,0.1569,2019,2030.0,0.3852,158.2904,0.00100695,0.00065008,18414.7725,Provided Total Emissions,True,21255.552,90536.7575,2840.7795,72121.985,0.154266,3.916529,High,None,0.95,Valid
SUP-0078,Metals Supplier 078,Metals,2022,25699910.98,139725167.6,22855.2851,6027.5046,2989.2684,14210.0917,2021.0,2040.0,0.2592,0.1569,2019,2030.0,0.3852,158.2904,0.00100695,0.00065008,22855.2851,Provided Total Emissions,True,25878.5254,90832.537,3023.2403,67977.2519,0.132278,2.974247,High,None,0.95,Valid
SUP-0078,Metals Supplier 078,Metals,2023,26323443.32,222882264.63,17552.6946,1504.8651,2293.0338,14003.1307,2021.0,2040.0,0.2592,0.1569,2019,2030.0,0.3852,158.2904,0.00100695,0.00065008,17552.6946,Provided Total Emissions,True,26506.3913,144891.3026,8953.6967,127338.608,0.510104,7.254647,High,None,0.95,Valid
SUP-0078,Metals Supplier 078,Metals,2024,24715249.31,192905069.32,19046.8071,3454.5027,1713.6012,14283.8822,2021.0,2040.0,0.2592,0.1569,2019,2030.0,0.3852,158.2904,0.00100695,0.00065008,19046.8071,Provided Total Emissions,True,24887.0203,125403.7275,5840.2132,106356.9204,0.306624,5.583976,High,None,0.95,Valid
SUP-0079,Logistics Supplier 079,Logistics,2015,10204100.99,44560562.41,3305.002,632.474,399.424,2395.1132,,,,,2019,2040.0,0.4616,591.6386,0.00022349,0.00047787,3305.002,Provided Total Emissions,True,2280.5145,21294.156,-1024.4875,17989.154,-0.309981,5.443008,High,None,0.95,Valid
SUP-0079,Logistics Supplier 079,Logistics,2016,13942105.02,46593829.06,4144.0119,389.3573,461.4578,3401.2034,,,,,2019,2040.0,0.4616,591.6386,0.00022349,0.00047787,4144.0119,Provided Total Emissions,True,3115.9211,22265.7931,-1028.0908,18121.7812,-0.248091,4.373004,High,None,0.95,Valid
SUP-0079,Logistics Supplier 079,Logistics,2017,12658776.24,54166482.65,3385.6007,778.1777,529.8683,1935.2826,,,,,2019,2040.0,0.4616,591.6386,0.00022349,0.00047787,3385.6007,Provided Total Emissions,True,2829.1099,25884.5371,-556.4908,22498.9364,-0.16437,6.645478,High,None,0.95,Valid
SUP-0079,Logistics Supplier 079,Logistics,2018,13683022.97,54713001.31,3606.0602,591.3204,514.2639,2878.632,,,,,2019,2040.0,0.4616,591.6386,0.00022349,0.00047787,3606.0602,Provided Total Emissions,True,3058.0188,26145.7019,-548.0414,22539.6417,-0.151978,6.25049,High,None,0.95,Valid
SUP-0079,Logistics Supplier 079,Logistics,2019,12609242.15,61646178.59,3977.8503,349.643,248.6592,3446.5296,,,,,2019,2040.0,0.4616,591.6386,0.00022349,0.00047787,3977.8503,Provided Total Emissions,True,2818.0395,29458.8594,-1159.8108,25481.0091,-0.291567,6.405723,High,None,0.95,Valid
SUP-0079,Logistics Supplier 079,Logistics,2020,16035395.58,60589357.34,4432.1876,641.759,922.3392,2793.7869,,,,,2019,2040.0,0.4616,591.6386,0.00022349,0.00047787,4432.1876,Provided Total Emissions,True,3583.7506,28953.8362,-848.437,24521.6486,-0.191426,5.532629,High,None,0.95,Valid
SUP-0079,Logistics Supplier 079,Logistics,2021,15172679.16,75912478.69,4459.6911,784.5813,786.7025,2797.2736,,,,,2019,2040.0,0.4616,591.6386,0.00022349,0.00047787,4459.6911,Provided Total Emissions,True,3390.9421,36276.2962,-1068.749,31816.6051,-0.239646,7.134262,High,None,0.95,Valid
SUP-0079,Logistics Supplier 079,Logistics,2022,17588346.65,55684678.21,4492.2205,1203.1137,652.0845,3005.1577,,,,,2019,2040.0,0.4616,591.6386,0.00022349,0.00047787,4492.2205,Provided Total Emissions,True,3930.8196,26610.0372,-561.4009,22117.8167,-0.124972,4.923582,High,None,0.95,Valid
SUP-0079,Logistics Supplier 079,Logistics,2023,15063765.25,73113563.78,3499.1923,712.9805,408.262,2534.6706,,,,,2019,2040.0,0.4616,591.6386,0.00022349,0.00047787,3499.1923,Provided Total Emissions,True,3366.6009,34938.7787,-132.5914,31439.5864,-0.037892,8.984812,High,None,0.95,Valid
SUP-0079,Logistics Supplier 079,Logistics,2024,15324883.31,68962601.81,4203.5841,1014.8158,798.4051,2183.0154,,,,,2019,2040.0,0.4616,591.6386,0.00022349,0.00047787,4203.5841,Provided Total Emissions,True,3424.9582,32955.1585,-778.6259,28751.5744,-0.185229,6.839776,High,None,0.95,Valid
SUP-0080,Packaging Supplier 080,Packaging,2015,18527474.05,129992713.02,29407.4796,6933.655,3609.9139,20393.2817,2019.0,2040.0,0.6923,0.3022,2018,2040.0,0.3112,702.4188,0.0010803,0.00078946,29407.4796,Provided Total Emissions,True,20015.2302,102624.0472,-9392.2494,73216.5676,-0.319383,2.489726,High,None,0.95,Valid
SUP-0080,Packaging Supplier 080,Packaging,2016,21425904.69,178955677.61,34740.205,3053.7954,4034.3893,25669.4216,2019.0,2040.0,0.6923,0.3022,2018,2040.0,0.3112,702.4188,0.0010803,0.00078946,34740.205,Provided Total Emissions,True,23146.4048,141278.3492,-11593.8002,106538.1442,-0.333729,3.06671,High,None,0.95,Valid
SUP-0080,Packaging Supplier 080,Packaging,2017,20232444.26,159931082.77,24760.1313,4252.3431,2973.4077,15510.0249,2019.0,2040.0,0.6923,0.3022,2018,2040.0,0.3112,702.4188,0.0010803,0.00078946,24760.1313,Provided Total Emissions,True,21857.1095,126259.1926,-2903.0218,101499.0613,-0.117246,4.099294,High,None,0.95,Valid
SUP-0080,Packaging Supplier 080,Packaging,2018,25912714.61,163131649.84,32792.1116,8690.4755,3591.9316,18902.7769,2019.0,2040.0,0.6923,0.3022,2018,2040.0,0.3112,702.4188,0.0010803,0.00078946,32792.1116,Provided Total Emissions,True,27993.5056,128785.9123,-4798.606,95993.8007,-0.146334,2.927344,High,None,0.95,Valid
SUP-0080,Packaging Supplier 080,Packaging,2019,25644010.0,189163696.6,38285.5647,6222.4078,7769.3926,22441.6123,2019.0,2040.0,0.6923,0.3022,2018,2040.0,0.3112,702.4188,0.0010803,0.00078946,38285.5647,Provided Total Emissions,True,27703.224,149337.1719,-10582.3407,111051.6072,-0.276406,2.900613,High,None,0.95,Valid
SUP-0080,Packaging Supplier 080,Packaging,2020,24280117.03,217821673.5,22819.2577,5726.3424,3357.5654,12735.5099,2019.0,2040.0,0.6923,0.3022,2018,2040.0,0.3112,702.4188,0.0010803,0.00078946,22819.2577,Provided Total Emissions,True,26229.8104,171961.4984,3410.5527,149142.2407,0.149459,6.535806,High,None,0.95,Valid
SUP-0080,Packaging Supplier 080,Packaging,2021,24259801.81,209792825.66,30357.8644,6400.621,2289.6068,22016.4491,2019.0,2040.0,0.6923,0.3022,2018,2040.0,0.3112,702.4188,0.0010803,0.00078946,30357.8644,Provided Total Emissions,True,26207.8639,165623.0441,-4150.0005,135265.1797,-0.136703,4.455688,High,None,0.95,Valid
SUP-0080,Packaging Supplier 080,Packaging,2022,26639312.85,158895710.93,27568.9601,3130.9643,3468.3558,20630.4644,2019.0,2040.0,0.6923,0.3022,2018,2040.0,0.3112,702.4188,0.0010803,0.00078946,27568.9601,Provided Total Emissions,True,28778.4497,125441.808,1209.4896,97872.8479,0.043871,3.55011,High,None,0.95,Valid
SUP-0080,Packaging Supplier 080,Packaging,2023,28123847.98,197768098.72,37104.7175,3307.3621,4013.2071,28203.1158,2019.0,2040.0,0.6923,0.3022,2018,2040.0,0.3112,702.4188,0.0010803,0.00078946,37104.7175,Provided Total Emissions,True,30382.193,156130.0032,-6722.5245,119025.2857,-0.181177,3.207821,High,None,0.95,Valid
SUP-0080,Packaging Supplier 080,Packaging,2024,30381184.14,132483784.12,30742.1821,4986.301,3425.3642,20712.7584,2019.0,2040.0,0.6923,0.3022,2018,2040.0,0.3112,702.4188,0.0010803,0.00078946,30742.1821,Provided Total Emissions,True,32820.7932,104590.6482,2078.6111,73848.4661,0.067614,2.402187,High,None,0.95,Valid
SUP-0081,Textiles Supplier 081,Textiles,2015,8991749.29,52629125.04,2031.5668,565.8856,465.0766,1058.0159,,,,,2019,2030.0,0.3171,401.7335,0.00029221,0.00017343,2031.5668,Provided Total Emissions,True,2627.4791,9127.4692,595.9123,7095.9024,0.293326,3.492823,High,None,0.95,Valid
SUP-0081,Textiles Supplier 081,Textiles,2016,9020787.14,55536410.95,1658.1094,366.6955,375.5155,908.8081,,,,,2019,2030.0,0.3171,401.7335,0.00029221,0.00017343,1658.1094,Provided Total Emissions,True,2635.9642,9631.6798,977.8548,7973.5704,0.589741,4.808832,High,None,0.95,Valid
SUP-0081,Textiles Supplier 081,Textiles,2017,9344227.97,51635285.21,1870.0071,368.2946,177.8824,1488.8102,,,,,2019,2030.0,0.3171,401.7335,0.00029221,0.00017343,1870.0071,Provided Total Emissions,True,2730.4769,8955.1075,860.4698,7085.1004,0.460143,3.788809,High,None,0.95,Valid
SUP-0081,Textiles Supplier 081,Textiles,2018,8857705.76,53744392.3,1188.7375,109.0504,254.2311,868.5311,,,,,2019,2030.0,0.3171,401.7335,0.00029221,0.00017343,1188.7375,Provided Total Emissions,True,2588.3102,9320.89,1399.5727,8132.1525,1.177361,6.840999,High,None,0.95,Valid
SUP-0081,Textiles Supplier 081,Textiles,2019,9685779.61,58865744.8,1721.9769,148.7091,342.2108,1325.9048,,,,,2019,2030.0,0.3171,401.7335,0.00029221,0.00017343,1721.9769,Provided Total Emissions,True,2830.2817,10209.0861,1108.3048,8487.1092,0.643623,4.928701,High,None,0.95,Valid
SUP-0081,Textiles Supplier 081,Textiles,2020,8225981.68,47777683.28,1508.6315,141.1107,287.2845,1067.0902,,,,,2019,2030.0,0.3171,401.7335,0.00029221,0.00017343,1508.6315,Provided Total Emissions,True,2403.7141,8286.0836,895.0826,6777.4521,0.593308,4.49245,High,None,0.95,Valid
SUP-0081,Textiles Supplier 081,Textiles,2021,8975499.58,50554518.77,1840.9117,202.3816,199.6633,1517.3505,,,,,2019,2030.0,0.3171,401.7335,0.00029221,0.00017343,1840.9117,Provided Total Emissions,True,2622.7307,8767.6702,781.819,6926.7585,0.424691,3.762678,High,None,0.95,Valid
SUP-0081,Textiles Supplier 081,Textiles,2022,9821338.35,54632387.28,2732.0682,526.6157,369.0755,1650.4048,,,,,2019,2030.0,0.3171,401.7335,0.00029221,0.00017343,2732.0682,Provided Total Emissions,True,2869.8933,9474.8949,137.8251,6742.8267,0.050447,2.46803,High,None,0.95,Valid
SUP-0081,Textiles Supplier 081,Textiles,2023,8795059.99,46993349.26,2327.0328,250.0503,297.6002,1535.6233,,,,,2019,2030.0,0.3171,401.7335,0.00029221,0.00017343,2327.0328,Provided Total Emissions,True,2570.0045,8150.0566,242.9717,5823.0238,0.104413,2.502338,High,None,0.95,Valid
SUP-0081,Textiles Supplier 081,Textiles,2024,8578168.28,47650478.58,1605.4681,373.6896,220.4625,1125.1031,,,,,2019,2030.0,0.3171,401.7335,0.00029221,0.00017343,1605.4681,Provided Total Emissions,True,2506.6266,8264.0225,901.1585,6658.5544,0.561306,4.147422,High,None,0.95,Valid
SUP-0082,Packaging Supplier 082,Packaging,2015,17949131.76,154541827.04,25142.4274,6475.0274,5525.7901,11605.4849,2018.0,2030.0,0.3671,0.1475,2018,2040.0,0.3112,702.4188,0.0010803,0.00078946,25142.4274,Provided Total Emissions,True,19390.447,122004.5908,-5751.9804,96862.1634,-0.228776,3.852538,High,None,0.95,Valid
SUP-0082,Packaging Supplier 082,Packaging,2016,18845123.39,144422278.87,20254.5195,3231.7274,3978.3942,13012.1103,2018.0,2030.0,0.3671,0.1475,2018,2040.0,0.3112,702.4188,0.0010803,0.00078946,20254.5195,Provided Total Emissions,True,20358.3868,114015.6123,103.8673,93761.0928,0.005128,4.629144,High,None,0.95,Valid
SUP-0082,Packaging Supplier 082,Packaging,2017,19938672.77,171047577.49,24327.9383,5280.7735,2673.806,15090.3284,2018.0,2030.0,0.3671,0.1475,2018,2040.0,0.3112,702.4188,0.0010803,0.00078946,24327.9383,Provided Total Emissions,True,21539.7482,135035.2205,-2788.1901,110707.2822,-0.114609,4.550623,High,None,0.95,Valid
SUP-0082,Packaging Supplier 082,Packaging,2018,20512339.99,127759931.14,24374.3341,3147.0054,3925.8172,18475.9103,2018.0,2030.0,0.3671,0.1475,2018,2040.0,0.3112,702.4188,0.0010803,0.00078946,24374.3341,Provided Total Emissions,True,22159.4809,100861.3552,-2214.8532,76487.0211,-0.090868,3.138015,High,None,0.95,Valid
SUP-0082,Packaging Supplier 082,Packaging,2019,20877925.45,179261813.84,28796.9816,6421.9777,3021.057,19310.0091,2018.0,2030.0,0.3671,0.1475,2018,2040.0,0.3112,702.4188,0.0010803,0.00078946,28796.9816,Provided Total Emissions,True,22554.4229,141520.0316,-6242.5587,112723.05,-0.216778,3.914405,High,None,0.95,Valid
SUP-0082,Packaging Supplier 082,Packaging,2020,25039202.96,158426906.13,24915.5579,5527.103,1782.0257,19917.3412,2018.0,2030.0,0.3671,0.1475,2018,2040.0,0.3112,702.4188,0.0010803,0.00078946,24915.5579,Provided Total Emissions,True,27049.851,125071.7053,2134.2931,100156.1474,0.085661,4.019824,High,None,0.95,Valid
SUP-0082,Packaging Supplier 082,Packaging,2021,25194013.78,156491136.35,33055.9905,3156.6826,2132.4755,29074.4593,2018.0,2030.0,0.3671,0.1475,2018,2040.0,0.3112,702.4188,0.0010803,0.00078946,33055.9905,Provided Total Emissions,True,27217.0931,123543.4925,-5838.8974,90487.502,-0.176637,2.737401,High,None,0.95,Valid
SUP-0082,Packaging Supplier 082,Packaging,2022,26592220.65,165964737.1,35186.5812,7731.8582,4515.5058,21455.6056,2018.0,2030.0,0.3671,0.1475,2018,2040.0,0.3112,702.4188,0.0010803,0.00078946,35186.5812,Provided Total Emissions,True,28727.576,131022.5214,-6459.0052,95835.9402,-0.183564,2.72365,High,None,0.95,Valid
SUP-0082,Packaging Supplier 082,Packaging,2023,27146492.45,176508356.86,37861.6917,5193.9527,5052.8345,28019.8678,2018.0,2030.0,0.3671,0.1475,2018,2040.0,0.3112,702.4188,0.0010803,0.00078946,37861.6917,Provided Total Emissions,True,29326.3558,139346.2874,-8535.3359,101484.5957,-0.225435,2.680403,High,None,0.95,Valid
SUP-0082,Packaging Supplier 082,Packaging,2024,28407683.17,189393402.34,40116.1832,9713.4814,2930.5859,25125.5516,2018.0,2030.0,0.3671,0.1475,2018,2040.0,0.3112,702.4188,0.0010803,0.00078946,40116.1832,Provided Total Emissions,True,30688.8201,149518.5154,-9427.3631,109402.3322,-0.235001,2.727137,High,None,0.95,Valid
SUP-0083,Logistics Supplier 083,Logistics,2015,27231750.34,65124616.39,4867.926,879.08,1054.8012,3023.2434,,,,,2019,2040.0,0.4616,591.6386,0.00022349,0.00047787,4867.926,Provided Total Emissions,True,6086.0239,31121.1004,1218.0979,26253.1744,0.250229,5.393092,High,None,0.95,Valid
SUP-0083,Logistics Supplier 083,Logistics,2016,24012808.87,66748700.05,3950.5999,865.233,567.5246,2390.0561,,,,,2019,2040.0,0.4616,591.6386,0.00022349,0.00047787,3950.5999,Provided Total Emissions,True,5366.6227,31897.2013,1416.0228,27946.6014,0.358432,7.074015,High,None,0.95,Valid
SUP-0083,Logistics Supplier 083,Logistics,2017,23977666.22,62843192.7,4170.5443,892.8304,577.0566,2886.7148,,,,,2019,2040.0,0.4616,591.6386,0.00022349,0.00047787,4170.5443,Provided Total Emissions,True,5358.7686,30030.8765,1188.2243,25860.3322,0.284909,6.200709,High,None,0.95,Valid
SUP-0083,Logistics Supplier 083,Logistics,2018,28479697.94,57439256.64,5454.5303,1358.4843,807.2369,3530.2173,,,,,2019,2040.0,0.4616,591.6386,0.00022349,0.00047787,5454.5303,Provided Total Emissions,True,6364.9277,27448.4976,910.3974,21993.9673,0.166907,4.032239,High,None,0.95,Valid
SUP-0083,Logistics Supplier 083,Logistics,2019,17769967.12,60783129.23,3152.8678,582.3323,544.8657,2351.0998,,,,,2019,2040.0,0.4616,591.6386,0.00022349,0.00047787,3152.8678,Provided Total Emissions,True,3971.41,29046.434,818.5422,25893.5662,0.259618,8.212703,High,None,0.95,Valid
SUP-0083,Logistics Supplier 083,Logistics,2020,24108598.36,62157134.25,4042.7028,953.9731,602.6973,2599.684,,,,,2019,2040.0,0.4616,591.6386,0.00022349,0.00047787,4042.7028,Provided Total Emissions,True,5388.0306,29703.0297,1345.3278,25660.3269,0.332779,6.34732,High,None,0.95,Valid
SUP-0083,Logistics Supplier 083,Logistics,2021,21429069.6,50886526.23,4227.4069,708.3567,413.4149,2928.0605,,,,,2019,2040.0,0.4616,591.6386,0.00022349,0.00047787,4227.4069,Provided Total Emissions,True,4789.1828,24317.1443,561.7759,20089.7374,0.132889,4.75226,High,None,0.95,Valid
SUP-0083,Logistics Supplier 083,Logistics,2022,23070927.74,64372190.24,3704.0946,443.0342,574.964,2690.664,,,,,2019,2040.0,0.4616,591.6386,0.00022349,0.00047787,3704.0946,Provided Total Emissions,True,5156.1216,30761.5385,1452.027,27057.4439,0.392006,7.304739,High,None,0.95,Valid
SUP-0083,Logistics Supplier 083,Logistics,2023,25564598.24,74457096.66,5096.8692,1064.3688,740.1789,3180.1843,,,,,2019,2040.0,0.4616,591.6386,0.00022349,0.00047787,5096.8692,Provided Total Emissions,True,5713.4321,35580.8128,616.5629,30483.9436,0.120969,5.980915,High,None,0.95,Valid
SUP-0083,Logistics Supplier 083,Logistics,2024,19985712.58,60606542.27,3352.7019,807.0083,435.321,2288.8372,,,,,2019,2040.0,0.4616,591.6386,0.00022349,0.00047787,3352.7019,Provided Total Emissions,True,4466.6069,28962.0484,1113.905,25609.3465,0.332241,7.63842,High,None,0.95,Valid
SUP-0084,Chemicals Supplier 084,Chemicals,2015,16568788.6,97541090.08,15140.7785,3904.4605,2459.3944,9061.4912,,,,,2019,2035.0,0.5229,506.3191,0.00100149,0.00047124,15140.7785,Provided Total Emissions,True,16593.4761,45965.2633,1452.6976,30824.4848,0.095946,2.035859,High,None,0.95,Valid
SUP-0084,Chemicals Supplier 084,Chemicals,2016,14384996.3,122053283.16,12312.9318,2576.9148,1136.8107,8383.0636,,,,,2019,2035.0,0.5229,506.3191,0.00100149,0.00047124,12312.9318,Provided Total Emissions,True,14406.4299,57516.3892,2093.4981,45203.4574,0.170024,3.671218,High,None,0.95,Valid
SUP-0084,Chemicals Supplier 084,Chemicals,2017,15263523.65,93410801.31,12455.1115,1636.9177,2490.8684,8781.2259,,,,,2019,2035.0,0.5229,506.3191,0.00100149,0.00047124,12455.1115,Provided Total Emissions,True,15286.2663,44018.906,2831.1548,31563.7945,0.227309,2.534204,High,None,0.95,Valid
SUP-0084,Chemicals Supplier 084,Chemicals,2018,18292209.23,112148126.19,14145.653,1246.4743,1990.7012,11306.3145,,,,,2019,2035.0,0.5229,506.3191,0.00100149,0.00047124,14145.653,Provided Total Emissions,True,18319.4646,52848.683,4173.8116,38703.03,0.29506,2.736037,High,None,0.95,Valid
SUP-0084,Chemicals Supplier 084,Chemicals,2019,18885955.05,123512219.33,13867.9421,4162.5733,1934.1549,9034.1285,,,,,2019,2035.0,0.5229,506.3191,0.00100149,0.00047124,13867.9421,Provided Total Emissions,True,18914.0951,58203.8982,5046.153,44335.9561,0.363872,3.19701,High,None,0.95,Valid
SUP-0084,Chemicals Supplier 084,Chemicals,2020,19335503.09,139859499.5,17042.1373,2801.772,2545.8565,11916.5108,,,,,2019,2035.0,0.5229,506.3191,0.00100149,0.00047124,17042.1373,Provided Total Emissions,True,19364.313,65907.3905,2322.1757,48865.2532,0.136261,2.86732,High,None,0.95,Valid
SUP-0084,Chemicals Supplier 084,Chemicals,2021,20320479.42,150939796.17,11633.3347,2349.6785,892.154,8016.4003,,,,,2019,2035.0,0.5229,506.3191,0.00100149,0.00047124,11633.3347,Provided Total Emissions,True,20350.7569,71128.8695,8717.4222,59495.5348,0.749349,5.114229,High,None,0.95,Valid
SUP-0084,Chemicals Supplier 084,Chemicals,2022,20943831.46,133598085.42,15122.4546,1349.2589,2337.251,11664.8858,,,,,2019,2035.0,0.5229,506.3191,0.00100149,0.00047124,15122.4546,Provided Total Emissions,True,20975.0378,62956.7618,5852.5832,47834.3072,0.387013,3.163131,High,None,0.95,Valid
SUP-0084,Chemicals Supplier 084,Chemicals,2023,23425663.74,128827085.12,15334.1004,2596.0165,2702.6833,10269.849,,,,,2019,2035.0,0.5229,506.3191,0.00100149,0.00047124,15334.1004,Provided Total Emissions,True,23460.568,60708.4756,8126.4676,45374.3752,0.529961,2.95905,High,None,0.95,Valid
SUP-0084,Chemicals Supplier 084,Chemicals,2024,22962377.36,196940775.83,12713.5887,1567.4043,2553.4607,8946.1412,,,,,2019,2035.0,0.5229,506.3191,0.00100149,0.00047124,12713.5887,Provided Total Emissions,True,22996.5913,92806.3712,10283.0026,80092.7825,0.80882,6.299778,High,None,0.95,Valid
SUP-0085,Textiles Supplier 085,Textiles,2015,22437480.11,42319309.56,8996.1567,2013.3173,1339.747,5711.3233,,,,,2019,2030.0,0.3171,401.7335,0.00029221,0.00017343,8996.1567,Provided Total Emissions,True,6556.4561,7339.4379,-2439.7006,-1656.7188,-0.271194,-0.184159,High,None,0.95,Valid
SUP-0085,Textiles Supplier 085,Textiles,2016,19599678.61,39948110.06,7108.8201,1832.2121,744.9233,3916.1254,,,,,2019,2030.0,0.3171,401.7335,0.00029221,0.00017343,7108.8201,Provided Total Emissions,True,5727.2221,6928.2007,-1381.598,-180.6194,-0.19435,-0.025408,High,None,0.95,Valid
SUP-0085,Textiles Supplier 085,Textiles,2017,17584347.29,38724541.02,5081.9098,1176.089,427.7885,3338.5375,,,,,2019,2030.0,0.3171,401.7335,0.00029221,0.00017343,5081.9098,Provided Total Emissions,True,5138.3221,6715.9971,56.4123,1634.0873,0.011101,0.32155,High,None,0.95,Valid
SUP-0085,Textiles Supplier 085,Textiles,2018,20549261.18,30788309.53,5509.257,1124.8635,1097.4755,3239.7486,,,,,2019,2030.0,0.3171,401.7335,0.00029221,0.00017343,5509.257,Provided Total Emissions,True,6004.6996,5339.6165,495.4426,-169.6405,0.089929,-0.030792,High,None,0.95,Valid
SUP-0085,Textiles Supplier 085,Textiles,2019,19010470.82,40316990.81,4872.0394,561.0498,985.042,3664.2638,,,,,2019,2030.0,0.3171,401.7335,0.00029221,0.00017343,4872.0394,Provided Total Emissions,True,5555.0497,6992.1757,683.0103,2120.1363,0.14019,0.435164,High,None,0.95,Valid
SUP-0085,Textiles Supplier 085,Textiles,2020,16020328.49,33569883.97,3856.7525,932.4903,351.5149,2631.4215,,,,,2019,2030.0,0.3171,401.7335,0.00029221,0.00017343,3856.7525,Provided Total Emissions,True,4681.3002,5822.025,824.5477,1965.2725,0.213793,0.509567,High,None,0.95,Valid
SUP-0085,Textiles Supplier 085,Textiles,2021,18712825.11,37269652.28,4733.7122,1164.2816,367.6896,3391.2818,,,,,2019,2030.0,0.3171,401.7335,0.00029221,0.00017343,4733.7122,Provided Total Emissions,True,5468.0746,6463.6758,734.3624,1729.9636,0.155135,0.365456,High,None,0.95,Valid
SUP-0085,Textiles Supplier 085,Textiles,2022,15894987.31,31864577.13,4156.6292,703.6966,340.4755,3287.1491,,,,,2019,2030.0,0.3171,401.7335,0.00029221,0.00017343,4156.6292,Provided Total Emissions,True,4644.6742,5526.2736,488.045,1369.6444,0.117414,0.329508,High,None,0.95,Valid
SUP-0085,Textiles Supplier 085,Textiles,2023,16240902.44,47044876.3,4050.3292,464.4912,237.7409,3577.8447,,,,,2019,2030.0,0.3171,401.7335,0.00029221,0.00017343,4050.3292,Provided Total Emissions,True,4745.7541,8158.9929,695.4249,4108.6637,0.171696,1.014402,High,None,0.95,Valid
SUP-0085,Textiles Supplier 085,Textiles,2024,15414392.3,24182140.62,3589.5178,743.7755,449.8981,2587.5136,,,,,2019,2030.0,0.3171,401.7335,0.00029221,0.00017343,3589.5178,Provided Total Emissions,True,4504.2396,4193.9086,914.7218,604.3908,0.254831,0.168377,High,None,0.95,Valid
SUP-0086,Metals Supplier 086,Metals,2015,1778787.37,3346305.49,2727.1173,558.7574,500.5808,1693.5332,2019.0,2035.0,0.4157,0.2236,2019,2030.0,0.3852,158.2904,0.00100695,0.00065008,2727.1173,Provided Total Emissions,True,1791.1499,2175.3663,-935.9674,-551.751,-0.343208,-0.20232,High,None,0.95,Valid
SUP-0086,Metals Supplier 086,Metals,2016,1782240.71,2833455.3,2673.3614,232.1412,471.9322,1920.339,2019.0,2035.0,0.4157,0.2236,2019,2030.0,0.3852,158.2904,0.00100695,0.00065008,2673.3614,Provided Total Emissions,True,1794.6273,1841.9726,-878.7341,-831.3888,-0.3287,-0.31099,High,None,0.95,Valid
SUP-0086,Metals Supplier 086,Metals,2017,2032053.38,3396132.96,3059.3666,855.2037,355.6319,2012.8679,2019.0,2035.0,0.4157,0.2236,2019,2030.0,0.3852,158.2904,0.00100695,0.00065008,3059.3666,Provided Total Emissions,True,2046.1762,2207.7581,-1013.1904,-851.6085,-0.331177,-0.278361,High,None,0.95,Valid
SUP-0086,Metals Supplier 086,Metals,2018,1737733.59,3725852.44,1582.5973,341.4087,224.8175,1020.4693,2019.0,2035.0,0.4157,0.2236,2019,2030.0,0.3852,158.2904,0.00100695,0.00065008,1582.5973,Provided Total Emissions,True,1749.8108,2422.1022,167.2135,839.5049,0.105658,0.53046,High,None,0.95,Valid
SUP-0086,Metals Supplier 086,Metals,2019,1877082.99,3648706.47,2718.5047,310.8262,592.1336,1984.6916,2019.0,2035.0,0.4157,0.2236,2019,2030.0,0.3852,158.2904,0.00100695,0.00065008,2718.5047,Provided Total Emissions,True,1890.1287,2371.9511,-828.376,-346.5536,-0.304718,-0.127479,High,None,0.95,Valid
SUP-0086,Metals Supplier 086,Metals,2020,1502734.85,3264573.84,2398.0387,675.4724,164.3893,1628.1638,2019.0,2035.0,0.4157,0.2236,2019,2030.0,0.3852,158.2904,0.00100695,0.00065008,2398.0387,Provided Total Emissions,True,1513.1789,2122.2342,-884.8598,-275.8045,-0.368993,-0.115013,High,None,0.95,Valid
SUP-0086,Metals Supplier 086,Metals,2021,1707502.04,3471332.37,2711.9468,391.5631,458.008,1758.5281,2019.0,2035.0,0.4157,0.2236,2019,2030.0,0.3852,158.2904,0.00100695,0.00065008,2711.9468,Provided Total Emissions,True,1719.3692,2256.6437,-992.5776,-455.3031,-0.366002,-0.167888,High,None,0.95,Valid
SUP-0086,Metals Supplier 086,Metals,2022,1737752.06,4941347.33,2483.5516,287.1078,328.8904,1860.9621,2019.0,2035.0,0.4157,0.2236,2019,2030.0,0.3852,158.2904,0.00100695,0.00065008,2483.5516,Provided Total Emissions,True,1749.8294,3212.2711,-733.7222,728.7195,-0.295433,0.293418,High,None,0.95,Valid
SUP-0086,Metals Supplier 086,Metals,2023,1812242.55,3913252.34,2153.9995,303.4362,184.1007,1906.0315,2019.0,2035.0,0.4157,0.2236,2019,2030.0,0.3852,158.2904,0.00100695,0.00065008,2153.9995,Provided Total Emissions,True,1824.8376,2543.9271,-329.1619,389.9276,-0.152814,0.181025,High,None,0.95,Valid
SUP-0086,Metals Supplier 086,Metals,2024,1748766.21,3973976.01,2383.3585,221.0184,407.2962,1817.1955,2019.0,2035.0,0.4157,0.2236,2019,2030.0,0.3852,158.2904,0.00100695,0.00065008,2383.3585,Provided Total Emissions,True,1760.9201,2583.4023,-622.4384,200.0438,-0.26116,0.083934,High,None,0.95,Valid
SUP-0087,Agriculture Supplier 087,Agriculture,2015,17381249.12,28827055.99,15598.7772,1683.3006,930.8716,12006.4435,2020.0,2035.0,0.2888,0.1304,2018,,,529.8294,0.00091413,0.00096913,15598.7772,Provided Total Emissions,True,15888.7213,27937.1648,289.9441,12338.3876,0.018588,0.790984,High,None,0.95,Valid
SUP-0087,Agriculture Supplier 087,Agriculture,2016,17684740.43,24092200.25,16671.977,1429.7187,3374.5093,11502.7912,2020.0,2035.0,0.2888,0.1304,2018,,,529.8294,0.00091413,0.00096913,16671.977,Provided Total Emissions,True,16166.1518,23348.474,-505.8252,6676.497,-0.03034,0.400462,High,None,0.95,Valid
SUP-0087,Agriculture Supplier 087,Agriculture,2017,21972394.97,31734597.14,16998.5439,3025.7615,3377.5638,11054.6953,2020.0,2035.0,0.2888,0.1304,2018,,,529.8294,0.00091413,0.00096913,16998.5439,Provided Total Emissions,True,20085.6254,30754.9501,3087.0815,13756.4062,0.181609,0.80927,High,None,0.95,Valid
SUP-0087,Agriculture Supplier 087,Agriculture,2018,18436228.99,34759871.64,13632.2043,2450.8311,1838.9488,11347.2729,2020.0,2035.0,0.2888,0.1304,2018,,,529.8294,0.00091413,0.00096913,13632.2043,Provided Total Emissions,True,16853.11,33686.8344,3220.9057,20054.6301,0.236272,1.471122,High,None,0.95,Valid
SUP-0087,Agriculture Supplier 087,Agriculture,2019,24140121.31,42767054.73,22377.4966,4678.7956,3354.964,15118.0531,2020.0,2035.0,0.2888,0.1304,2018,,,529.8294,0.00091413,0.00096913,22377.4966,Provided Total Emissions,True,22067.2091,41446.8358,-310.2875,19069.3392,-0.013866,0.852166,High,None,0.95,Valid
SUP-0087,Agriculture Supplier 087,Agriculture,2020,21308828.93,38258072.18,19158.6206,4333.4331,1581.3242,12752.8946,2020.0,2035.0,0.2888,0.1304,2018,,,529.8294,0.00091413,0.00096913,19158.6206,Provided Total Emissions,True,19479.0398,37077.0455,320.4192,17918.4249,0.016725,0.935267,High,None,0.95,Valid
SUP-0087,Agriculture Supplier 087,Agriculture,2021,22283902.69,39532766.09,17479.5851,1934.5854,1910.2999,12583.3064,2020.0,2035.0,0.2888,0.1304,2018,,,529.8294,0.00091413,0.00096913,17479.5851,Provided Total Emissions,True,20370.384,38312.3896,2890.7989,20832.8045,0.165381,1.191836,High,None,0.95,Valid
SUP-0087,Agriculture Supplier 087,Agriculture,2022,25406451.46,35399369.04,20339.4614,4069.8688,2899.7941,13600.2201,2020.0,2035.0,0.2888,0.1304,2018,,,529.8294,0.00091413,0.00096913,20339.4614,Provided Total Emissions,True,23224.7995,34306.5905,2885.3381,13967.1291,0.141859,0.686701,High,None,0.95,Valid
SUP-0087,Agriculture Supplier 087,Agriculture,2023,26289413.87,52404139.92,25148.1228,2841.6325,2209.8601,20360.3373,2020.0,2035.0,0.2888,0.1304,2018,,,529.8294,0.00091413,0.00096913,25148.1228,Provided Total Emissions,True,24031.9419,50786.4241,-1116.1809,25638.3013,-0.044384,1.019492,High,None,0.95,Valid
SUP-0087,Agriculture Supplier 087,Agriculture,2024,30778261.96,48524634.66,20847.7141,2176.7742,3472.979,16387.8861,2020.0,2035.0,0.2888,0.1304,2018,,,529.8294,0.00091413,0.00096913,20847.7141,Provided Total Emissions,True,28135.3326,47026.6792,7287.6185,26178.9651,0.349564,1.255724,High,None,0.95,Valid
SUP-0088,Packaging Supplier 088,Packaging,2015,15353730.95,60317759.14,16829.2344,4263.1098,2694.181,8791.4324,2019.0,2035.0,0.4862,0.1913,2018,2040.0,0.3112,702.4188,0.0010803,0.00078946,16829.2344,Provided Total Emissions,True,16586.6355,47618.4581,-242.5989,30789.2237,-0.014415,1.829508,High,None,0.95,Valid
SUP-0088,Packaging Supplier 088,Packaging,2016,16980655.27,64519014.07,13231.2523,1874.2214,1406.4668,9927.8779,2019.0,2035.0,0.4862,0.1913,2018,2040.0,0.3112,702.4188,0.0010803,0.00078946,13231.2523,Provided Total Emissions,True,18344.2019,50935.1808,5112.9496,37703.9285,0.38643,2.849611,High,None,0.95,Valid
SUP-0088,Packaging Supplier 088,Packaging,2017,17544202.67,55055289.53,13530.2929,1113.3124,2572.2397,9881.3681,2019.0,2035.0,0.4862,0.1913,2018,2040.0,0.3112,702.4188,0.0010803,0.00078946,13530.2929,Provided Total Emissions,True,18953.0021,43463.9489,5422.7092,29933.656,0.400783,2.212344,High,None,0.95,Valid
SUP-0088,Packaging Supplier 088,Packaging,2018,16538167.08,61117463.07,15628.2615,2493.8724,2654.833,8876.9789,2019.0,2035.0,0.4862,0.1913,2018,2040.0,0.3112,702.4188,0.0010803,0.00078946,15628.2615,Provided Total Emissions,True,17866.1819,48249.7924,2237.9204,32621.5309,0.143197,2.087342,High,None,0.95,Valid
SUP-0088,Packaging Supplier 088,Packaging,2019,19196925.15,64609143.53,15732.5989,1347.4584,1786.7356,11910.357,2019.0,2035.0,0.4862,0.1913,2018,2040.0,0.3112,702.4188,0.0010803,0.00078946,15732.5989,Provided Total Emissions,True,20738.4382,51006.3345,5005.8393,35273.7356,0.318183,2.242079,High,None,0.95,Valid
SUP-0088,Packaging Supplier 088,Packaging,2020,22381475.56,85970107.68,18281.4695,1744.6824,3041.5833,13009.1291,2019.0,2035.0,0.4862,0.1913,2018,2040.0,0.3112,702.4188,0.0010803,0.00078946,18281.4695,Provided Total Emissions,True,24178.708,67869.9612,5897.2385,49588.4917,0.32258,2.7125,High,None,0.95,Valid
SUP-0088,Packaging Supplier 088,Packaging,2021,24798383.76,95180904.57,21262.6796,5526.4797,4233.5819,11825.0223,2019.0,2035.0,0.4862,0.1913,2018,2040.0,0.3112,702.4188,0.0010803,0.00078946,21262.6796,Provided Total Emissions,True,26789.694,75141.5169,5527.0144,53878.8373,0.25994,2.533963,High,None,0.95,Valid
SUP-0088,Packaging Supplier 088,Packaging,2022,17939790.25,108885223.0,14599.1236,2650.2165,1597.2293,11527.042,2019.0,2035.0,0.4862,0.1913,2018,2040.0,0.3112,702.4188,0.0010803,0.00078946,14599.1236,Provided Total Emissions,True,19380.3554,85960.5281,4781.2318,71361.4045,0.327501,4.888061,High,None,0.95,Valid
SUP-0088,Packaging Supplier 088,Packaging,2023,28071849.46,117925654.64,21416.5614,2486.2404,2903.0409,16812.672,2019.0,2035.0,0.4862,0.1913,2018,2040.0,0.3112,702.4188,0.0010803,0.00078946,21416.5614,Provided Total Emissions,True,30326.019,93097.5873,8909.4576,71681.0259,0.416008,3.34699,High,None,0.95,Valid
SUP-0088,Packaging Supplier 088,Packaging,2024,27152118.51,116390709.34,19776.9287,1958.9799,3142.7465,14690.9695,2019.0,2035.0,0.4862,0.1913,2018,2040.0,0.3112,702.4188,0.0010803,0.00078946,19776.9287,Provided Total Emissions,True,29332.4336,91885.8094,9555.5049,72108.8807,0.483164,3.646111,High,None,0.95,Valid
SUP-0089,Professional Supplier 089,Professional Services,2015,7561222.86,24041311.08,1531.8559,283.2946,275.4287,890.2107,2021.0,2035.0,0.3882,0.2508,2020,,,400.0326,0.00012906,0.00019658,1531.8559,Provided Total Emissions,True,975.8514,4726.0409,-556.0045,3194.185,-0.362961,2.085173,High,None,0.95,Valid
SUP-0089,Professional Supplier 089,Professional Services,2016,6974555.53,25468873.08,1346.6246,236.251,204.5395,840.0183,2021.0,2035.0,0.3882,0.2508,2020,,,400.0326,0.00012906,0.00019658,1346.6246,Provided Total Emissions,True,900.1361,5006.6711,-446.4885,3660.0465,-0.331561,2.717941,High,None,0.95,Valid
SUP-0089,Professional Supplier 089,Professional Services,2017,7417280.36,25993388.1,1392.7082,115.932,227.1663,1007.5352,2021.0,2035.0,0.3882,0.2508,2020,,,400.0326,0.00012906,0.00019658,1392.7082,Provided Total Emissions,True,957.2742,5109.7802,-435.434,3717.072,-0.312653,2.668953,High,None,0.95,Valid
SUP-0089,Professional Supplier 089,Professional Services,2018,8883443.76,20678940.11,1629.542,287.326,319.9942,1025.6501,2021.0,2035.0,0.3882,0.2508,2020,,,400.0326,0.00012906,0.00019658,1629.542,Provided Total Emissions,True,1146.4973,4065.066,-483.0447,2435.524,-0.29643,1.494606,High,None,0.95,Valid
SUP-0089,Professional Supplier 089,Professional Services,2019,6307705.16,21807495.92,1155.7314,293.6979,123.283,674.5841,2021.0,2035.0,0.3882,0.2508,2020,,,400.0326,0.00012906,0.00019658,1155.7314,Provided Total Emissions,True,814.0724,4286.9175,-341.659,3131.1861,-0.295621,2.709268,High,None,0.95,Valid
SUP-0089,Professional Supplier 089,Professional Services,2020,7496540.16,25590173.79,1410.6388,174.3771,110.9134,1076.4684,2021.0,2035.0,0.3882,0.2508,2020,,,400.0326,0.00012906,0.00019658,1410.6388,Provided Total Emissions,True,967.5035,5030.5164,-443.1353,3619.8776,-0.314138,2.566126,High,None,0.95,Valid
SUP-0089,Professional Supplier 089,Professional Services,2021,6848538.71,21219340.91,1390.1954,137.7614,107.9285,1113.3102,2021.0,2035.0,0.3882,0.2508,2020,,,400.0326,0.00012906,0.00019658,1390.1954,Provided Total Emissions,True,883.8724,4171.298,-506.323,2781.1026,-0.36421,2.000512,High,None,0.95,Valid
SUP-0089,Professional Supplier 089,Professional Services,2022,7079579.49,20957190.53,1511.9577,352.6245,325.8488,874.7758,2021.0,2035.0,0.3882,0.2508,2020,,,400.0326,0.00012906,0.00019658,1511.9577,Provided Total Emissions,True,913.6905,4119.7645,-598.2672,2607.8068,-0.39569,1.724788,High,None,0.95,Valid
SUP-0089,Professional Supplier 089,Professional Services,2023,5982266.66,24326960.93,843.8011,126.13,96.1772,624.8463,2021.0,2035.0,0.3882,0.2508,2020,,,400.0326,0.00012906,0.00019658,843.8011,Provided Total Emissions,True,772.0713,4782.194,-71.7298,3938.3929,-0.085008,4.667442,High,None,0.95,Valid
SUP-0089,Professional Supplier 089,Professional Services,2024,6084672.63,24578075.77,1355.5904,168.8568,101.5004,1061.707,2021.0,2035.0,0.3882,0.2508,2020,,,400.0326,0.00012906,0.00019658,1355.5904,Provided Total Emissions,True,785.2878,4831.5581,-570.3026,3475.9677,-0.420704,2.564173,High,None,0.95,Valid
SUP-0090,Textiles Supplier 090,Textiles,2015,21243631.36,49733592.42,7035.1955,1649.0128,1083.9186,4041.6405,2018.0,2040.0,0.2819,0.1127,2019,2030.0,0.3171,401.7335,0.00029221,0.00017343,7035.1955,Provided Total Emissions,True,6207.6015,8625.2969,-827.594,1590.1014,-0.117636,0.226021,High,None,0.95,Valid
SUP-0090,Textiles Supplier 090,Textiles,2016,25055683.8,49359782.54,6504.1119,532.67,431.0013,5196.7589,2018.0,2040.0,0.2819,0.1127,2019,2030.0,0.3171,401.7335,0.00029221,0.00017343,6504.1119,Provided Total Emissions,True,7321.5214,8560.4671,817.4095,2056.3552,0.125676,0.316162,High,None,0.95,Valid
SUP-0090,Textiles Supplier 090,Textiles,2017,31528980.24,66195699.29,11546.9042,2001.1752,2095.1964,6911.7634,2018.0,2040.0,0.2819,0.1127,2019,2030.0,0.3171,401.7335,0.00029221,0.00017343,11546.9042,Provided Total Emissions,True,9213.0833,11480.3201,-2333.8209,-66.5841,-0.202117,-0.005766,High,None,0.95,Valid
SUP-0090,Textiles Supplier 090,Textiles,2018,29866065.39,51800485.14,9362.334,2387.9594,1754.2333,4953.9436,2018.0,2040.0,0.2819,0.1127,2019,2030.0,0.3171,401.7335,0.00029221,0.00017343,9362.334,Provided Total Emissions,True,8727.163,8983.7581,-635.171,-378.5759,-0.067843,-0.040436,High,None,0.95,Valid
SUP-0090,Textiles Supplier 090,Textiles,2019,28094780.82,68984419.12,7067.6848,707.8142,1268.0778,4871.2597,2018.0,2040.0,0.2819,0.1127,2019,2030.0,0.3171,401.7335,0.00029221,0.00017343,7067.6848,Provided Total Emissions,True,8209.5759,11963.9678,1141.8911,4896.283,0.161565,0.69277,High,None,0.95,Valid
SUP-0090,Textiles Supplier 090,Textiles,2020,32963699.01,77404750.38,11563.3934,1891.309,1281.4706,7384.2467,2018.0,2040.0,0.2819,0.1127,2019,2030.0,0.3171,401.7335,0.00029221,0.00017343,11563.3934,Provided Total Emissions,True,9632.3225,13424.3059,-1931.0709,1860.9125,-0.166999,0.160931,High,None,0.95,Valid
SUP-0090,Textiles Supplier 090,Textiles,2021,31592807.51,71433139.42,8608.0134,865.8772,1460.8969,6457.209,2018.0,2040.0,0.2819,0.1127,2019,2030.0,0.3171,401.7335,0.00029221,0.00017343,8608.0134,Provided Total Emissions,True,9231.7343,12388.6494,623.7209,3780.636,0.072458,0.4392,High,None,0.95,Valid
SUP-0090,Textiles Supplier 090,Textiles,2022,42842830.44,90297161.01,13455.0454,2509.414,1255.1014,9982.2634,2018.0,2040.0,0.2819,0.1127,2019,2030.0,0.3171,401.7335,0.00029221,0.00017343,13455.0454,Provided Total Emissions,True,12519.1035,15660.2366,-935.9419,2205.1912,-0.069561,0.163893,High,None,0.95,Valid
SUP-0090,Textiles Supplier 090,Textiles,2023,39011384.82,78403062.27,12969.67,2882.8192,789.9827,9463.3711,2018.0,2040.0,0.2819,0.1127,2019,2030.0,0.3171,401.7335,0.00029221,0.00017343,12969.67,Provided Total Emissions,True,11399.5168,13597.4431,-1570.1532,627.7731,-0.121063,0.048403,High,None,0.95,Valid
SUP-0090,Textiles Supplier 090,Textiles,2024,50790249.54,113143834.28,11415.0199,2540.5375,857.0276,7954.5691,2018.0,2040.0,0.2819,0.1127,2019,2030.0,0.3171,401.7335,0.00029221,0.00017343,11415.0199,Provided Total Emissions,True,14841.4188,19622.5352,3426.3989,8207.5153,0.300166,0.71901,High,None,0.95,Valid
SUP-0091,Professional Supplier 091,Professional Services,2015,7470174.44,25260102.91,1398.5154,103.8884,125.3421,1136.2677,,,,,2020,,,400.0326,0.00012906,0.00019658,1398.5154,Provided Total Emissions,True,964.1007,4965.631,-434.4147,3567.1156,-0.310626,2.550645,High,None,0.95,Valid
SUP-0091,Professional Supplier 091,Professional Services,2016,8738020.71,27979902.25,1229.2061,352.4516,246.3217,639.1206,,,,,2020,,,400.0326,0.00012906,0.00019658,1229.2061,Provided Total Emissions,True,1127.729,5500.2892,-101.4771,4271.0831,-0.082555,3.474668,High,None,0.95,Valid
SUP-0091,Professional Supplier 091,Professional Services,2017,8460250.37,25198131.51,1483.911,381.2758,101.2778,976.1183,,,,,2020,,,400.0326,0.00012906,0.00019658,1483.911,Provided Total Emissions,True,1091.8799,4953.4487,-392.0311,3469.5377,-0.264188,2.338104,High,None,0.95,Valid
SUP-0091,Professional Supplier 091,Professional Services,2018,8838613.82,32935269.25,1217.2789,284.0828,176.2147,689.3982,,,,,2020,,,400.0326,0.00012906,0.00019658,1217.2789,Provided Total Emissions,True,1140.7115,6474.4152,-76.5674,5257.1363,-0.0629,4.318761,High,None,0.95,Valid
SUP-0091,Professional Supplier 091,Professional Services,2019,8806303.74,35896821.68,1157.1504,273.1778,147.752,732.8667,,,,,2020,,,400.0326,0.00012906,0.00019658,1157.1504,Provided Total Emissions,True,1136.5416,7056.5972,-20.6088,5899.4468,-0.01781,5.098254,High,None,0.95,Valid
SUP-0091,Professional Supplier 091,Professional Services,2020,7664572.76,26167048.73,1147.9298,251.602,215.8447,657.4118,,,,,2020,,,400.0326,0.00012906,0.00019658,1147.9298,Provided Total Emissions,True,989.1898,5143.9184,-158.74,3995.9886,-0.138284,3.481039,High,None,0.95,Valid
SUP-0091,Professional Supplier 091,Professional Services,2021,6966595.51,25587654.77,807.6102,144.431,156.8042,513.0814,,,,,2020,,,400.0326,0.00012906,0.00019658,807.6102,Provided Total Emissions,True,899.1088,5030.0212,91.4986,4222.411,0.113296,5.228278,High,None,0.95,Valid
SUP-0091,Professional Supplier 091,Professional Services,2022,8705724.0,22580371.7,852.6428,266.0209,160.0154,498.558,,,,,2020,,,400.0326,0.00012906,0.00019658,852.6428,Provided Total Emissions,True,1123.5607,4438.8495,270.9179,3586.2067,0.317739,4.20599,High,None,0.95,Valid
SUP-0091,Professional Supplier 091,Professional Services,2023,9675492.18,26549403.73,988.0641,203.7478,93.5992,717.82,,,,,2020,,,400.0326,0.00012906,0.00019658,988.0641,Provided Total Emissions,True,1248.719,5219.0818,260.6549,4231.0177,0.263804,4.282129,High,None,0.95,Valid
SUP-0091,Professional Supplier 091,Professional Services,2024,8601777.49,25265783.8,1001.0076,83.757,102.2315,845.6282,,,,,2020,,,400.0326,0.00012906,0.00019658,1001.0076,Provided Total Emissions,True,1110.1454,4966.7478,109.1378,3965.7402,0.109028,3.961748,High,None,0.95,Valid
SUP-0092,Metals Supplier 092,Metals,2015,16015466.83,111399818.85,24036.2951,3741.0542,4661.1333,15798.0445,,,,,2019,2030.0,0.3852,158.2904,0.00100695,0.00065008,24036.2951,Provided Total Emissions,True,16126.7743,72418.7942,-7909.5208,48382.4991,-0.329066,2.012893,High,None,0.95,Valid
SUP-0092,Metals Supplier 092,Metals,2016,16775443.3,140733501.74,24824.4806,5327.084,4127.8246,14359.358,,,,,2019,2030.0,0.3852,158.2904,0.00100695,0.00065008,24824.4806,Provided Total Emissions,True,16892.0326,91488.0348,-7932.448,66663.5542,-0.319541,2.685396,High,None,0.95,Valid
SUP-0092,Metals Supplier 092,Metals,2017,15150783.08,97861615.33,20254.3637,3872.9885,4615.4328,13091.5828,,,,,2019,2030.0,0.3852,158.2904,0.00100695,0.00065008,20254.3637,Provided Total Emissions,True,15256.081,63617.8789,-4998.2827,43363.5152,-0.246776,2.140947,High,None,0.95,Valid
SUP-0092,Metals Supplier 092,Metals,2018,17075621.93,87623568.79,20431.252,3942.1324,1330.1097,15758.6669,,,,,2019,2030.0,0.3852,158.2904,0.00100695,0.00065008,20431.252,Provided Total Emissions,True,17194.2975,56962.3296,-3236.9545,36531.0776,-0.158432,1.788,High,None,0.95,Valid
SUP-0092,Metals Supplier 092,Metals,2019,15275223.35,104351185.02,24083.0423,2484.6504,2189.4708,19129.5989,,,,,2019,2030.0,0.3852,158.2904,0.00100695,0.00065008,24083.0423,Provided Total Emissions,True,15381.3862,67836.6184,-8701.6561,43753.5761,-0.361319,1.816779,High,None,0.95,Valid
SUP-0092,Metals Supplier 092,Metals,2020,16884251.34,118634401.42,17923.7966,4874.1719,3558.8662,10601.4878,,,,,2019,2030.0,0.3852,158.2904,0.00100695,0.00065008,17923.7966,Provided Total Emissions,True,17001.5969,77121.8517,-922.1997,59198.0551,-0.051451,3.302763,High,None,0.95,Valid
SUP-0092,Metals Supplier 092,Metals,2021,13992421.5,105212511.43,13824.2166,2581.8594,906.9559,10625.3124,,,,,2019,2030.0,0.3852,158.2904,0.00100695,0.00065008,13824.2166,Provided Total Emissions,True,14089.6688,68396.5494,265.4522,54572.3328,0.019202,3.94759,High,None,0.95,Valid
SUP-0092,Metals Supplier 092,Metals,2022,12257256.54,110798082.85,11627.3897,1291.9331,1030.143,9423.0965,,,,,2019,2030.0,0.3852,158.2904,0.00100695,0.00065008,11627.3897,Provided Total Emissions,True,12342.4445,72027.6177,715.0548,60400.228,0.061497,5.194651,High,None,0.95,Valid
SUP-0092,Metals Supplier 092,Metals,2023,13769729.36,87873785.15,11283.9099,885.1351,1919.6317,8308.8228,,,,,2019,2030.0,0.3852,158.2904,0.00100695,0.00065008,11283.9099,Provided Total Emissions,True,13865.429,57124.9903,2581.5191,45841.0804,0.228779,4.062517,High,None,0.95,Valid
SUP-0092,Metals Supplier 092,Metals,2024,14518031.01,89999257.55,10870.7112,1815.0131,2708.2946,7401.145,,,,,2019,2030.0,0.3852,158.2904,0.00100695,0.00065008,10870.7112,Provided Total Emissions,True,14618.9313,58506.7173,3748.2201,47636.0061,0.3448,4.382051,High,None,0.95,Valid
SUP-0093,Chemicals Supplier 093,Chemicals,2015,2013207.43,2837620.96,1750.4912,314.1057,151.2112,1180.1847,,,,,2019,2035.0,0.5229,506.3191,0.00100149,0.00047124,1750.4912,Provided Total Emissions,True,2016.2071,1337.2005,265.7159,-413.2907,0.151795,-0.2361,High,None,0.95,Valid
SUP-0093,Chemicals Supplier 093,Chemicals,2016,2655113.34,3513539.52,1824.8092,310.1114,179.6605,1411.4825,,,,,2019,2035.0,0.5229,506.3191,0.00100149,0.00047124,1824.8092,Provided Total Emissions,True,2659.0695,1655.7204,834.2603,-169.0888,0.457177,-0.092661,High,None,0.95,Valid
SUP-0093,Chemicals Supplier 093,Chemicals,2017,2615784.95,3675571.02,2313.9802,390.8202,294.9437,1629.0472,,,,,2019,2035.0,0.5229,506.3191,0.00100149,0.00047124,2313.9802,Provided Total Emissions,True,2619.6825,1732.0761,305.7023,-581.9041,0.132111,-0.251473,High,None,0.95,Valid
SUP-0093,Chemicals Supplier 093,Chemicals,2018,2329486.63,3798850.8,1630.3436,169.5371,122.7668,1416.5556,,,,,2019,2035.0,0.5229,506.3191,0.00100149,0.00047124,1630.3436,Provided Total Emissions,True,2332.9576,1790.1705,702.614,159.8269,0.430961,0.098033,High,None,0.95,Valid
SUP-0093,Chemicals Supplier 093,Chemicals,2019,2340536.4,3888684.42,2110.3485,307.7975,348.6584,1473.4046,,,,,2019,2035.0,0.5229,506.3191,0.00100149,0.00047124,2110.3485,Provided Total Emissions,True,2344.0238,1832.5036,233.6753,-277.8449,0.110728,-0.131658,High,None,0.95,Valid
SUP-0093,Chemicals Supplier 093,Chemicals,2020,2266029.12,3930511.23,1494.5093,298.9242,114.4735,1132.5549,,,,,2019,2035.0,0.5229,506.3191,0.00100149,0.00047124,1494.5093,Provided Total Emissions,True,2269.4055,1852.2141,774.8962,357.7048,0.518495,0.239346,High,None,0.95,Valid
SUP-0093,Chemicals Supplier 093,Chemicals,2021,2516599.04,4189674.63,1347.6866,146.6559,264.543,1108.8864,,,,,2019,2035.0,0.5229,506.3191,0.00100149,0.00047124,1347.6866,Provided Total Emissions,True,2520.3488,1974.3423,1172.6622,626.6557,0.87013,0.464986,High,None,0.95,Valid
SUP-0093,Chemicals Supplier 093,Chemicals,2022,2618367.32,4385807.39,1481.6828,317.3118,120.7663,1083.9916,,,,,2019,2035.0,0.5229,506.3191,0.00100149,0.00047124,1481.6828,Provided Total Emissions,True,2622.2687,2066.7679,1140.5859,585.0851,0.769791,0.394879,High,None,0.95,Valid
SUP-0093,Chemicals Supplier 093,Chemicals,2023,2889179.73,4474517.85,1836.9765,454.1005,268.2436,1140.3488,,,,,2019,2035.0,0.5229,506.3191,0.00100149,0.00047124,1836.9765,Provided Total Emissions,True,2893.4846,2108.5718,1056.5081,271.5953,0.575134,0.147849,High,None,0.95,Valid
SUP-0093,Chemicals Supplier 093,Chemicals,2024,2990315.9,4886398.95,1319.4172,227.3867,205.0896,955.4371,,,,,2019,2035.0,0.5229,506.3191,0.00100149,0.00047124,1319.4172,Provided Total Emissions,True,2994.7715,2302.6666,1675.3543,983.2494,1.269768,0.745215,High,None,0.95,Valid
SUP-0094,Metals Supplier 094,Metals,2015,866284.53,6720840.82,1276.4864,294.7432,109.51,834.3605,2018.0,2040.0,0.3585,0.1294,2019,2030.0,0.3852,158.2904,0.00100695,0.00065008,1276.4864,Provided Total Emissions,True,872.3052,4369.0842,-404.1812,3092.5978,-0.316636,2.422742,High,None,0.95,Valid
SUP-0094,Metals Supplier 094,Metals,2016,855270.44,7034550.19,1186.6227,193.77,144.8045,810.3453,2018.0,2040.0,0.3585,0.1294,2019,2030.0,0.3852,158.2904,0.00100695,0.00065008,1186.6227,Provided Total Emissions,True,861.2146,4573.0204,-325.4081,3386.3977,-0.27423,2.853812,High,None,0.95,Valid
SUP-0094,Metals Supplier 094,Metals,2017,917154.38,5828718.87,1280.7548,253.0168,180.6696,971.1167,2018.0,2040.0,0.3585,0.1294,2019,2030.0,0.3852,158.2904,0.00100695,0.00065008,1280.7548,Provided Total Emissions,True,923.5286,3789.1336,-357.2262,2508.3788,-0.278918,1.958516,High,None,0.95,Valid
SUP-0094,Metals Supplier 094,Metals,2018,923073.31,5703959.25,1205.5522,244.4691,149.6731,780.7001,2018.0,2040.0,0.3585,0.1294,2019,2030.0,0.3852,158.2904,0.00100695,0.00065008,1205.5522,Provided Total Emissions,True,929.4887,3708.0298,-276.0635,2502.4776,-0.228993,2.075794,High,None,0.95,Valid
SUP-0094,Metals Supplier 094,Metals,2019,976903.43,4819912.29,1332.548,361.7328,269.4694,725.1118,2018.0,2040.0,0.3585,0.1294,2019,2030.0,0.3852,158.2904,0.00100695,0.00065008,1332.548,Provided Total Emissions,True,983.6929,3133.3286,-348.8551,1800.7806,-0.261796,1.351381,High,None,0.95,Valid
SUP-0094,Metals Supplier 094,Metals,2020,1023725.07,5428043.23,1709.4585,472.6441,145.6907,1179.5321,2018.0,2040.0,0.3585,0.1294,2019,2030.0,0.3852,158.2904,0.00100695,0.00065008,1709.4585,Provided Total Emissions,True,1030.84,3528.6623,-678.6185,1819.2038,-0.396979,1.064199,High,None,0.95,Valid
SUP-0094,Metals Supplier 094,Metals,2021,979155.24,7175691.0,1483.0771,407.5887,221.9141,847.1216,2018.0,2040.0,0.3585,0.1294,2019,2030.0,0.3852,158.2904,0.00100695,0.00065008,1483.0771,Provided Total Emissions,True,985.9604,4664.7732,-497.1167,3181.6961,-0.335193,2.145334,High,None,0.95,Valid
SUP-0094,Metals Supplier 094,Metals,2022,1206215.95,8433334.16,1592.03,448.254,265.3108,924.0183,2018.0,2040.0,0.3585,0.1294,2019,2030.0,0.3852,158.2904,0.00100695,0.00065008,1592.03,Provided Total Emissions,True,1214.5992,5482.3419,-377.4308,3890.3119,-0.237075,2.443617,High,None,0.95,Valid
SUP-0094,Metals Supplier 094,Metals,2023,1005605.78,8115824.99,1315.6252,326.6569,304.3544,715.5304,2018.0,2040.0,0.3585,0.1294,2019,2030.0,0.3852,158.2904,0.00100695,0.00065008,1315.6252,Provided Total Emissions,True,1012.5947,5275.9355,-303.0305,3960.3103,-0.230332,3.010212,High,None,0.95,Valid
SUP-0094,Metals Supplier 094,Metals,2024,958604.38,6693713.02,1346.2844,335.8897,112.1387,887.664,2018.0,2040.0,0.3585,0.1294,2019,2030.0,0.3852,158.2904,0.00100695,0.00065008,1346.2844,Provided Total Emissions,True,965.2667,4351.449,-381.0177,3005.1646,-0.283014,2.232191,High,None,0.95,Valid
SUP-0095,Agriculture Supplier 095,Agriculture,2015,9334226.47,60273342.81,6697.6837,612.7849,592.8647,5527.401,2018.0,2040.0,0.4968,0.2905,2018,,,529.8294,0.00091413,0.00096913,6697.6837,Provided Total Emissions,True,8532.6964,58412.7047,1835.0127,51715.021,0.273977,7.721329,High,None,0.95,Valid
SUP-0095,Agriculture Supplier 095,Agriculture,2016,12705336.06,60699395.46,9037.1302,2104.805,666.8315,6354.32,2018.0,2040.0,0.4968,0.2905,2018,,,529.8294,0.00091413,0.00096913,9037.1302,Provided Total Emissions,True,11614.3289,58825.6051,2577.1987,49788.4749,0.285179,5.509324,High,None,0.95,Valid
SUP-0095,Agriculture Supplier 095,Agriculture,2017,11781111.26,53519775.17,7752.0249,1913.5267,1044.4467,4865.0835,2018.0,2040.0,0.4968,0.2905,2018,,,529.8294,0.00091413,0.00096913,7752.0249,Provided Total Emissions,True,10769.4672,51867.6197,3017.4423,44115.5948,0.389246,5.690848,High,None,0.95,Valid
SUP-0095,Agriculture Supplier 095,Agriculture,2018,14223681.76,64108697.24,8592.3112,2052.1908,1499.442,4636.3459,2018.0,2040.0,0.4968,0.2905,2018,,,529.8294,0.00091413,0.00096913,8592.3112,Provided Total Emissions,True,13002.2942,62129.6618,4409.983,53537.3506,0.513248,6.230844,High,None,0.95,Valid
SUP-0095,Agriculture Supplier 095,Agriculture,2019,15356761.9,74165268.06,9193.855,1954.5482,1859.7306,5340.8464,2018.0,2040.0,0.4968,0.2905,2018,,,529.8294,0.00091413,0.00096913,9193.855,Provided Total Emissions,True,14038.0768,71875.7862,4844.2218,62681.9312,0.526898,6.817807,High,None,0.95,Valid
SUP-0095,Agriculture Supplier 095,Agriculture,2020,14832117.21,68023118.45,7590.6999,1559.4391,693.5438,5709.848,2018.0,2040.0,0.4968,0.2905,2018,,,529.8294,0.00091413,0.00096913,7590.6999,Provided Total Emissions,True,13558.4833,65923.2448,5967.7834,58332.5449,0.786197,7.684739,High,None,0.95,Valid
SUP-0095,Agriculture Supplier 095,Agriculture,2021,15078892.58,93537571.83,7723.3408,1946.5401,1068.144,4832.7716,2018.0,2040.0,0.4968,0.2905,2018,,,529.8294,0.00091413,0.00096913,7723.3408,Provided Total Emissions,True,13784.0681,90650.067,6060.7273,82926.7262,0.784729,10.737157,High,None,0.95,Valid
SUP-0095,Agriculture Supplier 095,Agriculture,2022,18456733.94,83693085.72,8931.9566,1401.0016,1939.1802,5649.2496,2018.0,2040.0,0.4968,0.2905,2018,,,529.8294,0.00091413,0.00096913,8931.9566,Provided Total Emissions,True,16871.8542,81109.4802,7939.8976,72177.5236,0.888932,8.080819,High,None,0.95,Valid
SUP-0095,Agriculture Supplier 095,Agriculture,2023,20475689.95,64575317.07,9648.2632,1062.6615,1075.1856,7613.2875,2018.0,2040.0,0.4968,0.2905,2018,,,529.8294,0.00091413,0.00096913,9648.2632,Provided Total Emissions,True,18717.4425,62581.877,9069.1793,52933.6138,0.93998,5.486336,High,None,0.95,Valid
SUP-0095,Agriculture Supplier 095,Agriculture,2024,20340938.88,109469999.08,7950.7444,2011.7181,677.3014,4842.7849,2018.0,2040.0,0.4968,0.2905,2018,,,529.8294,0.00091413,0.00096913,7950.7444,Provided Total Emissions,True,18594.2625,106090.6602,10643.5181,98139.9158,1.338682,12.343488,High,None,0.95,Valid
SUP-0096,Agriculture Supplier 096,Agriculture,2015,6822537.09,22575394.4,6586.4424,738.0849,738.0645,5373.5256,2021.0,2040.0,0.619,0.2241,2018,,,529.8294,0.00091413,0.00096913,6586.4424,Provided Total Emissions,True,6236.6858,21878.492,-349.7566,15292.0496,-0.053103,2.321746,High,None,0.95,Valid
SUP-0096,Agriculture Supplier 096,Agriculture,2016,6600491.22,24111414.13,6381.8432,1513.0369,540.2131,4681.6269,2021.0,2040.0,0.619,0.2241,2018,,,529.8294,0.00091413,0.00096913,6381.8432,Provided Total Emissions,True,6033.707,23367.0948,-348.1362,16985.2516,-0.054551,2.661496,High,None,0.95,Valid
SUP-0096,Agriculture Supplier 096,Agriculture,2017,8827197.26,24141246.05,6620.1503,732.1153,678.9549,4873.4746,2021.0,2040.0,0.619,0.2241,2018,,,529.8294,0.00091413,0.00096913,6620.1503,Provided Total Emissions,True,8069.2058,23396.0058,1449.0555,16775.8555,0.218886,2.53406,High,None,0.95,Valid
SUP-0096,Agriculture Supplier 096,Agriculture,2018,9608723.95,26017656.56,7103.229,863.8228,1365.2203,4459.1969,2021.0,2040.0,0.619,0.2241,2018,,,529.8294,0.00091413,0.00096913,7103.229,Provided Total Emissions,True,8783.6228,25214.4915,1680.3938,18111.2625,0.236568,2.549722,High,None,0.95,Valid
SUP-0096,Agriculture Supplier 096,Agriculture,2019,10262556.65,20757427.39,7120.6758,940.9936,873.7059,5675.035,2021.0,2040.0,0.619,0.2241,2018,,,529.8294,0.00091413,0.00096913,7120.6758,Provided Total Emissions,True,9381.3109,20116.6456,2260.6351,12995.9698,0.317475,1.825103,High,None,0.95,Valid
SUP-0096,Agriculture Supplier 096,Agriculture,2020,10387861.78,25118195.36,7430.0338,1450.7566,935.4142,4901.4448,2021.0,2040.0,0.619,0.2241,2018,,,529.8294,0.00091413,0.00096913,7430.0338,Provided Total Emissions,True,9495.8561,24342.7967,2065.8223,16912.7629,0.278037,2.27627,High,None,0.95,Valid
SUP-0096,Agriculture Supplier 096,Agriculture,2021,12294743.13,34861714.73,9534.1516,966.4601,1647.8981,6371.2657,2021.0,2040.0,0.619,0.2241,2018,,,529.8294,0.00091413,0.00096913,9534.1516,Provided Total Emissions,True,11238.9935,33785.5336,1704.8419,24251.382,0.178814,2.543633,High,None,0.95,Valid
SUP-0096,Agriculture Supplier 096,Agriculture,2022,12212339.96,37811290.35,7108.2142,1809.565,1068.9714,4760.5248,2021.0,2040.0,0.619,0.2241,2018,,,529.8294,0.00091413,0.00096913,7108.2142,Provided Total Emissions,True,11163.6663,36644.0558,4055.4521,29535.8416,0.57053,4.15517,High,None,0.95,Valid
SUP-0096,Agriculture Supplier 096,Agriculture,2023,12083566.3,38140212.01,8014.9482,1874.9921,1192.1678,5522.8877,2021.0,2040.0,0.619,0.2241,2018,,,529.8294,0.00091413,0.00096913,8014.9482,Provided Total Emissions,True,11045.9505,36962.8237,3031.0023,28947.8755,0.378169,3.611736,High,None,0.95,Valid
SUP-0096,Agriculture Supplier 096,Agriculture,2024,12926260.84,51411015.33,8606.8631,1982.4204,1882.2176,4804.9529,2021.0,2040.0,0.619,0.2241,2018,,,529.8294,0.00091413,0.00096913,8606.8631,Provided Total Emissions,True,11816.2828,49823.9573,3209.4197,41217.0942,0.372891,4.788864,High,None,0.95,Valid
SUP-0097,Metals Supplier 097,Metals,2015,22518234.23,138405268.2,19233.8585,2761.2031,2874.7145,14318.649,2018.0,2030.0,0.503,0.297,2019,2030.0,0.3852,158.2904,0.00100695,0.00065008,19233.8585,Provided Total Emissions,True,22674.736,89974.4968,3440.8775,70740.6383,0.178897,3.677922,High,None,0.95,Valid
SUP-0097,Metals Supplier 097,Metals,2016,27364106.66,152317075.3,23743.4995,6417.9924,2550.7374,15131.2514,2018.0,2030.0,0.503,0.297,2019,2030.0,0.3852,158.2904,0.00100695,0.00065008,23743.4995,Provided Total Emissions,True,27554.2872,99018.2843,3810.7877,75274.7848,0.160498,3.170332,High,None,0.95,Valid
SUP-0097,Metals Supplier 097,Metals,2017,26517856.21,109123047.12,16066.1297,1455.1953,2714.9964,12100.9271,2018.0,2030.0,0.503,0.297,2019,2030.0,0.3852,158.2904,0.00100695,0.00065008,16066.1297,Provided Total Emissions,True,26702.1553,70938.7105,10636.0256,54872.5808,0.662015,3.41542,High,None,0.95,Valid
SUP-0097,Metals Supplier 097,Metals,2018,28253752.75,157678237.2,22871.2519,5971.4777,2976.2055,14153.3241,2018.0,2030.0,0.503,0.297,2019,2030.0,0.3852,158.2904,0.00100695,0.00065008,22871.2519,Provided Total Emissions,True,28450.1163,102503.4684,5578.8644,79632.2165,0.243925,3.48176,High,None,0.95,Valid
SUP-0097,Metals Supplier 097,Metals,2019,32078069.91,154298287.76,23730.4296,2810.0053,3501.128,16331.8985,2018.0,2030.0,0.503,0.297,2019,2030.0,0.3852,158.2904,0.00100695,0.00065008,23730.4296,Provided Total Emissions,True,32301.0125,100306.2309,8570.5829,76575.8013,0.361164,3.226903,High,None,0.95,Valid
SUP-0097,Metals Supplier 097,Metals,2020,31006975.96,152986660.28,22993.6789,2608.6427,4363.1435,17036.6387,2018.0,2030.0,0.503,0.297,2019,2030.0,0.3852,158.2904,0.00100695,0.00065008,22993.6789,Provided Total Emissions,True,31222.4744,99453.5681,8228.7955,76459.8892,0.357872,3.325257,High,None,0.95,Valid
SUP-0097,Metals Supplier 097,Metals,2021,26187198.23,157258887.52,17535.5082,4686.4923,3832.7203,9439.7764,2018.0,2030.0,0.503,0.297,2019,2030.0,0.3852,158.2904,0.00100695,0.00065008,17535.5082,Provided Total Emissions,True,26369.1993,102230.8576,8833.6911,84695.3494,0.50376,4.829934,High,None,0.95,Valid
SUP-0097,Metals Supplier 097,Metals,2022,31810001.34,181113358.31,28078.7679,7151.2739,5511.7949,14228.7615,2018.0,2030.0,0.503,0.297,2019,2030.0,0.3852,158.2904,0.00100695,0.00065008,28078.7679,Provided Total Emissions,True,32031.0808,117738.172,3952.3129,89659.4041,0.140758,3.193139,High,None,0.95,Valid
SUP-0097,Metals Supplier 097,Metals,2023,26046234.34,142098234.42,21751.8555,2226.0539,3112.3748,16135.6757,2018.0,2030.0,0.503,0.297,2019,2030.0,0.3852,158.2904,0.00100695,0.00065008,21751.8555,Provided Total Emissions,True,26227.2557,92375.2202,4475.4002,70623.3647,0.205748,3.246774,High,None,0.95,Valid
SUP-0097,Metals Supplier 097,Metals,2024,33698440.31,182204955.02,21921.8531,3184.4149,3032.0598,16104.4523,2018.0,2030.0,0.503,0.297,2019,2030.0,0.3852,158.2904,0.00100695,0.00065008,21921.8531,Provided Total Emissions,True,33932.6445,118447.7972,12010.7914,96525.9441,0.547891,4.403184,High,None,0.95,Valid
SUP-0098,Agriculture Supplier 098,Agriculture,2015,5187160.04,15190302.6,4395.8583,1034.288,661.0056,2781.9724,2018.0,2040.0,0.69,0.3364,2018,,,529.8294,0.00091413,0.00096913,4395.8583,Provided Total Emissions,True,4741.7386,14721.378,345.8803,10325.5197,0.078683,2.34892,High,None,0.95,Valid
SUP-0098,Agriculture Supplier 098,Agriculture,2016,7188419.82,16670937.41,5519.0226,458.8828,1036.0014,3653.304,2018.0,2040.0,0.69,0.3364,2018,,,529.8294,0.00091413,0.00096913,5519.0226,Provided Total Emissions,True,6571.1502,16156.3056,1052.1276,10637.283,0.190637,1.927385,High,None,0.95,Valid
SUP-0098,Agriculture Supplier 098,Agriculture,2017,6546420.09,17002067.05,3852.4151,982.1092,663.2216,2172.0013,2018.0,2040.0,0.69,0.3364,2018,,,529.8294,0.00091413,0.00096913,3852.4151,Provided Total Emissions,True,5984.279,16477.2132,2131.8639,12624.7981,0.553384,3.277113,High,None,0.95,Valid
SUP-0098,Agriculture Supplier 098,Agriculture,2018,8200293.09,19556724.41,4801.2623,1277.1851,1043.3251,2505.2515,2018.0,2040.0,0.69,0.3364,2018,,,529.8294,0.00091413,0.00096913,4801.2623,Provided Total Emissions,True,7496.1339,18953.0083,2694.8716,14151.746,0.561284,2.947505,High,None,0.95,Valid
SUP-0098,Agriculture Supplier 098,Agriculture,2019,9047377.92,23362924.15,6112.7099,805.4678,1296.9732,4054.0254,2018.0,2040.0,0.69,0.3364,2018,,,529.8294,0.00091413,0.00096913,6112.7099,Provided Total Emissions,True,8270.4796,22641.7107,2157.7697,16529.0008,0.352997,2.704038,High,None,0.95,Valid
SUP-0098,Agriculture Supplier 098,Agriculture,2020,9412362.68,21268744.19,5175.0211,742.0945,969.5155,3452.2301,2018.0,2040.0,0.69,0.3364,2018,,,529.8294,0.00091413,0.00096913,5175.0211,Provided Total Emissions,True,8604.1231,20612.1781,3429.102,15437.157,0.662626,2.983013,High,None,0.95,Valid
SUP-0098,Agriculture Supplier 098,Agriculture,2021,8239577.55,23808530.34,5883.5852,851.3944,1091.9368,3532.1154,2018.0,2040.0,0.69,0.3364,2018,,,529.8294,0.00091413,0.00096913,5883.5852,Provided Total Emissions,True,7532.045,23073.561,1648.4598,17189.9758,0.280179,2.921684,High,None,0.95,Valid
SUP-0098,Agriculture Supplier 098,Agriculture,2022,9632002.97,22071256.58,6100.1315,1175.1247,580.7793,4193.5557,2018.0,2040.0,0.69,0.3364,2018,,,529.8294,0.00091413,0.00096913,6100.1315,Provided Total Emissions,True,8804.9029,21389.9169,2704.7714,15289.7854,0.443396,2.506468,High,None,0.95,Valid
SUP-0098,Agriculture Supplier 098,Agriculture,2023,10164459.19,25050637.37,8463.5864,865.4156,1661.3056,6185.1384,2018.0,2040.0,0.69,0.3364,2018,,,529.8294,0.00091413,0.00096913,8463.5864,Provided Total Emissions,True,9291.6371,24277.3242,828.0507,15813.7378,0.097837,1.868444,High,None,0.95,Valid
SUP-0098,Agriculture Supplier 098,Agriculture,2024,13020933.35,27032088.13,9228.6514,2118.8366,837.7094,6800.3033,2018.0,2040.0,0.69,0.3364,2018,,,529.8294,0.00091413,0.00096913,9228.6514,Provided Total Emissions,True,11902.8258,26197.6076,2674.1744,16968.9562,0.289769,1.838725,High,None,0.95,Valid
SUP-0099,Electronics Supplier 099,Electronics,2015,14219401.56,113490318.0,14012.1536,3072.3499,1282.144,9856.6676,,,,,2018,2040.0,0.3424,635.1588,0.00086105,0.00013947,14012.1536,Provided Total Emissions,True,12243.6157,15828.4947,-1768.5379,1816.3411,-0.126215,0.129626,High,None,0.95,Valid
SUP-0099,Electronics Supplier 099,Electronics,2016,13539045.32,110688288.5,12626.5667,2427.4577,1708.8392,9269.0371,,,,,2018,2040.0,0.3424,635.1588,0.00086105,0.00013947,12626.5667,Provided Total Emissions,True,11657.795,15437.6956,-968.7717,2811.1289,-0.076725,0.222636,High,None,0.95,Valid
SUP-0099,Electronics Supplier 099,Electronics,2017,16069183.28,124425937.66,14337.4849,2243.2945,2167.7765,9117.7532,,,,,2018,2040.0,0.3424,635.1588,0.00086105,0.00013947,14337.4849,Provided Total Emissions,True,13836.3703,17353.6855,-501.1146,3016.2006,-0.034951,0.210372,High,None,0.95,Valid
SUP-0099,Electronics Supplier 099,Electronics,2018,17447330.89,79811208.74,16574.4934,1667.2068,3315.9773,13154.4295,,,,,2018,2040.0,0.3424,635.1588,0.00086105,0.00013947,16574.4934,Provided Total Emissions,True,15023.0243,11131.2693,-1551.4691,-5443.2241,-0.093606,-0.32841,High,None,0.95,Valid
SUP-0099,Electronics Supplier 099,Electronics,2019,16393744.63,139704411.32,16117.9146,2997.9488,1452.5465,11674.9315,,,,,2018,2040.0,0.3424,635.1588,0.00086105,0.00013947,16117.9146,Provided Total Emissions,True,14115.8338,19484.5742,-2002.0808,3366.6596,-0.124215,0.208877,High,None,0.95,Valid
SUP-0099,Electronics Supplier 099,Electronics,2020,16954443.49,104611483.7,14641.9562,1486.0346,2506.204,11359.1499,,,,,2018,2040.0,0.3424,635.1588,0.00086105,0.00013947,14641.9562,Provided Total Emissions,True,14598.6236,14590.1636,-43.3326,-51.7926,-0.002959,-0.003537,High,None,0.95,Valid
SUP-0099,Electronics Supplier 099,Electronics,2021,17481976.02,146172792.09,16827.3921,1964.9271,1636.2643,12773.0758,,,,,2018,2040.0,0.3424,635.1588,0.00086105,0.00013947,16827.3921,Provided Total Emissions,True,15052.8555,20386.7193,-1774.5366,3559.3272,-0.105455,0.21152,High,None,0.95,Valid
SUP-0099,Electronics Supplier 099,Electronics,2022,20695105.41,127225038.99,19705.2327,4300.3817,3692.1102,11283.4371,,,,,2018,2040.0,0.3424,635.1588,0.00086105,0.00013947,19705.2327,Provided Total Emissions,True,17819.5205,17744.0762,-1885.7122,-1961.1565,-0.095696,-0.099525,High,None,0.95,Valid
SUP-0099,Electronics Supplier 099,Electronics,2023,19518863.16,137810329.72,17267.8245,4294.1847,2489.7378,9072.6073,,,,,2018,2040.0,0.3424,635.1588,0.00086105,0.00013947,17267.8245,Provided Total Emissions,True,16806.7171,19220.4067,-461.1074,1952.5822,-0.026703,0.113076,High,None,0.95,Valid
SUP-0099,Electronics Supplier 099,Electronics,2024,20992163.61,160096225.06,18252.1913,2435.7444,2310.3448,14376.6566,,,,,2018,2040.0,0.3424,635.1588,0.00086105,0.00013947,18252.1913,Provided Total Emissions,True,18075.3025,22328.6205,-176.8888,4076.4292,-0.009691,0.223339,High,None,0.95,Valid
SUP-0100,Textiles Supplier 100,Textiles,2015,13718581.43,106749313.62,2384.4465,307.9411,204.2674,2077.9014,2021.0,2040.0,0.4388,0.2538,2019,2030.0,0.3171,401.7335,0.00029221,0.00017343,2384.4465,Provided Total Emissions,True,4008.7067,18513.5335,1624.2602,16129.087,0.68119,6.76429,High,None,0.95,Valid
SUP-0100,Textiles Supplier 100,Textiles,2016,17187988.86,84683323.49,3813.1932,381.845,323.0969,3115.7329,2021.0,2040.0,0.4388,0.2538,2019,2030.0,0.3171,401.7335,0.00029221,0.00017343,3813.1932,Provided Total Emissions,True,5022.5022,14686.6288,1209.309,10873.4356,0.317138,2.85153,High,None,0.95,Valid
SUP-0100,Textiles Supplier 100,Textiles,2017,12596103.48,84877044.79,1985.1952,368.3827,152.7146,1479.6647,2021.0,2040.0,0.4388,0.2538,2019,2030.0,0.3171,401.7335,0.00029221,0.00017343,1985.1952,Provided Total Emissions,True,3680.7074,14720.2259,1695.5122,12735.0307,0.854078,6.415002,High,None,0.95,Valid
SUP-0100,Textiles Supplier 100,Textiles,2018,14932737.31,72839947.68,2975.3629,820.2539,599.8927,1873.328,2021.0,2040.0,0.4388,0.2538,2019,2030.0,0.3171,401.7335,0.00029221,0.00017343,2975.3629,Provided Total Emissions,True,4363.4952,12632.6321,1388.1323,9657.2692,0.466542,3.245745,High,None,0.95,Valid
SUP-0100,Textiles Supplier 100,Textiles,2019,16443779.31,84578057.51,3143.7062,801.4589,440.31,1932.104,2021.0,2040.0,0.4388,0.2538,2019,2030.0,0.3171,401.7335,0.00029221,0.00017343,3143.7062,Provided Total Emissions,True,4805.0368,14668.3725,1661.3306,11524.6663,0.528462,3.665949,High,None,0.95,Valid
SUP-0100,Textiles Supplier 100,Textiles,2020,16320806.31,91639535.77,2549.134,457.0056,183.8167,2067.0889,2021.0,2040.0,0.4388,0.2538,2019,2030.0,0.3171,401.7335,0.00029221,0.00017343,2549.134,Provided Total Emissions,True,4769.1028,15893.0447,2219.9688,13343.9107,0.870872,5.234684,High,None,0.95,Valid
SUP-0100,Textiles Supplier 100,Textiles,2021,15485788.82,85489603.54,2981.1122,277.5135,249.052,2512.6167,2021.0,2040.0,0.4388,0.2538,2019,2030.0,0.3171,401.7335,0.00029221,0.00017343,2981.1122,Provided Total Emissions,True,4525.1024,14826.4619,1543.9902,11845.3497,0.517924,3.973467,High,None,0.95,Valid
SUP-0100,Textiles Supplier 100,Textiles,2022,15752555.25,96550144.47,2848.0414,250.7892,317.6502,2143.8433,2021.0,2040.0,0.4388,0.2538,2019,2030.0,0.3171,401.7335,0.00029221,0.00017343,2848.0414,Provided Total Emissions,True,4603.0542,16744.6916,1755.0128,13896.6502,0.616217,4.879371,High,None,0.95,Valid
SUP-0100,Textiles Supplier 100,Textiles,2023,16449695.07,99813279.57,2997.4418,706.7493,312.2851,1792.0128,2021.0,2040.0,0.4388,0.2538,2019,2030.0,0.3171,401.7335,0.00029221,0.00017343,2997.4418,Provided Total Emissions,True,4806.7654,17310.6171,1809.3236,14313.1753,0.603623,4.77513,High,None,0.95,Valid
SUP-0100,Textiles Supplier 100,Textiles,2024,13864228.9,112478844.45,2905.4854,541.6402,572.5276,1759.8716,2021.0,2040.0,0.4388,0.2538,2019,2030.0,0.3171,401.7335,0.00029221,0.00017343,2905.4854,Provided Total Emissions,True,4051.2663,19507.206,1145.7809,16601.7206,0.394351,5.713923,High,None,0.95,Valid
