Supplier_ID,Supplier_Name,Supplier_Industry,Supplier_Year,Gross_Spend,Revenue,Reported_Emissions,Total_Emission_Value,Scope1_Emission,Scope2_Emission,Scope3_Emission,Baseline_Year,Target_Year,Target_Reduction_Percentage,Interim_Target_Reduction_Percentage,Industry_Baseline_Year,Industry_Target_Year,Industry_Reduction_Percentage,Industry_Emission_Factor,Spend_Based_Emission_Factor,Revenue_Based_Emission_Intensity
SUP-0001,Professional Supplier 001,Professional Services,2015,8929709.46,14715731.77,861.0206,861.0206,195.7142,60.2963,583.9106,2021.0,2040.0,0.478,0.2876,2020,,,400.0326,0.00012906,0.00019658
SUP-0001,Professional Supplier 001,Professional Services,2016,8058644.32,20293448.65,625.7589,625.7589,132.5924,103.3699,357.3145,2021.0,2040.0,0.478,0.2876,2020,,,400.0326,0.00012906,0.00019658
SUP-0001,Professional Supplier 001,Professional Services,2017,9417684.77,23571903.73,739.6495,739.6495,59.7084,108.5578,574.7995,2021.0,2040.0,0.478,0.2876,2020,,,400.0326,0.00012906,0.00019658
SUP-0001,Professional Supplier 001,Professional Services,2018,9654240.4,17715731.68,942.8898,942.8898,224.324,101.4968,604.2606,2021.0,2040.0,0.478,0.2876,2020,,,400.0326,0.00012906,0.00019658
SUP-0001,Professional Supplier 001,Professional Services,2019,11716475.76,22734685.87,794.7667,794.7667,188.2817,168.7676,416.0885,2021.0,2040.0,0.478,0.2876,2020,,,400.0326,0.00012906,0.00019658
SUP-0001,Professional Supplier 001,Professional Services,2020,12062470.15,20630532.84,1122.4783,1122.4783,120.1681,140.1851,909.4936,2021.0,2040.0,0.478,0.2876,2020,,,400.0326,0.00012906,0.00019658
SUP-0001,Professional Supplier 001,Professional Services,2021,13887283.88,26196286.22,799.0691,799.0691,194.798,124.877,505.039,2021.0,2040.0,0.478,0.2876,2020,,,400.0326,0.00012906,0.00019658
SUP-0001,Professional Supplier 001,Professional Services,2022,12897527.16,22352818.62,1167.0447,1167.0447,215.6192,117.8514,733.6514,2021.0,2040.0,0.478,0.2876,2020,,,400.0326,0.00012906,0.00019658
SUP-0001,Professional Supplier 001,Professional Services,2023,14756108.85,31573987.56,1234.4554,1234.4554,206.4269,258.8131,714.2435,2021.0,2040.0,0.478,0.2876,2020,,,400.0326,0.00012906,0.00019658
SUP-0001,Professional Supplier 001,Professional Services,2024,14659284.07,38852519.79,996.923,996.923,170.7065,70.4457,823.8057,2021.0,2040.0,0.478,0.2876,2020,,,400.0326,0.00012906,0.00019658
SUP-0002,Textiles Supplier 002,Textiles,2015,1770328.1,8439368.8,499.0619,499.0619,58.5424,53.6096,373.7621,2021.0,2040.0,0.3164,0.1385,2019,2030.0,0.3171,401.7335,0.00029221,0.00017343
SUP-0002,Textiles Supplier 002,Textiles,2016,1790052.2,7431301.54,499.5827,499.5827,69.348,59.7784,345.2596,2021.0,2040.0,0.3164,0.1385,2019,2030.0,0.3171,401.7335,0.00029221,0.00017343
SUP-0002,Textiles Supplier 002,Textiles,2017,1589094.76,6542947.16,589.2366,589.2366,82.9763,118.6589,384.2626,2021.0,2040.0,0.3164,0.1385,2019,2030.0,0.3171,401.7335,0.00029221,0.00017343
SUP-0002,Textiles Supplier 002,Textiles,2018,1791485.54,8389559.22,605.8899,605.8899,64.7509,35.0649,486.9595,2021.0,2040.0,0.3164,0.1385,2019,2030.0,0.3171,401.7335,0.00029221,0.00017343
SUP-0002,Textiles Supplier 002,Textiles,2019,1559804.3,7534341.52,546.4897,546.4897,111.48,46.314,392.9195,2021.0,2040.0,0.3164,0.1385,2019,2030.0,0.3171,401.7335,0.00029221,0.00017343
SUP-0002,Textiles Supplier 002,Textiles,2020,2148801.46,8745123.38,803.9844,803.9844,193.8878,88.1413,525.8351,2021.0,2040.0,0.3164,0.1385,2019,2030.0,0.3171,401.7335,0.00029221,0.00017343
SUP-0002,Textiles Supplier 002,Textiles,2021,1954844.5,9204133.11,523.6637,523.6637,40.0254,45.1173,433.4619,2021.0,2040.0,0.3164,0.1385,2019,2030.0,0.3171,401.7335,0.00029221,0.00017343
SUP-0002,Textiles Supplier 002,Textiles,2022,2076524.99,8611039.42,689.9704,689.9704,151.5974,58.3124,479.4331,2021.0,2040.0,0.3164,0.1385,2019,2030.0,0.3171,401.7335,0.00029221,0.00017343
SUP-0002,Textiles Supplier 002,Textiles,2023,2023176.04,10863173.79,648.4259,648.4259,169.1121,99.0613,399.1243,2021.0,2040.0,0.3164,0.1385,2019,2030.0,0.3171,401.7335,0.00029221,0.00017343
SUP-0002,Textiles Supplier 002,Textiles,2024,1961826.78,7611105.33,609.8191,609.8191,130.8505,61.9081,437.2972,2021.0,2040.0,0.3164,0.1385,2019,2030.0,0.3171,401.7335,0.00029221,0.00017343
SUP-0003,Electronics Supplier 003,Electronics,2015,9739586.59,59308624.42,9908.0875,9908.0875,2372.3859,1415.2186,6276.9161,2018.0,2030.0,0.4542,0.214,2018,2040.0,0.3424,635.1588,0.00086105,0.00013947
SUP-0003,Electronics Supplier 003,Electronics,2016,10601619.07,53872838.97,9411.6836,9411.6836,1230.989,1937.7465,6501.1085,2018.0,2030.0,0.4542,0.214,2018,2040.0,0.3424,635.1588,0.00086105,0.00013947
SUP-0003,Electronics Supplier 003,Electronics,2017,10796082.02,62471010.23,11732.3983,11732.3983,2864.7932,2165.3717,7037.7831,2018.0,2030.0,0.4542,0.214,2018,2040.0,0.3424,635.1588,0.00086105,0.00013947
SUP-0003,Electronics Supplier 003,Electronics,2018,10887250.84,71839497.98,12549.8807,12549.8807,1057.6605,2847.3924,8698.4093,2018.0,2030.0,0.4542,0.214,2018,2040.0,0.3424,635.1588,0.00086105,0.00013947
SUP-0003,Electronics Supplier 003,Electronics,2019,14555246.06,76450343.89,12156.8405,12156.8405,2373.4495,2589.4371,7099.9158,2018.0,2030.0,0.4542,0.214,2018,2040.0,0.3424,635.1588,0.00086105,0.00013947
SUP-0003,Electronics Supplier 003,Electronics,2020,12369884.6,74795000.51,8004.9401,8004.9401,2134.5305,813.4703,5200.4394,2018.0,2030.0,0.4542,0.214,2018,2040.0,0.3424,635.1588,0.00086105,0.00013947
SUP-0003,Electronics Supplier 003,Electronics,2021,11161092.71,78096888.22,7991.1847,7991.1847,1105.7544,593.8429,6937.0956,2018.0,2030.0,0.4542,0.214,2018,2040.0,0.3424,635.1588,0.00086105,0.00013947
SUP-0003,Electronics Supplier 003,Electronics,2022,12966415.32,59928624.34,9800.5187,9800.5187,2691.3298,2023.6517,5343.6376,2018.0,2030.0,0.4542,0.214,2018,2040.0,0.3424,635.1588,0.00086105,0.00013947
SUP-0003,Electronics Supplier 003,Electronics,2023,14814677.09,80965223.6,7871.8427,7871.8427,1952.8787,1249.3878,4725.7116,2018.0,2030.0,0.4542,0.214,2018,2040.0,0.3424,635.1588,0.00086105,0.00013947
SUP-0003,Electronics Supplier 003,Electronics,2024,13228903.84,91085503.23,10076.1724,10076.1724,1598.8289,1283.6593,7805.0472,2018.0,2030.0,0.4542,0.214,2018,2040.0,0.3424,635.1588,0.00086105,0.00013947
SUP-0004,Agriculture Supplier 004,Agriculture,2015,3248283.06,24238178.76,1855.6969,1855.6969,464.7769,399.9877,1215.0983,2020.0,2040.0,0.5872,0.3238,2018,,,529.8294,0.00091413,0.00096913
SUP-0004,Agriculture Supplier 004,Agriculture,2016,2935030.81,23259957.01,1748.1843,1748.1843,318.2508,244.3842,1173.4049,2020.0,2040.0,0.5872,0.3238,2018,,,529.8294,0.00091413,0.00096913
SUP-0004,Agriculture Supplier 004,Agriculture,2017,3272591.36,25990862.4,2469.054,2469.054,259.6962,353.9369,1812.2557,2020.0,2040.0,0.5872,0.3238,2018,,,529.8294,0.00091413,0.00096913
SUP-0004,Agriculture Supplier 004,Agriculture,2018,3389213.35,24860123.58,1925.4376,1925.4376,364.5507,298.3637,1584.3977,2020.0,2040.0,0.5872,0.3238,2018,,,529.8294,0.00091413,0.00096913
SUP-0004,Agriculture Supplier 004,Agriculture,2019,3284894.83,21806293.22,1595.1515,1595.1515,139.2399,192.2808,1248.0126,2020.0,2040.0,0.5872,0.3238,2018,,,529.8294,0.00091413,0.00096913
SUP-0004,Agriculture Supplier 004,Agriculture,2020,3209136.19,24639303.36,1681.5914,1681.5914,134.0797,359.4707,1209.118,2020.0,2040.0,0.5872,0.3238,2018,,,529.8294,0.00091413,0.00096913
SUP-0004,Agriculture Supplier 004,Agriculture,2021,3154363.1,23708763.23,1746.0112,1746.0112,254.928,298.5227,1116.9592,2020.0,2040.0,0.5872,0.3238,2018,,,529.8294,0.00091413,0.00096913
SUP-0004,Agriculture Supplier 004,Agriculture,2022,2796674.77,26084925.33,1443.3948,1443.3948,351.3276,98.7596,998.1058,2020.0,2040.0,0.5872,0.3238,2018,,,529.8294,0.00091413,0.00096913
SUP-0004,Agriculture Supplier 004,Agriculture,2023,3570305.46,32337727.18,1971.8728,1971.8728,313.6885,287.178,1321.3631,2020.0,2040.0,0.5872,0.3238,2018,,,529.8294,0.00091413,0.00096913
SUP-0004,Agriculture Supplier 004,Agriculture,2024,3011484.28,23161310.55,1450.8271,1450.8271,153.3148,105.5242,1198.7452,2020.0,2040.0,0.5872,0.3238,2018,,,529.8294,0.00091413,0.00096913
SUP-0005,Professional Supplier 005,Professional Services,2015,8299184.74,20458486.28,1197.6171,1197.6171,180.4901,222.3723,926.24,,,,,2020,,,400.0326,0.00012906,0.00019658
SUP-0005,Professional Supplier 005,Professional Services,2016,7323161.93,22624314.0,1169.5428,1169.5428,173.2119,254.4095,775.4459,,,,,2020,,,400.0326,0.00012906,0.00019658
SUP-0005,Professional Supplier 005,Professional Services,2017,10271328.08,23091198.31,1771.975,1771.975,471.7758,208.1619,1168.9986,,,,,2020,,,400.0326,0.00012906,0.00019658
SUP-0005,Professional Supplier 005,Professional Services,2018,9778368.06,26622380.12,1319.2567,1319.2567,382.4871,251.0158,816.9723,,,,,2020,,,400.0326,0.00012906,0.00019658
SUP-0005,Professional Supplier 005,Professional Services,2019,11098051.17,32622907.78,1757.8138,1757.8138,371.3183,223.5141,1263.4087,,,,,2020,,,400.0326,0.00012906,0.00019658
SUP-0005,Professional Supplier 005,Professional Services,2020,10760799.46,31894910.8,1938.4515,1938.4515,209.3714,367.4339,1357.2159,,,,,2020,,,400.0326,0.00012906,0.00019658
SUP-0005,Professional Supplier 005,Professional Services,2021,13965651.18,43319160.51,2065.1932,2065.1932,565.2486,148.1754,1344.5044,,,,,2020,,,400.0326,0.00012906,0.00019658
SUP-0005,Professional Supplier 005,Professional Services,2022,12041826.56,28736377.98,1990.5615,1990.5615,336.7648,310.4892,1411.8684,,,,,2020,,,400.0326,0.00012906,0.00019658
SUP-0005,Professional Supplier 005,Professional Services,2023,16390199.55,47439491.98,2738.4791,2738.4791,419.0667,390.0898,2101.7651,,,,,2020,,,400.0326,0.00012906,0.00019658
SUP-0005,Professional Supplier 005,Professional Services,2024,13924074.52,42364209.75,2514.5094,2514.5094,358.4463,434.7338,1680.3886,,,,,2020,,,400.0326,0.00012906,0.00019658
SUP-0006,Agriculture Supplier 006,Agriculture,2015,22000328.94,37709605.66,13835.4074,13835.4074,1383.2229,2474.9302,11224.0567,,,,,2018,,,529.8294,0.00091413,0.00096913
SUP-0006,Agriculture Supplier 006,Agriculture,2016,22265353.89,38842341.44,18443.2783,18443.2783,2935.5479,3286.9499,12194.4996,,,,,2018,,,529.8294,0.00091413,0.00096913
SUP-0006,Agriculture Supplier 006,Agriculture,2017,19154362.77,37331410.04,13319.2487,13319.2487,2987.8117,999.2521,9105.3121,,,,,2018,,,529.8294,0.00091413,0.00096913
SUP-0006,Agriculture Supplier 006,Agriculture,2018,26192695.78,47430128.29,16554.2419,16554.2419,2979.0625,2251.5248,11501.4661,,,,,2018,,,529.8294,0.00091413,0.00096913
SUP-0006,Agriculture Supplier 006,Agriculture,2019,24417292.17,42615624.82,14239.3504,14239.3504,2998.755,2256.3318,9398.4638,,,,,2018,,,529.8294,0.00091413,0.00096913
SUP-0006,Agriculture Supplier 006,Agriculture,2020,22035056.84,44130055.91,14326.947,14326.947,3188.7712,2721.3067,8208.2345,,,,,2018,,,529.8294,0.00091413,0.00096913
SUP-0006,Agriculture Supplier 006,Agriculture,2021,28729052.19,41079496.59,22455.4527,22455.4527,1794.2627,2145.2376,18992.3269,,,,,2018,,,529.8294,0.00091413,0.00096913
SUP-0006,Agriculture Supplier 006,Agriculture,2022,30047547.05,62389889.68,23043.8068,23043.8068,2851.4669,3596.1378,18178.1685,,,,,2018,,,529.8294,0.00091413,0.00096913
SUP-0006,Agriculture Supplier 006,Agriculture,2023,27635058.41,47949045.65,20405.9294,20405.9294,4974.3319,2184.5332,13718.0898,,,,,2018,,,529.8294,0.00091413,0.00096913
SUP-0006,Agriculture Supplier 006,Agriculture,2024,28569472.27,64789530.0,20436.7272,20436.7272,1834.7707,1396.9006,15397.2718,,,,,2018,,,529.8294,0.00091413,0.00096913
SUP-0007,Chemicals Supplier 007,Chemicals,2015,19995092.71,120617779.88,23182.7697,23182.7697,5334.4184,1925.7557,15406.277,2019.0,2030.0,0.5673,0.2314,2019,2035.0,0.5229,506.3191,0.00100149,0.00047124
SUP-0007,Chemicals Supplier 007,Chemicals,2016,20630325.86,146171163.57,24935.9606,24935.9606,2336.9043,4993.2744,16505.9142,2019.0,2030.0,0.5673,0.2314,2019,2035.0,0.5229,506.3191,0.00100149,0.00047124
SUP-0007,Chemicals Supplier 007,Chemicals,2017,21691524.2,125919887.15,22439.4559,22439.4559,3524.0297,2981.3683,16836.1163,2019.0,2030.0,0.5673,0.2314,2019,2035.0,0.5229,506.3191,0.00100149,0.00047124
SUP-0007,Chemicals Supplier 007,Chemicals,2018,25955331.66,162091933.12,34303.111,34303.111,3902.6275,6183.1368,24113.155,2019.0,2030.0,0.5673,0.2314,2019,2035.0,0.5229,506.3191,0.00100149,0.00047124
SUP-0007,Chemicals Supplier 007,Chemicals,2019,24849723.88,194432607.95,28820.1528,28820.1528,6593.8254,1999.3427,21453.7198,2019.0,2030.0,0.5673,0.2314,2019,2035.0,0.5229,506.3191,0.00100149,0.00047124
SUP-0007,Chemicals Supplier 007,Chemicals,2020,27624847.37,234168347.25,32114.4623,32114.4623,2554.9954,5386.718,24133.6386,2019.0,2030.0,0.5673,0.2314,2019,2035.0,0.5229,506.3191,0.00100149,0.00047124
SUP-0007,Chemicals Supplier 007,Chemicals,2021,28262114.56,225133941.84,39637.9162,39637.9162,7472.9496,4003.0989,25846.239,2019.0,2030.0,0.5673,0.2314,2019,2035.0,0.5229,506.3191,0.00100149,0.00047124
SUP-0007,Chemicals Supplier 007,Chemicals,2022,30107576.95,247887481.19,28927.8767,28927.8767,5447.4423,5966.9615,17948.5245,2019.0,2030.0,0.5673,0.2314,2019,2035.0,0.5229,506.3191,0.00100149,0.00047124
SUP-0007,Chemicals Supplier 007,Chemicals,2023,34544558.59,212344917.76,26732.4761,26732.4761,4377.8896,2021.8906,20042.7884,2019.0,2030.0,0.5673,0.2314,2019,2035.0,0.5229,506.3191,0.00100149,0.00047124
SUP-0007,Chemicals Supplier 007,Chemicals,2024,40236055.73,391577893.99,38148.1199,38148.1199,8103.1886,3254.2091,25070.6768,2019.0,2030.0,0.5673,0.2314,2019,2035.0,0.5229,506.3191,0.00100149,0.00047124
SUP-0008,Electronics Supplier 008,Electronics,2015,10624481.24,60069851.45,7692.1155,7692.1155,1902.3197,1708.1663,4549.5684,,,,,2018,2040.0,0.3424,635.1588,0.00086105,0.00013947
SUP-0008,Electronics Supplier 008,Electronics,2016,11862504.75,56349929.7,7808.3116,7808.3116,2207.2186,1636.7816,4092.6678,,,,,2018,2040.0,0.3424,635.1588,0.00086105,0.00013947
SUP-0008,Electronics Supplier 008,Electronics,2017,11827144.76,46870852.57,8592.1688,8592.1688,2119.3457,725.9315,5728.2689,,,,,2018,2040.0,0.3424,635.1588,0.00086105,0.00013947
SUP-0008,Electronics Supplier 008,Electronics,2018,11986808.2,43626550.43,9649.1625,9649.1625,1058.2974,1022.0185,7483.9018,,,,,2018,2040.0,0.3424,635.1588,0.00086105,0.00013947
SUP-0008,Electronics Supplier 008,Electronics,2019,11751172.52,49726885.47,7042.4943,7042.4943,712.5672,1252.4349,4744.897,,,,,2018,2040.0,0.3424,635.1588,0.00086105,0.00013947
SUP-0008,Electronics Supplier 008,Electronics,2020,8380077.54,57275326.51,5534.716,5534.716,907.8883,681.6273,4207.5174,,,,,2018,2040.0,0.3424,635.1588,0.00086105,0.00013947
SUP-0008,Electronics Supplier 008,Electronics,2021,11998429.8,46173492.57,8338.796,8338.796,1090.1023,1899.408,5957.6603,,,,,2018,2040.0,0.3424,635.1588,0.00086105,0.00013947
SUP-0008,Electronics Supplier 008,Electronics,2022,10313656.57,59237767.14,6895.9299,6895.9299,810.4514,1040.0913,4931.4945,,,,,2018,2040.0,0.3424,635.1588,0.00086105,0.00013947
SUP-0008,Electronics Supplier 008,Electronics,2023,12311517.55,41003568.29,9857.748,9857.748,1571.3756,755.4136,7862.9255,,,,,2018,2040.0,0.3424,635.1588,0.00086105,0.00013947
SUP-0008,Electronics Supplier 008,Electronics,2024,10136751.16,51404567.9,8452.0805,8452.0805,1771.538,1414.0394,5202.7566,,,,,2018,2040.0,0.3424,635.1588,0.00086105,0.00013947
SUP-0009,Professional Supplier 009,Professional Services,2015,22601661.17,40888573.8,1814.6604,1814.6604,323.9482,222.9706,1326.9178,,,,,2020,,,400.0326,0.00012906,0.00019658
SUP-0009,Professional Supplier 009,Professional Services,2016,28610690.73,69516036.77,2704.8967,2704.8967,454.2475,177.3982,1906.7101,,,,,2020,,,400.0326,0.00012906,0.00019658
SUP-0009,Professional Supplier 009,Professional Services,2017,29408890.7,62459512.22,3359.7671,3359.7671,671.8822,527.4786,2031.4469,,,,,2020,,,400.0326,0.00012906,0.00019658
SUP-0009,Professional Supplier 009,Professional Services,2018,22945234.08,55672103.47,1667.3336,1667.3336,397.8121,136.0122,1080.6507,,,,,2020,,,400.0326,0.00012906,0.00019658
SUP-0009,Professional Supplier 009,Professional Services,2019,30753827.91,56198314.86,2606.9758,2606.9758,307.3276,270.4791,1975.9274,,,,,2020,,,400.0326,0.00012906,0.00019658
SUP-0009,Professional Supplier 009,Professional Services,2020,29025295.09,55326408.88,2504.4614,2504.4614,341.9225,272.5624,1858.7434,,,,,2020,,,400.0326,0.00012906,0.00019658
SUP-0009,Professional Supplier 009,Professional Services,2021,28647354.44,56117572.08,2534.4705,2534.4705,425.5152,508.396,1649.7066,,,,,2020,,,400.0326,0.00012906,0.00019658
SUP-0009,Professional Supplier 009,Professional Services,2022,23908526.8,77964350.72,2218.4973,2218.4973,325.3238,197.6991,1754.1542,,,,,2020,,,400.0326,0.00012906,0.00019658
SUP-0009,Professional Supplier 009,Professional Services,2023,27917225.26,88830358.74,2068.6484,2068.6484,489.3279,459.32,1102.2222,,,,,2020,,,400.0326,0.00012906,0.00019658
SUP-0009,Professional Supplier 009,Professional Services,2024,33414113.72,91700354.57,2053.6172,2053.6172,343.1529,244.9547,1276.7057,,,,,2020,,,400.0326,0.00012906,0.00019658
SUP-0010,Packaging Supplier 010,Packaging,2015,6131738.12,38775454.14,8825.2378,8825.2378,1655.0955,1782.2437,5197.5862,2018.0,2035.0,0.3963,0.1482,2018,2040.0,0.3112,702.4188,0.0010803,0.00078946
SUP-0010,Packaging Supplier 010,Packaging,2016,5896501.51,38035123.64,7666.8935,7666.8935,1861.8698,1333.5731,4614.3438,2018.0,2035.0,0.3963,0.1482,2018,2040.0,0.3112,702.4188,0.0010803,0.00078946
SUP-0010,Packaging Supplier 010,Packaging,2017,6894974.82,41125127.98,7261.0702,7261.0702,950.6811,811.7663,6090.8575,2018.0,2035.0,0.3963,0.1482,2018,2040.0,0.3112,702.4188,0.0010803,0.00078946
SUP-0010,Packaging Supplier 010,Packaging,2018,7297394.25,51405727.03,9181.706,9181.706,2239.1491,878.4407,5570.777,2018.0,2035.0,0.3963,0.1482,2018,2040.0,0.3112,702.4188,0.0010803,0.00078946
SUP-0010,Packaging Supplier 010,Packaging,2019,7992942.19,61941256.25,8513.704,8513.704,1282.209,1600.8833,5566.1645,2018.0,2035.0,0.3963,0.1482,2018,2040.0,0.3112,702.4188,0.0010803,0.00078946
SUP-0010,Packaging Supplier 010,Packaging,2020,7820919.72,52061599.26,7716.1857,7716.1857,2250.9444,1022.0267,5044.1102,2018.0,2035.0,0.3963,0.1482,2018,2040.0,0.3112,702.4188,0.0010803,0.00078946
SUP-0010,Packaging Supplier 010,Packaging,2021,10473349.84,72903823.84,9209.2719,9209.2719,1111.6765,1262.6236,6956.8699,2018.0,2035.0,0.3963,0.1482,2018,2040.0,0.3112,702.4188,0.0010803,0.00078946
SUP-0010,Packaging Supplier 010,Packaging,2022,10250261.15,73296701.68,10297.0682,10297.0682,3103.7643,1249.9714,6508.0625,2018.0,2035.0,0.3963,0.1482,2018,2040.0,0.3112,702.4188,0.0010803,0.00078946
SUP-0010,Packaging Supplier 010,Packaging,2023,11438960.5,90459661.25,13321.4396,13321.4396,3128.2036,2624.6506,6978.5164,2018.0,2035.0,0.3963,0.1482,2018,2040.0,0.3112,702.4188,0.0010803,0.00078946
SUP-0010,Packaging Supplier 010,Packaging,2024,11589992.26,72105203.11,10699.7983,10699.7983,2412.7953,2333.4039,5974.333,2018.0,2035.0,0.3963,0.1482,2018,2040.0,0.3112,702.4188,0.0010803,0.00078946
SUP-0011,Agriculture Supplier 011,Agriculture,2015,18737349.08,124980459.4,24028.7419,24028.7419,3821.9408,4710.2418,16244.5014,2020.0,2040.0,0.3477,0.1695,2018,,,529.8294,0.00091413,0.00096913
SUP-0011,Agriculture Supplier 011,Agriculture,2016,16392509.45,132096185.17,15868.8242,15868.8242,3559.372,2961.2416,8394.1878,2020.0,2040.0,0.3477,0.1695,2018,,,529.8294,0.00091413,0.00096913
SUP-0011,Agriculture Supplier 011,Agriculture,2017,17778817.86,137459569.12,20774.162,20774.162,2784.3816,3614.609,13874.3499,2020.0,2040.0,0.3477,0.1695,2018,,,529.8294,0.00091413,0.00096913
SUP-0011,Agriculture Supplier 011,Agriculture,2018,16469341.57,141276034.42,20743.6603,20743.6603,4643.4388,1224.8048,13425.9298,2020.0,2040.0,0.3477,0.1695,2018,,,529.8294,0.00091413,0.00096913
SUP-0011,Agriculture Supplier 011,Agriculture,2019,19971956.58,118739196.4,23206.689,23206.689,3716.2856,4772.0831,14307.101,2020.0,2040.0,0.3477,0.1695,2018,,,529.8294,0.00091413,0.00096913
SUP-0011,Agriculture Supplier 011,Agriculture,2020,19711510.84,112992865.51,26547.3363,26547.3363,3567.4277,1855.6114,23794.5294,2020.0,2040.0,0.3477,0.1695,2018,,,529.8294,0.00091413,0.00096913
SUP-0011,Agriculture Supplier 011,Agriculture,2021,22090475.36,131106240.77,26266.1654,26266.1654,3119.0474,4968.2071,18222.7899,2020.0,2040.0,0.3477,0.1695,2018,,,529.8294,0.00091413,0.00096913
SUP-0011,Agriculture Supplier 011,Agriculture,2022,19454028.72,112049353.2,22781.644,22781.644,2483.607,1902.7816,16427.262,2020.0,2040.0,0.3477,0.1695,2018,,,529.8294,0.00091413,0.00096913
SUP-0011,Agriculture Supplier 011,Agriculture,2023,19497527.78,144974794.64,20023.4691,20023.4691,4977.4552,3416.7924,12755.5168,2020.0,2040.0,0.3477,0.1695,2018,,,529.8294,0.00091413,0.00096913
SUP-0011,Agriculture Supplier 011,Agriculture,2024,20856357.09,109421404.1,22527.4382,22527.4382,5623.3532,2525.3928,15905.1585,2020.0,2040.0,0.3477,0.1695,2018,,,529.8294,0.00091413,0.00096913
SUP-0012,Textiles Supplier 012,Textiles,2015,16132716.31,113317502.67,2965.4297,2965.4297,610.6158,345.8851,2311.8881,,,,,2019,2030.0,0.3171,401.7335,0.00029221,0.00017343
SUP-0012,Textiles Supplier 012,Textiles,2016,16542936.23,118984110.76,3034.9761,3034.9761,297.4317,399.1682,2499.2047,,,,,2019,2030.0,0.3171,401.7335,0.00029221,0.00017343
SUP-0012,Textiles Supplier 012,Textiles,2017,18689663.55,151900741.93,3075.149,3075.149,584.1612,491.7075,2141.6052,,,,,2019,2030.0,0.3171,401.7335,0.00029221,0.00017343
SUP-0012,Textiles Supplier 012,Textiles,2018,21920983.47,159287047.01,3170.1424,3170.1424,858.1265,449.7598,1779.8168,,,,,2019,2030.0,0.3171,401.7335,0.00029221,0.00017343
SUP-0012,Textiles Supplier 012,Textiles,2019,18960427.94,167321797.34,3826.7301,3826.7301,906.5643,687.5201,2294.8817,,,,,2019,2030.0,0.3171,401.7335,0.00029221,0.00017343
SUP-0012,Textiles Supplier 012,Textiles,2020,23137923.07,167871326.95,4419.0129,4419.0129,675.4344,812.4313,2894.252,,,,,2019,2030.0,0.3171,401.7335,0.00029221,0.00017343
SUP-0012,Textiles Supplier 012,Textiles,2021,20795844.13,157383910.73,4289.9676,4289.9676,539.8788,438.077,3321.9238,,,,,2019,2030.0,0.3171,401.7335,0.00029221,0.00017343
SUP-0012,Textiles Supplier 012,Textiles,2022,21756851.6,198340358.72,4669.4346,4669.4346,916.8105,959.3006,3145.748,,,,,2019,2030.0,0.3171,401.7335,0.00029221,0.00017343
SUP-0012,Textiles Supplier 012,Textiles,2023,29447898.31,197653463.47,5186.3794,5186.3794,930.1838,738.0038,3210.8004,,,,,2019,2030.0,0.3171,401.7335,0.00029221,0.00017343
SUP-0012,Textiles Supplier 012,Textiles,2024,28117792.16,188548606.72,5818.5637,5818.5637,1387.6296,777.2957,3532.3272,,,,,2019,2030.0,0.3171,401.7335,0.00029221,0.00017343
SUP-0013,Electronics Supplier 013,Electronics,2015,7568103.52,18931948.0,8966.5666,8966.5666,975.6255,1308.7717,6571.2586,,,,,2018,2040.0,0.3424,635.1588,0.00086105,0.00013947
SUP-0013,Electronics Supplier 013,Electronics,2016,8136724.21,19103472.14,8523.9705,8523.9705,1744.3695,739.3195,6379.5815,,,,,2018,2040.0,0.3424,635.1588,0.00086105,0.00013947
SUP-0013,Electronics Supplier 013,Electronics,2017,6880866.02,20203652.56,8603.5303,8603.5303,1330.1897,856.8607,6356.7543,,,,,2018,2040.0,0.3424,635.1588,0.00086105,0.00013947
SUP-0013,Electronics Supplier 013,Electronics,2018,8256496.51,15796472.47,7950.0633,7950.0633,2171.1405,1477.2199,4907.9218,,,,,2018,2040.0,0.3424,635.1588,0.00086105,0.00013947
SUP-0013,Electronics Supplier 013,Electronics,2019,7731017.25,16479763.28,8393.1665,8393.1665,956.8842,1671.1615,5950.5726,,,,,2018,2040.0,0.3424,635.1588,0.00086105,0.00013947
SUP-0013,Electronics Supplier 013,Electronics,2020,7377328.76,21240817.67,6903.8459,6903.8459,2091.7104,1626.3133,4139.5953,,,,,2018,2040.0,0.3424,635.1588,0.00086105,0.00013947
SUP-0013,Electronics Supplier 013,Electronics,2021,6168281.02,21505370.08,7580.7361,7580.7361,776.6937,1333.5566,4859.1966,,,,,2018,2040.0,0.3424,635.1588,0.00086105,0.00013947
SUP-0013,Electronics Supplier 013,Electronics,2022,7401107.6,19042837.71,7196.7714,7196.7714,998.1185,594.6608,5054.0253,,,,,2018,2040.0,0.3424,635.1588,0.00086105,0.00013947
SUP-0013,Electronics Supplier 013,Electronics,2023,9259296.72,16828370.46,7703.8025,7703.8025,1041.755,1345.6381,5793.3158,,,,,2018,2040.0,0.3424,635.1588,0.00086105,0.00013947
SUP-0013,Electronics Supplier 013,Electronics,2024,7043670.44,17996629.42,6510.22,6510.22,631.1288,916.1944,4871.3148,,,,,2018,2040.0,0.3424,635.1588,0.00086105,0.00013947
SUP-0014,Textiles Supplier 014,Textiles,2015,13245650.48,84805483.07,3706.3867,3706.3867,422.9413,645.7306,2706.0896,,,,,2019,2030.0,0.3171,401.7335,0.00029221,0.00017343
SUP-0014,Textiles Supplier 014,Textiles,2016,13909185.51,96937451.9,4263.5461,4263.5461,832.5032,453.1903,2734.3678,,,,,2019,2030.0,0.3171,401.7335,0.00029221,0.00017343
SUP-0014,Textiles Supplier 014,Textiles,2017,15582388.34,103144929.93,4171.2319,4171.2319,795.1103,671.9011,2774.8591,,,,,2019,2030.0,0.3171,401.7335,0.00029221,0.00017343
SUP-0014,Textiles Supplier 014,Textiles,2018,17190385.76,115378190.53,4611.7523,4611.7523,954.7508,866.3863,2901.5935,,,,,2019,2030.0,0.3171,401.7335,0.00029221,0.00017343
SUP-0014,Textiles Supplier 014,Textiles,2019,17421971.51,137513675.12,4955.1243,4955.1243,534.6615,536.8023,3552.1649,,,,,2019,2030.0,0.3171,401.7335,0.00029221,0.00017343
SUP-0014,Textiles Supplier 014,Textiles,2020,17617474.41,172344577.58,4622.058,4622.058,528.1533,325.6831,3915.9074,,,,,2019,2030.0,0.3171,401.7335,0.00029221,0.00017343
SUP-0014,Textiles Supplier 014,Textiles,2021,22064098.15,160606105.73,4324.2977,4324.2977,610.5491,649.2472,3570.9364,,,,,2019,2030.0,0.3171,401.7335,0.00029221,0.00017343
SUP-0014,Textiles Supplier 014,Textiles,2022,22165175.89,191011078.27,5070.9519,5070.9519,686.4191,323.8394,3821.86,,,,,2019,2030.0,0.3171,401.7335,0.00029221,0.00017343
SUP-0014,Textiles Supplier 014,Textiles,2023,25579745.77,171925399.42,6371.7312,6371.7312,1337.6062,816.0549,4090.2878,,,,,2019,2030.0,0.3171,401.7335,0.00029221,0.00017343
SUP-0014,Textiles Supplier 014,Textiles,2024,24664450.64,213988750.54,4273.9353,4273.9353,488.1233,460.1649,3618.1924,,,,,2019,2030.0,0.3171,401.7335,0.00029221,0.00017343
SUP-0015,Packaging Supplier 015,Packaging,2015,17362318.1,105884568.27,27833.4162,27833.4162,2488.6204,6234.9318,20517.3902,2019.0,2040.0,0.2525,0.1186,2018,2040.0,0.3112,702.4188,0.0010803,0.00078946
SUP-0015,Packaging Supplier 015,Packaging,2016,18079324.4,94948257.07,26779.0078,26779.0078,4287.6146,3246.4592,20696.204,2019.0,2040.0,0.2525,0.1186,2018,2040.0,0.3112,702.4188,0.0010803,0.00078946
SUP-0015,Packaging Supplier 015,Packaging,2017,19683950.21,120535774.72,30484.5268,30484.5268,5730.7464,3365.3853,21730.0387,2019.0,2040.0,0.2525,0.1186,2018,2040.0,0.3112,702.4188,0.0010803,0.00078946
SUP-0015,Packaging Supplier 015,Packaging,2018,18534757.37,127244406.88,30973.7441,30973.7441,8868.8404,2412.7626,19932.6345,2019.0,2040.0,0.2525,0.1186,2018,2040.0,0.3112,702.4188,0.0010803,0.00078946
SUP-0015,Packaging Supplier 015,Packaging,2019,18181512.6,115006281.01,34263.2294,34263.2294,8362.6245,2530.5312,22578.3783,2019.0,2040.0,0.2525,0.1186,2018,2040.0,0.3112,702.4188,0.0010803,0.00078946
SUP-0015,Packaging Supplier 015,Packaging,2020,19538013.74,115627745.49,29631.9875,29631.9875,4200.7363,6319.9879,20327.9939,2019.0,2040.0,0.2525,0.1186,2018,2040.0,0.3112,702.4188,0.0010803,0.00078946
SUP-0015,Packaging Supplier 015,Packaging,2021,18965830.99,121663620.68,36730.7344,36730.7344,7434.6777,4718.3821,27166.8511,2019.0,2040.0,0.2525,0.1186,2018,2040.0,0.3112,702.4188,0.0010803,0.00078946
SUP-0015,Packaging Supplier 015,Packaging,2022,17989169.72,120914987.05,31900.7786,31900.7786,3405.5722,5480.2854,19810.2206,2019.0,2040.0,0.2525,0.1186,2018,2040.0,0.3112,702.4188,0.0010803,0.00078946
SUP-0015,Packaging Supplier 015,Packaging,2023,18310064.34,120347331.67,24363.5093,24363.5093,6155.8592,1782.1161,17679.3158,2019.0,2040.0,0.2525,0.1186,2018,2040.0,0.3112,702.4188,0.0010803,0.00078946
SUP-0015,Packaging Supplier 015,Packaging,2024,19994189.82,110798630.88,33949.0529,33949.0529,6231.8621,5555.3183,19678.3135,2019.0,2040.0,0.2525,0.1186,2018,2040.0,0.3112,702.4188,0.0010803,0.00078946
SUP-0016,Metals Supplier 016,Metals,2015,11538760.2,82972433.14,7433.9568,7433.9568,1201.2624,659.7274,5516.4453,2018.0,2040.0,0.2599,0.1001,2019,2030.0,0.3852,158.2904,0.00100695,0.00065008
SUP-0016,Metals Supplier 016,Metals,2016,11582344.91,109873725.67,8046.8331,8046.8331,767.9359,1739.212,5631.282,2018.0,2040.0,0.2599,0.1001,2019,2030.0,0.3852,158.2904,0.00100695,0.00065008
SUP-0016,Metals Supplier 016,Metals,2017,12259966.42,102173572.13,7125.2866,7125.2866,1100.7631,677.3647,5280.1706,2018.0,2040.0,0.2599,0.1001,2019,2030.0,0.3852,158.2904,0.00100695,0.00065008
SUP-0016,Metals Supplier 016,Metals,2018,10800802.23,81944716.14,6679.2649,6679.2649,1055.709,1002.0031,4468.8623,2018.0,2040.0,0.2599,0.1001,2019,2030.0,0.3852,158.2904,0.00100695,0.00065008
SUP-0016,Metals Supplier 016,Metals,2019,10969288.09,97730159.46,7199.7775,7199.7775,1208.6378,541.22,5448.0896,2018.0,2040.0,0.2599,0.1001,2019,2030.0,0.3852,158.2904,0.00100695,0.00065008
SUP-0016,Metals Supplier 016,Metals,2020,9850074.99,81474384.67,5122.5498,5122.5498,1117.9421,982.0932,2888.2406,2018.0,2040.0,0.2599,0.1001,2019,2030.0,0.3852,158.2904,0.00100695,0.00065008
SUP-0016,Metals Supplier 016,Metals,2021,11240115.88,112241313.53,5184.4682,5184.4682,747.757,869.9752,3531.9265,2018.0,2040.0,0.2599,0.1001,2019,2030.0,0.3852,158.2904,0.00100695,0.00065008
SUP-0016,Metals Supplier 016,Metals,2022,10552847.67,83741002.12,4669.038,4669.038,986.9663,515.8257,3156.8553,2018.0,2040.0,0.2599,0.1001,2019,2030.0,0.3852,158.2904,0.00100695,0.00065008
SUP-0016,Metals Supplier 016,Metals,2023,11632492.06,73623651.97,5574.4952,5574.4952,992.1398,733.5021,3835.073,2018.0,2040.0,0.2599,0.1001,2019,2030.0,0.3852,158.2904,0.00100695,0.00065008
SUP-0016,Metals Supplier 016,Metals,2024,10927929.9,74404649.87,4467.5461,4467.5461,717.3159,410.1449,3460.3599,2018.0,2040.0,0.2599,0.1001,2019,2030.0,0.3852,158.2904,0.00100695,0.00065008
SUP-0017,Electronics Supplier 017,Electronics,2015,12609467.42,64512073.81,6489.2628,6489.2628,699.1606,978.2215,4529.7287,2020.0,2035.0,0.5999,0.2666,2018,2040.0,0.3424,635.1588,0.00086105,0.00013947
SUP-0017,Electronics Supplier 017,Electronics,2016,12656490.54,95229369.17,8232.8767,8232.8767,1151.6766,1200.7176,5648.1665,2020.0,2035.0,0.5999,0.2666,2018,2040.0,0.3424,635.1588,0.00086105,0.00013947
SUP-0017,Electronics Supplier 017,Electronics,2017,13053287.39,96689008.13,8561.072,8561.072,2356.4715,703.9186,6357.5203,2020.0,2035.0,0.5999,0.2666,2018,2040.0,0.3424,635.1588,0.00086105,0.00013947
SUP-0017,Electronics Supplier 017,Electronics,2018,12023318.7,82006756.42,8661.5954,8661.5954,1490.8426,1836.7381,4981.8211,2020.0,2035.0,0.5999,0.2666,2018,2040.0,0.3424,635.1588,0.00086105,0.00013947
SUP-0017,Electronics Supplier 017,Electronics,2019,11875083.08,90406953.58,6536.4749,6536.4749,1015.1375,751.0753,4655.4475,2020.0,2035.0,0.5999,0.2666,2018,2040.0,0.3424,635.1588,0.00086105,0.00013947
SUP-0017,Electronics Supplier 017,Electronics,2020,9040936.71,89890472.49,3595.3805,3595.3805,734.5496,281.8244,2436.4215,2020.0,2035.0,0.5999,0.2666,2018,2040.0,0.3424,635.1588,0.00086105,0.00013947
SUP-0017,Electronics Supplier 017,Electronics,2021,10495934.14,84332655.57,6772.3223,6772.3223,673.1578,1384.7532,5365.5774,2020.0,2035.0,0.5999,0.2666,2018,2040.0,0.3424,635.1588,0.00086105,0.00013947
SUP-0017,Electronics Supplier 017,Electronics,2022,11379519.98,72726012.54,5774.5367,5774.5367,697.1536,470.6821,4726.1921,2020.0,2035.0,0.5999,0.2666,2018,2040.0,0.3424,635.1588,0.00086105,0.00013947
SUP-0017,Electronics Supplier 017,Electronics,2023,9460022.63,65233778.42,4849.6801,4849.6801,718.4561,580.8194,3568.0581,2020.0,2035.0,0.5999,0.2666,2018,2040.0,0.3424,635.1588,0.00086105,0.00013947
SUP-0017,Electronics Supplier 017,Electronics,2024,12291762.5,99042383.87,6974.0868,6974.0868,1330.6149,479.5272,5173.2292,2020.0,2035.0,0.5999,0.2666,2018,2040.0,0.3424,635.1588,0.00086105,0.00013947
SUP-0018,Professional Supplier 018,Professional Services,2015,2541074.4,18222629.86,453.6538,453.6538,88.9344,48.3982,290.6463,,,,,2020,,,400.0326,0.00012906,0.00019658
SUP-0018,Professional Supplier 018,Professional Services,2016,2494119.0,15113664.17,411.5977,411.5977,48.626,58.5548,299.9857,,,,,2020,,,400.0326,0.00012906,0.00019658
SUP-0018,Professional Supplier 018,Professional Services,2017,2563969.59,16898778.43,417.8117,417.8117,85.9928,75.1117,258.7569,,,,,2020,,,400.0326,0.00012906,0.00019658
SUP-0018,Professional Supplier 018,Professional Services,2018,2292693.39,14183404.0,379.2739,379.2739,49.9963,71.8554,265.6098,,,,,2020,,,400.0326,0.00012906,0.00019658
SUP-0018,Professional Supplier 018,Professional Services,2019,1906983.72,14905301.33,247.9613,247.9613,39.1163,17.8626,210.0307,,,,,2020,,,400.0326,0.00012906,0.00019658
SUP-0018,Professional Supplier 018,Professional Services,2020,2626337.42,14573468.03,396.4826,396.4826,94.655,46.2136,241.8666,,,,,2020,,,400.0326,0.00012906,0.00019658
SUP-0018,Professional Supplier 018,Professional Services,2021,2219050.14,18997821.02,298.5838,298.5838,59.3507,30.7841,215.2202,,,,,2020,,,400.0326,0.00012906,0.00019658
SUP-0018,Professional Supplier 018,Professional Services,2022,2337255.26,17373114.82,268.6694,268.6694,72.8982,57.9549,148.0152,,,,,2020,,,400.0326,0.00012906,0.00019658
SUP-0018,Professional Supplier 018,Professional Services,2023,1816767.79,10870631.98,192.5024,192.5024,19.5382,17.1927,143.3505,,,,,2020,,,400.0326,0.00012906,0.00019658
SUP-0018,Professional Supplier 018,Professional Services,2024,2101779.39,17106470.76,231.6462,231.6462,58.6964,47.0019,114.9503,,,,,2020,,,400.0326,0.00012906,0.00019658
SUP-0019,Metals Supplier 019,Metals,2015,17169931.75,22450899.61,25564.5171,25564.5171,4151.9482,2905.8973,17440.7275,2021.0,2035.0,0.5173,0.245,2019,2030.0,0.3852,158.2904,0.00100695,0.00065008
SUP-0019,Metals Supplier 019,Metals,2016,19576946.44,28606110.85,27456.2609,27456.2609,7389.0406,2834.1281,16600.9268,2021.0,2035.0,0.5173,0.245,2019,2030.0,0.3852,158.2904,0.00100695,0.00065008
SUP-0019,Metals Supplier 019,Metals,2017,20555763.04,27548765.77,32177.465,32177.465,5794.1512,4906.6191,22134.93,2021.0,2035.0,0.5173,0.245,2019,2030.0,0.3852,158.2904,0.00100695,0.00065008
SUP-0019,Metals Supplier 019,Metals,2018,19678257.7,25444893.68,24591.1645,24591.1645,5773.147,3628.2746,15871.3668,2021.0,2035.0,0.5173,0.245,2019,2030.0,0.3852,158.2904,0.00100695,0.00065008
SUP-0019,Metals Supplier 019,Metals,2019,23339873.62,25532896.5,28217.9851,28217.9851,4647.2419,3280.8838,20374.9146,2021.0,2035.0,0.5173,0.245,2019,2030.0,0.3852,158.2904,0.00100695,0.00065008
SUP-0019,Metals Supplier 019,Metals,2020,20791262.01,31695690.95,21302.6956,21302.6956,2149.2617,2738.4066,16975.6816,2021.0,2035.0,0.5173,0.245,2019,2030.0,0.3852,158.2904,0.00100695,0.00065008
SUP-0019,Metals Supplier 019,Metals,2021,21855672.03,30550291.96,22965.889,22965.889,4811.7012,2157.4402,16305.6445,2021.0,2035.0,0.5173,0.245,2019,2030.0,0.3852,158.2904,0.00100695,0.00065008
SUP-0019,Metals Supplier 019,Metals,2022,23529217.42,23059293.02,19753.3383,19753.3383,2341.5749,3748.9556,12824.1605,2021.0,2035.0,0.5173,0.245,2019,2030.0,0.3852,158.2904,0.00100695,0.00065008
SUP-0019,Metals Supplier 019,Metals,2023,25890690.97,36842061.14,28700.4665,28700.4665,5279.1249,3324.0785,19146.0447,2021.0,2035.0,0.5173,0.245,2019,2030.0,0.3852,158.2904,0.00100695,0.00065008
SUP-0019,Metals Supplier 019,Metals,2024,24549341.99,36127319.87,21637.1443,21637.1443,3908.234,1969.4431,16391.7637,2021.0,2035.0,0.5173,0.245,2019,2030.0,0.3852,158.2904,0.00100695,0.00065008
SUP-0020,Logistics Supplier 020,Logistics,2015,15156328.44,93526966.51,3808.2801,3808.2801,587.7985,698.5398,2521.5506,2020.0,2035.0,0.668,0.2613,2019,2040.0,0.4616,591.6386,0.00022349,0.00047787
SUP-0020,Logistics Supplier 020,Logistics,2016,16819560.51,100951976.91,3706.09,3706.09,616.1444,447.2838,2600.8481,2020.0,2035.0,0.668,0.2613,2019,2040.0,0.4616,591.6386,0.00022349,0.00047787
SUP-0020,Logistics Supplier 020,Logistics,2017,14927911.15,102056225.65,3110.4722,3110.4722,479.8663,363.6482,2119.0045,2020.0,2035.0,0.668,0.2613,2019,2040.0,0.4616,591.6386,0.00022349,0.00047787
SUP-0020,Logistics Supplier 020,Logistics,2018,20355974.24,115428040.27,3481.464,3481.464,810.8945,276.7852,2274.6983,2020.0,2035.0,0.668,0.2613,2019,2040.0,0.4616,591.6386,0.00022349,0.00047787
SUP-0020,Logistics Supplier 020,Logistics,2019,19269545.46,132983686.64,2853.2387,2853.2387,465.0825,596.7748,1833.9609,2020.0,2035.0,0.668,0.2613,2019,2040.0,0.4616,591.6386,0.00022349,0.00047787
SUP-0020,Logistics Supplier 020,Logistics,2020,19826889.65,168332883.14,3133.1158,3133.1158,809.2578,552.4873,1960.0902,2020.0,2035.0,0.668,0.2613,2019,2040.0,0.4616,591.6386,0.00022349,0.00047787
SUP-0020,Logistics Supplier 020,Logistics,2021,26660563.14,149710155.19,3108.732,3108.732,814.2219,305.4906,2122.8596,2020.0,2035.0,0.668,0.2613,2019,2040.0,0.4616,591.6386,0.00022349,0.00047787
SUP-0020,Logistics Supplier 020,Logistics,2022,24939588.08,154753318.7,3414.0058,3414.0058,387.0745,618.3888,2413.9488,2020.0,2035.0,0.668,0.2613,2019,2040.0,0.4616,591.6386,0.00022349,0.00047787
SUP-0020,Logistics Supplier 020,Logistics,2023,24539327.17,202551178.46,4268.9436,4268.9436,558.3005,565.1122,3206.3475,2020.0,2035.0,0.668,0.2613,2019,2040.0,0.4616,591.6386,0.00022349,0.00047787
SUP-0020,Logistics Supplier 020,Logistics,2024,28872722.48,176082919.37,3896.7543,3896.7543,571.8148,731.9186,2469.7873,2020.0,2035.0,0.668,0.2613,2019,2040.0,0.4616,591.6386,0.00022349,0.00047787
SUP-0021,Textiles Supplier 021,Textiles,2015,6392089.25,38559902.55,2699.1645,2699.1645,470.7515,440.56,1642.4406,2018.0,2030.0,0.4825,0.2517,2019,2030.0,0.3171,401.7335,0.00029221,0.00017343
SUP-0021,Textiles Supplier 021,Textiles,2016,5726914.02,34789295.99,2198.746,2198.746,611.4398,189.1185,1432.1347,2018.0,2030.0,0.4825,0.2517,2019,2030.0,0.3171,401.7335,0.00029221,0.00017343
SUP-0021,Textiles Supplier 021,Textiles,2017,5455132.56,32944362.66,1801.5371,1801.5371,200.4707,153.1774,1637.2568,2018.0,2030.0,0.4825,0.2517,2019,2030.0,0.3171,401.7335,0.00029221,0.00017343
SUP-0021,Textiles Supplier 021,Textiles,2018,5152368.7,32682807.82,1637.445,1637.445,231.4642,286.3204,955.4575,2018.0,2030.0,0.4825,0.2517,2019,2030.0,0.3171,401.7335,0.00029221,0.00017343
SUP-0021,Textiles Supplier 021,Textiles,2019,5284885.05,30701259.56,1439.1483,1439.1483,363.0174,318.7144,828.9106,2018.0,2030.0,0.4825,0.2517,2019,2030.0,0.3171,401.7335,0.00029221,0.00017343
SUP-0021,Textiles Supplier 021,Textiles,2020,5611368.32,30834914.46,1787.662,1787.662,221.1469,129.9472,1548.2307,2018.0,2030.0,0.4825,0.2517,2019,2030.0,0.3171,401.7335,0.00029221,0.00017343
SUP-0021,Textiles Supplier 021,Textiles,2021,5521619.15,28600789.2,1677.4609,1677.4609,241.9544,283.0725,1131.4733,2018.0,2030.0,0.4825,0.2517,2019,2030.0,0.3171,401.7335,0.00029221,0.00017343
SUP-0021,Textiles Supplier 021,Textiles,2022,4763731.94,32917986.02,1012.5026,1012.5026,130.1267,139.0924,773.2897,2018.0,2030.0,0.4825,0.2517,2019,2030.0,0.3171,401.7335,0.00029221,0.00017343
SUP-0021,Textiles Supplier 021,Textiles,2023,4711664.55,38380495.16,1341.5257,1341.5257,302.7368,177.6983,816.4175,2018.0,2030.0,0.4825,0.2517,2019,2030.0,0.3171,401.7335,0.00029221,0.00017343
SUP-0021,Textiles Supplier 021,Textiles,2024,4926592.51,36793939.37,1191.0759,1191.0759,189.308,165.6905,876.3218,2018.0,2030.0,0.4825,0.2517,2019,2030.0,0.3171,401.7335,0.00029221,0.00017343
SUP-0022,Chemicals Supplier 022,Chemicals,2015,17332742.06,64124115.12,22441.9259,22441.9259,2134.6236,2570.43,16207.623,,,,,2019,2035.0,0.5229,506.3191,0.00100149,0.00047124
SUP-0022,Chemicals Supplier 022,Chemicals,2016,17364243.59,58836178.49,18561.6056,18561.6056,2617.2221,2449.2969,14371.7664,,,,,2019,2035.0,0.5229,506.3191,0.00100149,0.00047124
SUP-0022,Chemicals Supplier 022,Chemicals,2017,18458371.29,80994594.97,19516.0428,19516.0428,1494.5058,3829.4015,12761.4443,,,,,2019,2035.0,0.5229,506.3191,0.00100149,0.00047124
SUP-0022,Chemicals Supplier 022,Chemicals,2018,15468200.03,103313057.5,16715.6599,16715.6599,4361.1766,1537.4006,10309.2537,,,,,2019,2035.0,0.5229,506.3191,0.00100149,0.00047124
SUP-0022,Chemicals Supplier 022,Chemicals,2019,20039702.87,78962860.08,22404.8985,22404.8985,6409.6901,1555.1787,14594.2431,,,,,2019,2035.0,0.5229,506.3191,0.00100149,0.00047124
SUP-0022,Chemicals Supplier 022,Chemicals,2020,19924582.33,82554582.64,22387.9323,22387.9323,2912.2664,4305.6962,15852.4029,,,,,2019,2035.0,0.5229,506.3191,0.00100149,0.00047124
SUP-0022,Chemicals Supplier 022,Chemicals,2021,18691228.39,75521290.46,17727.2344,17727.2344,4112.1125,2589.9687,10516.8646,,,,,2019,2035.0,0.5229,506.3191,0.00100149,0.00047124
SUP-0022,Chemicals Supplier 022,Chemicals,2022,19794301.06,107144434.19,16194.2977,16194.2977,2327.3291,1265.3068,12470.5023,,,,,2019,2035.0,0.5229,506.3191,0.00100149,0.00047124
SUP-0022,Chemicals Supplier 022,Chemicals,2023,18841547.16,83664839.29,21734.171,21734.171,3191.3429,3998.248,14343.5866,,,,,2019,2035.0,0.5229,506.3191,0.00100149,0.00047124
SUP-0022,Chemicals Supplier 022,Chemicals,2024,20030017.08,88354497.29,20122.7364,20122.7364,2114.3888,1174.6508,15427.4638,,,,,2019,2035.0,0.5229,506.3191,0.00100149,0.00047124
SUP-0023,Agriculture Supplier 023,Agriculture,2015,6259172.0,30686372.01,5605.1281,5605.1281,1337.0046,746.3754,3045.3149,2018.0,2040.0,0.339,0.1496,2018,,,529.8294,0.00091413,0.00096913
SUP-0023,Agriculture Supplier 023,Agriculture,2016,5392353.22,33436105.41,5407.9631,5407.9631,1045.6761,388.8528,3818.1733,2018.0,2040.0,0.339,0.1496,2018,,,529.8294,0.00091413,0.00096913
SUP-0023,Agriculture Supplier 023,Agriculture,2017,6252921.14,29007625.16,5619.1959,5619.1959,988.8669,807.3681,3504.4468,2018.0,2040.0,0.339,0.1496,2018,,,529.8294,0.00091413,0.00096913
SUP-0023,Agriculture Supplier 023,Agriculture,2018,7178702.32,32342058.77,3860.3046,3860.3046,831.7894,264.0439,2688.5768,2018.0,2040.0,0.339,0.1496,2018,,,529.8294,0.00091413,0.00096913
SUP-0023,Agriculture Supplier 023,Agriculture,2019,6489888.14,32783192.86,5094.0469,5094.0469,1109.7089,535.2453,3224.3259,2018.0,2040.0,0.339,0.1496,2018,,,529.8294,0.00091413,0.00096913
SUP-0023,Agriculture Supplier 023,Agriculture,2020,5329465.01,25656766.54,3371.4788,3371.4788,484.747,295.1296,2514.7576,2018.0,2040.0,0.339,0.1496,2018,,,529.8294,0.00091413,0.00096913
SUP-0023,Agriculture Supplier 023,Agriculture,2021,6304761.93,34978955.63,3567.3077,3567.3077,1050.8803,617.7738,2026.6731,2018.0,2040.0,0.339,0.1496,2018,,,529.8294,0.00091413,0.00096913
SUP-0023,Agriculture Supplier 023,Agriculture,2022,6412003.65,34342998.05,4961.7906,4961.7906,1020.0599,978.0762,2471.3469,2018.0,2040.0,0.339,0.1496,2018,,,529.8294,0.00091413,0.00096913
SUP-0023,Agriculture Supplier 023,Agriculture,2023,7588113.76,33274776.4,5241.0951,5241.0951,1099.1493,728.1542,3579.8056,2018.0,2040.0,0.339,0.1496,2018,,,529.8294,0.00091413,0.00096913
SUP-0023,Agriculture Supplier 023,Agriculture,2024,7127955.0,50228809.36,4720.6843,4720.6843,691.2297,578.6542,3491.0896,2018.0,2040.0,0.339,0.1496,2018,,,529.8294,0.00091413,0.00096913
SUP-0024,Agriculture Supplier 024,Agriculture,2015,533490.63,3448385.65,719.4856,719.4856,102.3345,67.6703,545.1468,,,,,2018,,,529.8294,0.00091413,0.00096913
SUP-0024,Agriculture Supplier 024,Agriculture,2016,558927.28,4345666.79,758.0536,758.0536,185.6516,134.2301,369.3543,,,,,2018,,,529.8294,0.00091413,0.00096913
SUP-0024,Agriculture Supplier 024,Agriculture,2017,581013.24,4826591.8,644.4213,644.4213,166.2048,57.9701,400.8005,,,,,2018,,,529.8294,0.00091413,0.00096913
SUP-0024,Agriculture Supplier 024,Agriculture,2018,672584.9,5355649.75,731.356,731.356,100.56,73.9352,578.6892,,,,,2018,,,529.8294,0.00091413,0.00096913
SUP-0024,Agriculture Supplier 024,Agriculture,2019,663848.25,5242616.85,600.8067,600.8067,72.0462,73.656,497.7557,,,,,2018,,,529.8294,0.00091413,0.00096913
SUP-0024,Agriculture Supplier 024,Agriculture,2020,725906.11,5126270.23,592.9076,592.9076,95.307,118.9631,383.9623,,,,,2018,,,529.8294,0.00091413,0.00096913
SUP-0024,Agriculture Supplier 024,Agriculture,2021,782364.27,7648911.45,706.3012,706.3012,104.6737,59.8632,554.4547,,,,,2018,,,529.8294,0.00091413,0.00096913
SUP-0024,Agriculture Supplier 024,Agriculture,2022,865989.68,6098801.74,633.5292,633.5292,51.1369,106.5079,499.4389,,,,,2018,,,529.8294,0.00091413,0.00096913
SUP-0024,Agriculture Supplier 024,Agriculture,2023,826023.17,6824546.21,712.2287,712.2287,203.2088,161.3611,386.4595,,,,,2018,,,529.8294,0.00091413,0.00096913
SUP-0024,Agriculture Supplier 024,Agriculture,2024,853888.01,10047334.03,560.3584,560.3584,168.2989,97.5733,308.0436,,,,,2018,,,529.8294,0.00091413,0.00096913
SUP-0025,Metals Supplier 025,Metals,2015,19450072.92,73343572.38,12808.9183,12808.9183,1294.3621,2340.374,9789.8246,2020.0,2030.0,0.3833,0.1962,2019,2030.0,0.3852,158.2904,0.00100695,0.00065008
SUP-0025,Metals Supplier 025,Metals,2016,20890255.51,72177878.76,13545.7318,13545.7318,2173.6412,2033.7718,9568.3736,2020.0,2030.0,0.3833,0.1962,2019,2030.0,0.3852,158.2904,0.00100695,0.00065008
SUP-0025,Metals Supplier 025,Metals,2017,21715825.05,90109813.81,14608.3348,14608.3348,2228.6582,829.0013,10426.7216,2020.0,2030.0,0.3833,0.1962,2019,2030.0,0.3852,158.2904,0.00100695,0.00065008
SUP-0025,Metals Supplier 025,Metals,2018,24788648.45,112248512.28,13831.5855,13831.5855,3107.5044,1603.5736,8802.0559,2020.0,2030.0,0.3833,0.1962,2019,2030.0,0.3852,158.2904,0.00100695,0.00065008
SUP-0025,Metals Supplier 025,Metals,2019,24277157.67,114675907.48,12920.1468,12920.1468,3261.5642,2235.7782,7724.7935,2020.0,2030.0,0.3833,0.1962,2019,2030.0,0.3852,158.2904,0.00100695,0.00065008
SUP-0025,Metals Supplier 025,Metals,2020,24724354.1,102062036.06,11635.6166,11635.6166,1243.001,2490.708,7664.2913,2020.0,2030.0,0.3833,0.1962,2019,2030.0,0.3852,158.2904,0.00100695,0.00065008
SUP-0025,Metals Supplier 025,Metals,2021,24745687.6,81702724.55,9485.3756,9485.3756,2008.6838,1177.7976,7241.2778,2020.0,2030.0,0.3833,0.1962,2019,2030.0,0.3852,158.2904,0.00100695,0.00065008
SUP-0025,Metals Supplier 025,Metals,2022,27220351.61,120500462.65,12281.011,12281.011,3061.6232,1007.1515,9056.7755,2020.0,2030.0,0.3833,0.1962,2019,2030.0,0.3852,158.2904,0.00100695,0.00065008
SUP-0025,Metals Supplier 025,Metals,2023,26067670.35,88936216.36,9847.541,9847.541,1189.8286,822.026,7382.8081,2020.0,2030.0,0.3833,0.1962,2019,2030.0,0.3852,158.2904,0.00100695,0.00065008
SUP-0025,Metals Supplier 025,Metals,2024,28051545.88,98370436.7,10805.0329,10805.0329,2648.121,1554.6211,6865.0615,2020.0,2030.0,0.3833,0.1962,2019,2030.0,0.3852,158.2904,0.00100695,0.00065008
SUP-0026,Professional Supplier 026,Professional Services,2015,1040706.31,2718331.61,115.5587,115.5587,17.0544,20.4449,75.9154,2019.0,2040.0,0.4936,0.2987,2020,,,400.0326,0.00012906,0.00019658
SUP-0026,Professional Supplier 026,Professional Services,2016,848177.45,2468864.2,77.833,77.833,21.2403,8.9654,47.0298,2019.0,2040.0,0.4936,0.2987,2020,,,400.0326,0.00012906,0.00019658
SUP-0026,Professional Supplier 026,Professional Services,2017,887693.26,3459389.03,76.6845,76.6845,14.1997,11.9657,46.2213,2019.0,2040.0,0.4936,0.2987,2020,,,400.0326,0.00012906,0.00019658
SUP-0026,Professional Supplier 026,Professional Services,2018,984357.13,2947127.14,92.658,92.658,18.8301,17.1095,52.5788,2019.0,2040.0,0.4936,0.2987,2020,,,400.0326,0.00012906,0.00019658
SUP-0026,Professional Supplier 026,Professional Services,2019,849842.46,3282869.71,67.1713,67.1713,5.9824,6.4362,54.0202,2019.0,2040.0,0.4936,0.2987,2020,,,400.0326,0.00012906,0.00019658
SUP-0026,Professional Supplier 026,Professional Services,2020,975802.06,3150509.0,76.4237,76.4237,8.1599,5.5558,58.0165,2019.0,2040.0,0.4936,0.2987,2020,,,400.0326,0.00012906,0.00019658
SUP-0026,Professional Supplier 026,Professional Services,2021,930501.43,2777714.02,59.2091,59.2091,4.5491,6.0907,43.7275,2019.0,2040.0,0.4936,0.2987,2020,,,400.0326,0.00012906,0.00019658
SUP-0026,Professional Supplier 026,Professional Services,2022,895415.47,3714986.77,60.5093,60.5093,12.4138,9.3717,38.306,2019.0,2040.0,0.4936,0.2987,2020,,,400.0326,0.00012906,0.00019658
SUP-0026,Professional Supplier 026,Professional Services,2023,893693.43,3271008.7,61.5516,61.5516,15.0911,5.1173,40.1028,2019.0,2040.0,0.4936,0.2987,2020,,,400.0326,0.00012906,0.00019658
SUP-0026,Professional Supplier 026,Professional Services,2024,993339.67,4530875.75,93.609,93.609,25.8028,13.8137,55.2833,2019.0,2040.0,0.4936,0.2987,2020,,,400.0326,0.00012906,0.00019658
SUP-0027,Metals Supplier 027,Metals,2015,10472782.26,37285643.06,8865.7331,8865.7331,898.8901,1531.4681,6549.2942,2019.0,2030.0,0.2739,0.1728,2019,2030.0,0.3852,158.2904,0.00100695,0.00065008
SUP-0027,Metals Supplier 027,Metals,2016,11721490.72,33394212.9,8139.8986,8139.8986,1012.3493,1146.5911,6009.1926,2019.0,2030.0,0.2739,0.1728,2019,2030.0,0.3852,158.2904,0.00100695,0.00065008
SUP-0027,Metals Supplier 027,Metals,2017,12769245.16,33209437.34,6987.1292,6987.1292,1758.755,499.2694,4675.4208,2019.0,2030.0,0.2739,0.1728,2019,2030.0,0.3852,158.2904,0.00100695,0.00065008
SUP-0027,Metals Supplier 027,Metals,2018,13135088.89,42443438.05,6774.6338,6774.6338,1990.4123,1540.9722,4032.5449,2019.0,2030.0,0.2739,0.1728,2019,2030.0,0.3852,158.2904,0.00100695,0.00065008
SUP-0027,Metals Supplier 027,Metals,2019,13075733.46,36224427.01,7783.0952,7783.0952,672.2423,1239.3422,6352.1899,2019.0,2030.0,0.2739,0.1728,2019,2030.0,0.3852,158.2904,0.00100695,0.00065008
SUP-0027,Metals Supplier 027,Metals,2020,14057274.56,46031978.74,8106.9659,8106.9659,1156.3547,1563.0193,5506.8955,2019.0,2030.0,0.2739,0.1728,2019,2030.0,0.3852,158.2904,0.00100695,0.00065008
SUP-0027,Metals Supplier 027,Metals,2021,14818842.94,45424452.1,8031.9736,8031.9736,701.4999,1444.8155,5746.1878,2019.0,2030.0,0.2739,0.1728,2019,2030.0,0.3852,158.2904,0.00100695,0.00065008
SUP-0027,Metals Supplier 027,Metals,2022,15333712.56,42104237.7,7693.1699,7693.1699,1041.8481,1562.1463,4917.039,2019.0,2030.0,0.2739,0.1728,2019,2030.0,0.3852,158.2904,0.00100695,0.00065008
SUP-0027,Metals Supplier 027,Metals,2023,16482944.31,38052919.88,7278.8139,7278.8139,1997.4358,1187.7057,4265.4791,2019.0,2030.0,0.2739,0.1728,2019,2030.0,0.3852,158.2904,0.00100695,0.00065008
SUP-0027,Metals Supplier 027,Metals,2024,20111235.02,65477013.16,9386.2026,9386.2026,2360.709,1459.5858,5351.0363,2019.0,2030.0,0.2739,0.1728,2019,2030.0,0.3852,158.2904,0.00100695,0.00065008
SUP-0028,Professional Supplier 028,Professional Services,2015,10734531.0,62547040.05,1701.742,1701.742,446.9844,324.6698,1096.5451,2020.0,2035.0,0.5648,0.2914,2020,,,400.0326,0.00012906,0.00019658
SUP-0028,Professional Supplier 028,Professional Services,2016,9992567.31,74889249.34,1167.6142,1167.6142,124.1709,157.6059,845.2224,2020.0,2035.0,0.5648,0.2914,2020,,,400.0326,0.00012906,0.00019658
SUP-0028,Professional Supplier 028,Professional Services,2017,10722422.58,72785575.86,1469.617,1469.617,178.7795,299.4709,1089.548,2020.0,2035.0,0.5648,0.2914,2020,,,400.0326,0.00012906,0.00019658
SUP-0028,Professional Supplier 028,Professional Services,2018,12798210.84,87564843.27,1970.4947,1970.4947,378.411,165.1098,1439.4172,2020.0,2035.0,0.5648,0.2914,2020,,,400.0326,0.00012906,0.00019658
SUP-0028,Professional Supplier 028,Professional Services,2019,10293927.01,64183317.77,1347.5008,1347.5008,378.6466,117.272,948.2303,2020.0,2035.0,0.5648,0.2914,2020,,,400.0326,0.00012906,0.00019658
SUP-0028,Professional Supplier 028,Professional Services,2020,12993685.73,88143337.89,1428.3473,1428.3473,383.8821,240.5935,838.7801,2020.0,2035.0,0.5648,0.2914,2020,,,400.0326,0.00012906,0.00019658
SUP-0028,Professional Supplier 028,Professional Services,2021,13373573.39,110896956.78,1889.598,1889.598,353.4674,386.2048,1241.1617,2020.0,2035.0,0.5648,0.2914,2020,,,400.0326,0.00012906,0.00019658
SUP-0028,Professional Supplier 028,Professional Services,2022,12592632.48,85134341.94,1985.2182,1985.2182,271.8191,356.8458,1406.77,2020.0,2035.0,0.5648,0.2914,2020,,,400.0326,0.00012906,0.00019658
SUP-0028,Professional Supplier 028,Professional Services,2023,14059345.87,102810531.03,2004.8012,2004.8012,352.1035,368.8109,1215.3521,2020.0,2035.0,0.5648,0.2914,2020,,,400.0326,0.00012906,0.00019658
SUP-0028,Professional Supplier 028,Professional Services,2024,13198001.69,90459784.41,1850.0365,1850.0365,318.9023,201.854,1411.4951,2020.0,2035.0,0.5648,0.2914,2020,,,400.0326,0.00012906,0.00019658
SUP-0029,Electronics Supplier 029,Electronics,2015,223062.03,458767.46,151.9491,151.9491,33.4493,27.76,102.2946,,,,,2018,2040.0,0.3424,635.1588,0.00086105,0.00013947
SUP-0029,Electronics Supplier 029,Electronics,2016,241306.76,598385.19,153.9803,153.9803,33.6248,23.9532,99.8334,,,,,2018,2040.0,0.3424,635.1588,0.00086105,0.00013947
SUP-0029,Electronics Supplier 029,Electronics,2017,267111.36,529256.98,204.1134,204.1134,42.0518,13.6744,155.1985,,,,,2018,2040.0,0.3424,635.1588,0.00086105,0.00013947
SUP-0029,Electronics Supplier 029,Electronics,2018,252950.87,565369.32,174.8928,174.8928,14.2522,29.5052,124.3836,,,,,2018,2040.0,0.3424,635.1588,0.00086105,0.00013947
SUP-0029,Electronics Supplier 029,Electronics,2019,220241.63,596207.68,160.5815,160.5815,25.2138,12.7047,133.6157,,,,,2018,2040.0,0.3424,635.1588,0.00086105,0.00013947
SUP-0029,Electronics Supplier 029,Electronics,2020,245532.05,586961.75,158.8172,158.8172,24.1389,13.7509,110.029,,,,,2018,2040.0,0.3424,635.1588,0.00086105,0.00013947
SUP-0029,Electronics Supplier 029,Electronics,2021,244358.09,443195.02,178.0783,178.0783,43.6369,18.3024,101.3148,,,,,2018,2040.0,0.3424,635.1588,0.00086105,0.00013947
SUP-0029,Electronics Supplier 029,Electronics,2022,228057.38,419221.41,194.0224,194.0224,17.8165,22.695,147.9371,,,,,2018,2040.0,0.3424,635.1588,0.00086105,0.00013947
SUP-0029,Electronics Supplier 029,Electronics,2023,265407.68,455493.32,192.0086,192.0086,30.0418,19.75,127.5048,,,,,2018,2040.0,0.3424,635.1588,0.00086105,0.00013947
SUP-0029,Electronics Supplier 029,Electronics,2024,222813.21,672583.71,163.0581,163.0581,31.4304,20.2685,98.7323,,,,,2018,2040.0,0.3424,635.1588,0.00086105,0.00013947
SUP-0030,Agriculture Supplier 030,Agriculture,2015,17909060.11,130491251.74,19786.4407,19786.4407,5490.914,2741.5933,12569.1446,,,,,2018,,,529.8294,0.00091413,0.00096913
SUP-0030,Agriculture Supplier 030,Agriculture,2016,19840476.29,135062764.63,23373.4782,23373.4782,4254.0238,3513.7584,14451.5213,,,,,2018,,,529.8294,0.00091413,0.00096913
SUP-0030,Agriculture Supplier 030,Agriculture,2017,22579401.71,161374800.24,26800.9351,26800.9351,7117.832,3692.7142,16260.0457,,,,,2018,,,529.8294,0.00091413,0.00096913
SUP-0030,Agriculture Supplier 030,Agriculture,2018,21586726.87,166956017.43,22795.8982,22795.8982,3678.8105,3819.7555,14585.3566,,,,,2018,,,529.8294,0.00091413,0.00096913
SUP-0030,Agriculture Supplier 030,Agriculture,2019,24715912.81,140876629.35,20411.3029,20411.3029,2083.0355,2046.7214,16846.5933,,,,,2018,,,529.8294,0.00091413,0.00096913
SUP-0030,Agriculture Supplier 030,Agriculture,2020,25279346.94,179347848.39,22047.5687,22047.5687,4691.5942,4412.5517,13224.0917,,,,,2018,,,529.8294,0.00091413,0.00096913
SUP-0030,Agriculture Supplier 030,Agriculture,2021,22344949.67,163705926.94,23910.3597,23910.3597,6355.5603,2231.1681,14704.9675,,,,,2018,,,529.8294,0.00091413,0.00096913
SUP-0030,Agriculture Supplier 030,Agriculture,2022,26312881.37,167586065.68,25356.2077,25356.2077,2144.6946,2095.6363,20503.7029,,,,,2018,,,529.8294,0.00091413,0.00096913
SUP-0030,Agriculture Supplier 030,Agriculture,2023,29235000.05,237026566.03,22628.1895,22628.1895,3261.0174,2026.5033,17515.5349,,,,,2018,,,529.8294,0.00091413,0.00096913
SUP-0030,Agriculture Supplier 030,Agriculture,2024,33628613.81,276886307.65,26332.4931,26332.4931,5330.482,1911.2776,20152.7191,,,,,2018,,,529.8294,0.00091413,0.00096913
SUP-0031,Professional Supplier 031,Professional Services,2015,19317170.21,110942819.34,2930.2668,2930.2668,410.7166,635.4351,2078.4078,2020.0,2040.0,0.6432,0.4028,2020,,,400.0326,0.00012906,0.00019658
SUP-0031,Professional Supplier 031,Professional Services,2016,19266245.62,112543316.76,3474.0478,3474.0478,310.2074,678.6254,2551.5319,2020.0,2040.0,0.6432,0.4028,2020,,,400.0326,0.00012906,0.00019658
SUP-0031,Professional Supplier 031,Professional Services,2017,16875390.43,135504038.66,2153.5007,2153.5007,283.7012,267.6612,1510.1413,2020.0,2040.0,0.6432,0.4028,2020,,,400.0326,0.00012906,0.00019658
SUP-0031,Professional Supplier 031,Professional Services,2018,20339472.05,157885060.76,3228.8704,3228.8704,327.0737,460.9404,2662.3321,2020.0,2040.0,0.6432,0.4028,2020,,,400.0326,0.00012906,0.00019658
SUP-0031,Professional Supplier 031,Professional Services,2019,21284062.29,135008335.03,2311.1774,2311.1774,409.3161,301.5696,1812.2925,2020.0,2040.0,0.6432,0.4028,2020,,,400.0326,0.00012906,0.00019658
SUP-0031,Professional Supplier 031,Professional Services,2020,21532513.74,174133853.96,2893.9504,2893.9504,471.6932,520.3762,1842.0945,2020.0,2040.0,0.6432,0.4028,2020,,,400.0326,0.00012906,0.00019658
SUP-0031,Professional Supplier 031,Professional Services,2021,20538051.38,145587037.59,2562.341,2562.341,308.5521,479.9229,2137.9727,2020.0,2040.0,0.6432,0.4028,2020,,,400.0326,0.00012906,0.00019658
SUP-0031,Professional Supplier 031,Professional Services,2022,23747402.88,150202222.04,3304.5571,3304.5571,364.0911,640.8466,2471.0143,2020.0,2040.0,0.6432,0.4028,2020,,,400.0326,0.00012906,0.00019658
SUP-0031,Professional Supplier 031,Professional Services,2023,24871423.81,201926004.81,3163.5607,3163.5607,557.9772,630.3502,1983.0895,2020.0,2040.0,0.6432,0.4028,2020,,,400.0326,0.00012906,0.00019658
SUP-0031,Professional Supplier 031,Professional Services,2024,26096563.11,215871245.21,2967.1823,2967.1823,739.4444,330.6118,1931.7399,2020.0,2040.0,0.6432,0.4028,2020,,,400.0326,0.00012906,0.00019658
SUP-0032,Agriculture Supplier 032,Agriculture,2015,21233122.08,52704414.57,27660.6991,27660.6991,4343.6234,4542.7692,18128.3492,2018.0,2035.0,0.4241,0.1876,2018,,,529.8294,0.00091413,0.00096913
SUP-0032,Agriculture Supplier 032,Agriculture,2016,19120072.99,44016153.21,22514.7375,22514.7375,2886.8334,1743.3124,19238.8606,2018.0,2035.0,0.4241,0.1876,2018,,,529.8294,0.00091413,0.00096913
SUP-0032,Agriculture Supplier 032,Agriculture,2017,20067334.8,57264940.05,18974.1113,18974.1113,5530.6047,4048.2394,9846.3678,2018.0,2035.0,0.4241,0.1876,2018,,,529.8294,0.00091413,0.00096913
SUP-0032,Agriculture Supplier 032,Agriculture,2018,22016588.31,41513083.64,21808.8858,21808.8858,3740.4149,1856.2762,15225.0924,2018.0,2035.0,0.4241,0.1876,2018,,,529.8294,0.00091413,0.00096913
SUP-0032,Agriculture Supplier 032,Agriculture,2019,26354693.52,51671935.58,33025.3747,33025.3747,3002.5849,2764.6497,27898.783,2018.0,2035.0,0.4241,0.1876,2018,,,529.8294,0.00091413,0.00096913
SUP-0032,Agriculture Supplier 032,Agriculture,2020,21719749.37,37044997.79,20983.841,20983.841,2464.0849,2940.1945,15064.6983,2018.0,2035.0,0.4241,0.1876,2018,,,529.8294,0.00091413,0.00096913
SUP-0032,Agriculture Supplier 032,Agriculture,2021,26657829.0,50623394.95,25869.0855,25869.0855,2595.008,3531.5972,20484.6702,2018.0,2035.0,0.4241,0.1876,2018,,,529.8294,0.00091413,0.00096913
SUP-0032,Agriculture Supplier 032,Agriculture,2022,31242811.43,65014914.54,27557.6547,27557.6547,4811.5877,2244.7932,20114.3144,2018.0,2035.0,0.4241,0.1876,2018,,,529.8294,0.00091413,0.00096913
SUP-0032,Agriculture Supplier 032,Agriculture,2023,26370598.13,56102092.16,27694.9338,27694.9338,3804.0961,3620.9945,20153.5367,2018.0,2035.0,0.4241,0.1876,2018,,,529.8294,0.00091413,0.00096913
SUP-0032,Agriculture Supplier 032,Agriculture,2024,29658352.82,54901393.73,34656.8022,34656.8022,7131.6436,5510.1683,20443.4335,2018.0,2035.0,0.4241,0.1876,2018,,,529.8294,0.00091413,0.00096913
SUP-0033,Metals Supplier 033,Metals,2015,15998310.87,89254633.77,9065.9326,9065.9326,2079.8164,806.274,6325.0081,2021.0,2030.0,0.3204,0.1259,2019,2030.0,0.3852,158.2904,0.00100695,0.00065008
SUP-0033,Metals Supplier 033,Metals,2016,13720608.69,74581272.39,11244.0091,11244.0091,2254.7139,1569.8402,7894.4241,2021.0,2030.0,0.3204,0.1259,2019,2030.0,0.3852,158.2904,0.00100695,0.00065008
SUP-0033,Metals Supplier 033,Metals,2017,15549179.27,73634595.66,10732.473,10732.473,1075.6427,1555.5003,7426.8225,2021.0,2030.0,0.3204,0.1259,2019,2030.0,0.3852,158.2904,0.00100695,0.00065008
SUP-0033,Metals Supplier 033,Metals,2018,17303283.72,83890023.86,11595.7144,11595.7144,2030.6753,1070.8501,9078.3561,2021.0,2030.0,0.3204,0.1259,2019,2030.0,0.3852,158.2904,0.00100695,0.00065008
SUP-0033,Metals Supplier 033,Metals,2019,16336880.54,72219573.26,12102.1724,12102.1724,2834.8484,1321.075,8195.859,2021.0,2030.0,0.3204,0.1259,2019,2030.0,0.3852,158.2904,0.00100695,0.00065008
SUP-0033,Metals Supplier 033,Metals,2020,16537249.98,102216500.22,12522.7846,12522.7846,2862.5934,1060.2234,7682.4781,2021.0,2030.0,0.3204,0.1259,2019,2030.0,0.3852,158.2904,0.00100695,0.00065008
SUP-0033,Metals Supplier 033,Metals,2021,17348753.3,101167181.7,13883.0935,13883.0935,2520.0288,1425.7247,9267.3525,2021.0,2030.0,0.3204,0.1259,2019,2030.0,0.3852,158.2904,0.00100695,0.00065008
SUP-0033,Metals Supplier 033,Metals,2022,17927363.41,108130446.51,13167.4154,13167.4154,3305.3177,1986.6977,8424.434,2021.0,2030.0,0.3204,0.1259,2019,2030.0,0.3852,158.2904,0.00100695,0.00065008
SUP-0033,Metals Supplier 033,Metals,2023,16980651.57,77564386.36,12985.5048,12985.5048,3144.9567,1521.4671,8014.7075,2021.0,2030.0,0.3204,0.1259,2019,2030.0,0.3852,158.2904,0.00100695,0.00065008
SUP-0033,Metals Supplier 033,Metals,2024,18958013.92,104451745.12,12244.2507,12244.2507,2156.3568,1832.355,8994.9452,2021.0,2030.0,0.3204,0.1259,2019,2030.0,0.3852,158.2904,0.00100695,0.00065008
SUP-0034,Logistics Supplier 034,Logistics,2015,19040237.78,116344496.25,4392.4433,4392.4433,946.421,570.6712,2859.2036,2020.0,2035.0,0.5058,0.1853,2019,2040.0,0.4616,591.6386,0.00022349,0.00047787
SUP-0034,Logistics Supplier 034,Logistics,2016,18730497.43,134779633.06,3728.3764,3728.3764,460.276,524.8778,2743.4851,2020.0,2035.0,0.5058,0.1853,2019,2040.0,0.4616,591.6386,0.00022349,0.00047787
SUP-0034,Logistics Supplier 034,Logistics,2017,18651982.3,115338466.91,3933.1381,3933.1381,670.0202,787.9194,2419.0406,2020.0,2035.0,0.5058,0.1853,2019,2040.0,0.4616,591.6386,0.00022349,0.00047787
SUP-0034,Logistics Supplier 034,Logistics,2018,21359791.0,139172350.84,4662.97,4662.97,1232.3042,815.4778,2539.8581,2020.0,2035.0,0.5058,0.1853,2019,2040.0,0.4616,591.6386,0.00022349,0.00047787
SUP-0034,Logistics Supplier 034,Logistics,2019,23971015.81,144845903.44,4914.8181,4914.8181,817.2832,358.0742,3703.9821,2020.0,2035.0,0.5058,0.1853,2019,2040.0,0.4616,591.6386,0.00022349,0.00047787
SUP-0034,Logistics Supplier 034,Logistics,2020,21903922.36,141624239.49,4701.9081,4701.9081,456.582,382.2548,3719.8328,2020.0,2035.0,0.5058,0.1853,2019,2040.0,0.4616,591.6386,0.00022349,0.00047787
SUP-0034,Logistics Supplier 034,Logistics,2021,22626505.43,156101402.75,4573.2377,4573.2377,556.7282,836.2675,3427.5821,2020.0,2035.0,0.5058,0.1853,2019,2040.0,0.4616,591.6386,0.00022349,0.00047787
SUP-0034,Logistics Supplier 034,Logistics,2022,21227341.45,150195708.14,4206.7626,4206.7626,917.9058,389.4106,2917.875,2020.0,2035.0,0.5058,0.1853,2019,2040.0,0.4616,591.6386,0.00022349,0.00047787
SUP-0034,Logistics Supplier 034,Logistics,2023,25015123.0,128014940.86,5725.9683,5725.9683,768.2855,1343.4971,3917.818,2020.0,2035.0,0.5058,0.1853,2019,2040.0,0.4616,591.6386,0.00022349,0.00047787
SUP-0034,Logistics Supplier 034,Logistics,2024,23627672.7,232879500.3,5611.4786,5611.4786,1260.2179,1088.3227,3411.1148,2020.0,2035.0,0.5058,0.1853,2019,2040.0,0.4616,591.6386,0.00022349,0.00047787
SUP-0035,Electronics Supplier 035,Electronics,2015,20426576.37,29719573.98,15579.0932,15579.0932,1487.9583,1025.6585,14068.6648,,,,,2018,2040.0,0.3424,635.1588,0.00086105,0.00013947
SUP-0035,Electronics Supplier 035,Electronics,2016,23350603.06,27122763.25,13632.7323,13632.7323,2644.2224,1826.6625,9716.9769,,,,,2018,2040.0,0.3424,635.1588,0.00086105,0.00013947
SUP-0035,Electronics Supplier 035,Electronics,2017,23307823.73,33029634.55,17985.2621,17985.2621,4280.532,1750.6265,10109.8351,,,,,2018,2040.0,0.3424,635.1588,0.00086105,0.00013947
SUP-0035,Electronics Supplier 035,Electronics,2018,26701967.63,36593994.79,16404.932,16404.932,2170.3317,3836.6665,11433.891,,,,,2018,2040.0,0.3424,635.1588,0.00086105,0.00013947
SUP-0035,Electronics Supplier 035,Electronics,2019,25753136.25,42253712.21,14844.4018,14844.4018,2641.7558,1869.4547,9134.1656,,,,,2018,2040.0,0.3424,635.1588,0.00086105,0.00013947
SUP-0035,Electronics Supplier 035,Electronics,2020,28833132.26,45408884.99,20737.6211,20737.6211,3106.5285,4426.0465,13580.7388,,,,,2018,2040.0,0.3424,635.1588,0.00086105,0.00013947
SUP-0035,Electronics Supplier 035,Electronics,2021,34847084.65,47945803.11,22649.7767,22649.7767,6253.7056,2985.4723,16343.7594,,,,,2018,2040.0,0.3424,635.1588,0.00086105,0.00013947
SUP-0035,Electronics Supplier 035,Electronics,2022,34575726.32,44434364.37,28742.1347,28742.1347,6983.7158,5758.6912,14394.765,,,,,2018,2040.0,0.3424,635.1588,0.00086105,0.00013947
SUP-0035,Electronics Supplier 035,Electronics,2023,37374355.39,59684531.11,23457.212,23457.212,4411.8808,4474.7196,14707.6603,,,,,2018,2040.0,0.3424,635.1588,0.00086105,0.00013947
SUP-0035,Electronics Supplier 035,Electronics,2024,37936357.49,56187941.98,23190.5906,23190.5906,2894.491,1752.3803,20630.1494,,,,,2018,2040.0,0.3424,635.1588,0.00086105,0.00013947
SUP-0036,Metals Supplier 036,Metals,2015,24368084.07,88285614.35,25179.2865,25179.2865,4152.5543,3621.8613,16306.7958,,,,,2019,2030.0,0.3852,158.2904,0.00100695,0.00065008
SUP-0036,Metals Supplier 036,Metals,2016,22652589.85,75100329.91,24303.2188,24303.2188,5480.9391,2303.2119,16758.5659,,,,,2019,2030.0,0.3852,158.2904,0.00100695,0.00065008
SUP-0036,Metals Supplier 036,Metals,2017,29714076.72,64907094.59,33493.2358,33493.2358,4975.9332,2789.9629,25550.1548,,,,,2019,2030.0,0.3852,158.2904,0.00100695,0.00065008
SUP-0036,Metals Supplier 036,Metals,2018,27281053.86,82293932.27,26820.766,26820.766,2956.7645,4514.6711,17317.0166,,,,,2019,2030.0,0.3852,158.2904,0.00100695,0.00065008
SUP-0036,Metals Supplier 036,Metals,2019,28887085.92,111487077.53,27330.5972,27330.5972,7115.3826,3263.985,17656.3126,,,,,2019,2030.0,0.3852,158.2904,0.00100695,0.00065008
SUP-0036,Metals Supplier 036,Metals,2020,32544400.79,88514071.46,31985.6767,31985.6767,2748.2383,2043.5515,28023.4533,,,,,2019,2030.0,0.3852,158.2904,0.00100695,0.00065008
SUP-0036,Metals Supplier 036,Metals,2021,31664310.52,156965170.98,26847.8444,26847.8444,2787.655,2650.4833,21151.2494,,,,,2019,2030.0,0.3852,158.2904,0.00100695,0.00065008
SUP-0036,Metals Supplier 036,Metals,2022,40796629.49,87260708.13,48555.4925,48555.4925,6013.6001,5233.5693,36592.9927,,,,,2019,2030.0,0.3852,158.2904,0.00100695,0.00065008
SUP-0036,Metals Supplier 036,Metals,2023,31525041.92,140223185.18,31686.4932,31686.4932,5605.4586,4513.6403,19574.5066,,,,,2019,2030.0,0.3852,158.2904,0.00100695,0.00065008
SUP-0036,Metals Supplier 036,Metals,2024,39253784.89,132900679.86,38687.7856,38687.7856,7578.5332,2713.8883,28678.0905,,,,,2019,2030.0,0.3852,158.2904,0.00100695,0.00065008
SUP-0037,Agriculture Supplier 037,Agriculture,2015,26116905.2,60512632.69,19288.7383,19288.7383,3598.9607,1176.2689,12595.3642,2019.0,2035.0,0.5499,0.2996,2018,,,529.8294,0.00091413,0.00096913
SUP-0037,Agriculture Supplier 037,Agriculture,2016,19764864.23,49671299.67,12892.9693,12892.9693,3341.1667,1320.2082,8920.372,2019.0,2035.0,0.5499,0.2996,2018,,,529.8294,0.00091413,0.00096913
SUP-0037,Agriculture Supplier 037,Agriculture,2017,23026753.15,57163834.99,15694.1764,15694.1764,4575.1358,1305.6075,10150.0166,2019.0,2035.0,0.5499,0.2996,2018,,,529.8294,0.00091413,0.00096913
SUP-0037,Agriculture Supplier 037,Agriculture,2018,23979567.75,53859911.45,15333.6731,15333.6731,2935.9349,1903.1483,9372.9184,2019.0,2035.0,0.5499,0.2996,2018,,,529.8294,0.00091413,0.00096913
SUP-0037,Agriculture Supplier 037,Agriculture,2019,25634907.46,53390725.31,15786.4995,15786.4995,4336.4911,1289.0667,11065.847,2019.0,2035.0,0.5499,0.2996,2018,,,529.8294,0.00091413,0.00096913
SUP-0037,Agriculture Supplier 037,Agriculture,2020,21437252.97,62480378.18,12897.518,12897.518,3221.3761,2661.1949,7229.7551,2019.0,2035.0,0.5499,0.2996,2018,,,529.8294,0.00091413,0.00096913
SUP-0037,Agriculture Supplier 037,Agriculture,2021,24128271.05,51164195.79,11774.29,11774.29,2441.0935,1510.5457,7684.4666,2019.0,2035.0,0.5499,0.2996,2018,,,529.8294,0.00091413,0.00096913
SUP-0037,Agriculture Supplier 037,Agriculture,2022,24100987.37,67850346.78,14167.6272,14167.6272,2665.7679,1614.6304,10393.0162,2019.0,2035.0,0.5499,0.2996,2018,,,529.8294,0.00091413,0.00096913
SUP-0037,Agriculture Supplier 037,Agriculture,2023,20415046.49,58791720.77,11224.2775,11224.2775,2321.5002,1096.965,7258.3922,2019.0,2035.0,0.5499,0.2996,2018,,,529.8294,0.00091413,0.00096913
SUP-0037,Agriculture Supplier 037,Agriculture,2024,26483300.15,57053590.24,13051.2434,13051.2434,3284.9472,1144.4694,9280.3227,2019.0,2035.0,0.5499,0.2996,2018,,,529.8294,0.00091413,0.00096913
SUP-0038,Agriculture Supplier 038,Agriculture,2015,14805212.08,43650389.3,22876.7359,22876.7359,4009.5025,1612.1863,16396.6582,2020.0,2040.0,0.6816,0.3985,2018,,,529.8294,0.00091413,0.00096913
SUP-0038,Agriculture Supplier 038,Agriculture,2016,14556064.61,47065155.38,18967.999,18967.999,3818.1455,3946.1347,10654.0138,2020.0,2040.0,0.6816,0.3985,2018,,,529.8294,0.00091413,0.00096913
SUP-0038,Agriculture Supplier 038,Agriculture,2017,16152451.03,41968027.5,17865.2611,17865.2611,2482.0328,2155.3696,12085.4284,2020.0,2040.0,0.6816,0.3985,2018,,,529.8294,0.00091413,0.00096913
SUP-0038,Agriculture Supplier 038,Agriculture,2018,12343138.76,50074962.88,11879.9428,11879.9428,1308.9805,2720.1646,8168.2955,2020.0,2040.0,0.6816,0.3985,2018,,,529.8294,0.00091413,0.00096913
SUP-0038,Agriculture Supplier 038,Agriculture,2019,13573368.1,47407340.83,18076.5701,18076.5701,3185.1768,2658.9788,12535.1354,2020.0,2040.0,0.6816,0.3985,2018,,,529.8294,0.00091413,0.00096913
SUP-0038,Agriculture Supplier 038,Agriculture,2020,12559955.47,40375714.69,13839.7149,13839.7149,1848.357,1860.1332,10509.9595,2020.0,2040.0,0.6816,0.3985,2018,,,529.8294,0.00091413,0.00096913
SUP-0038,Agriculture Supplier 038,Agriculture,2021,14562351.39,54781787.14,19234.0241,19234.0241,2444.2313,1177.2597,16645.5067,2020.0,2040.0,0.6816,0.3985,2018,,,529.8294,0.00091413,0.00096913
SUP-0038,Agriculture Supplier 038,Agriculture,2022,14570276.25,50887522.7,12777.9916,12777.9916,3164.9433,2201.0522,7417.6339,2020.0,2040.0,0.6816,0.3985,2018,,,529.8294,0.00091413,0.00096913
SUP-0038,Agriculture Supplier 038,Agriculture,2023,14350857.76,37362785.44,15025.2831,15025.2831,4021.3266,1954.4517,8918.0563,2020.0,2040.0,0.6816,0.3985,2018,,,529.8294,0.00091413,0.00096913
SUP-0038,Agriculture Supplier 038,Agriculture,2024,13831452.9,33834276.85,16071.1844,16071.1844,2142.4139,2355.7957,10997.5378,2020.0,2040.0,0.6816,0.3985,2018,,,529.8294,0.00091413,0.00096913
SUP-0039,Electronics Supplier 039,Electronics,2015,22650957.54,184179008.14,14435.294,14435.294,2403.3883,1418.1893,10054.5759,,,,,2018,2040.0,0.3424,635.1588,0.00086105,0.00013947
SUP-0039,Electronics Supplier 039,Electronics,2016,25617368.06,172986219.1,16355.3013,16355.3013,4026.2406,1991.5224,9372.7206,,,,,2018,2040.0,0.3424,635.1588,0.00086105,0.00013947
SUP-0039,Electronics Supplier 039,Electronics,2017,24068630.98,205583351.0,14583.1756,14583.1756,3922.5515,2318.3639,8766.1918,,,,,2018,2040.0,0.3424,635.1588,0.00086105,0.00013947
SUP-0039,Electronics Supplier 039,Electronics,2018,27320540.01,199240719.61,15897.3007,15897.3007,2879.5923,1035.1758,10725.5987,,,,,2018,2040.0,0.3424,635.1588,0.00086105,0.00013947
SUP-0039,Electronics Supplier 039,Electronics,2019,26276313.59,197886759.44,15946.8821,15946.8821,2200.6736,3340.5853,10303.653,,,,,2018,2040.0,0.3424,635.1588,0.00086105,0.00013947
SUP-0039,Electronics Supplier 039,Electronics,2020,31447738.13,273596282.03,15049.2047,15049.2047,2156.2719,1111.5808,12033.9607,,,,,2018,2040.0,0.3424,635.1588,0.00086105,0.00013947
SUP-0039,Electronics Supplier 039,Electronics,2021,28311716.4,230571342.34,11094.521,11094.521,1979.1161,2321.1854,7321.18,,,,,2018,2040.0,0.3424,635.1588,0.00086105,0.00013947
SUP-0039,Electronics Supplier 039,Electronics,2022,33119650.09,288421301.75,13987.645,13987.645,2453.8536,1738.5436,8999.0386,,,,,2018,2040.0,0.3424,635.1588,0.00086105,0.00013947
SUP-0039,Electronics Supplier 039,Electronics,2023,33938557.54,299261997.25,14383.9625,14383.9625,2424.848,864.5204,10685.8285,,,,,2018,2040.0,0.3424,635.1588,0.00086105,0.00013947
SUP-0039,Electronics Supplier 039,Electronics,2024,35278962.72,405077060.74,16018.6447,16018.6447,3392.6745,3419.1994,8856.7769,,,,,2018,2040.0,0.3424,635.1588,0.00086105,0.00013947
SUP-0040,Chemicals Supplier 040,Chemicals,2015,11424841.09,14458845.2,11264.6652,11264.6652,2698.7832,1512.3675,7420.4093,2021.0,2030.0,0.5251,0.198,2019,2035.0,0.5229,506.3191,0.00100149,0.00047124
SUP-0040,Chemicals Supplier 040,Chemicals,2016,13190016.41,16231509.7,13241.8661,13241.8661,2464.3975,1831.6121,8606.4121,2021.0,2030.0,0.5251,0.198,2019,2035.0,0.5229,506.3191,0.00100149,0.00047124
SUP-0040,Chemicals Supplier 040,Chemicals,2017,15787871.57,19234824.66,14987.5645,14987.5645,2829.9778,2625.2758,9523.5132,2021.0,2030.0,0.5251,0.198,2019,2035.0,0.5229,506.3191,0.00100149,0.00047124
SUP-0040,Chemicals Supplier 040,Chemicals,2018,14746032.18,21785847.7,13528.4989,13528.4989,3332.1144,1990.7531,7999.6083,2021.0,2030.0,0.5251,0.198,2019,2035.0,0.5229,506.3191,0.00100149,0.00047124
SUP-0040,Chemicals Supplier 040,Chemicals,2019,17490787.51,22700073.16,9662.1486,9662.1486,1076.8015,1978.3181,6964.0702,2021.0,2030.0,0.5251,0.198,2019,2035.0,0.5229,506.3191,0.00100149,0.00047124
SUP-0040,Chemicals Supplier 040,Chemicals,2020,19026902.13,22092739.25,14936.3589,14936.3589,3380.917,1406.0565,10369.7662,2021.0,2030.0,0.5251,0.198,2019,2035.0,0.5229,506.3191,0.00100149,0.00047124
SUP-0040,Chemicals Supplier 040,Chemicals,2021,21423382.26,29552904.18,17446.7882,17446.7882,2293.5919,2372.2836,12344.5689,2021.0,2030.0,0.5251,0.198,2019,2035.0,0.5229,506.3191,0.00100149,0.00047124
SUP-0040,Chemicals Supplier 040,Chemicals,2022,19983519.06,21165542.09,17956.435,17956.435,3534.9444,2430.6324,11619.8125,2021.0,2030.0,0.5251,0.198,2019,2035.0,0.5229,506.3191,0.00100149,0.00047124
SUP-0040,Chemicals Supplier 040,Chemicals,2023,21795603.47,34126814.4,17106.3288,17106.3288,2850.698,1549.4607,13746.1698,2021.0,2030.0,0.5251,0.198,2019,2035.0,0.5229,506.3191,0.00100149,0.00047124
SUP-0040,Chemicals Supplier 040,Chemicals,2024,22590970.07,47688275.49,18835.0754,18835.0754,5073.7738,1792.4488,11346.0114,2021.0,2030.0,0.5251,0.198,2019,2035.0,0.5229,506.3191,0.00100149,0.00047124
SUP-0041,Logistics Supplier 041,Logistics,2015,11277527.31,33719350.22,2495.9222,2495.9222,595.4793,430.4402,1708.6045,,,,,2019,2040.0,0.4616,591.6386,0.00022349,0.00047787
SUP-0041,Logistics Supplier 041,Logistics,2016,13792155.25,33211946.35,3547.7566,3547.7566,526.2093,665.6977,2326.1188,,,,,2019,2040.0,0.4616,591.6386,0.00022349,0.00047787
SUP-0041,Logistics Supplier 041,Logistics,2017,14010710.24,42740341.28,2874.6782,2874.6782,346.8674,387.7503,2115.0376,,,,,2019,2040.0,0.4616,591.6386,0.00022349,0.00047787
SUP-0041,Logistics Supplier 041,Logistics,2018,15080949.51,40421428.59,3136.9314,3136.9314,486.2391,572.1697,2057.6565,,,,,2019,2040.0,0.4616,591.6386,0.00022349,0.00047787
SUP-0041,Logistics Supplier 041,Logistics,2019,18171425.7,40279028.71,3737.9405,3737.9405,779.5288,759.2517,2291.4522,,,,,2019,2040.0,0.4616,591.6386,0.00022349,0.00047787
SUP-0041,Logistics Supplier 041,Logistics,2020,15982998.8,37725677.98,2476.727,2476.727,599.9384,251.824,1615.7135,,,,,2019,2040.0,0.4616,591.6386,0.00022349,0.00047787
SUP-0041,Logistics Supplier 041,Logistics,2021,16531779.01,41941439.59,2968.465,2968.465,472.1326,326.1694,2211.8291,,,,,2019,2040.0,0.4616,591.6386,0.00022349,0.00047787
SUP-0041,Logistics Supplier 041,Logistics,2022,23599832.14,45575736.53,3762.9818,3762.9818,682.039,369.1733,2929.2337,,,,,2019,2040.0,0.4616,591.6386,0.00022349,0.00047787
SUP-0041,Logistics Supplier 041,Logistics,2023,23012828.57,69659424.63,3297.5734,3297.5734,708.1897,332.9773,2440.9124,,,,,2019,2040.0,0.4616,591.6386,0.00022349,0.00047787
SUP-0041,Logistics Supplier 041,Logistics,2024,20979153.39,59913976.27,2891.8692,2891.8692,341.8479,406.456,2146.4991,,,,,2019,2040.0,0.4616,591.6386,0.00022349,0.00047787
SUP-0042,Chemicals Supplier 042,Chemicals,2015,21653769.03,44041080.72,16898.105,16898.105,3055.9754,1532.7919,11913.2183,,,,,2019,2035.0,0.5229,506.3191,0.00100149,0.00047124
SUP-0042,Chemicals Supplier 042,Chemicals,2016,21615919.12,47985076.7,14140.3076,14140.3076,3343.408,2718.0585,7897.0747,,,,,2019,2035.0,0.5229,506.3191,0.00100149,0.00047124
SUP-0042,Chemicals Supplier 042,Chemicals,2017,18544086.13,46147953.08,11632.1648,11632.1648,2931.0438,755.6316,8187.4031,,,,,2019,2035.0,0.5229,506.3191,0.00100149,0.00047124
SUP-0042,Chemicals Supplier 042,Chemicals,2018,20463032.99,45606723.6,14480.3407,14480.3407,1535.0212,1472.1991,10340.4931,,,,,2019,2035.0,0.5229,506.3191,0.00100149,0.00047124
SUP-0042,Chemicals Supplier 042,Chemicals,2019,21557766.35,62443157.58,13759.2291,13759.2291,2443.9398,2145.6407,9589.8924,,,,,2019,2035.0,0.5229,506.3191,0.00100149,0.00047124
SUP-0042,Chemicals Supplier 042,Chemicals,2020,18619708.21,56226290.16,9905.5977,9905.5977,1025.4695,975.0033,7143.5349,,,,,2019,2035.0,0.5229,506.3191,0.00100149,0.00047124
SUP-0042,Chemicals Supplier 042,Chemicals,2021,22605340.78,60823129.34,14446.426,14446.426,1980.0588,1670.7068,9915.3993,,,,,2019,2035.0,0.5229,506.3191,0.00100149,0.00047124
SUP-0042,Chemicals Supplier 042,Chemicals,2022,18660099.56,58147530.89,8600.5115,8600.5115,1692.3969,1068.1161,5680.9662,,,,,2019,2035.0,0.5229,506.3191,0.00100149,0.00047124
SUP-0042,Chemicals Supplier 042,Chemicals,2023,20953123.85,50908907.99,10498.3251,10498.3251,2569.1608,1136.1683,6938.2186,,,,,2019,2035.0,0.5229,506.3191,0.00100149,0.00047124
SUP-0042,Chemicals Supplier 042,Chemicals,2024,24573334.82,65294304.22,10825.417,10825.417,1403.0164,716.2825,8123.7014,,,,,2019,2035.0,0.5229,506.3191,0.00100149,0.00047124
SUP-0043,Logistics Supplier 043,Logistics,2015,6979137.95,31806367.62,2141.4227,2141.4227,443.5348,395.8466,1299.3501,2018.0,2035.0,0.543,0.1921,2019,2040.0,0.4616,591.6386,0.00022349,0.00047787
SUP-0043,Logistics Supplier 043,Logistics,2016,6836695.02,35230997.21,2073.7041,2073.7041,341.9225,184.8141,1497.266,2018.0,2035.0,0.543,0.1921,2019,2040.0,0.4616,591.6386,0.00022349,0.00047787
SUP-0043,Logistics Supplier 043,Logistics,2017,6362319.89,37687342.87,1783.2094,1783.2094,159.4329,171.046,1540.8793,2018.0,2035.0,0.543,0.1921,2019,2040.0,0.4616,591.6386,0.00022349,0.00047787
SUP-0043,Logistics Supplier 043,Logistics,2018,6877171.09,31981094.54,1838.8543,1838.8543,308.8531,365.6906,1028.215,2018.0,2035.0,0.543,0.1921,2019,2040.0,0.4616,591.6386,0.00022349,0.00047787
SUP-0043,Logistics Supplier 043,Logistics,2019,7743140.6,35368571.44,2269.6418,2269.6418,438.6873,286.4922,1467.4228,2018.0,2035.0,0.543,0.1921,2019,2040.0,0.4616,591.6386,0.00022349,0.00047787
SUP-0043,Logistics Supplier 043,Logistics,2020,7181848.3,25362502.82,1411.0765,1411.0765,301.4112,104.8701,936.6015,2018.0,2035.0,0.543,0.1921,2019,2040.0,0.4616,591.6386,0.00022349,0.00047787
SUP-0043,Logistics Supplier 043,Logistics,2021,6988519.31,38575932.01,1570.1411,1570.1411,125.7443,217.9945,1223.2958,2018.0,2035.0,0.543,0.1921,2019,2040.0,0.4616,591.6386,0.00022349,0.00047787
SUP-0043,Logistics Supplier 043,Logistics,2022,7280627.4,26109678.44,1774.2446,1774.2446,294.8017,352.9167,1012.1643,2018.0,2035.0,0.543,0.1921,2019,2040.0,0.4616,591.6386,0.00022349,0.00047787
SUP-0043,Logistics Supplier 043,Logistics,2023,6751046.32,36607602.47,1469.3987,1469.3987,227.7673,273.3214,1038.884,2018.0,2035.0,0.543,0.1921,2019,2040.0,0.4616,591.6386,0.00022349,0.00047787
SUP-0043,Logistics Supplier 043,Logistics,2024,6370904.51,28178717.84,1506.1183,1506.1183,359.6559,97.6424,882.8898,2018.0,2035.0,0.543,0.1921,2019,2040.0,0.4616,591.6386,0.00022349,0.00047787
SUP-0044,Chemicals Supplier 044,Chemicals,2015,24749052.33,110885225.08,22198.8814,22198.8814,2317.7182,1748.053,18186.0038,,,,,2019,2035.0,0.5229,506.3191,0.00100149,0.00047124
SUP-0044,Chemicals Supplier 044,Chemicals,2016,24777044.3,87102990.88,26047.9002,26047.9002,3911.4301,3050.9837,17865.5298,,,,,2019,2035.0,0.5229,506.3191,0.00100149,0.00047124
SUP-0044,Chemicals Supplier 044,Chemicals,2017,24986174.37,93739735.89,22974.5445,22974.5445,3170.0312,2364.2391,17710.175,,,,,2019,2035.0,0.5229,506.3191,0.00100149,0.00047124
SUP-0044,Chemicals Supplier 044,Chemicals,2018,24744637.84,117457459.06,25813.0038,25813.0038,3473.803,4978.8608,17197.4031,,,,,2019,2035.0,0.5229,506.3191,0.00100149,0.00047124
SUP-0044,Chemicals Supplier 044,Chemicals,2019,24987738.46,99683633.99,22576.4717,22576.4717,2454.834,4811.2581,17174.9722,,,,,2019,2035.0,0.5229,506.3191,0.00100149,0.00047124
SUP-0044,Chemicals Supplier 044,Chemicals,2020,27664349.08,92797885.11,29799.8593,29799.8593,7096.3223,5743.3408,16839.7499,,,,,2019,2035.0,0.5229,506.3191,0.00100149,0.00047124
SUP-0044,Chemicals Supplier 044,Chemicals,2021,23629010.18,96958904.06,22270.1115,22270.1115,6121.4688,2920.3443,13989.317,,,,,2019,2035.0,0.5229,506.3191,0.00100149,0.00047124
SUP-0044,Chemicals Supplier 044,Chemicals,2022,21470361.04,84429917.16,27769.2314,27769.2314,6460.9563,4226.5764,14467.1514,,,,,2019,2035.0,0.5229,506.3191,0.00100149,0.00047124
SUP-0044,Chemicals Supplier 044,Chemicals,2023,30018481.46,117075227.4,24384.8085,24384.8085,5724.794,2891.4276,18362.0186,,,,,2019,2035.0,0.5229,506.3191,0.00100149,0.00047124
SUP-0044,Chemicals Supplier 044,Chemicals,2024,27343951.9,111608688.08,31646.3834,31646.3834,4531.7686,3731.7091,22168.0061,,,,,2019,2035.0,0.5229,506.3191,0.00100149,0.00047124
SUP-0045,Logistics Supplier 045,Logistics,2015,2211152.25,11487908.72,537.8563,537.8563,80.8023,100.6066,375.481,2019.0,2035.0,0.5906,0.2263,2019,2040.0,0.4616,591.6386,0.00022349,0.00047787
SUP-0045,Logistics Supplier 045,Logistics,2016,2374249.83,11819091.65,690.8856,690.8856,89.22,79.9152,519.5663,2019.0,2035.0,0.5906,0.2263,2019,2040.0,0.4616,591.6386,0.00022349,0.00047787
SUP-0045,Logistics Supplier 045,Logistics,2017,1839654.85,14291988.23,570.7465,570.7465,69.8939,118.1408,393.3224,2019.0,2035.0,0.5906,0.2263,2019,2040.0,0.4616,591.6386,0.00022349,0.00047787
SUP-0045,Logistics Supplier 045,Logistics,2018,1860163.98,11828497.96,690.3168,690.3168,165.0793,114.6016,403.3426,2019.0,2035.0,0.5906,0.2263,2019,2040.0,0.4616,591.6386,0.00022349,0.00047787
SUP-0045,Logistics Supplier 045,Logistics,2019,1961056.65,13413641.41,624.5126,624.5126,101.646,55.5856,505.5487,2019.0,2035.0,0.5906,0.2263,2019,2040.0,0.4616,591.6386,0.00022349,0.00047787
SUP-0045,Logistics Supplier 045,Logistics,2020,2256193.68,13291284.49,806.03,806.03,100.3044,131.8041,537.5231,2019.0,2035.0,0.5906,0.2263,2019,2040.0,0.4616,591.6386,0.00022349,0.00047787
SUP-0045,Logistics Supplier 045,Logistics,2021,2117050.4,12476552.92,656.8422,656.8422,124.3946,77.6761,474.6327,2019.0,2035.0,0.5906,0.2263,2019,2040.0,0.4616,591.6386,0.00022349,0.00047787
SUP-0045,Logistics Supplier 045,Logistics,2022,2095557.22,11531062.98,728.5343,728.5343,146.6258,61.3679,460.6891,2019.0,2035.0,0.5906,0.2263,2019,2040.0,0.4616,591.6386,0.00022349,0.00047787
SUP-0045,Logistics Supplier 045,Logistics,2023,1934122.43,7730766.31,691.4733,691.4733,83.7806,116.0563,452.9853,2019.0,2035.0,0.5906,0.2263,2019,2040.0,0.4616,591.6386,0.00022349,0.00047787
SUP-0045,Logistics Supplier 045,Logistics,2024,1698255.43,11816970.36,671.0594,671.0594,101.3782,91.246,474.1713,2019.0,2035.0,0.5906,0.2263,2019,2040.0,0.4616,591.6386,0.00022349,0.00047787
SUP-0046,Textiles Supplier 046,Textiles,2015,24029656.0,155668093.29,11348.9965,11348.9965,1082.9227,2222.7033,8010.2236,,,,,2019,2030.0,0.3171,401.7335,0.00029221,0.00017343
SUP-0046,Textiles Supplier 046,Textiles,2016,26279381.17,194126677.39,8111.7001,8111.7001,1037.1225,1527.6194,5321.8724,,,,,2019,2030.0,0.3171,401.7335,0.00029221,0.00017343
SUP-0046,Textiles Supplier 046,Textiles,2017,29996111.83,171004328.6,13190.7967,13190.7967,2379.0104,1128.5148,9628.4433,,,,,2019,2030.0,0.3171,401.7335,0.00029221,0.00017343
SUP-0046,Textiles Supplier 046,Textiles,2018,28618743.31,190142286.79,11572.7532,11572.7532,2826.0,2183.4558,6224.2889,,,,,2019,2030.0,0.3171,401.7335,0.00029221,0.00017343
SUP-0046,Textiles Supplier 046,Textiles,2019,25377883.54,210883949.18,10379.4734,10379.4734,1106.6352,999.9177,8107.3024,,,,,2019,2030.0,0.3171,401.7335,0.00029221,0.00017343
SUP-0046,Textiles Supplier 046,Textiles,2020,24694630.16,216554903.9,9019.4579,9019.4579,2292.7129,781.8221,5835.7112,,,,,2019,2030.0,0.3171,401.7335,0.00029221,0.00017343
SUP-0046,Textiles Supplier 046,Textiles,2021,29111144.35,306325725.59,10974.344,10974.344,3012.9673,1190.2566,6636.4941,,,,,2019,2030.0,0.3171,401.7335,0.00029221,0.00017343
SUP-0046,Textiles Supplier 046,Textiles,2022,31700340.94,239038969.82,12091.9374,12091.9374,2648.8736,1726.855,7009.3499,,,,,2019,2030.0,0.3171,401.7335,0.00029221,0.00017343
SUP-0046,Textiles Supplier 046,Textiles,2023,29758324.09,264275277.69,9779.3001,9779.3001,1009.9358,1391.1191,6973.3488,,,,,2019,2030.0,0.3171,401.7335,0.00029221,0.00017343
SUP-0046,Textiles Supplier 046,Textiles,2024,35669239.14,298991933.66,10245.2754,10245.2754,2575.2464,1393.8351,6178.8654,,,,,2019,2030.0,0.3171,401.7335,0.00029221,0.00017343
SUP-0047,Packaging Supplier 047,Packaging,2015,16793833.43,53492736.11,12486.143,12486.143,3665.588,2152.6369,7372.0366,2018.0,2040.0,0.3939,0.2136,2018,2040.0,0.3112,702.4188,0.0010803,0.00078946
SUP-0047,Packaging Supplier 047,Packaging,2016,14940633.02,61469681.33,11117.2313,11117.2313,1402.1528,1157.0224,7829.6058,2018.0,2040.0,0.3939,0.2136,2018,2040.0,0.3112,702.4188,0.0010803,0.00078946
SUP-0047,Packaging Supplier 047,Packaging,2017,18390725.16,56953449.62,14040.9276,14040.9276,2874.6935,1167.9628,9771.1843,2018.0,2040.0,0.3939,0.2136,2018,2040.0,0.3112,702.4188,0.0010803,0.00078946
SUP-0047,Packaging Supplier 047,Packaging,2018,17398949.92,78585153.59,11313.691,11313.691,2958.2428,1889.7384,6484.7143,2018.0,2040.0,0.3939,0.2136,2018,2040.0,0.3112,702.4188,0.0010803,0.00078946
SUP-0047,Packaging Supplier 047,Packaging,2019,19662075.48,92712221.79,11309.5815,11309.5815,1997.1922,1214.3548,7775.245,2018.0,2040.0,0.3939,0.2136,2018,2040.0,0.3112,702.4188,0.0010803,0.00078946
SUP-0047,Packaging Supplier 047,Packaging,2020,22643064.03,81515325.38,14248.534,14248.534,3701.9178,1810.7953,8485.5603,2018.0,2040.0,0.3939,0.2136,2018,2040.0,0.3112,702.4188,0.0010803,0.00078946
SUP-0047,Packaging Supplier 047,Packaging,2021,23945464.44,96609387.24,13189.7769,13189.7769,1223.3192,2178.3025,10612.0074,2018.0,2040.0,0.3939,0.2136,2018,2040.0,0.3112,702.4188,0.0010803,0.00078946
SUP-0047,Packaging Supplier 047,Packaging,2022,25873096.69,112075703.34,17222.8554,17222.8554,3151.816,3362.7772,10983.9424,2018.0,2040.0,0.3939,0.2136,2018,2040.0,0.3112,702.4188,0.0010803,0.00078946
SUP-0047,Packaging Supplier 047,Packaging,2023,23807938.47,106952017.66,12310.6203,12310.6203,2830.8121,2365.3927,7656.6617,2018.0,2040.0,0.3939,0.2136,2018,2040.0,0.3112,702.4188,0.0010803,0.00078946
SUP-0047,Packaging Supplier 047,Packaging,2024,26170616.74,101956949.16,13482.4768,13482.4768,1729.6497,2219.6431,9242.8785,2018.0,2040.0,0.3939,0.2136,2018,2040.0,0.3112,702.4188,0.0010803,0.00078946
SUP-0048,Logistics Supplier 048,Logistics,2015,18991523.37,70719744.2,4758.622,4758.622,806.2873,775.2829,3390.3402,,,,,2019,2040.0,0.4616,591.6386,0.00022349,0.00047787
SUP-0048,Logistics Supplier 048,Logistics,2016,19327115.41,64414694.97,5076.4788,5076.4788,422.0101,719.1691,3999.7012,,,,,2019,2040.0,0.4616,591.6386,0.00022349,0.00047787
SUP-0048,Logistics Supplier 048,Logistics,2017,20083432.76,65876387.87,4453.6723,4453.6723,1063.4829,514.6403,2763.0843,,,,,2019,2040.0,0.4616,591.6386,0.00022349,0.00047787
SUP-0048,Logistics Supplier 048,Logistics,2018,19371445.38,81099858.7,5632.0652,5632.0652,825.9596,493.6809,4153.8697,,,,,2019,2040.0,0.4616,591.6386,0.00022349,0.00047787
SUP-0048,Logistics Supplier 048,Logistics,2019,19151818.03,72216187.37,4602.3673,4602.3673,438.754,689.9709,3660.7472,,,,,2019,2040.0,0.4616,591.6386,0.00022349,0.00047787
SUP-0048,Logistics Supplier 048,Logistics,2020,18170142.2,69459438.14,4408.7943,4408.7943,438.3239,875.1327,3379.0135,,,,,2019,2040.0,0.4616,591.6386,0.00022349,0.00047787
SUP-0048,Logistics Supplier 048,Logistics,2021,21054115.78,79200318.71,5073.351,5073.351,1364.5192,821.9184,2688.5456,,,,,2019,2040.0,0.4616,591.6386,0.00022349,0.00047787
SUP-0048,Logistics Supplier 048,Logistics,2022,18413215.31,66540185.06,3753.2035,3753.2035,328.949,733.0292,2560.3257,,,,,2019,2040.0,0.4616,591.6386,0.00022349,0.00047787
SUP-0048,Logistics Supplier 048,Logistics,2023,19920817.69,81951394.42,4090.8603,4090.8603,853.8475,852.2911,2409.4907,,,,,2019,2040.0,0.4616,591.6386,0.00022349,0.00047787
SUP-0048,Logistics Supplier 048,Logistics,2024,19025466.64,69879977.98,3591.2892,3591.2892,889.4317,772.1653,2020.8447,,,,,2019,2040.0,0.4616,591.6386,0.00022349,0.00047787
SUP-0049,Logistics Supplier 049,Logistics,2015,25136871.49,236160019.89,3218.5116,3218.5116,687.2545,398.1012,2856.6177,2019.0,2030.0,0.236,0.1422,2019,2040.0,0.4616,591.6386,0.00022349,0.00047787
SUP-0049,Logistics Supplier 049,Logistics,2016,28381783.98,155777855.01,5120.1638,5120.1638,1121.8729,856.3129,2889.5754,2019.0,2030.0,0.236,0.1422,2019,2040.0,0.4616,591.6386,0.00022349,0.00047787
SUP-0049,Logistics Supplier 049,Logistics,2017,26166523.43,190695784.05,2751.2175,2751.2175,287.1195,587.1898,1857.0248,2019.0,2030.0,0.236,0.1422,2019,2040.0,0.4616,591.6386,0.00022349,0.00047787
SUP-0049,Logistics Supplier 049,Logistics,2018,25484078.87,191277908.29,2803.8057,2803.8057,482.4047,540.492,1702.0519,2019.0,2030.0,0.236,0.1422,2019,2040.0,0.4616,591.6386,0.00022349,0.00047787
SUP-0049,Logistics Supplier 049,Logistics,2019,26146183.5,212510828.33,3454.0256,3454.0256,570.7656,438.0112,2510.2535,2019.0,2030.0,0.236,0.1422,2019,2040.0,0.4616,591.6386,0.00022349,0.00047787
SUP-0049,Logistics Supplier 049,Logistics,2020,27304231.05,186325464.96,3603.0712,3603.0712,811.6507,496.9414,2114.5396,2019.0,2030.0,0.236,0.1422,2019,2040.0,0.4616,591.6386,0.00022349,0.00047787
SUP-0049,Logistics Supplier 049,Logistics,2021,28434249.01,206949935.98,4392.9269,4392.9269,654.5833,676.4708,2903.8948,2019.0,2030.0,0.236,0.1422,2019,2040.0,0.4616,591.6386,0.00022349,0.00047787
SUP-0049,Logistics Supplier 049,Logistics,2022,25108682.31,276868795.36,2712.7996,2712.7996,670.0629,491.776,1650.4128,2019.0,2030.0,0.236,0.1422,2019,2040.0,0.4616,591.6386,0.00022349,0.00047787
SUP-0049,Logistics Supplier 049,Logistics,2023,23417466.6,198140798.34,2983.1812,2983.1812,340.5265,355.2558,2296.5185,2019.0,2030.0,0.236,0.1422,2019,2040.0,0.4616,591.6386,0.00022349,0.00047787
SUP-0049,Logistics Supplier 049,Logistics,2024,26134542.66,253220040.05,1693.5044,1693.5044,390.5338,375.4377,937.9883,2019.0,2030.0,0.236,0.1422,2019,2040.0,0.4616,591.6386,0.00022349,0.00047787
SUP-0050,Electronics Supplier 050,Electronics,2015,20795137.9,107954875.96,15925.9302,15925.9302,3110.3208,1597.6165,10159.6303,,,,,2018,2040.0,0.3424,635.1588,0.00086105,0.00013947
SUP-0050,Electronics Supplier 050,Electronics,2016,20724332.35,89854433.57,20295.228,20295.228,2319.8601,2768.2121,15388.3294,,,,,2018,2040.0,0.3424,635.1588,0.00086105,0.00013947
SUP-0050,Electronics Supplier 050,Electronics,2017,22994668.96,127677953.89,16936.6704,16936.6704,2882.6136,1094.3562,12355.7846,,,,,2018,2040.0,0.3424,635.1588,0.00086105,0.00013947
SUP-0050,Electronics Supplier 050,Electronics,2018,21284640.41,129930148.54,16724.4073,16724.4073,1315.1911,3386.7716,12721.8956,,,,,2018,2040.0,0.3424,635.1588,0.00086105,0.00013947
SUP-0050,Electronics Supplier 050,Electronics,2019,23058301.52,143937983.25,19288.0011,19288.0011,3358.5902,4026.092,12313.081,,,,,2018,2040.0,0.3424,635.1588,0.00086105,0.00013947
SUP-0050,Electronics Supplier 050,Electronics,2020,29576501.84,147250481.16,25275.0346,25275.0346,3460.77,4081.5543,18020.0502,,,,,2018,2040.0,0.3424,635.1588,0.00086105,0.00013947
SUP-0050,Electronics Supplier 050,Electronics,2021,25368133.72,150731172.92,23312.1615,23312.1615,4751.8979,2136.6492,17116.2143,,,,,2018,2040.0,0.3424,635.1588,0.00086105,0.00013947
SUP-0050,Electronics Supplier 050,Electronics,2022,24314180.13,167414534.24,27783.6172,27783.6172,5212.6755,2621.0313,18414.2135,,,,,2018,2040.0,0.3424,635.1588,0.00086105,0.00013947
SUP-0050,Electronics Supplier 050,Electronics,2023,26697144.48,164441018.28,20962.4768,20962.4768,2639.7217,1497.1062,16583.1625,,,,,2018,2040.0,0.3424,635.1588,0.00086105,0.00013947
SUP-0050,Electronics Supplier 050,Electronics,2024,30128796.93,167804865.66,26983.1476,26983.1476,5642.8221,3907.9537,16597.9242,,,,,2018,2040.0,0.3424,635.1588,0.00086105,0.00013947
SUP-0051,Textiles Supplier 051,Textiles,2015,3843448.55,16367090.18,1002.279,1002.279,161.6254,65.6512,824.1725,2021.0,2035.0,0.4466,0.1676,2019,2030.0,0.3171,401.7335,0.00029221,0.00017343
SUP-0051,Textiles Supplier 051,Textiles,2016,3747858.91,18337798.55,1000.1226,1000.1226,177.6966,141.3352,655.1781,2021.0,2035.0,0.4466,0.1676,2019,2030.0,0.3171,401.7335,0.00029221,0.00017343
SUP-0051,Textiles Supplier 051,Textiles,2017,4443257.64,23142398.76,1300.6021,1300.6021,128.974,219.5341,970.2135,2021.0,2035.0,0.4466,0.1676,2019,2030.0,0.3171,401.7335,0.00029221,0.00017343
SUP-0051,Textiles Supplier 051,Textiles,2018,5187878.71,25884366.25,1431.4853,1431.4853,258.5408,122.8536,1128.3149,2021.0,2035.0,0.4466,0.1676,2019,2030.0,0.3171,401.7335,0.00029221,0.00017343
SUP-0051,Textiles Supplier 051,Textiles,2019,5468285.13,23690121.85,1820.5137,1820.5137,406.5727,300.9163,998.111,2021.0,2035.0,0.4466,0.1676,2019,2030.0,0.3171,401.7335,0.00029221,0.00017343
SUP-0051,Textiles Supplier 051,Textiles,2020,4938369.73,26416229.92,1524.4904,1524.4904,395.2428,290.7353,765.755,2021.0,2035.0,0.4466,0.1676,2019,2030.0,0.3171,401.7335,0.00029221,0.00017343
SUP-0051,Textiles Supplier 051,Textiles,2021,6352360.79,29264276.99,1552.8311,1552.8311,255.2304,215.6815,1118.208,2021.0,2035.0,0.4466,0.1676,2019,2030.0,0.3171,401.7335,0.00029221,0.00017343
SUP-0051,Textiles Supplier 051,Textiles,2022,6552006.01,30581564.64,1726.5506,1726.5506,140.7257,323.2552,1345.8754,2021.0,2035.0,0.4466,0.1676,2019,2030.0,0.3171,401.7335,0.00029221,0.00017343
SUP-0051,Textiles Supplier 051,Textiles,2023,5664971.37,31272518.87,1675.0922,1675.0922,210.4342,106.0905,1362.1053,2021.0,2035.0,0.4466,0.1676,2019,2030.0,0.3171,401.7335,0.00029221,0.00017343
SUP-0051,Textiles Supplier 051,Textiles,2024,6481538.48,32335832.86,1500.1231,1500.1231,270.3479,170.1741,1090.4532,2021.0,2035.0,0.4466,0.1676,2019,2030.0,0.3171,401.7335,0.00029221,0.00017343
SUP-0052,Electronics Supplier 052,Electronics,2015,3472122.95,26316758.21,1548.3883,1548.3883,160.259,331.6604,1207.2059,,,,,2018,2040.0,0.3424,635.1588,0.00086105,0.00013947
SUP-0052,Electronics Supplier 052,Electronics,2016,3623047.78,18087244.93,2241.0289,2241.0289,359.2606,449.2499,1820.3543,,,,,2018,2040.0,0.3424,635.1588,0.00086105,0.00013947
SUP-0052,Electronics Supplier 052,Electronics,2017,2859076.61,26896732.87,1623.8663,1623.8663,182.3371,234.4386,1273.3668,,,,,2018,2040.0,0.3424,635.1588,0.00086105,0.00013947
SUP-0052,Electronics Supplier 052,Electronics,2018,3661828.19,22548335.14,2706.0524,2706.0524,530.7162,196.3814,2020.2192,,,,,2018,2040.0,0.3424,635.1588,0.00086105,0.00013947
SUP-0052,Electronics Supplier 052,Electronics,2019,3104599.42,24171490.72,2054.4385,2054.4385,166.7449,143.6119,1726.5429,,,,,2018,2040.0,0.3424,635.1588,0.00086105,0.00013947
SUP-0052,Electronics Supplier 052,Electronics,2020,3014599.53,28726586.91,1140.9934,1140.9934,168.9751,203.8388,859.7547,,,,,2018,2040.0,0.3424,635.1588,0.00086105,0.00013947
SUP-0052,Electronics Supplier 052,Electronics,2021,3035926.46,24508748.4,1591.3873,1591.3873,194.8867,134.9942,1204.9709,,,,,2018,2040.0,0.3424,635.1588,0.00086105,0.00013947
SUP-0052,Electronics Supplier 052,Electronics,2022,3093272.85,23525134.53,1087.8217,1087.8217,268.5471,202.9979,687.9441,,,,,2018,2040.0,0.3424,635.1588,0.00086105,0.00013947
SUP-0052,Electronics Supplier 052,Electronics,2023,2982597.08,24293955.4,1558.2705,1558.2705,325.3519,241.9644,984.0862,,,,,2018,2040.0,0.3424,635.1588,0.00086105,0.00013947
SUP-0052,Electronics Supplier 052,Electronics,2024,2698892.0,16949044.66,1342.4416,1342.4416,214.191,166.702,880.8258,,,,,2018,2040.0,0.3424,635.1588,0.00086105,0.00013947
SUP-0053,Electronics Supplier 053,Electronics,2015,9470569.54,31088196.1,8826.9665,8826.9665,1901.1209,866.1514,6103.4856,2021.0,2030.0,0.5843,0.3539,2018,2040.0,0.3424,635.1588,0.00086105,0.00013947
SUP-0053,Electronics Supplier 053,Electronics,2016,8465911.18,36450925.09,7118.7694,7118.7694,1589.9879,616.226,4695.5056,2021.0,2030.0,0.5843,0.3539,2018,2040.0,0.3424,635.1588,0.00086105,0.00013947
SUP-0053,Electronics Supplier 053,Electronics,2017,7891935.07,31058756.39,7387.6392,7387.6392,631.4311,1444.4768,5490.7971,2021.0,2030.0,0.5843,0.3539,2018,2040.0,0.3424,635.1588,0.00086105,0.00013947
SUP-0053,Electronics Supplier 053,Electronics,2018,8879704.22,29118064.72,5599.2244,5599.2244,1080.5135,595.8452,4612.0415,2021.0,2030.0,0.5843,0.3539,2018,2040.0,0.3424,635.1588,0.00086105,0.00013947
SUP-0053,Electronics Supplier 053,Electronics,2019,7596314.77,43497840.55,4603.1214,4603.1214,1287.9028,651.7608,2828.3518,2021.0,2030.0,0.5843,0.3539,2018,2040.0,0.3424,635.1588,0.00086105,0.00013947
SUP-0053,Electronics Supplier 053,Electronics,2020,8425995.23,38644754.4,6094.0147,6094.0147,1205.8474,509.3801,4177.6809,2021.0,2030.0,0.5843,0.3539,2018,2040.0,0.3424,635.1588,0.00086105,0.00013947
SUP-0053,Electronics Supplier 053,Electronics,2021,7244422.57,36584093.37,5361.5757,5361.5757,1291.189,519.6786,3549.7114,2021.0,2030.0,0.5843,0.3539,2018,2040.0,0.3424,635.1588,0.00086105,0.00013947
SUP-0053,Electronics Supplier 053,Electronics,2022,9050530.8,31949994.46,6306.2578,6306.2578,1538.3416,479.2878,3990.7026,2021.0,2030.0,0.5843,0.3539,2018,2040.0,0.3424,635.1588,0.00086105,0.00013947
SUP-0053,Electronics Supplier 053,Electronics,2023,6709971.13,22409594.03,4212.6269,4212.6269,792.2428,423.3055,3247.0881,2021.0,2030.0,0.5843,0.3539,2018,2040.0,0.3424,635.1588,0.00086105,0.00013947
SUP-0053,Electronics Supplier 053,Electronics,2024,7469190.27,35983983.63,4992.2479,4992.2479,685.8043,584.2321,3799.3045,2021.0,2030.0,0.5843,0.3539,2018,2040.0,0.3424,635.1588,0.00086105,0.00013947
SUP-0054,Chemicals Supplier 054,Chemicals,2015,28019947.45,83789498.28,41518.1188,41518.1188,10056.484,6520.3501,26377.3042,2019.0,2035.0,0.3128,0.1632,2019,2035.0,0.5229,506.3191,0.00100149,0.00047124
SUP-0054,Chemicals Supplier 054,Chemicals,2016,23168573.61,86300190.9,36795.9297,36795.9297,5394.464,6116.1382,25344.2665,2019.0,2035.0,0.3128,0.1632,2019,2035.0,0.5229,506.3191,0.00100149,0.00047124
SUP-0054,Chemicals Supplier 054,Chemicals,2017,27182471.85,88330895.4,42051.3808,42051.3808,6530.1402,6219.1663,28266.0498,2019.0,2035.0,0.3128,0.1632,2019,2035.0,0.5229,506.3191,0.00100149,0.00047124
SUP-0054,Chemicals Supplier 054,Chemicals,2018,27832960.84,80462068.35,35118.7131,35118.7131,6361.4525,3829.403,29020.7354,2019.0,2035.0,0.3128,0.1632,2019,2035.0,0.5229,506.3191,0.00100149,0.00047124
SUP-0054,Chemicals Supplier 054,Chemicals,2019,30245803.25,107524629.88,27514.2942,27514.2942,2713.5436,4516.4876,18462.3221,2019.0,2035.0,0.3128,0.1632,2019,2035.0,0.5229,506.3191,0.00100149,0.00047124
SUP-0054,Chemicals Supplier 054,Chemicals,2020,31420309.41,120646235.65,28790.3583,28790.3583,4950.4584,4674.7484,18046.8399,2019.0,2035.0,0.3128,0.1632,2019,2035.0,0.5229,506.3191,0.00100149,0.00047124
SUP-0054,Chemicals Supplier 054,Chemicals,2021,31637584.9,128977156.35,39436.2797,39436.2797,5553.6247,6047.3563,24428.4399,2019.0,2035.0,0.3128,0.1632,2019,2035.0,0.5229,506.3191,0.00100149,0.00047124
SUP-0054,Chemicals Supplier 054,Chemicals,2022,38468162.74,109158075.27,33808.2724,33808.2724,9347.2545,5970.9275,18531.0426,2019.0,2035.0,0.3128,0.1632,2019,2035.0,0.5229,506.3191,0.00100149,0.00047124
SUP-0054,Chemicals Supplier 054,Chemicals,2023,40269781.09,115226906.2,42775.8394,42775.8394,9273.528,7735.7487,25797.279,2019.0,2035.0,0.3128,0.1632,2019,2035.0,0.5229,506.3191,0.00100149,0.00047124
SUP-0054,Chemicals Supplier 054,Chemicals,2024,37566679.46,162599786.13,32020.9372,32020.9372,4886.915,2610.0762,24805.526,2019.0,2035.0,0.3128,0.1632,2019,2035.0,0.5229,506.3191,0.00100149,0.00047124
SUP-0055,Chemicals Supplier 055,Chemicals,2015,15360702.47,108791726.24,14182.9707,14182.9707,1769.8946,2275.3892,9770.1364,2020.0,2040.0,0.6136,0.3724,2019,2035.0,0.5229,506.3191,0.00100149,0.00047124
SUP-0055,Chemicals Supplier 055,Chemicals,2016,13280878.75,97986719.2,11846.4904,11846.4904,1354.8191,2261.7928,7759.0693,2020.0,2040.0,0.6136,0.3724,2019,2035.0,0.5229,506.3191,0.00100149,0.00047124
SUP-0055,Chemicals Supplier 055,Chemicals,2017,13128177.49,93558931.69,8274.934,8274.934,1428.4879,1205.4439,6432.1961,2020.0,2040.0,0.6136,0.3724,2019,2035.0,0.5229,506.3191,0.00100149,0.00047124
SUP-0055,Chemicals Supplier 055,Chemicals,2018,17194683.68,95727572.56,15015.5622,15015.5622,2001.6273,2504.7764,9144.1849,2020.0,2040.0,0.6136,0.3724,2019,2035.0,0.5229,506.3191,0.00100149,0.00047124
SUP-0055,Chemicals Supplier 055,Chemicals,2019,12440155.6,101218713.03,9048.2636,9048.2636,1487.0432,1409.4911,5518.1337,2020.0,2040.0,0.6136,0.3724,2019,2035.0,0.5229,506.3191,0.00100149,0.00047124
SUP-0055,Chemicals Supplier 055,Chemicals,2020,13026519.25,84142939.36,8036.8609,8036.8609,1914.4284,1152.5193,5489.3715,2020.0,2040.0,0.6136,0.3724,2019,2035.0,0.5229,506.3191,0.00100149,0.00047124
SUP-0055,Chemicals Supplier 055,Chemicals,2021,12395562.21,100833608.13,13462.2976,13462.2976,3373.8244,1525.4619,8125.8447,2020.0,2040.0,0.6136,0.3724,2019,2035.0,0.5229,506.3191,0.00100149,0.00047124
SUP-0055,Chemicals Supplier 055,Chemicals,2022,14092637.24,111802323.98,14378.7182,14378.7182,3269.4798,2010.0322,8831.3563,2020.0,2040.0,0.6136,0.3724,2019,2035.0,0.5229,506.3191,0.00100149,0.00047124
SUP-0055,Chemicals Supplier 055,Chemicals,2023,12889454.92,98197472.98,14313.6755,14313.6755,1937.1632,2382.7458,10405.0512,2020.0,2040.0,0.6136,0.3724,2019,2035.0,0.5229,506.3191,0.00100149,0.00047124
SUP-0055,Chemicals Supplier 055,Chemicals,2024,11454992.68,75753628.87,7352.1791,7352.1791,2076.3008,855.4068,4718.631,2020.0,2040.0,0.6136,0.3724,2019,2035.0,0.5229,506.3191,0.00100149,0.00047124
SUP-0056,Metals Supplier 056,Metals,2015,24788265.03,35805000.61,30211.8386,30211.8386,5000.7136,5424.0247,18888.0274,,,,,2019,2030.0,0.3852,158.2904,0.00100695,0.00065008
SUP-0056,Metals Supplier 056,Metals,2016,26746635.82,34642005.13,32234.0325,32234.0325,9078.0158,3547.9618,19679.7307,,,,,2019,2030.0,0.3852,158.2904,0.00100695,0.00065008
SUP-0056,Metals Supplier 056,Metals,2017,23410348.03,37434903.09,29160.2751,29160.2751,3270.027,2318.7428,22906.0813,,,,,2019,2030.0,0.3852,158.2904,0.00100695,0.00065008
SUP-0056,Metals Supplier 056,Metals,2018,27898567.03,38288053.7,29861.1749,29861.1749,7020.0444,1747.5098,19182.1247,,,,,2019,2030.0,0.3852,158.2904,0.00100695,0.00065008
SUP-0056,Metals Supplier 056,Metals,2019,24172786.93,44504176.75,23989.0765,23989.0765,3829.1191,4764.2654,16584.1913,,,,,2019,2030.0,0.3852,158.2904,0.00100695,0.00065008
SUP-0056,Metals Supplier 056,Metals,2020,25660326.0,43987409.06,26368.1929,26368.1929,5567.7745,3718.4461,15983.7034,,,,,2019,2030.0,0.3852,158.2904,0.00100695,0.00065008
SUP-0056,Metals Supplier 056,Metals,2021,29078595.26,39281156.45,22025.9685,22025.9685,4832.9731,2989.0134,15477.7787,,,,,2019,2030.0,0.3852,158.2904,0.00100695,0.00065008
SUP-0056,Metals Supplier 056,Metals,2022,34183007.73,42143005.81,35216.3145,35216.3145,4727.8462,1965.5305,28685.2208,,,,,2019,2030.0,0.3852,158.2904,0.00100695,0.00065008
SUP-0056,Metals Supplier 056,Metals,2023,34503702.37,54819733.04,32421.3742,32421.3742,4294.5674,2382.2716,26487.9908,,,,,2019,2030.0,0.3852,158.2904,0.00100695,0.00065008
SUP-0056,Metals Supplier 056,Metals,2024,35680319.64,60380635.83,30237.7557,30237.7557,3770.1001,2423.3846,24044.0953,,,,,2019,2030.0,0.3852,158.2904,0.00100695,0.00065008
SUP-0057,Logistics Supplier 057,Logistics,2015,2997470.91,22353512.63,541.5365,541.5365,42.2745,67.6764,408.7327,,,,,2019,2040.0,0.4616,591.6386,0.00022349,0.00047787
SUP-0057,Logistics Supplier 057,Logistics,2016,3211728.68,23528609.95,593.454,593.454,146.5503,86.0079,357.2743,,,,,2019,2040.0,0.4616,591.6386,0.00022349,0.00047787
SUP-0057,Logistics Supplier 057,Logistics,2017,3098948.54,25255670.02,412.4154,412.4154,50.4203,44.5818,313.2603,,,,,2019,2040.0,0.4616,591.6386,0.00022349,0.00047787
SUP-0057,Logistics Supplier 057,Logistics,2018,2933450.7,23712140.26,500.5962,500.5962,110.2448,74.3186,323.9925,,,,,2019,2040.0,0.4616,591.6386,0.00022349,0.00047787
SUP-0057,Logistics Supplier 057,Logistics,2019,3051566.85,24305708.8,460.5049,460.5049,45.2501,84.9969,298.6384,,,,,2019,2040.0,0.4616,591.6386,0.00022349,0.00047787
SUP-0057,Logistics Supplier 057,Logistics,2020,3592089.14,37187696.98,529.3278,529.3278,93.2388,67.7513,351.7008,,,,,2019,2040.0,0.4616,591.6386,0.00022349,0.00047787
SUP-0057,Logistics Supplier 057,Logistics,2021,3101178.76,25943379.39,390.4988,390.4988,74.2925,72.325,238.8076,,,,,2019,2040.0,0.4616,591.6386,0.00022349,0.00047787
SUP-0057,Logistics Supplier 057,Logistics,2022,3546741.66,34477288.06,417.8545,417.8545,122.4763,89.0233,263.5854,,,,,2019,2040.0,0.4616,591.6386,0.00022349,0.00047787
SUP-0057,Logistics Supplier 057,Logistics,2023,3326851.29,29992908.17,451.5633,451.5633,121.7339,35.154,292.7448,,,,,2019,2040.0,0.4616,591.6386,0.00022349,0.00047787
SUP-0057,Logistics Supplier 057,Logistics,2024,3657289.52,23873981.07,437.5221,437.5221,64.6681,76.8837,290.0746,,,,,2019,2040.0,0.4616,591.6386,0.00022349,0.00047787
SUP-0058,Textiles Supplier 058,Textiles,2015,16474869.01,65189479.61,4613.9565,4613.9565,562.113,802.9226,2966.5916,,,,,2019,2030.0,0.3171,401.7335,0.00029221,0.00017343
SUP-0058,Textiles Supplier 058,Textiles,2016,17420555.13,61884668.69,4527.4219,4527.4219,954.0147,899.9687,2733.4549,,,,,2019,2030.0,0.3171,401.7335,0.00029221,0.00017343
SUP-0058,Textiles Supplier 058,Textiles,2017,16933943.09,57140321.55,3703.3739,3703.3739,680.4303,497.2945,2571.5972,,,,,2019,2030.0,0.3171,401.7335,0.00029221,0.00017343
SUP-0058,Textiles Supplier 058,Textiles,2018,17536454.07,71574758.7,4223.3779,4223.3779,1170.0877,559.1584,2767.4018,,,,,2019,2030.0,0.3171,401.7335,0.00029221,0.00017343
SUP-0058,Textiles Supplier 058,Textiles,2019,16366814.83,68765198.1,3893.3564,3893.3564,656.8179,737.3503,2414.1075,,,,,2019,2030.0,0.3171,401.7335,0.00029221,0.00017343
SUP-0058,Textiles Supplier 058,Textiles,2020,16741812.95,65155923.38,4965.281,4965.281,853.3374,542.2898,3232.9126,,,,,2019,2030.0,0.3171,401.7335,0.00029221,0.00017343
SUP-0058,Textiles Supplier 058,Textiles,2021,17313678.27,79916480.05,4840.822,4840.822,1078.74,941.758,2998.2166,,,,,2019,2030.0,0.3171,401.7335,0.00029221,0.00017343
SUP-0058,Textiles Supplier 058,Textiles,2022,18180022.49,73966099.68,4261.6691,4261.6691,803.3409,357.4462,2950.8191,,,,,2019,2030.0,0.3171,401.7335,0.00029221,0.00017343
SUP-0058,Textiles Supplier 058,Textiles,2023,17281848.36,78060951.28,4512.1757,4512.1757,756.5142,845.4549,2905.7896,,,,,2019,2030.0,0.3171,401.7335,0.00029221,0.00017343
SUP-0058,Textiles Supplier 058,Textiles,2024,16879873.73,81156267.66,3660.5011,3660.5011,371.5177,754.6674,2368.2513,,,,,2019,2030.0,0.3171,401.7335,0.00029221,0.00017343
SUP-0059,Agriculture Supplier 059,Agriculture,2015,17243248.44,52563313.73,9936.6798,9936.6798,2797.7922,1311.0987,6178.2072,2021.0,2030.0,0.495,0.1874,2018,,,529.8294,0.00091413,0.00096913
SUP-0059,Agriculture Supplier 059,Agriculture,2016,16118597.8,68317461.26,8128.1427,8128.1427,1117.5487,1171.3605,5369.1019,2021.0,2030.0,0.495,0.1874,2018,,,529.8294,0.00091413,0.00096913
SUP-0059,Agriculture Supplier 059,Agriculture,2017,14598164.71,73607671.41,8484.9743,8484.9743,874.3722,871.5406,6430.4277,2021.0,2030.0,0.495,0.1874,2018,,,529.8294,0.00091413,0.00096913
SUP-0059,Agriculture Supplier 059,Agriculture,2018,18461714.45,78254275.88,11365.1772,11365.1772,2015.5173,1260.1611,7563.555,2021.0,2030.0,0.495,0.1874,2018,,,529.8294,0.00091413,0.00096913
SUP-0059,Agriculture Supplier 059,Agriculture,2019,21800747.38,80189709.92,14761.5143,14761.5143,1719.0952,1929.6916,10477.4695,2021.0,2030.0,0.495,0.1874,2018,,,529.8294,0.00091413,0.00096913
SUP-0059,Agriculture Supplier 059,Agriculture,2020,19882235.56,118084380.57,9330.4808,9330.4808,2467.3668,2007.1848,4576.8829,2021.0,2030.0,0.495,0.1874,2018,,,529.8294,0.00091413,0.00096913
SUP-0059,Agriculture Supplier 059,Agriculture,2021,24034395.23,123943987.5,9370.1815,9370.1815,1153.2722,798.3201,8593.4515,2021.0,2030.0,0.495,0.1874,2018,,,529.8294,0.00091413,0.00096913
SUP-0059,Agriculture Supplier 059,Agriculture,2022,23482265.59,131422589.99,9189.0458,9189.0458,1770.4275,1881.2297,5958.9258,2021.0,2030.0,0.495,0.1874,2018,,,529.8294,0.00091413,0.00096913
SUP-0059,Agriculture Supplier 059,Agriculture,2023,28403622.92,101005085.27,16243.0987,16243.0987,3696.1957,3223.779,8911.0366,2021.0,2030.0,0.495,0.1874,2018,,,529.8294,0.00091413,0.00096913
SUP-0059,Agriculture Supplier 059,Agriculture,2024,26467142.02,151629388.58,11355.498,11355.498,1747.988,1053.9191,9018.0995,2021.0,2030.0,0.495,0.1874,2018,,,529.8294,0.00091413,0.00096913
SUP-0060,Electronics Supplier 060,Electronics,2015,5976625.36,35243416.16,6998.4025,6998.4025,898.4818,1230.3199,5141.5413,2020.0,2040.0,0.5996,0.2984,2018,2040.0,0.3424,635.1588,0.00086105,0.00013947
SUP-0060,Electronics Supplier 060,Electronics,2016,5875144.8,43941662.48,4702.4681,4702.4681,1331.7365,791.977,2889.5614,2020.0,2040.0,0.5996,0.2984,2018,2040.0,0.3424,635.1588,0.00086105,0.00013947
SUP-0060,Electronics Supplier 060,Electronics,2017,6628187.08,39488351.38,4745.084,4745.084,1202.0647,560.0262,2873.0492,2020.0,2040.0,0.5996,0.2984,2018,2040.0,0.3424,635.1588,0.00086105,0.00013947
SUP-0060,Electronics Supplier 060,Electronics,2018,7231734.64,51270570.88,5975.4594,5975.4594,1473.7985,697.5704,4010.3544,2020.0,2040.0,0.5996,0.2984,2018,2040.0,0.3424,635.1588,0.00086105,0.00013947
SUP-0060,Electronics Supplier 060,Electronics,2019,7986916.19,47020601.36,7594.2622,7594.2622,2050.5894,1642.7119,3824.8128,2020.0,2040.0,0.5996,0.2984,2018,2040.0,0.3424,635.1588,0.00086105,0.00013947
SUP-0060,Electronics Supplier 060,Electronics,2020,8144656.1,45817817.74,6767.4202,6767.4202,641.1863,623.8468,4759.3367,2020.0,2040.0,0.5996,0.2984,2018,2040.0,0.3424,635.1588,0.00086105,0.00013947
SUP-0060,Electronics Supplier 060,Electronics,2021,8598599.54,65849397.17,5345.7411,5345.7411,1130.0475,1045.6309,2942.0532,2020.0,2040.0,0.5996,0.2984,2018,2040.0,0.3424,635.1588,0.00086105,0.00013947
SUP-0060,Electronics Supplier 060,Electronics,2022,9149444.14,48962110.53,7472.0152,7472.0152,685.2096,1652.695,4881.3305,2020.0,2040.0,0.5996,0.2984,2018,2040.0,0.3424,635.1588,0.00086105,0.00013947
SUP-0060,Electronics Supplier 060,Electronics,2023,9096501.38,62588313.04,6459.7329,6459.7329,1861.2513,1452.9343,3455.3932,2020.0,2040.0,0.5996,0.2984,2018,2040.0,0.3424,635.1588,0.00086105,0.00013947
SUP-0060,Electronics Supplier 060,Electronics,2024,9511980.97,51494851.6,6336.7308,6336.7308,738.3951,476.1886,4578.248,2020.0,2040.0,0.5996,0.2984,2018,2040.0,0.3424,635.1588,0.00086105,0.00013947
SUP-0061,Metals Supplier 061,Metals,2015,19631554.42,184557329.93,22191.9842,22191.9842,3324.6634,3138.0721,16776.7278,2018.0,2040.0,0.342,0.2056,2019,2030.0,0.3852,158.2904,0.00100695,0.00065008
SUP-0061,Metals Supplier 061,Metals,2016,22054270.12,166783171.77,20794.5035,20794.5035,2233.0515,3185.3185,15509.376,2018.0,2040.0,0.342,0.2056,2019,2030.0,0.3852,158.2904,0.00100695,0.00065008
SUP-0061,Metals Supplier 061,Metals,2017,21849501.45,175811455.81,22937.6725,22937.6725,6332.3641,2924.4701,13411.2722,2018.0,2040.0,0.342,0.2056,2019,2030.0,0.3852,158.2904,0.00100695,0.00065008
SUP-0061,Metals Supplier 061,Metals,2018,19974552.28,132580290.24,20080.9039,20080.9039,2189.483,4347.2137,14648.3367,2018.0,2040.0,0.342,0.2056,2019,2030.0,0.3852,158.2904,0.00100695,0.00065008
SUP-0061,Metals Supplier 061,Metals,2019,21728925.48,204713264.77,27957.7961,27957.7961,3490.8738,3020.0931,21219.2632,2018.0,2040.0,0.342,0.2056,2019,2030.0,0.3852,158.2904,0.00100695,0.00065008
SUP-0061,Metals Supplier 061,Metals,2020,20928490.99,138479146.1,28062.847,28062.847,3884.9679,1826.7546,23360.7279,2018.0,2040.0,0.342,0.2056,2019,2030.0,0.3852,158.2904,0.00100695,0.00065008
SUP-0061,Metals Supplier 061,Metals,2021,20071209.65,164395558.05,19751.5152,19751.5152,3017.466,1773.5588,15436.2253,2018.0,2040.0,0.342,0.2056,2019,2030.0,0.3852,158.2904,0.00100695,0.00065008
SUP-0061,Metals Supplier 061,Metals,2022,20903275.47,152471948.47,24833.4603,24833.4603,2932.8242,3799.5386,16934.5926,2018.0,2040.0,0.342,0.2056,2019,2030.0,0.3852,158.2904,0.00100695,0.00065008
SUP-0061,Metals Supplier 061,Metals,2023,23429532.43,197726137.49,34242.1452,34242.1452,8870.6243,3751.0999,22222.7393,2018.0,2040.0,0.342,0.2056,2019,2030.0,0.3852,158.2904,0.00100695,0.00065008
SUP-0061,Metals Supplier 061,Metals,2024,19755026.2,178370687.43,18509.7967,18509.7967,3942.7155,1552.3745,12231.1446,2018.0,2040.0,0.342,0.2056,2019,2030.0,0.3852,158.2904,0.00100695,0.00065008
SUP-0062,Textiles Supplier 062,Textiles,2015,20829781.08,149410881.29,4254.5212,4254.5212,902.0312,785.0882,2805.1871,2018.0,2030.0,0.5281,0.1906,2019,2030.0,0.3171,401.7335,0.00029221,0.00017343
SUP-0062,Textiles Supplier 062,Textiles,2016,20423758.06,123172378.22,5624.9091,5624.9091,1303.4156,1118.1675,3011.446,2018.0,2030.0,0.5281,0.1906,2019,2030.0,0.3171,401.7335,0.00029221,0.00017343
SUP-0062,Textiles Supplier 062,Textiles,2017,24098203.37,157397874.21,6551.9981,6551.9981,1429.3018,808.4918,4370.451,2018.0,2030.0,0.5281,0.1906,2019,2030.0,0.3171,401.7335,0.00029221,0.00017343
SUP-0062,Textiles Supplier 062,Textiles,2018,25089989.92,141118114.05,6379.3652,6379.3652,979.7216,460.2397,4863.7932,2018.0,2030.0,0.5281,0.1906,2019,2030.0,0.3171,401.7335,0.00029221,0.00017343
SUP-0062,Textiles Supplier 062,Textiles,2019,26235024.02,166971699.53,5856.1944,5856.1944,972.9812,1049.3187,3554.5322,2018.0,2030.0,0.5281,0.1906,2019,2030.0,0.3171,401.7335,0.00029221,0.00017343
SUP-0062,Textiles Supplier 062,Textiles,2020,30522730.8,172035790.4,8548.8875,8548.8875,1599.8318,1011.4263,5372.438,2018.0,2030.0,0.5281,0.1906,2019,2030.0,0.3171,401.7335,0.00029221,0.00017343
SUP-0062,Textiles Supplier 062,Textiles,2021,29539716.69,184908193.14,5657.4449,5657.4449,1357.8855,368.7106,3724.5978,2018.0,2030.0,0.5281,0.1906,2019,2030.0,0.3171,401.7335,0.00029221,0.00017343
SUP-0062,Textiles Supplier 062,Textiles,2022,37646293.41,151573680.16,8453.6973,8453.6973,1686.8764,624.7733,5705.1672,2018.0,2030.0,0.5281,0.1906,2019,2030.0,0.3171,401.7335,0.00029221,0.00017343
SUP-0062,Textiles Supplier 062,Textiles,2023,39819787.72,255829469.46,6023.5193,6023.5193,1301.972,1147.5191,3922.4465,2018.0,2030.0,0.5281,0.1906,2019,2030.0,0.3171,401.7335,0.00029221,0.00017343
SUP-0062,Textiles Supplier 062,Textiles,2024,35793021.81,296991410.25,7479.6472,7479.6472,1243.5064,1589.1811,4415.6005,2018.0,2030.0,0.5281,0.1906,2019,2030.0,0.3171,401.7335,0.00029221,0.00017343
SUP-0063,Chemicals Supplier 063,Chemicals,2015,12459131.87,65221692.66,18549.8719,18549.8719,1765.9394,3943.2944,13479.4319,2020.0,2030.0,0.5004,0.1931,2019,2035.0,0.5229,506.3191,0.00100149,0.00047124
SUP-0063,Chemicals Supplier 063,Chemicals,2016,14961954.68,65148878.7,16135.6719,16135.6719,2538.2911,3397.9811,11494.0582,2020.0,2030.0,0.5004,0.1931,2019,2035.0,0.5229,506.3191,0.00100149,0.00047124
SUP-0063,Chemicals Supplier 063,Chemicals,2017,14429530.54,71862933.37,21384.9866,21384.9866,4942.9344,3659.8774,12506.1373,2020.0,2030.0,0.5004,0.1931,2019,2035.0,0.5229,506.3191,0.00100149,0.00047124
SUP-0063,Chemicals Supplier 063,Chemicals,2018,15973886.86,78142475.69,17570.8036,17570.8036,2059.1307,1980.8143,13267.9225,2020.0,2030.0,0.5004,0.1931,2019,2035.0,0.5229,506.3191,0.00100149,0.00047124
SUP-0063,Chemicals Supplier 063,Chemicals,2019,15464991.28,60465887.68,19703.2466,19703.2466,4219.8393,2657.9075,13382.6708,2020.0,2030.0,0.5004,0.1931,2019,2035.0,0.5229,506.3191,0.00100149,0.00047124
SUP-0063,Chemicals Supplier 063,Chemicals,2020,15588841.79,70524257.27,17812.0997,17812.0997,2883.5414,2216.5932,14212.2569,2020.0,2030.0,0.5004,0.1931,2019,2035.0,0.5229,506.3191,0.00100149,0.00047124
SUP-0063,Chemicals Supplier 063,Chemicals,2021,21900115.76,82369512.08,22307.9947,22307.9947,3130.6237,1407.7977,16277.034,2020.0,2030.0,0.5004,0.1931,2019,2035.0,0.5229,506.3191,0.00100149,0.00047124
SUP-0063,Chemicals Supplier 063,Chemicals,2022,19490969.24,98026100.77,20809.9664,20809.9664,3424.1443,2041.1988,15678.1762,2020.0,2030.0,0.5004,0.1931,2019,2035.0,0.5229,506.3191,0.00100149,0.00047124
SUP-0063,Chemicals Supplier 063,Chemicals,2023,19073604.79,83336296.86,21119.4578,21119.4578,5411.3301,3036.3764,12465.0106,2020.0,2030.0,0.5004,0.1931,2019,2035.0,0.5229,506.3191,0.00100149,0.00047124
SUP-0063,Chemicals Supplier 063,Chemicals,2024,17530557.49,116720536.19,18647.3146,18647.3146,1913.937,1263.2604,15802.7697,2020.0,2030.0,0.5004,0.1931,2019,2035.0,0.5229,506.3191,0.00100149,0.00047124
SUP-0064,Metals Supplier 064,Metals,2015,9896213.5,59562124.27,7803.8473,7803.8473,926.7635,598.0845,6487.6778,,,,,2019,2030.0,0.3852,158.2904,0.00100695,0.00065008
SUP-0064,Metals Supplier 064,Metals,2016,8976486.55,55724724.07,7903.6502,7903.6502,1411.8629,655.7898,5722.6354,,,,,2019,2030.0,0.3852,158.2904,0.00100695,0.00065008
SUP-0064,Metals Supplier 064,Metals,2017,9818842.4,57297081.09,6081.7501,6081.7501,647.4467,1188.2785,4480.4162,,,,,2019,2030.0,0.3852,158.2904,0.00100695,0.00065008
SUP-0064,Metals Supplier 064,Metals,2018,9466503.75,54626086.88,5401.2867,5401.2867,1356.2853,1074.2606,3010.1376,,,,,2019,2030.0,0.3852,158.2904,0.00100695,0.00065008
SUP-0064,Metals Supplier 064,Metals,2019,9678953.08,57871305.27,6881.9675,6881.9675,1744.329,1031.7116,3763.9477,,,,,2019,2030.0,0.3852,158.2904,0.00100695,0.00065008
SUP-0064,Metals Supplier 064,Metals,2020,9319215.39,57023526.71,6656.8257,6656.8257,884.7607,1374.3739,4847.2573,,,,,2019,2030.0,0.3852,158.2904,0.00100695,0.00065008
SUP-0064,Metals Supplier 064,Metals,2021,8032688.07,56900504.6,5239.5185,5239.5185,1528.0335,451.5795,3296.084,,,,,2019,2030.0,0.3852,158.2904,0.00100695,0.00065008
SUP-0064,Metals Supplier 064,Metals,2022,9835091.09,55252649.19,6043.4531,6043.4531,588.5239,655.3885,4538.8002,,,,,2019,2030.0,0.3852,158.2904,0.00100695,0.00065008
SUP-0064,Metals Supplier 064,Metals,2023,9612060.72,77141102.89,6061.9488,6061.9488,1217.7853,721.7499,4224.3568,,,,,2019,2030.0,0.3852,158.2904,0.00100695,0.00065008
SUP-0064,Metals Supplier 064,Metals,2024,10514177.67,58694224.57,6615.3276,6615.3276,1523.4357,1186.8678,3615.0829,,,,,2019,2030.0,0.3852,158.2904,0.00100695,0.00065008
SUP-0065,Agriculture Supplier 065,Agriculture,2015,1069624.03,9385139.83,1236.4857,1236.4857,302.9365,148.3727,829.8486,2018.0,2035.0,0.42,0.2167,2018,,,529.8294,0.00091413,0.00096913
SUP-0065,Agriculture Supplier 065,Agriculture,2016,1052693.74,7777075.71,1355.2688,1355.2688,360.2747,197.9424,788.301,2018.0,2035.0,0.42,0.2167,2018,,,529.8294,0.00091413,0.00096913
SUP-0065,Agriculture Supplier 065,Agriculture,2017,1003749.24,7975348.43,1071.4088,1071.4088,275.4641,181.4859,527.3003,2018.0,2035.0,0.42,0.2167,2018,,,529.8294,0.00091413,0.00096913
SUP-0065,Agriculture Supplier 065,Agriculture,2018,1023773.43,7190441.47,1245.2041,1245.2041,287.0364,116.5372,822.748,2018.0,2035.0,0.42,0.2167,2018,,,529.8294,0.00091413,0.00096913
SUP-0065,Agriculture Supplier 065,Agriculture,2019,1044713.32,9270850.84,1703.86,1703.86,283.7596,111.3776,1150.9791,2018.0,2035.0,0.42,0.2167,2018,,,529.8294,0.00091413,0.00096913
SUP-0065,Agriculture Supplier 065,Agriculture,2020,1100698.13,6833624.38,1660.585,1660.585,239.6574,209.9199,1114.8852,2018.0,2035.0,0.42,0.2167,2018,,,529.8294,0.00091413,0.00096913
SUP-0065,Agriculture Supplier 065,Agriculture,2021,926397.05,7234718.71,904.4109,904.4109,89.8974,113.4256,737.5156,2018.0,2035.0,0.42,0.2167,2018,,,529.8294,0.00091413,0.00096913
SUP-0065,Agriculture Supplier 065,Agriculture,2022,899333.22,5268317.75,973.8551,973.8551,148.8857,165.3642,661.3364,2018.0,2035.0,0.42,0.2167,2018,,,529.8294,0.00091413,0.00096913
SUP-0065,Agriculture Supplier 065,Agriculture,2023,954625.19,6197265.87,1235.71,1235.71,268.9538,132.5008,834.8451,2018.0,2035.0,0.42,0.2167,2018,,,529.8294,0.00091413,0.00096913
SUP-0065,Agriculture Supplier 065,Agriculture,2024,783969.24,5047969.27,864.2283,864.2283,118.7355,70.1896,696.6199,2018.0,2035.0,0.42,0.2167,2018,,,529.8294,0.00091413,0.00096913
SUP-0066,Electronics Supplier 066,Electronics,2015,14118278.87,116009195.44,15159.4347,15159.4347,3905.5548,917.2373,10007.4828,2020.0,2030.0,0.339,0.1901,2018,2040.0,0.3424,635.1588,0.00086105,0.00013947
SUP-0066,Electronics Supplier 066,Electronics,2016,15646654.23,125411881.07,17276.2838,17276.2838,5081.7638,3219.2533,10410.0057,2020.0,2030.0,0.339,0.1901,2018,2040.0,0.3424,635.1588,0.00086105,0.00013947
SUP-0066,Electronics Supplier 066,Electronics,2017,13596856.07,130305737.62,16381.4923,16381.4923,3750.4925,1953.5191,10392.1685,2020.0,2030.0,0.339,0.1901,2018,2040.0,0.3424,635.1588,0.00086105,0.00013947
SUP-0066,Electronics Supplier 066,Electronics,2018,17873979.19,114871711.14,19645.7463,19645.7463,1803.2374,2163.866,14658.2815,2020.0,2030.0,0.339,0.1901,2018,2040.0,0.3424,635.1588,0.00086105,0.00013947
SUP-0066,Electronics Supplier 066,Electronics,2019,18927523.77,155463365.8,17976.3245,17976.3245,3823.3491,2946.9599,9771.588,2020.0,2030.0,0.339,0.1901,2018,2040.0,0.3424,635.1588,0.00086105,0.00013947
SUP-0066,Electronics Supplier 066,Electronics,2020,18905755.57,170979469.76,16152.7618,16152.7618,4031.2915,1082.8891,11112.0089,2020.0,2030.0,0.339,0.1901,2018,2040.0,0.3424,635.1588,0.00086105,0.00013947
SUP-0066,Electronics Supplier 066,Electronics,2021,22980374.45,181289129.74,15688.1112,15688.1112,3812.3933,2224.5461,8659.254,2020.0,2030.0,0.339,0.1901,2018,2040.0,0.3424,635.1588,0.00086105,0.00013947
SUP-0066,Electronics Supplier 066,Electronics,2022,20944558.54,156019332.07,18248.2678,18248.2678,2841.7886,2061.1125,13761.2397,2020.0,2030.0,0.339,0.1901,2018,2040.0,0.3424,635.1588,0.00086105,0.00013947
SUP-0066,Electronics Supplier 066,Electronics,2023,23417299.0,214001569.32,18516.6863,18516.6863,2054.7114,2965.6611,14625.3806,2020.0,2030.0,0.339,0.1901,2018,2040.0,0.3424,635.1588,0.00086105,0.00013947
SUP-0066,Electronics Supplier 066,Electronics,2024,19647049.39,180616239.14,17053.0904,17053.0904,3144.3067,2347.2066,11019.9071,2020.0,2030.0,0.339,0.1901,2018,2040.0,0.3424,635.1588,0.00086105,0.00013947
SUP-0067,Professional Supplier 067,Professional Services,2015,10038247.82,50348525.22,1204.742,1204.742,324.9545,79.6658,930.5732,,,,,2020,,,400.0326,0.00012906,0.00019658
SUP-0067,Professional Supplier 067,Professional Services,2016,12732544.24,62439106.16,1170.0522,1170.0522,155.6328,184.3432,907.4825,,,,,2020,,,400.0326,0.00012906,0.00019658
SUP-0067,Professional Supplier 067,Professional Services,2017,14059424.04,74365008.3,1412.7499,1412.7499,233.3121,188.0721,888.1329,,,,,2020,,,400.0326,0.00012906,0.00019658
SUP-0067,Professional Supplier 067,Professional Services,2018,15645945.78,70915023.93,1717.8367,1717.8367,241.9069,124.7323,1394.2528,,,,,2020,,,400.0326,0.00012906,0.00019658
SUP-0067,Professional Supplier 067,Professional Services,2019,18395539.02,75341111.67,1735.7635,1735.7635,425.9383,215.4982,1071.3878,,,,,2020,,,400.0326,0.00012906,0.00019658
SUP-0067,Professional Supplier 067,Professional Services,2020,16930456.97,72550494.35,1791.1932,1791.1932,436.2517,218.2987,1110.7215,,,,,2020,,,400.0326,0.00012906,0.00019658
SUP-0067,Professional Supplier 067,Professional Services,2021,20320149.51,103573303.02,1661.3409,1661.3409,398.3889,264.0185,1050.6075,,,,,2020,,,400.0326,0.00012906,0.00019658
SUP-0067,Professional Supplier 067,Professional Services,2022,20345004.15,89725613.55,1345.384,1345.384,224.5164,273.9649,761.538,,,,,2020,,,400.0326,0.00012906,0.00019658
SUP-0067,Professional Supplier 067,Professional Services,2023,23554704.42,104846593.63,1773.9266,1773.9266,368.1097,103.5748,1292.954,,,,,2020,,,400.0326,0.00012906,0.00019658
SUP-0067,Professional Supplier 067,Professional Services,2024,21150301.34,151276455.11,1476.7146,1476.7146,295.2488,192.0735,897.9854,,,,,2020,,,400.0326,0.00012906,0.00019658
SUP-0068,Agriculture Supplier 068,Agriculture,2015,18513783.52,66916972.77,18257.883,18257.883,2348.7144,3147.3399,13119.6701,,,,,2018,,,529.8294,0.00091413,0.00096913
SUP-0068,Agriculture Supplier 068,Agriculture,2016,21873685.28,59968292.99,21653.9413,21653.9413,2716.6103,1788.7716,15602.6032,,,,,2018,,,529.8294,0.00091413,0.00096913
SUP-0068,Agriculture Supplier 068,Agriculture,2017,18607354.27,72012029.33,19202.515,19202.515,1649.741,1503.109,15795.3854,,,,,2018,,,529.8294,0.00091413,0.00096913
SUP-0068,Agriculture Supplier 068,Agriculture,2018,18646548.89,54440631.12,20695.2167,20695.2167,3256.6112,3252.0533,12825.8978,,,,,2018,,,529.8294,0.00091413,0.00096913
SUP-0068,Agriculture Supplier 068,Agriculture,2019,18252601.18,66220041.42,14475.8231,14475.8231,1813.6172,3455.4611,10995.5501,,,,,2018,,,529.8294,0.00091413,0.00096913
SUP-0068,Agriculture Supplier 068,Agriculture,2020,18599884.09,56655845.94,10178.3517,10178.3517,1545.9435,2172.6727,6854.3338,,,,,2018,,,529.8294,0.00091413,0.00096913
SUP-0068,Agriculture Supplier 068,Agriculture,2021,18800211.84,60558721.85,14929.9264,14929.9264,3225.2797,2178.1935,9789.5515,,,,,2018,,,529.8294,0.00091413,0.00096913
SUP-0068,Agriculture Supplier 068,Agriculture,2022,20073667.46,68958102.8,17736.1275,17736.1275,4007.3683,2828.7976,10552.3944,,,,,2018,,,529.8294,0.00091413,0.00096913
SUP-0068,Agriculture Supplier 068,Agriculture,2023,18028035.85,52485681.36,15050.6514,15050.6514,1247.6667,1483.5199,11516.0747,,,,,2018,,,529.8294,0.00091413,0.00096913
SUP-0068,Agriculture Supplier 068,Agriculture,2024,18949155.27,62164621.18,16061.3429,16061.3429,1445.2497,1900.8892,13568.3448,,,,,2018,,,529.8294,0.00091413,0.00096913
SUP-0069,Chemicals Supplier 069,Chemicals,2015,5465464.08,33920083.54,6379.6482,6379.6482,1185.478,428.2469,4405.0267,,,,,2019,2035.0,0.5229,506.3191,0.00100149,0.00047124
SUP-0069,Chemicals Supplier 069,Chemicals,2016,5467862.58,33237456.12,5314.4978,5314.4978,1072.1321,974.1582,3061.2793,,,,,2019,2035.0,0.5229,506.3191,0.00100149,0.00047124
SUP-0069,Chemicals Supplier 069,Chemicals,2017,5000794.32,35810337.56,6332.5194,6332.5194,1667.5336,419.7029,4258.0701,,,,,2019,2035.0,0.5229,506.3191,0.00100149,0.00047124
SUP-0069,Chemicals Supplier 069,Chemicals,2018,5715548.27,41301928.54,5229.0996,5229.0996,597.7381,678.2804,3778.6248,,,,,2019,2035.0,0.5229,506.3191,0.00100149,0.00047124
SUP-0069,Chemicals Supplier 069,Chemicals,2019,6634031.13,25562518.17,6264.6366,6264.6366,734.728,579.7041,4752.7613,,,,,2019,2035.0,0.5229,506.3191,0.00100149,0.00047124
SUP-0069,Chemicals Supplier 069,Chemicals,2020,6621140.7,35128467.24,5636.5844,5636.5844,792.0367,1129.8197,3870.8027,,,,,2019,2035.0,0.5229,506.3191,0.00100149,0.00047124
SUP-0069,Chemicals Supplier 069,Chemicals,2021,7117988.81,45519100.41,6038.6119,6038.6119,627.7264,1297.3225,4405.9451,,,,,2019,2035.0,0.5229,506.3191,0.00100149,0.00047124
SUP-0069,Chemicals Supplier 069,Chemicals,2022,7690650.25,42346828.48,5480.1374,5480.1374,537.1181,373.0039,4651.7707,,,,,2019,2035.0,0.5229,506.3191,0.00100149,0.00047124
SUP-0069,Chemicals Supplier 069,Chemicals,2023,7195164.69,39608280.52,6686.1137,6686.1137,1839.0444,924.1332,4276.9894,,,,,2019,2035.0,0.5229,506.3191,0.00100149,0.00047124
SUP-0069,Chemicals Supplier 069,Chemicals,2024,7337261.26,51791399.73,4541.1221,4541.1221,1021.9259,902.6064,2893.9993,,,,,2019,2035.0,0.5229,506.3191,0.00100149,0.00047124
SUP-0070,Agriculture Supplier 070,Agriculture,2015,1375042.58,5571678.37,941.8648,941.8648,80.0092,172.6739,721.1348,2020.0,2035.0,0.5262,0.2341,2018,,,529.8294,0.00091413,0.00096913
SUP-0070,Agriculture Supplier 070,Agriculture,2016,1652866.05,4724171.33,1152.599,1152.599,188.7866,72.9946,992.9045,2020.0,2035.0,0.5262,0.2341,2018,,,529.8294,0.00091413,0.00096913
SUP-0070,Agriculture Supplier 070,Agriculture,2017,1701465.96,5605173.95,1392.1278,1392.1278,229.8678,132.9286,997.1272,2020.0,2035.0,0.5262,0.2341,2018,,,529.8294,0.00091413,0.00096913
SUP-0070,Agriculture Supplier 070,Agriculture,2018,1484793.07,6238823.75,1085.2951,1085.2951,139.8256,62.6339,814.4272,2020.0,2035.0,0.5262,0.2341,2018,,,529.8294,0.00091413,0.00096913
SUP-0070,Agriculture Supplier 070,Agriculture,2019,1783163.67,6785150.48,977.9649,977.9649,176.7909,220.7979,584.1249,2020.0,2035.0,0.5262,0.2341,2018,,,529.8294,0.00091413,0.00096913
SUP-0070,Agriculture Supplier 070,Agriculture,2020,1775564.61,5902376.3,1108.6892,1108.6892,249.1961,237.0501,657.0151,2020.0,2035.0,0.5262,0.2341,2018,,,529.8294,0.00091413,0.00096913
SUP-0070,Agriculture Supplier 070,Agriculture,2021,1775726.42,5954332.68,1318.4728,1318.4728,303.1162,277.1492,724.1574,2020.0,2035.0,0.5262,0.2341,2018,,,529.8294,0.00091413,0.00096913
SUP-0070,Agriculture Supplier 070,Agriculture,2022,1788186.29,7690777.36,1029.4723,1029.4723,187.9748,235.2314,691.3718,2020.0,2035.0,0.5262,0.2341,2018,,,529.8294,0.00091413,0.00096913
SUP-0070,Agriculture Supplier 070,Agriculture,2023,1806214.5,4842678.04,1068.5917,1068.5917,193.1409,79.4084,713.1055,2020.0,2035.0,0.5262,0.2341,2018,,,529.8294,0.00091413,0.00096913
SUP-0070,Agriculture Supplier 070,Agriculture,2024,1745636.25,6872336.88,1092.2372,1092.2372,320.9355,78.0285,725.5937,2020.0,2035.0,0.5262,0.2341,2018,,,529.8294,0.00091413,0.00096913
SUP-0071,Chemicals Supplier 071,Chemicals,2015,22811105.57,58530529.1,15764.715,15764.715,2834.657,2267.6755,9462.7303,2021.0,2040.0,0.5246,0.2891,2019,2035.0,0.5229,506.3191,0.00100149,0.00047124
SUP-0071,Chemicals Supplier 071,Chemicals,2016,26896940.43,58075452.16,17590.8476,17590.8476,2623.5259,2828.2184,10289.4215,2021.0,2040.0,0.5246,0.2891,2019,2035.0,0.5229,506.3191,0.00100149,0.00047124
SUP-0071,Chemicals Supplier 071,Chemicals,2017,22742596.66,72190565.84,15764.4531,15764.4531,3035.6635,2015.3068,10395.6809,2021.0,2040.0,0.5246,0.2891,2019,2035.0,0.5229,506.3191,0.00100149,0.00047124
SUP-0071,Chemicals Supplier 071,Chemicals,2018,28910524.85,76841563.66,22080.4409,22080.4409,5003.0544,2350.564,13573.9181,2021.0,2040.0,0.5246,0.2891,2019,2035.0,0.5229,506.3191,0.00100149,0.00047124
SUP-0071,Chemicals Supplier 071,Chemicals,2019,33263938.5,69217826.82,23403.6238,23403.6238,5761.8448,1783.1407,16364.3809,2021.0,2040.0,0.5246,0.2891,2019,2035.0,0.5229,506.3191,0.00100149,0.00047124
SUP-0071,Chemicals Supplier 071,Chemicals,2020,27314148.25,81276736.59,16605.1135,16605.1135,1990.9293,1831.5292,11520.5585,2021.0,2040.0,0.5246,0.2891,2019,2035.0,0.5229,506.3191,0.00100149,0.00047124
SUP-0071,Chemicals Supplier 071,Chemicals,2021,34238844.19,85065897.43,23855.8461,23855.8461,2965.3576,2821.8846,18110.2081,2021.0,2040.0,0.5246,0.2891,2019,2035.0,0.5229,506.3191,0.00100149,0.00047124
SUP-0071,Chemicals Supplier 071,Chemicals,2022,35596223.75,81356766.12,19196.8338,19196.8338,3652.9592,2385.8163,13395.4594,2021.0,2040.0,0.5246,0.2891,2019,2035.0,0.5229,506.3191,0.00100149,0.00047124
SUP-0071,Chemicals Supplier 071,Chemicals,2023,35181325.06,126853573.13,17332.5614,17332.5614,4377.128,2751.7918,10302.1126,2021.0,2040.0,0.5246,0.2891,2019,2035.0,0.5229,506.3191,0.00100149,0.00047124
SUP-0071,Chemicals Supplier 071,Chemicals,2024,43200087.82,123558713.2,21541.644,21541.644,1955.2305,4891.8038,16048.01,2021.0,2040.0,0.5246,0.2891,2019,2035.0,0.5229,506.3191,0.00100149,0.00047124
SUP-0072,Electronics Supplier 072,Electronics,2015,10506325.85,38913778.26,11993.606,11993.606,1102.629,2500.1968,8727.2613,2018.0,2040.0,0.5726,0.3086,2018,2040.0,0.3424,635.1588,0.00086105,0.00013947
SUP-0072,Electronics Supplier 072,Electronics,2016,11713705.18,41959310.29,12183.6758,12183.6758,1278.7069,2056.5272,8547.5137,2018.0,2040.0,0.5726,0.3086,2018,2040.0,0.3424,635.1588,0.00086105,0.00013947
SUP-0072,Electronics Supplier 072,Electronics,2017,11695391.97,33854957.91,11398.2178,11398.2178,1192.4761,2477.0986,7533.0768,2018.0,2040.0,0.5726,0.3086,2018,2040.0,0.3424,635.1588,0.00086105,0.00013947
SUP-0072,Electronics Supplier 072,Electronics,2018,9854888.34,41561339.73,10423.0333,10423.0333,1230.3426,900.4161,8604.0663,2018.0,2040.0,0.5726,0.3086,2018,2040.0,0.3424,635.1588,0.00086105,0.00013947
SUP-0072,Electronics Supplier 072,Electronics,2019,13217924.6,55982753.74,14716.8561,14716.8561,1694.6308,2755.4922,10292.8157,2018.0,2040.0,0.5726,0.3086,2018,2040.0,0.3424,635.1588,0.00086105,0.00013947
SUP-0072,Electronics Supplier 072,Electronics,2020,15624527.34,45487008.59,16658.6488,16658.6488,1863.6767,2603.4154,10868.3376,2018.0,2040.0,0.5726,0.3086,2018,2040.0,0.3424,635.1588,0.00086105,0.00013947
SUP-0072,Electronics Supplier 072,Electronics,2021,16321412.08,61368838.08,15590.0088,15590.0088,3499.3135,3390.294,8520.0472,2018.0,2040.0,0.5726,0.3086,2018,2040.0,0.3424,635.1588,0.00086105,0.00013947
SUP-0072,Electronics Supplier 072,Electronics,2022,19273186.87,67345667.16,16969.0324,16969.0324,5275.4986,2117.3728,11150.0859,2018.0,2040.0,0.5726,0.3086,2018,2040.0,0.3424,635.1588,0.00086105,0.00013947
SUP-0072,Electronics Supplier 072,Electronics,2023,18986242.52,60624393.09,16352.585,16352.585,2428.0496,2728.128,11560.2403,2018.0,2040.0,0.5726,0.3086,2018,2040.0,0.3424,635.1588,0.00086105,0.00013947
SUP-0072,Electronics Supplier 072,Electronics,2024,22159283.79,64594775.65,13727.7422,13727.7422,3736.5444,2668.0744,6799.6499,2018.0,2040.0,0.5726,0.3086,2018,2040.0,0.3424,635.1588,0.00086105,0.00013947
SUP-0073,Packaging Supplier 073,Packaging,2015,14763853.08,96943142.7,18889.0839,18889.0839,5106.4273,1903.5881,12997.7075,2021.0,2030.0,0.6005,0.3773,2018,2040.0,0.3112,702.4188,0.0010803,0.00078946
SUP-0073,Packaging Supplier 073,Packaging,2016,13608726.9,88868715.46,18233.9659,18233.9659,2040.7975,2975.3223,12338.0173,2021.0,2030.0,0.6005,0.3773,2018,2040.0,0.3112,702.4188,0.0010803,0.00078946
SUP-0073,Packaging Supplier 073,Packaging,2017,15114078.75,112041874.21,24298.0792,24298.0792,5831.9716,3333.403,14693.1021,2021.0,2030.0,0.6005,0.3773,2018,2040.0,0.3112,702.4188,0.0010803,0.00078946
SUP-0073,Packaging Supplier 073,Packaging,2018,13828838.91,100302801.31,21391.4834,21391.4834,3967.866,3829.063,13545.5182,2021.0,2030.0,0.6005,0.3773,2018,2040.0,0.3112,702.4188,0.0010803,0.00078946
SUP-0073,Packaging Supplier 073,Packaging,2019,15911519.93,91051393.53,22972.6716,22972.6716,6447.0033,1785.6175,14440.3642,2021.0,2030.0,0.6005,0.3773,2018,2040.0,0.3112,702.4188,0.0010803,0.00078946
SUP-0073,Packaging Supplier 073,Packaging,2020,13397661.17,98725708.11,18879.8321,18879.8321,3364.4304,3075.4877,10997.9805,2021.0,2030.0,0.6005,0.3773,2018,2040.0,0.3112,702.4188,0.0010803,0.00078946
SUP-0073,Packaging Supplier 073,Packaging,2021,12463830.73,117255240.41,17473.4283,17473.4283,2868.2018,3619.7011,11085.9625,2021.0,2030.0,0.6005,0.3773,2018,2040.0,0.3112,702.4188,0.0010803,0.00078946
SUP-0073,Packaging Supplier 073,Packaging,2022,16374375.22,126387017.34,19625.1774,19625.1774,3700.3488,2778.0769,12609.0802,2021.0,2030.0,0.6005,0.3773,2018,2040.0,0.3112,702.4188,0.0010803,0.00078946
SUP-0073,Packaging Supplier 073,Packaging,2023,12528358.29,124295264.58,14945.5376,14945.5376,3368.1631,1286.3832,9194.5804,2021.0,2030.0,0.6005,0.3773,2018,2040.0,0.3112,702.4188,0.0010803,0.00078946
SUP-0073,Packaging Supplier 073,Packaging,2024,14423624.23,120436061.57,16015.2073,16015.2073,3724.4673,3199.0057,8740.0867,2021.0,2030.0,0.6005,0.3773,2018,2040.0,0.3112,702.4188,0.0010803,0.00078946
SUP-0074,Agriculture Supplier 074,Agriculture,2015,22066820.31,103194090.45,26221.5934,26221.5934,2146.9381,1702.4555,22604.1755,2020.0,2040.0,0.5813,0.2506,2018,,,529.8294,0.00091413,0.00096913
SUP-0074,Agriculture Supplier 074,Agriculture,2016,20601719.28,123472065.37,27567.0959,27567.0959,6188.2995,3029.1854,18823.1088,2020.0,2040.0,0.5813,0.2506,2018,,,529.8294,0.00091413,0.00096913
SUP-0074,Agriculture Supplier 074,Agriculture,2017,21953336.91,107664624.98,31110.7614,31110.7614,3451.2307,6663.1547,21957.0002,2020.0,2040.0,0.5813,0.2506,2018,,,529.8294,0.00091413,0.00096913
SUP-0074,Agriculture Supplier 074,Agriculture,2018,22806996.51,116934469.44,28110.6496,28110.6496,5987.0206,5465.9718,16720.1208,2020.0,2040.0,0.5813,0.2506,2018,,,529.8294,0.00091413,0.00096913
SUP-0074,Agriculture Supplier 074,Agriculture,2019,24407587.57,114335846.34,28665.822,28665.822,4540.3293,1902.8637,21579.2891,2020.0,2040.0,0.5813,0.2506,2018,,,529.8294,0.00091413,0.00096913
SUP-0074,Agriculture Supplier 074,Agriculture,2020,20523007.49,121888896.83,26164.4453,26164.4453,6199.5748,3723.7017,15338.7353,2020.0,2040.0,0.5813,0.2506,2018,,,529.8294,0.00091413,0.00096913
SUP-0074,Agriculture Supplier 074,Agriculture,2021,20727221.38,154544008.75,21763.6077,21763.6077,3578.079,4238.6447,13610.5658,2020.0,2040.0,0.5813,0.2506,2018,,,529.8294,0.00091413,0.00096913
SUP-0074,Agriculture Supplier 074,Agriculture,2022,22659679.26,116520266.46,21744.9428,21744.9428,2542.0176,3649.309,17014.1927,2020.0,2040.0,0.5813,0.2506,2018,,,529.8294,0.00091413,0.00096913
SUP-0074,Agriculture Supplier 074,Agriculture,2023,20439950.93,155159175.41,19763.98,19763.98,3662.0269,4447.0621,11983.2568,2020.0,2040.0,0.5813,0.2506,2018,,,529.8294,0.00091413,0.00096913
SUP-0074,Agriculture Supplier 074,Agriculture,2024,24196428.53,112116291.4,30189.7905,30189.7905,8412.3522,3688.8515,18908.2226,2020.0,2040.0,0.5813,0.2506,2018,,,529.8294,0.00091413,0.00096913
SUP-0075,Metals Supplier 075,Metals,2015,16974646.7,68912077.37,23663.2792,23663.2792,6789.6953,2035.5996,16409.9462,2021.0,2030.0,0.5861,0.2598,2019,2030.0,0.3852,158.2904,0.00100695,0.00065008
SUP-0075,Metals Supplier 075,Metals,2016,19931681.67,56470123.7,19194.7755,19194.7755,3885.8102,3384.3531,12638.9708,2021.0,2030.0,0.5861,0.2598,2019,2030.0,0.3852,158.2904,0.00100695,0.00065008
SUP-0075,Metals Supplier 075,Metals,2017,18155513.65,49494987.18,25222.6998,25222.6998,4915.2486,2349.5925,16308.1413,2021.0,2030.0,0.5861,0.2598,2019,2030.0,0.3852,158.2904,0.00100695,0.00065008
SUP-0075,Metals Supplier 075,Metals,2018,16218298.51,51578881.31,21064.122,21064.122,4554.925,3827.8203,12173.651,2021.0,2030.0,0.5861,0.2598,2019,2030.0,0.3852,158.2904,0.00100695,0.00065008
SUP-0075,Metals Supplier 075,Metals,2019,17532435.07,45919650.68,20647.6652,20647.6652,4330.8964,1660.6249,14448.4514,2021.0,2030.0,0.5861,0.2598,2019,2030.0,0.3852,158.2904,0.00100695,0.00065008
SUP-0075,Metals Supplier 075,Metals,2020,13904862.83,59799561.41,19213.079,19213.079,3378.5212,3074.297,13057.7312,2021.0,2030.0,0.5861,0.2598,2019,2030.0,0.3852,158.2904,0.00100695,0.00065008
SUP-0075,Metals Supplier 075,Metals,2021,15608176.1,53199684.53,16696.1315,16696.1315,2860.135,2154.6443,12589.5422,2021.0,2030.0,0.5861,0.2598,2019,2030.0,0.3852,158.2904,0.00100695,0.00065008
SUP-0075,Metals Supplier 075,Metals,2022,15062877.65,59966768.08,17156.6499,17156.6499,1896.2261,1401.7823,12578.5343,2021.0,2030.0,0.5861,0.2598,2019,2030.0,0.3852,158.2904,0.00100695,0.00065008
SUP-0075,Metals Supplier 075,Metals,2023,16227896.34,50345238.2,17558.3938,17558.3938,3766.0546,3637.8733,9477.8441,2021.0,2030.0,0.5861,0.2598,2019,2030.0,0.3852,158.2904,0.00100695,0.00065008
SUP-0075,Metals Supplier 075,Metals,2024,15218241.83,48232106.23,19104.6888,19104.6888,4592.6116,2530.4429,10865.5764,2021.0,2030.0,0.5861,0.2598,2019,2030.0,0.3852,158.2904,0.00100695,0.00065008
SUP-0076,Chemicals Supplier 076,Chemicals,2015,12866678.52,38461948.58,10881.0078,10881.0078,1507.5678,1351.7503,8261.6192,2018.0,2035.0,0.4347,0.1718,2019,2035.0,0.5229,506.3191,0.00100149,0.00047124
SUP-0076,Chemicals Supplier 076,Chemicals,2016,13227015.44,42904166.91,14292.8563,14292.8563,2150.8079,1286.8113,10290.9884,2018.0,2035.0,0.4347,0.1718,2019,2035.0,0.5229,506.3191,0.00100149,0.00047124
SUP-0076,Chemicals Supplier 076,Chemicals,2017,13231531.92,41134614.74,11999.159,11999.159,1135.2537,2009.3878,8605.7251,2018.0,2035.0,0.4347,0.1718,2019,2035.0,0.5229,506.3191,0.00100149,0.00047124
SUP-0076,Chemicals Supplier 076,Chemicals,2018,13981725.11,38408987.69,12639.7671,12639.7671,1272.7909,2073.7099,8636.1524,2018.0,2035.0,0.4347,0.1718,2019,2035.0,0.5229,506.3191,0.00100149,0.00047124
SUP-0076,Chemicals Supplier 076,Chemicals,2019,11992391.28,43227910.94,15627.347,15627.347,1918.5885,1204.9355,11881.4883,2018.0,2035.0,0.4347,0.1718,2019,2035.0,0.5229,506.3191,0.00100149,0.00047124
SUP-0076,Chemicals Supplier 076,Chemicals,2020,15728020.93,43223165.75,15633.8994,15633.8994,3659.3994,2234.8877,9611.7216,2018.0,2035.0,0.4347,0.1718,2019,2035.0,0.5229,506.3191,0.00100149,0.00047124
SUP-0076,Chemicals Supplier 076,Chemicals,2021,14472960.57,47484900.29,17242.9658,17242.9658,3217.1797,2342.9038,12472.6953,2018.0,2035.0,0.4347,0.1718,2019,2035.0,0.5229,506.3191,0.00100149,0.00047124
SUP-0076,Chemicals Supplier 076,Chemicals,2022,15330857.59,39673600.74,12664.0205,12664.0205,1012.0744,825.3565,10993.7916,2018.0,2035.0,0.4347,0.1718,2019,2035.0,0.5229,506.3191,0.00100149,0.00047124
SUP-0076,Chemicals Supplier 076,Chemicals,2023,13391394.83,44386551.72,13654.4523,13654.4523,2480.0389,2812.3615,8485.3076,2018.0,2035.0,0.4347,0.1718,2019,2035.0,0.5229,506.3191,0.00100149,0.00047124
SUP-0076,Chemicals Supplier 076,Chemicals,2024,15916390.39,63998237.61,21781.5845,21781.5845,5125.7204,2293.7183,14465.8495,2018.0,2035.0,0.4347,0.1718,2019,2035.0,0.5229,506.3191,0.00100149,0.00047124
SUP-0077,Packaging Supplier 077,Packaging,2015,386082.37,1876788.48,318.8556,318.8556,58.6678,54.9768,214.9952,2018.0,2030.0,0.6421,0.3614,2018,2040.0,0.3112,702.4188,0.0010803,0.00078946
SUP-0077,Packaging Supplier 077,Packaging,2016,388236.44,2305606.69,307.4867,307.4867,35.5216,47.4897,230.5924,2018.0,2030.0,0.6421,0.3614,2018,2040.0,0.3112,702.4188,0.0010803,0.00078946
SUP-0077,Packaging Supplier 077,Packaging,2017,436262.43,2530849.29,319.0824,319.0824,30.948,25.4746,274.9959,2018.0,2030.0,0.6421,0.3614,2018,2040.0,0.3112,702.4188,0.0010803,0.00078946
SUP-0077,Packaging Supplier 077,Packaging,2018,390292.95,2480959.08,248.6256,248.6256,30.115,34.2874,167.4944,2018.0,2030.0,0.6421,0.3614,2018,2040.0,0.3112,702.4188,0.0010803,0.00078946
SUP-0077,Packaging Supplier 077,Packaging,2019,385788.43,3010643.91,266.2393,266.2393,65.4461,53.1564,140.5188,2018.0,2030.0,0.6421,0.3614,2018,2040.0,0.3112,702.4188,0.0010803,0.00078946
SUP-0077,Packaging Supplier 077,Packaging,2020,447902.28,2098274.26,337.0618,337.0618,53.9184,29.6485,255.3002,2018.0,2030.0,0.6421,0.3614,2018,2040.0,0.3112,702.4188,0.0010803,0.00078946
SUP-0077,Packaging Supplier 077,Packaging,2021,519938.42,3100136.59,345.1167,345.1167,86.6527,70.7113,185.4901,2018.0,2030.0,0.6421,0.3614,2018,2040.0,0.3112,702.4188,0.0010803,0.00078946
SUP-0077,Packaging Supplier 077,Packaging,2022,625623.27,2653415.21,413.6172,413.6172,105.934,49.9278,228.5003,2018.0,2030.0,0.6421,0.3614,2018,2040.0,0.3112,702.4188,0.0010803,0.00078946
SUP-0077,Packaging Supplier 077,Packaging,2023,609500.67,3768512.27,403.8538,403.8538,112.4133,28.1003,258.8601,2018.0,2030.0,0.6421,0.3614,2018,2040.0,0.3112,702.4188,0.0010803,0.00078946
SUP-0077,Packaging Supplier 077,Packaging,2024,603398.41,5012554.34,368.6382,368.6382,80.429,32.5647,257.7497,2018.0,2030.0,0.6421,0.3614,2018,2040.0,0.3112,702.4188,0.0010803,0.00078946
SUP-0078,Metals Supplier 078,Metals,2015,14585847.49,99121824.54,16727.625,16727.625,3323.3005,1644.0023,12700.9707,2021.0,2040.0,0.2592,0.1569,2019,2030.0,0.3852,158.2904,0.00100695,0.00065008
SUP-0078,Metals Supplier 078,Metals,2016,16144702.76,93474038.82,14381.2814,14381.2814,1298.6579,1922.0779,10885.529,2021.0,2040.0,0.2592,0.1569,2019,2030.0,0.3852,158.2904,0.00100695,0.00065008
SUP-0078,Metals Supplier 078,Metals,2017,13468426.16,114665498.83,15148.6706,15148.6706,2087.7518,2916.926,9975.3322,2021.0,2040.0,0.2592,0.1569,2019,2030.0,0.3852,158.2904,0.00100695,0.00065008
SUP-0078,Metals Supplier 078,Metals,2018,17845798.32,87612229.39,16427.7088,16427.7088,3299.1605,3094.2077,10554.401,2021.0,2040.0,0.2592,0.1569,2019,2030.0,0.3852,158.2904,0.00100695,0.00065008
SUP-0078,Metals Supplier 078,Metals,2019,19683401.03,133321669.95,16364.6187,16364.6187,2275.6015,1834.9069,12409.4446,2021.0,2040.0,0.2592,0.1569,2019,2030.0,0.3852,158.2904,0.00100695,0.00065008
SUP-0078,Metals Supplier 078,Metals,2020,21649774.3,168864127.83,18722.8263,18722.8263,4155.0188,2252.5483,11193.4875,2021.0,2040.0,0.2592,0.1569,2019,2030.0,0.3852,158.2904,0.00100695,0.00065008
SUP-0078,Metals Supplier 078,Metals,2021,21108845.56,139270178.23,18414.7725,18414.7725,2181.4125,3585.1038,12866.188,2021.0,2040.0,0.2592,0.1569,2019,2030.0,0.3852,158.2904,0.00100695,0.00065008
SUP-0078,Metals Supplier 078,Metals,2022,25699910.98,139725167.6,22855.2851,22855.2851,6027.5046,2989.2684,14210.0917,2021.0,2040.0,0.2592,0.1569,2019,2030.0,0.3852,158.2904,0.00100695,0.00065008
SUP-0078,Metals Supplier 078,Metals,2023,26323443.32,222882264.63,17552.6946,17552.6946,1504.8651,2293.0338,14003.1307,2021.0,2040.0,0.2592,0.1569,2019,2030.0,0.3852,158.2904,0.00100695,0.00065008
SUP-0078,Metals Supplier 078,Metals,2024,24715249.31,192905069.32,19046.8071,19046.8071,3454.5027,1713.6012,14283.8822,2021.0,2040.0,0.2592,0.1569,2019,2030.0,0.3852,158.2904,0.00100695,0.00065008
SUP-0079,Logistics Supplier 079,Logistics,2015,10204100.99,44560562.41,3305.002,3305.002,632.474,399.424,2395.1132,,,,,2019,2040.0,0.4616,591.6386,0.00022349,0.00047787
SUP-0079,Logistics Supplier 079,Logistics,2016,13942105.02,46593829.06,4144.0119,4144.0119,389.3573,461.4578,3401.2034,,,,,2019,2040.0,0.4616,591.6386,0.00022349,0.00047787
SUP-0079,Logistics Supplier 079,Logistics,2017,12658776.24,54166482.65,3385.6007,3385.6007,778.1777,529.8683,1935.2826,,,,,2019,2040.0,0.4616,591.6386,0.00022349,0.00047787
SUP-0079,Logistics Supplier 079,Logistics,2018,13683022.97,54713001.31,3606.0602,3606.0602,591.3204,514.2639,2878.632,,,,,2019,2040.0,0.4616,591.6386,0.00022349,0.00047787
SUP-0079,Logistics Supplier 079,Logistics,2019,12609242.15,61646178.59,3977.8503,3977.8503,349.643,248.6592,3446.5296,,,,,2019,2040.0,0.4616,591.6386,0.00022349,0.00047787
SUP-0079,Logistics Supplier 079,Logistics,2020,16035395.58,60589357.34,4432.1876,4432.1876,641.759,922.3392,2793.7869,,,,,2019,2040.0,0.4616,591.6386,0.00022349,0.00047787
SUP-0079,Logistics Supplier 079,Logistics,2021,15172679.16,75912478.69,4459.6911,4459.6911,784.5813,786.7025,2797.2736,,,,,2019,2040.0,0.4616,591.6386,0.00022349,0.00047787
SUP-0079,Logistics Supplier 079,Logistics,2022,17588346.65,55684678.21,4492.2205,4492.2205,1203.1137,652.0845,3005.1577,,,,,2019,2040.0,0.4616,591.6386,0.00022349,0.00047787
SUP-0079,Logistics Supplier 079,Logistics,2023,15063765.25,73113563.78,3499.1923,3499.1923,712.9805,408.262,2534.6706,,,,,2019,2040.0,0.4616,591.6386,0.00022349,0.00047787
SUP-0079,Logistics Supplier 079,Logistics,2024,15324883.31,68962601.81,4203.5841,4203.5841,1014.8158,798.4051,2183.0154,,,,,2019,2040.0,0.4616,591.6386,0.00022349,0.00047787
SUP-0080,Packaging Supplier 080,Packaging,2015,18527474.05,129992713.02,29407.4796,29407.4796,6933.655,3609.9139,20393.2817,2019.0,2040.0,0.6923,0.3022,2018,2040.0,0.3112,702.4188,0.0010803,0.00078946
SUP-0080,Packaging Supplier 080,Packaging,2016,21425904.69,178955677.61,34740.205,34740.205,3053.7954,4034.3893,25669.4216,2019.0,2040.0,0.6923,0.3022,2018,2040.0,0.3112,702.4188,0.0010803,0.00078946
SUP-0080,Packaging Supplier 080,Packaging,2017,20232444.26,159931082.77,24760.1313,24760.1313,4252.3431,2973.4077,15510.0249,2019.0,2040.0,0.6923,0.3022,2018,2040.0,0.3112,702.4188,0.0010803,0.00078946
SUP-0080,Packaging Supplier 080,Packaging,2018,25912714.61,163131649.84,32792.1116,32792.1116,8690.4755,3591.9316,18902.7769,2019.0,2040.0,0.6923,0.3022,2018,2040.0,0.3112,702.4188,0.0010803,0.00078946
SUP-0080,Packaging Supplier 080,Packaging,2019,25644010.0,189163696.6,38285.5647,38285.5647,6222.4078,7769.3926,22441.6123,2019.0,2040.0,0.6923,0.3022,2018,2040.0,0.3112,702.4188,0.0010803,0.00078946
SUP-0080,Packaging Supplier 080,Packaging,2020,24280117.03,217821673.5,22819.2577,22819.2577,5726.3424,3357.5654,12735.5099,2019.0,2040.0,0.6923,0.3022,2018,2040.0,0.3112,702.4188,0.0010803,0.00078946
SUP-0080,Packaging Supplier 080,Packaging,2021,24259801.81,209792825.66,30357.8644,30357.8644,6400.621,2289.6068,22016.4491,2019.0,2040.0,0.6923,0.3022,2018,2040.0,0.3112,702.4188,0.0010803,0.00078946
SUP-0080,Packaging Supplier 080,Packaging,2022,26639312.85,158895710.93,27568.9601,27568.9601,3130.9643,3468.3558,20630.4644,2019.0,2040.0,0.6923,0.3022,2018,2040.0,0.3112,702.4188,0.0010803,0.00078946
SUP-0080,Packaging Supplier 080,Packaging,2023,28123847.98,197768098.72,37104.7175,37104.7175,3307.3621,4013.2071,28203.1158,2019.0,2040.0,0.6923,0.3022,2018,2040.0,0.3112,702.4188,0.0010803,0.00078946
SUP-0080,Packaging Supplier 080,Packaging,2024,30381184.14,132483784.12,30742.1821,30742.1821,4986.301,3425.3642,20712.7584,2019.0,2040.0,0.6923,0.3022,2018,2040.0,0.3112,702.4188,0.0010803,0.00078946
SUP-0081,Textiles Supplier 081,Textiles,2015,8991749.29,52629125.04,2031.5668,2031.5668,565.8856,465.0766,1058.0159,,,,,2019,2030.0,0.3171,401.7335,0.00029221,0.00017343
SUP-0081,Textiles Supplier 081,Textiles,2016,9020787.14,55536410.95,1658.1094,1658.1094,366.6955,375.5155,908.8081,,,,,2019,2030.0,0.3171,401.7335,0.00029221,0.00017343
SUP-0081,Textiles Supplier 081,Textiles,2017,9344227.97,51635285.21,1870.0071,1870.0071,368.2946,177.8824,1488.8102,,,,,2019,2030.0,0.3171,401.7335,0.00029221,0.00017343
SUP-0081,Textiles Supplier 081,Textiles,2018,8857705.76,53744392.3,1188.7375,1188.7375,109.0504,254.2311,868.5311,,,,,2019,2030.0,0.3171,401.7335,0.00029221,0.00017343
SUP-0081,Textiles Supplier 081,Textiles,2019,9685779.61,58865744.8,1721.9769,1721.9769,148.7091,342.2108,1325.9048,,,,,2019,2030.0,0.3171,401.7335,0.00029221,0.00017343
SUP-0081,Textiles Supplier 081,Textiles,2020,8225981.68,47777683.28,1508.6315,1508.6315,141.1107,287.2845,1067.0902,,,,,2019,2030.0,0.3171,401.7335,0.00029221,0.00017343
SUP-0081,Textiles Supplier 081,Textiles,2021,8975499.58,50554518.77,1840.9117,1840.9117,202.3816,199.6633,1517.3505,,,,,2019,2030.0,0.3171,401.7335,0.00029221,0.00017343
SUP-0081,Textiles Supplier 081,Textiles,2022,9821338.35,54632387.28,2732.0682,2732.0682,526.6157,369.0755,1650.4048,,,,,2019,2030.0,0.3171,401.7335,0.00029221,0.00017343
SUP-0081,Textiles Supplier 081,Textiles,2023,8795059.99,46993349.26,2327.0328,2327.0328,250.0503,297.6002,1535.6233,,,,,2019,2030.0,0.3171,401.7335,0.00029221,0.00017343
SUP-0081,Textiles Supplier 081,Textiles,2024,8578168.28,47650478.58,1605.4681,1605.4681,373.6896,220.4625,1125.1031,,,,,2019,2030.0,0.3171,401.7335,0.00029221,0.00017343
SUP-0082,Packaging Supplier 082,Packaging,2015,17949131.76,154541827.04,25142.4274,25142.4274,6475.0274,5525.7901,11605.4849,2018.0,2030.0,0.3671,0.1475,2018,2040.0,0.3112,702.4188,0.0010803,0.00078946
SUP-0082,Packaging Supplier 082,Packaging,2016,18845123.39,144422278.87,20254.5195,20254.5195,3231.7274,3978.3942,13012.1103,2018.0,2030.0,0.3671,0.1475,2018,2040.0,0.3112,702.4188,0.0010803,0.00078946
SUP-0082,Packaging Supplier 082,Packaging,2017,19938672.77,171047577.49,24327.9383,24327.9383,5280.7735,2673.806,15090.3284,2018.0,2030.0,0.3671,0.1475,2018,2040.0,0.3112,702.4188,0.0010803,0.00078946
SUP-0082,Packaging Supplier 082,Packaging,2018,20512339.99,127759931.14,24374.3341,24374.3341,3147.0054,3925.8172,18475.9103,2018.0,2030.0,0.3671,0.1475,2018,2040.0,0.3112,702.4188,0.0010803,0.00078946
SUP-0082,Packaging Supplier 082,Packaging,2019,20877925.45,179261813.84,28796.9816,28796.9816,6421.9777,3021.057,19310.0091,2018.0,2030.0,0.3671,0.1475,2018,2040.0,0.3112,702.4188,0.0010803,0.00078946
SUP-0082,Packaging Supplier 082,Packaging,2020,25039202.96,158426906.13,24915.5579,24915.5579,5527.103,1782.0257,19917.3412,2018.0,2030.0,0.3671,0.1475,2018,2040.0,0.3112,702.4188,0.0010803,0.00078946
SUP-0082,Packaging Supplier 082,Packaging,2021,25194013.78,156491136.35,33055.9905,33055.9905,3156.6826,2132.4755,29074.4593,2018.0,2030.0,0.3671,0.1475,2018,2040.0,0.3112,702.4188,0.0010803,0.00078946
SUP-0082,Packaging Supplier 082,Packaging,2022,26592220.65,165964737.1,35186.5812,35186.5812,7731.8582,4515.5058,21455.6056,2018.0,2030.0,0.3671,0.1475,2018,2040.0,0.3112,702.4188,0.0010803,0.00078946
SUP-0082,Packaging Supplier 082,Packaging,2023,27146492.45,176508356.86,37861.6917,37861.6917,5193.9527,5052.8345,28019.8678,2018.0,2030.0,0.3671,0.1475,2018,2040.0,0.3112,702.4188,0.0010803,0.00078946
SUP-0082,Packaging Supplier 082,Packaging,2024,28407683.17,189393402.34,40116.1832,40116.1832,9713.4814,2930.5859,25125.5516,2018.0,2030.0,0.3671,0.1475,2018,2040.0,0.3112,702.4188,0.0010803,0.00078946
SUP-0083,Logistics Supplier 083,Logistics,2015,27231750.34,65124616.39,4867.926,4867.926,879.08,1054.8012,3023.2434,,,,,2019,2040.0,0.4616,591.6386,0.00022349,0.00047787
SUP-0083,Logistics Supplier 083,Logistics,2016,24012808.87,66748700.05,3950.5999,3950.5999,865.233,567.5246,2390.0561,,,,,2019,2040.0,0.4616,591.6386,0.00022349,0.00047787
SUP-0083,Logistics Supplier 083,Logistics,2017,23977666.22,62843192.7,4170.5443,4170.5443,892.8304,577.0566,2886.7148,,,,,2019,2040.0,0.4616,591.6386,0.00022349,0.00047787
SUP-0083,Logistics Supplier 083,Logistics,2018,28479697.94,57439256.64,5454.5303,5454.5303,1358.4843,807.2369,3530.2173,,,,,2019,2040.0,0.4616,591.6386,0.00022349,0.00047787
SUP-0083,Logistics Supplier 083,Logistics,2019,17769967.12,60783129.23,3152.8678,3152.8678,582.3323,544.8657,2351.0998,,,,,2019,2040.0,0.4616,591.6386,0.00022349,0.00047787
SUP-0083,Logistics Supplier 083,Logistics,2020,24108598.36,62157134.25,4042.7028,4042.7028,953.9731,602.6973,2599.684,,,,,2019,2040.0,0.4616,591.6386,0.00022349,0.00047787
SUP-0083,Logistics Supplier 083,Logistics,2021,21429069.6,50886526.23,4227.4069,4227.4069,708.3567,413.4149,2928.0605,,,,,2019,2040.0,0.4616,591.6386,0.00022349,0.00047787
SUP-0083,Logistics Supplier 083,Logistics,2022,23070927.74,64372190.24,3704.0946,3704.0946,443.0342,574.964,2690.664,,,,,2019,2040.0,0.4616,591.6386,0.00022349,0.00047787
SUP-0083,Logistics Supplier 083,Logistics,2023,25564598.24,74457096.66,5096.8692,5096.8692,1064.3688,740.1789,3180.1843,,,,,2019,2040.0,0.4616,591.6386,0.00022349,0.00047787
SUP-0083,Logistics Supplier 083,Logistics,2024,19985712.58,60606542.27,3352.7019,3352.7019,807.0083,435.321,2288.8372,,,,,2019,2040.0,0.4616,591.6386,0.00022349,0.00047787
SUP-0084,Chemicals Supplier 084,Chemicals,2015,16568788.6,97541090.08,15140.7785,15140.7785,3904.4605,2459.3944,9061.4912,,,,,2019,2035.0,0.5229,506.3191,0.00100149,0.00047124
SUP-0084,Chemicals Supplier 084,Chemicals,2016,14384996.3,122053283.16,12312.9318,12312.9318,2576.9148,1136.8107,8383.0636,,,,,2019,2035.0,0.5229,506.3191,0.00100149,0.00047124
SUP-0084,Chemicals Supplier 084,Chemicals,2017,15263523.65,93410801.31,12455.1115,12455.1115,1636.9177,2490.8684,8781.2259,,,,,2019,2035.0,0.5229,506.3191,0.00100149,0.00047124
SUP-0084,Chemicals Supplier 084,Chemicals,2018,18292209.23,112148126.19,14145.653,14145.653,1246.4743,1990.7012,11306.3145,,,,,2019,2035.0,0.5229,506.3191,0.00100149,0.00047124
SUP-0084,Chemicals Supplier 084,Chemicals,2019,18885955.05,123512219.33,13867.9421,13867.9421,4162.5733,1934.1549,9034.1285,,,,,2019,2035.0,0.5229,506.3191,0.00100149,0.00047124
SUP-0084,Chemicals Supplier 084,Chemicals,2020,19335503.09,139859499.5,17042.1373,17042.1373,2801.772,2545.8565,11916.5108,,,,,2019,2035.0,0.5229,506.3191,0.00100149,0.00047124
SUP-0084,Chemicals Supplier 084,Chemicals,2021,20320479.42,150939796.17,11633.3347,11633.3347,2349.6785,892.154,8016.4003,,,,,2019,2035.0,0.5229,506.3191,0.00100149,0.00047124
SUP-0084,Chemicals Supplier 084,Chemicals,2022,20943831.46,133598085.42,15122.4546,15122.4546,1349.2589,2337.251,11664.8858,,,,,2019,2035.0,0.5229,506.3191,0.00100149,0.00047124
SUP-0084,Chemicals Supplier 084,Chemicals,2023,23425663.74,128827085.12,15334.1004,15334.1004,2596.0165,2702.6833,10269.849,,,,,2019,2035.0,0.5229,506.3191,0.00100149,0.00047124
SUP-0084,Chemicals Supplier 084,Chemicals,2024,22962377.36,196940775.83,12713.5887,12713.5887,1567.4043,2553.4607,8946.1412,,,,,2019,2035.0,0.5229,506.3191,0.00100149,0.00047124
SUP-0085,Textiles Supplier 085,Textiles,2015,22437480.11,42319309.56,8996.1567,8996.1567,2013.3173,1339.747,5711.3233,,,,,2019,2030.0,0.3171,401.7335,0.00029221,0.00017343
SUP-0085,Textiles Supplier 085,Textiles,2016,19599678.61,39948110.06,7108.8201,7108.8201,1832.2121,744.9233,3916.1254,,,,,2019,2030.0,0.3171,401.7335,0.00029221,0.00017343
SUP-0085,Textiles Supplier 085,Textiles,2017,17584347.29,38724541.02,5081.9098,5081.9098,1176.089,427.7885,3338.5375,,,,,2019,2030.0,0.3171,401.7335,0.00029221,0.00017343
SUP-0085,Textiles Supplier 085,Textiles,2018,20549261.18,30788309.53,5509.257,5509.257,1124.8635,1097.4755,3239.7486,,,,,2019,2030.0,0.3171,401.7335,0.00029221,0.00017343
SUP-0085,Textiles Supplier 085,Textiles,2019,19010470.82,40316990.81,4872.0394,4872.0394,561.0498,985.042,3664.2638,,,,,2019,2030.0,0.3171,401.7335,0.00029221,0.00017343
SUP-0085,Textiles Supplier 085,Textiles,2020,16020328.49,33569883.97,3856.7525,3856.7525,932.4903,351.5149,2631.4215,,,,,2019,2030.0,0.3171,401.7335,0.00029221,0.00017343
SUP-0085,Textiles Supplier 085,Textiles,2021,18712825.11,37269652.28,4733.7122,4733.7122,1164.2816,367.6896,3391.2818,,,,,2019,2030.0,0.3171,401.7335,0.00029221,0.00017343
SUP-0085,Textiles Supplier 085,Textiles,2022,15894987.31,31864577.13,4156.6292,4156.6292,703.6966,340.4755,3287.1491,,,,,2019,2030.0,0.3171,401.7335,0.00029221,0.00017343
SUP-0085,Textiles Supplier 085,Textiles,2023,16240902.44,47044876.3,4050.3292,4050.3292,464.4912,237.7409,3577.8447,,,,,2019,2030.0,0.3171,401.7335,0.00029221,0.00017343
SUP-0085,Textiles Supplier 085,Textiles,2024,15414392.3,24182140.62,3589.5178,3589.5178,743.7755,449.8981,2587.5136,,,,,2019,2030.0,0.3171,401.7335,0.00029221,0.00017343
SUP-0086,Metals Supplier 086,Metals,2015,1778787.37,3346305.49,2727.1173,2727.1173,558.7574,500.5808,1693.5332,2019.0,2035.0,0.4157,0.2236,2019,2030.0,0.3852,158.2904,0.00100695,0.00065008
SUP-0086,Metals Supplier 086,Metals,2016,1782240.71,2833455.3,2673.3614,2673.3614,232.1412,471.9322,1920.339,2019.0,2035.0,0.4157,0.2236,2019,2030.0,0.3852,158.2904,0.00100695,0.00065008
SUP-0086,Metals Supplier 086,Metals,2017,2032053.38,3396132.96,3059.3666,3059.3666,855.2037,355.6319,2012.8679,2019.0,2035.0,0.4157,0.2236,2019,2030.0,0.3852,158.2904,0.00100695,0.00065008
SUP-0086,Metals Supplier 086,Metals,2018,1737733.59,3725852.44,1582.5973,1582.5973,341.4087,224.8175,1020.4693,2019.0,2035.0,0.4157,0.2236,2019,2030.0,0.3852,158.2904,0.00100695,0.00065008
SUP-0086,Metals Supplier 086,Metals,2019,1877082.99,3648706.47,2718.5047,2718.5047,310.8262,592.1336,1984.6916,2019.0,2035.0,0.4157,0.2236,2019,2030.0,0.3852,158.2904,0.00100695,0.00065008
SUP-0086,Metals Supplier 086,Metals,2020,1502734.85,3264573.84,2398.0387,2398.0387,675.4724,164.3893,1628.1638,2019.0,2035.0,0.4157,0.2236,2019,2030.0,0.3852,158.2904,0.00100695,0.00065008
SUP-0086,Metals Supplier 086,Metals,2021,1707502.04,3471332.37,2711.9468,2711.9468,391.5631,458.008,1758.5281,2019.0,2035.0,0.4157,0.2236,2019,2030.0,0.3852,158.2904,0.00100695,0.00065008
SUP-0086,Metals Supplier 086,Metals,2022,1737752.06,4941347.33,2483.5516,2483.5516,287.1078,328.8904,1860.9621,2019.0,2035.0,0.4157,0.2236,2019,2030.0,0.3852,158.2904,0.00100695,0.00065008
SUP-0086,Metals Supplier 086,Metals,2023,1812242.55,3913252.34,2153.9995,2153.9995,303.4362,184.1007,1906.0315,2019.0,2035.0,0.4157,0.2236,2019,2030.0,0.3852,158.2904,0.00100695,0.00065008
SUP-0086,Metals Supplier 086,Metals,2024,1748766.21,3973976.01,2383.3585,2383.3585,221.0184,407.2962,1817.1955,2019.0,2035.0,0.4157,0.2236,2019,2030.0,0.3852,158.2904,0.00100695,0.00065008
SUP-0087,Agriculture Supplier 087,Agriculture,2015,17381249.12,28827055.99,15598.7772,15598.7772,1683.3006,930.8716,12006.4435,2020.0,2035.0,0.2888,0.1304,2018,,,529.8294,0.00091413,0.00096913
SUP-0087,Agriculture Supplier 087,Agriculture,2016,17684740.43,24092200.25,16671.977,16671.977,1429.7187,3374.5093,11502.7912,2020.0,2035.0,0.2888,0.1304,2018,,,529.8294,0.00091413,0.00096913
SUP-0087,Agriculture Supplier 087,Agriculture,2017,21972394.97,31734597.14,16998.5439,16998.5439,3025.7615,3377.5638,11054.6953,2020.0,2035.0,0.2888,0.1304,2018,,,529.8294,0.00091413,0.00096913
SUP-0087,Agriculture Supplier 087,Agriculture,2018,18436228.99,34759871.64,13632.2043,13632.2043,2450.8311,1838.9488,11347.2729,2020.0,2035.0,0.2888,0.1304,2018,,,529.8294,0.00091413,0.00096913
SUP-0087,Agriculture Supplier 087,Agriculture,2019,24140121.31,42767054.73,22377.4966,22377.4966,4678.7956,3354.964,15118.0531,2020.0,2035.0,0.2888,0.1304,2018,,,529.8294,0.00091413,0.00096913
SUP-0087,Agriculture Supplier 087,Agriculture,2020,21308828.93,38258072.18,19158.6206,19158.6206,4333.4331,1581.3242,12752.8946,2020.0,2035.0,0.2888,0.1304,2018,,,529.8294,0.00091413,0.00096913
SUP-0087,Agriculture Supplier 087,Agriculture,2021,22283902.69,39532766.09,17479.5851,17479.5851,1934.5854,1910.2999,12583.3064,2020.0,2035.0,0.2888,0.1304,2018,,,529.8294,0.00091413,0.00096913
SUP-0087,Agriculture Supplier 087,Agriculture,2022,25406451.46,35399369.04,20339.4614,20339.4614,4069.8688,2899.7941,13600.2201,2020.0,2035.0,0.2888,0.1304,2018,,,529.8294,0.00091413,0.00096913
SUP-0087,Agriculture Supplier 087,Agriculture,2023,26289413.87,52404139.92,25148.1228,25148.1228,2841.6325,2209.8601,20360.3373,2020.0,2035.0,0.2888,0.1304,2018,,,529.8294,0.00091413,0.00096913
SUP-0087,Agriculture Supplier 087,Agriculture,2024,30778261.96,48524634.66,20847.7141,20847.7141,2176.7742,3472.979,16387.8861,2020.0,2035.0,0.2888,0.1304,2018,,,529.8294,0.00091413,0.00096913
SUP-0088,Packaging Supplier 088,Packaging,2015,15353730.95,60317759.14,16829.2344,16829.2344,4263.1098,2694.181,8791.4324,2019.0,2035.0,0.4862,0.1913,2018,2040.0,0.3112,702.4188,0.0010803,0.00078946
SUP-0088,Packaging Supplier 088,Packaging,2016,16980655.27,64519014.07,13231.2523,13231.2523,1874.2214,1406.4668,9927.8779,2019.0,2035.0,0.4862,0.1913,2018,2040.0,0.3112,702.4188,0.0010803,0.00078946
SUP-0088,Packaging Supplier 088,Packaging,2017,17544202.67,55055289.53,13530.2929,13530.2929,1113.3124,2572.2397,9881.3681,2019.0,2035.0,0.4862,0.1913,2018,2040.0,0.3112,702.4188,0.0010803,0.00078946
SUP-0088,Packaging Supplier 088,Packaging,2018,16538167.08,61117463.07,15628.2615,15628.2615,2493.8724,2654.833,8876.9789,2019.0,2035.0,0.4862,0.1913,2018,2040.0,0.3112,702.4188,0.0010803,0.00078946
SUP-0088,Packaging Supplier 088,Packaging,2019,19196925.15,64609143.53,15732.5989,15732.5989,1347.4584,1786.7356,11910.357,2019.0,2035.0,0.4862,0.1913,2018,2040.0,0.3112,702.4188,0.0010803,0.00078946
SUP-0088,Packaging Supplier 088,Packaging,2020,22381475.56,85970107.68,18281.4695,18281.4695,1744.6824,3041.5833,13009.1291,2019.0,2035.0,0.4862,0.1913,2018,2040.0,0.3112,702.4188,0.0010803,0.00078946
SUP-0088,Packaging Supplier 088,Packaging,2021,24798383.76,95180904.57,21262.6796,21262.6796,5526.4797,4233.5819,11825.0223,2019.0,2035.0,0.4862,0.1913,2018,2040.0,0.3112,702.4188,0.0010803,0.00078946
SUP-0088,Packaging Supplier 088,Packaging,2022,17939790.25,108885223.0,14599.1236,14599.1236,2650.2165,1597.2293,11527.042,2019.0,2035.0,0.4862,0.1913,2018,2040.0,0.3112,702.4188,0.0010803,0.00078946
SUP-0088,Packaging Supplier 088,Packaging,2023,28071849.46,117925654.64,21416.5614,21416.5614,2486.2404,2903.0409,16812.672,2019.0,2035.0,0.4862,0.1913,2018,2040.0,0.3112,702.4188,0.0010803,0.00078946
SUP-0088,Packaging Supplier 088,Packaging,2024,27152118.51,116390709.34,19776.9287,19776.9287,1958.9799,3142.7465,14690.9695,2019.0,2035.0,0.4862,0.1913,2018,2040.0,0.3112,702.4188,0.0010803,0.00078946
SUP-0089,Professional Supplier 089,Professional Services,2015,7561222.86,24041311.08,1531.8559,1531.8559,283.2946,275.4287,890.2107,2021.0,2035.0,0.3882,0.2508,2020,,,400.0326,0.00012906,0.00019658
SUP-0089,Professional Supplier 089,Professional Services,2016,6974555.53,25468873.08,1346.6246,1346.6246,236.251,204.5395,840.0183,2021.0,2035.0,0.3882,0.2508,2020,,,400.0326,0.00012906,0.00019658
SUP-0089,Professional Supplier 089,Professional Services,2017,7417280.36,25993388.1,1392.7082,1392.7082,115.932,227.1663,1007.5352,2021.0,2035.0,0.3882,0.2508,2020,,,400.0326,0.00012906,0.00019658
SUP-0089,Professional Supplier 089,Professional Services,2018,8883443.76,20678940.11,1629.542,1629.542,287.326,319.9942,1025.6501,2021.0,2035.0,0.3882,0.2508,2020,,,400.0326,0.00012906,0.00019658
SUP-0089,Professional Supplier 089,Professional Services,2019,6307705.16,21807495.92,1155.7314,1155.7314,293.6979,123.283,674.5841,2021.0,2035.0,0.3882,0.2508,2020,,,400.0326,0.00012906,0.00019658
SUP-0089,Professional Supplier 089,Professional Services,2020,7496540.16,25590173.79,1410.6388,1410.6388,174.3771,110.9134,1076.4684,2021.0,2035.0,0.3882,0.2508,2020,,,400.0326,0.00012906,0.00019658
SUP-0089,Professional Supplier 089,Professional Services,2021,6848538.71,21219340.91,1390.1954,1390.1954,137.7614,107.9285,1113.3102,2021.0,2035.0,0.3882,0.2508,2020,,,400.0326,0.00012906,0.00019658
SUP-0089,Professional Supplier 089,Professional Services,2022,7079579.49,20957190.53,1511.9577,1511.9577,352.6245,325.8488,874.7758,2021.0,2035.0,0.3882,0.2508,2020,,,400.0326,0.00012906,0.00019658
SUP-0089,Professional Supplier 089,Professional Services,2023,5982266.66,24326960.93,843.8011,843.8011,126.13,96.1772,624.8463,2021.0,2035.0,0.3882,0.2508,2020,,,400.0326,0.00012906,0.00019658
SUP-0089,Professional Supplier 089,Professional Services,2024,6084672.63,24578075.77,1355.5904,1355.5904,168.8568,101.5004,1061.707,2021.0,2035.0,0.3882,0.2508,2020,,,400.0326,0.00012906,0.00019658
SUP-0090,Textiles Supplier 090,Textiles,2015,21243631.36,49733592.42,7035.1955,7035.1955,1649.0128,1083.9186,4041.6405,2018.0,2040.0,0.2819,0.1127,2019,2030.0,0.3171,401.7335,0.00029221,0.00017343
SUP-0090,Textiles Supplier 090,Textiles,2016,25055683.8,49359782.54,6504.1119,6504.1119,532.67,431.0013,5196.7589,2018.0,2040.0,0.2819,0.1127,2019,2030.0,0.3171,401.7335,0.00029221,0.00017343
SUP-0090,Textiles Supplier 090,Textiles,2017,31528980.24,66195699.29,11546.9042,11546.9042,2001.1752,2095.1964,6911.7634,2018.0,2040.0,0.2819,0.1127,2019,2030.0,0.3171,401.7335,0.00029221,0.00017343
SUP-0090,Textiles Supplier 090,Textiles,2018,29866065.39,51800485.14,9362.334,9362.334,2387.9594,1754.2333,4953.9436,2018.0,2040.0,0.2819,0.1127,2019,2030.0,0.3171,401.7335,0.00029221,0.00017343
SUP-0090,Textiles Supplier 090,Textiles,2019,28094780.82,68984419.12,7067.6848,7067.6848,707.8142,1268.0778,4871.2597,2018.0,2040.0,0.2819,0.1127,2019,2030.0,0.3171,401.7335,0.00029221,0.00017343
SUP-0090,Textiles Supplier 090,Textiles,2020,32963699.01,77404750.38,11563.3934,11563.3934,1891.309,1281.4706,7384.2467,2018.0,2040.0,0.2819,0.1127,2019,2030.0,0.3171,401.7335,0.00029221,0.00017343
SUP-0090,Textiles Supplier 090,Textiles,2021,31592807.51,71433139.42,8608.0134,8608.0134,865.8772,1460.8969,6457.209,2018.0,2040.0,0.2819,0.1127,2019,2030.0,0.3171,401.7335,0.00029221,0.00017343
SUP-0090,Textiles Supplier 090,Textiles,2022,42842830.44,90297161.01,13455.0454,13455.0454,2509.414,1255.1014,9982.2634,2018.0,2040.0,0.2819,0.1127,2019,2030.0,0.3171,401.7335,0.00029221,0.00017343
SUP-0090,Textiles Supplier 090,Textiles,2023,39011384.82,78403062.27,12969.67,12969.67,2882.8192,789.9827,9463.3711,2018.0,2040.0,0.2819,0.1127,2019,2030.0,0.3171,401.7335,0.00029221,0.00017343
SUP-0090,Textiles Supplier 090,Textiles,2024,50790249.54,113143834.28,11415.0199,11415.0199,2540.5375,857.0276,7954.5691,2018.0,2040.0,0.2819,0.1127,2019,2030.0,0.3171,401.7335,0.00029221,0.00017343
SUP-0091,Professional Supplier 091,Professional Services,2015,7470174.44,25260102.91,1398.5154,1398.5154,103.8884,125.3421,1136.2677,,,,,2020,,,400.0326,0.00012906,0.00019658
SUP-0091,Professional Supplier 091,Professional Services,2016,8738020.71,27979902.25,1229.2061,1229.2061,352.4516,246.3217,639.1206,,,,,2020,,,400.0326,0.00012906,0.00019658
SUP-0091,Professional Supplier 091,Professional Services,2017,8460250.37,25198131.51,1483.911,1483.911,381.2758,101.2778,976.1183,,,,,2020,,,400.0326,0.00012906,0.00019658
SUP-0091,Professional Supplier 091,Professional Services,2018,8838613.82,32935269.25,1217.2789,1217.2789,284.0828,176.2147,689.3982,,,,,2020,,,400.0326,0.00012906,0.00019658
SUP-0091,Professional Supplier 091,Professional Services,2019,8806303.74,35896821.68,1157.1504,1157.1504,273.1778,147.752,732.8667,,,,,2020,,,400.0326,0.00012906,0.00019658
SUP-0091,Professional Supplier 091,Professional Services,2020,7664572.76,26167048.73,1147.9298,1147.9298,251.602,215.8447,657.4118,,,,,2020,,,400.0326,0.00012906,0.00019658
SUP-0091,Professional Supplier 091,Professional Services,2021,6966595.51,25587654.77,807.6102,807.6102,144.431,156.8042,513.0814,,,,,2020,,,400.0326,0.00012906,0.00019658
SUP-0091,Professional Supplier 091,Professional Services,2022,8705724.0,22580371.7,852.6428,852.6428,266.0209,160.0154,498.558,,,,,2020,,,400.0326,0.00012906,0.00019658
SUP-0091,Professional Supplier 091,Professional Services,2023,9675492.18,26549403.73,988.0641,988.0641,203.7478,93.5992,717.82,,,,,2020,,,400.0326,0.00012906,0.00019658
SUP-0091,Professional Supplier 091,Professional Services,2024,8601777.49,25265783.8,1001.0076,1001.0076,83.757,102.2315,845.6282,,,,,2020,,,400.0326,0.00012906,0.00019658
SUP-0092,Metals Supplier 092,Metals,2015,16015466.83,111399818.85,24036.2951,24036.2951,3741.0542,4661.1333,15798.0445,,,,,2019,2030.0,0.3852,158.2904,0.00100695,0.00065008
SUP-0092,Metals Supplier 092,Metals,2016,16775443.3,140733501.74,24824.4806,24824.4806,5327.084,4127.8246,14359.358,,,,,2019,2030.0,0.3852,158.2904,0.00100695,0.00065008
SUP-0092,Metals Supplier 092,Metals,2017,15150783.08,97861615.33,20254.3637,20254.3637,3872.9885,4615.4328,13091.5828,,,,,2019,2030.0,0.3852,158.2904,0.00100695,0.00065008
SUP-0092,Metals Supplier 092,Metals,2018,17075621.93,87623568.79,20431.252,20431.252,3942.1324,1330.1097,15758.6669,,,,,2019,2030.0,0.3852,158.2904,0.00100695,0.00065008
SUP-0092,Metals Supplier 092,Metals,2019,15275223.35,104351185.02,24083.0423,24083.0423,2484.6504,2189.4708,19129.5989,,,,,2019,2030.0,0.3852,158.2904,0.00100695,0.00065008
SUP-0092,Metals Supplier 092,Metals,2020,16884251.34,118634401.42,17923.7966,17923.7966,4874.1719,3558.8662,10601.4878,,,,,2019,2030.0,0.3852,158.2904,0.00100695,0.00065008
SUP-0092,Metals Supplier 092,Metals,2021,13992421.5,105212511.43,13824.2166,13824.2166,2581.8594,906.9559,10625.3124,,,,,2019,2030.0,0.3852,158.2904,0.00100695,0.00065008
SUP-0092,Metals Supplier 092,Metals,2022,12257256.54,110798082.85,11627.3897,11627.3897,1291.9331,1030.143,9423.0965,,,,,2019,2030.0,0.3852,158.2904,0.00100695,0.00065008
SUP-0092,Metals Supplier 092,Metals,2023,13769729.36,87873785.15,11283.9099,11283.9099,885.1351,1919.6317,8308.8228,,,,,2019,2030.0,0.3852,158.2904,0.00100695,0.00065008
SUP-0092,Metals Supplier 092,Metals,2024,14518031.01,89999257.55,10870.7112,10870.7112,1815.0131,2708.2946,7401.145,,,,,2019,2030.0,0.3852,158.2904,0.00100695,0.00065008
SUP-0093,Chemicals Supplier 093,Chemicals,2015,2013207.43,2837620.96,1750.4912,1750.4912,314.1057,151.2112,1180.1847,,,,,2019,2035.0,0.5229,506.3191,0.00100149,0.00047124
SUP-0093,Chemicals Supplier 093,Chemicals,2016,2655113.34,3513539.52,1824.8092,1824.8092,310.1114,179.6605,1411.4825,,,,,2019,2035.0,0.5229,506.3191,0.00100149,0.00047124
SUP-0093,Chemicals Supplier 093,Chemicals,2017,2615784.95,3675571.02,2313.9802,2313.9802,390.8202,294.9437,1629.0472,,,,,2019,2035.0,0.5229,506.3191,0.00100149,0.00047124
SUP-0093,Chemicals Supplier 093,Chemicals,2018,2329486.63,3798850.8,1630.3436,1630.3436,169.5371,122.7668,1416.5556,,,,,2019,2035.0,0.5229,506.3191,0.00100149,0.00047124
SUP-0093,Chemicals Supplier 093,Chemicals,2019,2340536.4,3888684.42,2110.3485,2110.3485,307.7975,348.6584,1473.4046,,,,,2019,2035.0,0.5229,506.3191,0.00100149,0.00047124
SUP-0093,Chemicals Supplier 093,Chemicals,2020,2266029.12,3930511.23,1494.5093,1494.5093,298.9242,114.4735,1132.5549,,,,,2019,2035.0,0.5229,506.3191,0.00100149,0.00047124
SUP-0093,Chemicals Supplier 093,Chemicals,2021,2516599.04,4189674.63,1347.6866,1347.6866,146.6559,264.543,1108.8864,,,,,2019,2035.0,0.5229,506.3191,0.00100149,0.00047124
SUP-0093,Chemicals Supplier 093,Chemicals,2022,2618367.32,4385807.39,1481.6828,1481.6828,317.3118,120.7663,1083.9916,,,,,2019,2035.0,0.5229,506.3191,0.00100149,0.00047124
SUP-0093,Chemicals Supplier 093,Chemicals,2023,2889179.73,4474517.85,1836.9765,1836.9765,454.1005,268.2436,1140.3488,,,,,2019,2035.0,0.5229,506.3191,0.00100149,0.00047124
SUP-0093,Chemicals Supplier 093,Chemicals,2024,2990315.9,4886398.95,1319.4172,1319.4172,227.3867,205.0896,955.4371,,,,,2019,2035.0,0.5229,506.3191,0.00100149,0.00047124
SUP-0094,Metals Supplier 094,Metals,2015,866284.53,6720840.82,1276.4864,1276.4864,294.7432,109.51,834.3605,2018.0,2040.0,0.3585,0.1294,2019,2030.0,0.3852,158.2904,0.00100695,0.00065008
SUP-0094,Metals Supplier 094,Metals,2016,855270.44,7034550.19,1186.6227,1186.6227,193.77,144.8045,810.3453,2018.0,2040.0,0.3585,0.1294,2019,2030.0,0.3852,158.2904,0.00100695,0.00065008
SUP-0094,Metals Supplier 094,Metals,2017,917154.38,5828718.87,1280.7548,1280.7548,253.0168,180.6696,971.1167,2018.0,2040.0,0.3585,0.1294,2019,2030.0,0.3852,158.2904,0.00100695,0.00065008
SUP-0094,Metals Supplier 094,Metals,2018,923073.31,5703959.25,1205.5522,1205.5522,244.4691,149.6731,780.7001,2018.0,2040.0,0.3585,0.1294,2019,2030.0,0.3852,158.2904,0.00100695,0.00065008
SUP-0094,Metals Supplier 094,Metals,2019,976903.43,4819912.29,1332.548,1332.548,361.7328,269.4694,725.1118,2018.0,2040.0,0.3585,0.1294,2019,2030.0,0.3852,158.2904,0.00100695,0.00065008
SUP-0094,Metals Supplier 094,Metals,2020,1023725.07,5428043.23,1709.4585,1709.4585,472.6441,145.6907,1179.5321,2018.0,2040.0,0.3585,0.1294,2019,2030.0,0.3852,158.2904,0.00100695,0.00065008
SUP-0094,Metals Supplier 094,Metals,2021,979155.24,7175691.0,1483.0771,1483.0771,407.5887,221.9141,847.1216,2018.0,2040.0,0.3585,0.1294,2019,2030.0,0.3852,158.2904,0.00100695,0.00065008
SUP-0094,Metals Supplier 094,Metals,2022,1206215.95,8433334.16,1592.03,1592.03,448.254,265.3108,924.0183,2018.0,2040.0,0.3585,0.1294,2019,2030.0,0.3852,158.2904,0.00100695,0.00065008
SUP-0094,Metals Supplier 094,Metals,2023,1005605.78,8115824.99,1315.6252,1315.6252,326.6569,304.3544,715.5304,2018.0,2040.0,0.3585,0.1294,2019,2030.0,0.3852,158.2904,0.00100695,0.00065008
SUP-0094,Metals Supplier 094,Metals,2024,958604.38,6693713.02,1346.2844,1346.2844,335.8897,112.1387,887.664,2018.0,2040.0,0.3585,0.1294,2019,2030.0,0.3852,158.2904,0.00100695,0.00065008
SUP-0095,Agriculture Supplier 095,Agriculture,2015,9334226.47,60273342.81,6697.6837,6697.6837,612.7849,592.8647,5527.401,2018.0,2040.0,0.4968,0.2905,2018,,,529.8294,0.00091413,0.00096913
SUP-0095,Agriculture Supplier 095,Agriculture,2016,12705336.06,60699395.46,9037.1302,9037.1302,2104.805,666.8315,6354.32,2018.0,2040.0,0.4968,0.2905,2018,,,529.8294,0.00091413,0.00096913
SUP-0095,Agriculture Supplier 095,Agriculture,2017,11781111.26,53519775.17,7752.0249,7752.0249,1913.5267,1044.4467,4865.0835,2018.0,2040.0,0.4968,0.2905,2018,,,529.8294,0.00091413,0.00096913
SUP-0095,Agriculture Supplier 095,Agriculture,2018,14223681.76,64108697.24,8592.3112,8592.3112,2052.1908,1499.442,4636.3459,2018.0,2040.0,0.4968,0.2905,2018,,,529.8294,0.00091413,0.00096913
SUP-0095,Agriculture Supplier 095,Agriculture,2019,15356761.9,74165268.06,9193.855,9193.855,1954.5482,1859.7306,5340.8464,2018.0,2040.0,0.4968,0.2905,2018,,,529.8294,0.00091413,0.00096913
SUP-0095,Agriculture Supplier 095,Agriculture,2020,14832117.21,68023118.45,7590.6999,7590.6999,1559.4391,693.5438,5709.848,2018.0,2040.0,0.4968,0.2905,2018,,,529.8294,0.00091413,0.00096913
SUP-0095,Agriculture Supplier 095,Agriculture,2021,15078892.58,93537571.83,7723.3408,7723.3408,1946.5401,1068.144,4832.7716,2018.0,2040.0,0.4968,0.2905,2018,,,529.8294,0.00091413,0.00096913
SUP-0095,Agriculture Supplier 095,Agriculture,2022,18456733.94,83693085.72,8931.9566,8931.9566,1401.0016,1939.1802,5649.2496,2018.0,2040.0,0.4968,0.2905,2018,,,529.8294,0.00091413,0.00096913
SUP-0095,Agriculture Supplier 095,Agriculture,2023,20475689.95,64575317.07,9648.2632,9648.2632,1062.6615,1075.1856,7613.2875,2018.0,2040.0,0.4968,0.2905,2018,,,529.8294,0.00091413,0.00096913
SUP-0095,Agriculture Supplier 095,Agriculture,2024,20340938.88,109469999.08,7950.7444,7950.7444,2011.7181,677.3014,4842.7849,2018.0,2040.0,0.4968,0.2905,2018,,,529.8294,0.00091413,0.00096913
SUP-0096,Agriculture Supplier 096,Agriculture,2015,6822537.09,22575394.4,6586.4424,6586.4424,738.0849,738.0645,5373.5256,2021.0,2040.0,0.619,0.2241,2018,,,529.8294,0.00091413,0.00096913
SUP-0096,Agriculture Supplier 096,Agriculture,2016,6600491.22,24111414.13,6381.8432,6381.8432,1513.0369,540.2131,4681.6269,2021.0,2040.0,0.619,0.2241,2018,,,529.8294,0.00091413,0.00096913
SUP-0096,Agriculture Supplier 096,Agriculture,2017,8827197.26,24141246.05,6620.1503,6620.1503,732.1153,678.9549,4873.4746,2021.0,2040.0,0.619,0.2241,2018,,,529.8294,0.00091413,0.00096913
SUP-0096,Agriculture Supplier 096,Agriculture,2018,9608723.95,26017656.56,7103.229,7103.229,863.8228,1365.2203,4459.1969,2021.0,2040.0,0.619,0.2241,2018,,,529.8294,0.00091413,0.00096913
SUP-0096,Agriculture Supplier 096,Agriculture,2019,10262556.65,20757427.39,7120.6758,7120.6758,940.9936,873.7059,5675.035,2021.0,2040.0,0.619,0.2241,2018,,,529.8294,0.00091413,0.00096913
SUP-0096,Agriculture Supplier 096,Agriculture,2020,10387861.78,25118195.36,7430.0338,7430.0338,1450.7566,935.4142,4901.4448,2021.0,2040.0,0.619,0.2241,2018,,,529.8294,0.00091413,0.00096913
SUP-0096,Agriculture Supplier 096,Agriculture,2021,12294743.13,34861714.73,9534.1516,9534.1516,966.4601,1647.8981,6371.2657,2021.0,2040.0,0.619,0.2241,2018,,,529.8294,0.00091413,0.00096913
SUP-0096,Agriculture Supplier 096,Agriculture,2022,12212339.96,37811290.35,7108.2142,7108.2142,1809.565,1068.9714,4760.5248,2021.0,2040.0,0.619,0.2241,2018,,,529.8294,0.00091413,0.00096913
SUP-0096,Agriculture Supplier 096,Agriculture,2023,12083566.3,38140212.01,8014.9482,8014.9482,1874.9921,1192.1678,5522.8877,2021.0,2040.0,0.619,0.2241,2018,,,529.8294,0.00091413,0.00096913
SUP-0096,Agriculture Supplier 096,Agriculture,2024,12926260.84,51411015.33,8606.8631,8606.8631,1982.4204,1882.2176,4804.9529,2021.0,2040.0,0.619,0.2241,2018,,,529.8294,0.00091413,0.00096913
SUP-0097,Metals Supplier 097,Metals,2015,22518234.23,138405268.2,19233.8585,19233.8585,2761.2031,2874.7145,14318.649,2018.0,2030.0,0.503,0.297,2019,2030.0,0.3852,158.2904,0.00100695,0.00065008
SUP-0097,Metals Supplier 097,Metals,2016,27364106.66,152317075.3,23743.4995,23743.4995,6417.9924,2550.7374,15131.2514,2018.0,2030.0,0.503,0.297,2019,2030.0,0.3852,158.2904,0.00100695,0.00065008
SUP-0097,Metals Supplier 097,Metals,2017,26517856.21,109123047.12,16066.1297,16066.1297,1455.1953,2714.9964,12100.9271,2018.0,2030.0,0.503,0.297,2019,2030.0,0.3852,158.2904,0.00100695,0.00065008
SUP-0097,Metals Supplier 097,Metals,2018,28253752.75,157678237.2,22871.2519,22871.2519,5971.4777,2976.2055,14153.3241,2018.0,2030.0,0.503,0.297,2019,2030.0,0.3852,158.2904,0.00100695,0.00065008
SUP-0097,Metals Supplier 097,Metals,2019,32078069.91,154298287.76,23730.4296,23730.4296,2810.0053,3501.128,16331.8985,2018.0,2030.0,0.503,0.297,2019,2030.0,0.3852,158.2904,0.00100695,0.00065008
SUP-0097,Metals Supplier 097,Metals,2020,31006975.96,152986660.28,22993.6789,22993.6789,2608.6427,4363.1435,17036.6387,2018.0,2030.0,0.503,0.297,2019,2030.0,0.3852,158.2904,0.00100695,0.00065008
SUP-0097,Metals Supplier 097,Metals,2021,26187198.23,157258887.52,17535.5082,17535.5082,4686.4923,3832.7203,9439.7764,2018.0,2030.0,0.503,0.297,2019,2030.0,0.3852,158.2904,0.00100695,0.00065008
SUP-0097,Metals Supplier 097,Metals,2022,31810001.34,181113358.31,28078.7679,28078.7679,7151.2739,5511.7949,14228.7615,2018.0,2030.0,0.503,0.297,2019,2030.0,0.3852,158.2904,0.00100695,0.00065008
SUP-0097,Metals Supplier 097,Metals,2023,26046234.34,142098234.42,21751.8555,21751.8555,2226.0539,3112.3748,16135.6757,2018.0,2030.0,0.503,0.297,2019,2030.0,0.3852,158.2904,0.00100695,0.00065008
SUP-0097,Metals Supplier 097,Metals,2024,33698440.31,182204955.02,21921.8531,21921.8531,3184.4149,3032.0598,16104.4523,2018.0,2030.0,0.503,0.297,2019,2030.0,0.3852,158.2904,0.00100695,0.00065008
SUP-0098,Agriculture Supplier 098,Agriculture,2015,5187160.04,15190302.6,4395.8583,4395.8583,1034.288,661.0056,2781.9724,2018.0,2040.0,0.69,0.3364,2018,,,529.8294,0.00091413,0.00096913
SUP-0098,Agriculture Supplier 098,Agriculture,2016,7188419.82,16670937.41,5519.0226,5519.0226,458.8828,1036.0014,3653.304,2018.0,2040.0,0.69,0.3364,2018,,,529.8294,0.00091413,0.00096913
SUP-0098,Agriculture Supplier 098,Agriculture,2017,6546420.09,17002067.05,3852.4151,3852.4151,982.1092,663.2216,2172.0013,2018.0,2040.0,0.69,0.3364,2018,,,529.8294,0.00091413,0.00096913
SUP-0098,Agriculture Supplier 098,Agriculture,2018,8200293.09,19556724.41,4801.2623,4801.2623,1277.1851,1043.3251,2505.2515,2018.0,2040.0,0.69,0.3364,2018,,,529.8294,0.00091413,0.00096913
SUP-0098,Agriculture Supplier 098,Agriculture,2019,9047377.92,23362924.15,6112.7099,6112.7099,805.4678,1296.9732,4054.0254,2018.0,2040.0,0.69,0.3364,2018,,,529.8294,0.00091413,0.00096913
SUP-0098,Agriculture Supplier 098,Agriculture,2020,9412362.68,21268744.19,5175.0211,5175.0211,742.0945,969.5155,3452.2301,2018.0,2040.0,0.69,0.3364,2018,,,529.8294,0.00091413,0.00096913
SUP-0098,Agriculture Supplier 098,Agriculture,2021,8239577.55,23808530.34,5883.5852,5883.5852,851.3944,1091.9368,3532.1154,2018.0,2040.0,0.69,0.3364,2018,,,529.8294,0.00091413,0.00096913
SUP-0098,Agriculture Supplier 098,Agriculture,2022,9632002.97,22071256.58,6100.1315,6100.1315,1175.1247,580.7793,4193.5557,2018.0,2040.0,0.69,0.3364,2018,,,529.8294,0.00091413,0.00096913
SUP-0098,Agriculture Supplier 098,Agriculture,2023,10164459.19,25050637.37,8463.5864,8463.5864,865.4156,1661.3056,6185.1384,2018.0,2040.0,0.69,0.3364,2018,,,529.8294,0.00091413,0.00096913
SUP-0098,Agriculture Supplier 098,Agriculture,2024,13020933.35,27032088.13,9228.6514,9228.6514,2118.8366,837.7094,6800.3033,2018.0,2040.0,0.69,0.3364,2018,,,529.8294,0.00091413,0.00096913
SUP-0099,Electronics Supplier 099,Electronics,2015,14219401.56,113490318.0,14012.1536,14012.1536,3072.3499,1282.144,9856.6676,,,,,2018,2040.0,0.3424,635.1588,0.00086105,0.00013947
SUP-0099,Electronics Supplier 099,Electronics,2016,13539045.32,110688288.5,12626.5667,12626.5667,2427.4577,1708.8392,9269.0371,,,,,2018,2040.0,0.3424,635.1588,0.00086105,0.00013947
SUP-0099,Electronics Supplier 099,Electronics,2017,16069183.28,124425937.66,14337.4849,14337.4849,2243.2945,2167.7765,9117.7532,,,,,2018,2040.0,0.3424,635.1588,0.00086105,0.00013947
SUP-0099,Electronics Supplier 099,Electronics,2018,17447330.89,79811208.74,16574.4934,16574.4934,1667.2068,3315.9773,13154.4295,,,,,2018,2040.0,0.3424,635.1588,0.00086105,0.00013947
SUP-0099,Electronics Supplier 099,Electronics,2019,16393744.63,139704411.32,16117.9146,16117.9146,2997.9488,1452.5465,11674.9315,,,,,2018,2040.0,0.3424,635.1588,0.00086105,0.00013947
SUP-0099,Electronics Supplier 099,Electronics,2020,16954443.49,104611483.7,14641.9562,14641.9562,1486.0346,2506.204,11359.1499,,,,,2018,2040.0,0.3424,635.1588,0.00086105,0.00013947
SUP-0099,Electronics Supplier 099,Electronics,2021,17481976.02,146172792.09,16827.3921,16827.3921,1964.9271,1636.2643,12773.0758,,,,,2018,2040.0,0.3424,635.1588,0.00086105,0.00013947
SUP-0099,Electronics Supplier 099,Electronics,2022,20695105.41,127225038.99,19705.2327,19705.2327,4300.3817,3692.1102,11283.4371,,,,,2018,2040.0,0.3424,635.1588,0.00086105,0.00013947
SUP-0099,Electronics Supplier 099,Electronics,2023,19518863.16,137810329.72,17267.8245,17267.8245,4294.1847,2489.7378,9072.6073,,,,,2018,2040.0,0.3424,635.1588,0.00086105,0.00013947
SUP-0099,Electronics Supplier 099,Electronics,2024,20992163.61,160096225.06,18252.1913,18252.1913,2435.7444,2310.3448,14376.6566,,,,,2018,2040.0,0.3424,635.1588,0.00086105,0.00013947
SUP-0100,Textiles Supplier 100,Textiles,2015,13718581.43,106749313.62,2384.4465,2384.4465,307.9411,204.2674,2077.9014,2021.0,2040.0,0.4388,0.2538,2019,2030.0,0.3171,401.7335,0.00029221,0.00017343
SUP-0100,Textiles Supplier 100,Textiles,2016,17187988.86,84683323.49,3813.1932,3813.1932,381.845,323.0969,3115.7329,2021.0,2040.0,0.4388,0.2538,2019,2030.0,0.3171,401.7335,0.00029221,0.00017343
SUP-0100,Textiles Supplier 100,Textiles,2017,12596103.48,84877044.79,1985.1952,1985.1952,368.3827,152.7146,1479.6647,2021.0,2040.0,0.4388,0.2538,2019,2030.0,0.3171,401.7335,0.00029221,0.00017343
SUP-0100,Textiles Supplier 100,Textiles,2018,14932737.31,72839947.68,2975.3629,2975.3629,820.2539,599.8927,1873.328,2021.0,2040.0,0.4388,0.2538,2019,2030.0,0.3171,401.7335,0.00029221,0.00017343
SUP-0100,Textiles Supplier 100,Textiles,2019,16443779.31,84578057.51,3143.7062,3143.7062,801.4589,440.31,1932.104,2021.0,2040.0,0.4388,0.2538,2019,2030.0,0.3171,401.7335,0.00029221,0.00017343
SUP-0100,Textiles Supplier 100,Textiles,2020,16320806.31,91639535.77,2549.134,2549.134,457.0056,183.8167,2067.0889,2021.0,2040.0,0.4388,0.2538,2019,2030.0,0.3171,401.7335,0.00029221,0.00017343
SUP-0100,Textiles Supplier 100,Textiles,2021,15485788.82,85489603.54,2981.1122,2981.1122,277.5135,249.052,2512.6167,2021.0,2040.0,0.4388,0.2538,2019,2030.0,0.3171,401.7335,0.00029221,0.00017343
SUP-0100,Textiles Supplier 100,Textiles,2022,15752555.25,96550144.47,2848.0414,2848.0414,250.7892,317.6502,2143.8433,2021.0,2040.0,0.4388,0.2538,2019,2030.0,0.3171,401.7335,0.00029221,0.00017343
SUP-0100,Textiles Supplier 100,Textiles,2023,16449695.07,99813279.57,2997.4418,2997.4418,706.7493,312.2851,1792.0128,2021.0,2040.0,0.4388,0.2538,2019,2030.0,0.3171,401.7335,0.00029221,0.00017343
SUP-0100,Textiles Supplier 100,Textiles,2024,13864228.9,112478844.45,2905.4854,2905.4854,541.6402,572.5276,1759.8716,2021.0,2040.0,0.4388,0.2538,2019,2030.0,0.3171,401.7335,0.00029221,0.00017343
