SupplierID,SupplierName,Industry,Region,Country,ForecastMethod,Year,YearStatus,ActualEmissions_tCO2e,ForecastEmissions_tCO2e,BaselineEmissions_tCO2e,NetZeroPathway_tCO2e,ReductionVs2025_tCO2e,ReductionVs2025Pct,DefaultScenarioLabel
SUP-001,Atlas Mining Co.,Mining,APAC,Australia,Supplier Target,2018,Actual,32129.3,,,,-4479.3,-0.162,FY2030_Add5_Expert3_Growth2_NZ2050
SUP-001,Atlas Mining Co.,Mining,APAC,Australia,Supplier Target,2019,Actual,31438.0,,,,-3788.0,-0.137,FY2030_Add5_Expert3_Growth2_NZ2050
SUP-001,Atlas Mining Co.,Mining,APAC,Australia,Supplier Target,2020,Actual,30774.5,,,,-3124.5,-0.113,FY2030_Add5_Expert3_Growth2_NZ2050
SUP-001,Atlas Mining Co.,Mining,APAC,Australia,Supplier Target,2021,Actual,30110.8,,,,-2460.8,-0.089,FY2030_Add5_Expert3_Growth2_NZ2050
SUP-001,Atlas Mining Co.,Mining,APAC,Australia,Supplier Target,2022,Actual,29668.4,,,,-2018.4,-0.073,FY2030_Add5_Expert3_Growth2_NZ2050
SUP-001,Atlas Mining Co.,Mining,APAC,Australia,Supplier Target,2023,Actual,28783.6,,,,-1133.6,-0.041,FY2030_Add5_Expert3_Growth2_NZ2050
SUP-001,Atlas Mining Co.,Mining,APAC,Australia,Supplier Target,2024,Actual,28092.4,,,,-442.4,-0.016,FY2030_Add5_Expert3_Growth2_NZ2050
SUP-001,Atlas Mining Co.,Mining,APAC,Australia,Supplier Target,2025,Actual,27650.0,,30527.8,,0.0,0.0,FY2030_Add5_Expert3_Growth2_NZ2050
SUP-001,Atlas Mining Co.,Mining,APAC,Australia,Supplier Target,2026,Forecast,,25890.4,30527.8,,1759.6,0.0636,FY2030_Add5_Expert3_Growth2_NZ2050
SUP-001,Atlas Mining Co.,Mining,APAC,Australia,Supplier Target,2027,Forecast,,24049.3,30527.8,,3600.7,0.1302,FY2030_Add5_Expert3_Growth2_NZ2050
SUP-001,Atlas Mining Co.,Mining,APAC,Australia,Supplier Target,2028,Forecast,,22124.2,30527.8,,5525.8,0.1998,FY2030_Add5_Expert3_Growth2_NZ2050
SUP-001,Atlas Mining Co.,Mining,APAC,Australia,Supplier Target,2029,Forecast,,20112.5,30527.8,,7537.5,0.2726,FY2030_Add5_Expert3_Growth2_NZ2050
SUP-001,Atlas Mining Co.,Mining,APAC,Australia,Supplier Target,2030,Forecast,,18011.4,30527.8,18011.4,9638.6,0.3486,FY2030_Add5_Expert3_Growth2_NZ2050
SUP-001,Atlas Mining Co.,Mining,APAC,Australia,Supplier Target,2031,Forecast,,17453.1,30527.8,17110.9,10196.9,0.3688,FY2030_Add5_Expert3_Growth2_NZ2050
SUP-001,Atlas Mining Co.,Mining,APAC,Australia,Supplier Target,2032,Forecast,,16865.2,30527.8,16210.3,10784.8,0.39,FY2030_Add5_Expert3_Growth2_NZ2050
SUP-001,Atlas Mining Co.,Mining,APAC,Australia,Supplier Target,2033,Forecast,,16246.8,30527.8,15309.7,11403.2,0.4124,FY2030_Add5_Expert3_Growth2_NZ2050
SUP-001,Atlas Mining Co.,Mining,APAC,Australia,Supplier Target,2034,Forecast,,15596.9,30527.8,14409.1,12053.1,0.4359,FY2030_Add5_Expert3_Growth2_NZ2050
SUP-001,Atlas Mining Co.,Mining,APAC,Australia,Supplier Target,2035,Forecast,,14914.5,30527.8,13508.6,12735.5,0.4606,FY2030_Add5_Expert3_Growth2_NZ2050
SUP-001,Atlas Mining Co.,Mining,APAC,Australia,Supplier Target,2036,Forecast,,14198.7,30527.8,12608.0,13451.3,0.4865,FY2030_Add5_Expert3_Growth2_NZ2050
SUP-001,Atlas Mining Co.,Mining,APAC,Australia,Supplier Target,2037,Forecast,,13448.2,30527.8,11707.4,14201.8,0.5136,FY2030_Add5_Expert3_Growth2_NZ2050
SUP-001,Atlas Mining Co.,Mining,APAC,Australia,Supplier Target,2038,Forecast,,12662.0,30527.8,10806.9,14988.0,0.5421,FY2030_Add5_Expert3_Growth2_NZ2050
SUP-001,Atlas Mining Co.,Mining,APAC,Australia,Supplier Target,2039,Forecast,,11838.9,30527.8,9906.3,15811.1,0.5718,FY2030_Add5_Expert3_Growth2_NZ2050
SUP-001,Atlas Mining Co.,Mining,APAC,Australia,Supplier Target,2040,Forecast,,10977.9,30527.8,9005.7,16672.1,0.603,FY2030_Add5_Expert3_Growth2_NZ2050
SUP-001,Atlas Mining Co.,Mining,APAC,Australia,Supplier Target,2041,Forecast,,10077.7,30527.8,8105.1,17572.3,0.6355,FY2030_Add5_Expert3_Growth2_NZ2050
SUP-001,Atlas Mining Co.,Mining,APAC,Australia,Supplier Target,2042,Forecast,,9137.1,30527.8,7204.6,18512.9,0.6695,FY2030_Add5_Expert3_Growth2_NZ2050
SUP-001,Atlas Mining Co.,Mining,APAC,Australia,Supplier Target,2043,Forecast,,8154.9,30527.8,6304.0,19495.1,0.7051,FY2030_Add5_Expert3_Growth2_NZ2050
SUP-001,Atlas Mining Co.,Mining,APAC,Australia,Supplier Target,2044,Forecast,,7129.7,30527.8,5403.4,20520.3,0.7421,FY2030_Add5_Expert3_Growth2_NZ2050
SUP-001,Atlas Mining Co.,Mining,APAC,Australia,Supplier Target,2045,Forecast,,6060.3,30527.8,4502.9,21589.7,0.7808,FY2030_Add5_Expert3_Growth2_NZ2050
SUP-001,Atlas Mining Co.,Mining,APAC,Australia,Supplier Target,2046,Forecast,,4945.2,30527.8,3602.3,22704.8,0.8212,FY2030_Add5_Expert3_Growth2_NZ2050
SUP-001,Atlas Mining Co.,Mining,APAC,Australia,Supplier Target,2047,Forecast,,3783.1,30527.8,2701.7,23866.9,0.8632,FY2030_Add5_Expert3_Growth2_NZ2050
SUP-001,Atlas Mining Co.,Mining,APAC,Australia,Supplier Target,2048,Forecast,,2572.5,30527.8,1801.1,25077.5,0.907,FY2030_Add5_Expert3_Growth2_NZ2050
SUP-001,Atlas Mining Co.,Mining,APAC,Australia,Supplier Target,2049,Forecast,,1312.0,30527.8,900.6,26338.0,0.9526,FY2030_Add5_Expert3_Growth2_NZ2050
SUP-001,Atlas Mining Co.,Mining,APAC,Australia,Supplier Target,2050,Forecast,,0,30527.8,0.0,27650.0,1.0,FY2030_Add5_Expert3_Growth2_NZ2050
SUP-002,Northern Ore Partners,Mining,EMEA,Sweden,Supplier Target,2018,Actual,24634.4,,,,-3434.4,-0.162,FY2030_Add5_Expert3_Growth2_NZ2050
SUP-002,Northern Ore Partners,Mining,EMEA,Sweden,Supplier Target,2019,Actual,24104.4,,,,-2904.4,-0.137,FY2030_Add5_Expert3_Growth2_NZ2050
SUP-002,Northern Ore Partners,Mining,EMEA,Sweden,Supplier Target,2020,Actual,23595.6,,,,-2395.6,-0.113,FY2030_Add5_Expert3_Growth2_NZ2050
SUP-002,Northern Ore Partners,Mining,EMEA,Sweden,Supplier Target,2021,Actual,23086.8,,,,-1886.8,-0.089,FY2030_Add5_Expert3_Growth2_NZ2050
SUP-002,Northern Ore Partners,Mining,EMEA,Sweden,Supplier Target,2022,Actual,22747.6,,,,-1547.6,-0.073,FY2030_Add5_Expert3_Growth2_NZ2050
SUP-002,Northern Ore Partners,Mining,EMEA,Sweden,Supplier Target,2023,Actual,22069.2,,,,-869.2,-0.041,FY2030_Add5_Expert3_Growth2_NZ2050
SUP-002,Northern Ore Partners,Mining,EMEA,Sweden,Supplier Target,2024,Actual,21539.2,,,,-339.2,-0.016,FY2030_Add5_Expert3_Growth2_NZ2050
SUP-002,Northern Ore Partners,Mining,EMEA,Sweden,Supplier Target,2025,Actual,21200.0,,23406.5,,0.0,0.0,FY2030_Add5_Expert3_Growth2_NZ2050
SUP-002,Northern Ore Partners,Mining,EMEA,Sweden,Supplier Target,2026,Forecast,,19937.3,23406.5,,1262.7,0.0596,FY2030_Add5_Expert3_Growth2_NZ2050
SUP-002,Northern Ore Partners,Mining,EMEA,Sweden,Supplier Target,2027,Forecast,,18615.7,23406.5,,2584.3,0.1219,FY2030_Add5_Expert3_Growth2_NZ2050
SUP-002,Northern Ore Partners,Mining,EMEA,Sweden,Supplier Target,2028,Forecast,,17233.2,23406.5,,3966.8,0.1871,FY2030_Add5_Expert3_Growth2_NZ2050
SUP-002,Northern Ore Partners,Mining,EMEA,Sweden,Supplier Target,2029,Forecast,,15787.9,23406.5,,5412.1,0.2553,FY2030_Add5_Expert3_Growth2_NZ2050
SUP-002,Northern Ore Partners,Mining,EMEA,Sweden,Supplier Target,2030,Forecast,,14278.0,23406.5,14278.0,6922.0,0.3265,FY2030_Add5_Expert3_Growth2_NZ2050
SUP-002,Northern Ore Partners,Mining,EMEA,Sweden,Supplier Target,2031,Forecast,,13835.4,23406.5,13564.1,7364.6,0.3474,FY2030_Add5_Expert3_Growth2_NZ2050
SUP-002,Northern Ore Partners,Mining,EMEA,Sweden,Supplier Target,2032,Forecast,,13369.3,23406.5,12850.2,7830.7,0.3694,FY2030_Add5_Expert3_Growth2_NZ2050
SUP-002,Northern Ore Partners,Mining,EMEA,Sweden,Supplier Target,2033,Forecast,,12879.1,23406.5,12136.3,8320.9,0.3925,FY2030_Add5_Expert3_Growth2_NZ2050
SUP-002,Northern Ore Partners,Mining,EMEA,Sweden,Supplier Target,2034,Forecast,,12363.9,23406.5,11422.4,8836.1,0.4168,FY2030_Add5_Expert3_Growth2_NZ2050
SUP-002,Northern Ore Partners,Mining,EMEA,Sweden,Supplier Target,2035,Forecast,,11823.0,23406.5,10708.5,9377.0,0.4423,FY2030_Add5_Expert3_Growth2_NZ2050
SUP-002,Northern Ore Partners,Mining,EMEA,Sweden,Supplier Target,2036,Forecast,,11255.5,23406.5,9994.6,9944.5,0.4691,FY2030_Add5_Expert3_Growth2_NZ2050
SUP-002,Northern Ore Partners,Mining,EMEA,Sweden,Supplier Target,2037,Forecast,,10660.6,23406.5,9280.7,10539.4,0.4971,FY2030_Add5_Expert3_Growth2_NZ2050
SUP-002,Northern Ore Partners,Mining,EMEA,Sweden,Supplier Target,2038,Forecast,,10037.4,23406.5,8566.8,11162.6,0.5265,FY2030_Add5_Expert3_Growth2_NZ2050
SUP-002,Northern Ore Partners,Mining,EMEA,Sweden,Supplier Target,2039,Forecast,,9384.9,23406.5,7852.9,11815.1,0.5573,FY2030_Add5_Expert3_Growth2_NZ2050
SUP-002,Northern Ore Partners,Mining,EMEA,Sweden,Supplier Target,2040,Forecast,,8702.4,23406.5,7139.0,12497.6,0.5895,FY2030_Add5_Expert3_Growth2_NZ2050
SUP-002,Northern Ore Partners,Mining,EMEA,Sweden,Supplier Target,2041,Forecast,,7988.8,23406.5,6425.1,13211.2,0.6232,FY2030_Add5_Expert3_Growth2_NZ2050
SUP-002,Northern Ore Partners,Mining,EMEA,Sweden,Supplier Target,2042,Forecast,,7243.2,23406.5,5711.2,13956.8,0.6583,FY2030_Add5_Expert3_Growth2_NZ2050
SUP-002,Northern Ore Partners,Mining,EMEA,Sweden,Supplier Target,2043,Forecast,,6464.5,23406.5,4997.3,14735.5,0.6951,FY2030_Add5_Expert3_Growth2_NZ2050
SUP-002,Northern Ore Partners,Mining,EMEA,Sweden,Supplier Target,2044,Forecast,,5651.8,23406.5,4283.4,15548.2,0.7334,FY2030_Add5_Expert3_Growth2_NZ2050
SUP-002,Northern Ore Partners,Mining,EMEA,Sweden,Supplier Target,2045,Forecast,,4804.1,23406.5,3569.5,16395.9,0.7734,FY2030_Add5_Expert3_Growth2_NZ2050
SUP-002,Northern Ore Partners,Mining,EMEA,Sweden,Supplier Target,2046,Forecast,,3920.1,23406.5,2855.6,17279.9,0.8151,FY2030_Add5_Expert3_Growth2_NZ2050
SUP-002,Northern Ore Partners,Mining,EMEA,Sweden,Supplier Target,2047,Forecast,,2998.9,23406.5,2141.7,18201.1,0.8585,FY2030_Add5_Expert3_Growth2_NZ2050
SUP-002,Northern Ore Partners,Mining,EMEA,Sweden,Supplier Target,2048,Forecast,,2039.2,23406.5,1427.8,19160.8,0.9038,FY2030_Add5_Expert3_Growth2_NZ2050
SUP-002,Northern Ore Partners,Mining,EMEA,Sweden,Supplier Target,2049,Forecast,,1040.0,23406.5,713.9,20160.0,0.9509,FY2030_Add5_Expert3_Growth2_NZ2050
SUP-002,Northern Ore Partners,Mining,EMEA,Sweden,Supplier Target,2050,Forecast,,0,23406.5,0.0,21200.0,1.0,FY2030_Add5_Expert3_Growth2_NZ2050
SUP-003,Sierra Minerals,Mining,AMER,Chile,Expert Judgement,2018,Actual,21380.8,,,,-2980.8,-0.162,FY2030_Add5_Expert3_Growth2_NZ2050
SUP-003,Sierra Minerals,Mining,AMER,Chile,Expert Judgement,2019,Actual,20920.8,,,,-2520.8,-0.137,FY2030_Add5_Expert3_Growth2_NZ2050
SUP-003,Sierra Minerals,Mining,AMER,Chile,Expert Judgement,2020,Actual,20479.2,,,,-2079.2,-0.113,FY2030_Add5_Expert3_Growth2_NZ2050
SUP-003,Sierra Minerals,Mining,AMER,Chile,Expert Judgement,2021,Actual,20037.6,,,,-1637.6,-0.089,FY2030_Add5_Expert3_Growth2_NZ2050
SUP-003,Sierra Minerals,Mining,AMER,Chile,Expert Judgement,2022,Actual,19743.2,,,,-1343.2,-0.073,FY2030_Add5_Expert3_Growth2_NZ2050
SUP-003,Sierra Minerals,Mining,AMER,Chile,Expert Judgement,2023,Actual,19154.4,,,,-754.4,-0.041,FY2030_Add5_Expert3_Growth2_NZ2050
SUP-003,Sierra Minerals,Mining,AMER,Chile,Expert Judgement,2024,Actual,18694.4,,,,-294.4,-0.016,FY2030_Add5_Expert3_Growth2_NZ2050
SUP-003,Sierra Minerals,Mining,AMER,Chile,Expert Judgement,2025,Actual,18400.0,,20315.1,,0.0,0.0,FY2030_Add5_Expert3_Growth2_NZ2050
SUP-003,Sierra Minerals,Mining,AMER,Chile,Expert Judgement,2026,Forecast,,17566.8,20315.1,,833.2,0.0453,FY2030_Add5_Expert3_Growth2_NZ2050
SUP-003,Sierra Minerals,Mining,AMER,Chile,Expert Judgement,2027,Forecast,,16693.0,20315.1,,1707.0,0.0928,FY2030_Add5_Expert3_Growth2_NZ2050
SUP-003,Sierra Minerals,Mining,AMER,Chile,Expert Judgement,2028,Forecast,,15777.2,20315.1,,2622.8,0.1425,FY2030_Add5_Expert3_Growth2_NZ2050
SUP-003,Sierra Minerals,Mining,AMER,Chile,Expert Judgement,2029,Forecast,,14818.1,20315.1,,3581.9,0.1947,FY2030_Add5_Expert3_Growth2_NZ2050
SUP-003,Sierra Minerals,Mining,AMER,Chile,Expert Judgement,2030,Forecast,,13814.3,20315.1,13814.3,4585.7,0.2492,FY2030_Add5_Expert3_Growth2_NZ2050
SUP-003,Sierra Minerals,Mining,AMER,Chile,Expert Judgement,2031,Forecast,,13386.0,20315.1,13123.5,5014.0,0.2725,FY2030_Add5_Expert3_Growth2_NZ2050
SUP-003,Sierra Minerals,Mining,AMER,Chile,Expert Judgement,2032,Forecast,,12935.1,20315.1,12432.8,5464.9,0.297,FY2030_Add5_Expert3_Growth2_NZ2050
SUP-003,Sierra Minerals,Mining,AMER,Chile,Expert Judgement,2033,Forecast,,12460.8,20315.1,11742.1,5939.2,0.3228,FY2030_Add5_Expert3_Growth2_NZ2050
SUP-003,Sierra Minerals,Mining,AMER,Chile,Expert Judgement,2034,Forecast,,11962.4,20315.1,11051.4,6437.6,0.3499,FY2030_Add5_Expert3_Growth2_NZ2050
SUP-003,Sierra Minerals,Mining,AMER,Chile,Expert Judgement,2035,Forecast,,11439.0,20315.1,10360.7,6961.0,0.3783,FY2030_Add5_Expert3_Growth2_NZ2050
SUP-003,Sierra Minerals,Mining,AMER,Chile,Expert Judgement,2036,Forecast,,10890.0,20315.1,9670.0,7510.0,0.4082,FY2030_Add5_Expert3_Growth2_NZ2050
SUP-003,Sierra Minerals,Mining,AMER,Chile,Expert Judgement,2037,Forecast,,10314.4,20315.1,8979.3,8085.6,0.4394,FY2030_Add5_Expert3_Growth2_NZ2050
SUP-003,Sierra Minerals,Mining,AMER,Chile,Expert Judgement,2038,Forecast,,9711.4,20315.1,8288.6,8688.6,0.4722,FY2030_Add5_Expert3_Growth2_NZ2050
SUP-003,Sierra Minerals,Mining,AMER,Chile,Expert Judgement,2039,Forecast,,9080.1,20315.1,7597.8,9319.9,0.5065,FY2030_Add5_Expert3_Growth2_NZ2050
SUP-003,Sierra Minerals,Mining,AMER,Chile,Expert Judgement,2040,Forecast,,8419.8,20315.1,6907.1,9980.2,0.5424,FY2030_Add5_Expert3_Growth2_NZ2050
SUP-003,Sierra Minerals,Mining,AMER,Chile,Expert Judgement,2041,Forecast,,7729.3,20315.1,6216.4,10670.7,0.5799,FY2030_Add5_Expert3_Growth2_NZ2050
SUP-003,Sierra Minerals,Mining,AMER,Chile,Expert Judgement,2042,Forecast,,7007.9,20315.1,5525.7,11392.1,0.6191,FY2030_Add5_Expert3_Growth2_NZ2050
SUP-003,Sierra Minerals,Mining,AMER,Chile,Expert Judgement,2043,Forecast,,6254.6,20315.1,4835.0,12145.4,0.6601,FY2030_Add5_Expert3_Growth2_NZ2050
SUP-003,Sierra Minerals,Mining,AMER,Chile,Expert Judgement,2044,Forecast,,5468.3,20315.1,4144.3,12931.7,0.7028,FY2030_Add5_Expert3_Growth2_NZ2050
SUP-003,Sierra Minerals,Mining,AMER,Chile,Expert Judgement,2045,Forecast,,4648.0,20315.1,3453.6,13752.0,0.7474,FY2030_Add5_Expert3_Growth2_NZ2050
SUP-003,Sierra Minerals,Mining,AMER,Chile,Expert Judgement,2046,Forecast,,3792.8,20315.1,2762.9,14607.2,0.7939,FY2030_Add5_Expert3_Growth2_NZ2050
SUP-003,Sierra Minerals,Mining,AMER,Chile,Expert Judgement,2047,Forecast,,2901.5,20315.1,2072.1,15498.5,0.8423,FY2030_Add5_Expert3_Growth2_NZ2050
SUP-003,Sierra Minerals,Mining,AMER,Chile,Expert Judgement,2048,Forecast,,1973.0,20315.1,1381.4,16427.0,0.8928,FY2030_Add5_Expert3_Growth2_NZ2050
SUP-003,Sierra Minerals,Mining,AMER,Chile,Expert Judgement,2049,Forecast,,1006.2,20315.1,690.7,17393.8,0.9453,FY2030_Add5_Expert3_Growth2_NZ2050
SUP-003,Sierra Minerals,Mining,AMER,Chile,Expert Judgement,2050,Forecast,,0,20315.1,0.0,18400.0,1.0,FY2030_Add5_Expert3_Growth2_NZ2050
SUP-004,Green Ridge Mining,Mining,APAC,Indonesia,Supplier Target,2018,Actual,17488.1,,,,-2438.1,-0.162,FY2030_Add5_Expert3_Growth2_NZ2050
SUP-004,Green Ridge Mining,Mining,APAC,Indonesia,Supplier Target,2019,Actual,17111.8,,,,-2061.8,-0.137,FY2030_Add5_Expert3_Growth2_NZ2050
SUP-004,Green Ridge Mining,Mining,APAC,Indonesia,Supplier Target,2020,Actual,16750.7,,,,-1700.7,-0.113,FY2030_Add5_Expert3_Growth2_NZ2050
SUP-004,Green Ridge Mining,Mining,APAC,Indonesia,Supplier Target,2021,Actual,16389.5,,,,-1339.5,-0.089,FY2030_Add5_Expert3_Growth2_NZ2050
SUP-004,Green Ridge Mining,Mining,APAC,Indonesia,Supplier Target,2022,Actual,16148.6,,,,-1098.6,-0.073,FY2030_Add5_Expert3_Growth2_NZ2050
SUP-004,Green Ridge Mining,Mining,APAC,Indonesia,Supplier Target,2023,Actual,15667.0,,,,-617.0,-0.041,FY2030_Add5_Expert3_Growth2_NZ2050
SUP-004,Green Ridge Mining,Mining,APAC,Indonesia,Supplier Target,2024,Actual,15290.8,,,,-240.8,-0.016,FY2030_Add5_Expert3_Growth2_NZ2050
SUP-004,Green Ridge Mining,Mining,APAC,Indonesia,Supplier Target,2025,Actual,15050.0,,16616.4,,0.0,0.0,FY2030_Add5_Expert3_Growth2_NZ2050
SUP-004,Green Ridge Mining,Mining,APAC,Indonesia,Supplier Target,2026,Forecast,,14030.8,16616.4,,1019.2,0.0677,FY2030_Add5_Expert3_Growth2_NZ2050
SUP-004,Green Ridge Mining,Mining,APAC,Indonesia,Supplier Target,2027,Forecast,,12964.8,16616.4,,2085.2,0.1385,FY2030_Add5_Expert3_Growth2_NZ2050
SUP-004,Green Ridge Mining,Mining,APAC,Indonesia,Supplier Target,2028,Forecast,,11850.6,16616.4,,3199.4,0.2126,FY2030_Add5_Expert3_Growth2_NZ2050
SUP-004,Green Ridge Mining,Mining,APAC,Indonesia,Supplier Target,2029,Forecast,,10686.6,16616.4,,4363.4,0.2899,FY2030_Add5_Expert3_Growth2_NZ2050
SUP-004,Green Ridge Mining,Mining,APAC,Indonesia,Supplier Target,2030,Forecast,,9471.4,16616.4,9471.4,5578.6,0.3707,FY2030_Add5_Expert3_Growth2_NZ2050
SUP-004,Green Ridge Mining,Mining,APAC,Indonesia,Supplier Target,2031,Forecast,,9177.7,16616.4,8997.8,5872.3,0.3902,FY2030_Add5_Expert3_Growth2_NZ2050
SUP-004,Green Ridge Mining,Mining,APAC,Indonesia,Supplier Target,2032,Forecast,,8868.6,16616.4,8524.2,6181.4,0.4107,FY2030_Add5_Expert3_Growth2_NZ2050
SUP-004,Green Ridge Mining,Mining,APAC,Indonesia,Supplier Target,2033,Forecast,,8543.4,16616.4,8050.7,6506.6,0.4323,FY2030_Add5_Expert3_Growth2_NZ2050
SUP-004,Green Ridge Mining,Mining,APAC,Indonesia,Supplier Target,2034,Forecast,,8201.7,16616.4,7577.1,6848.3,0.455,FY2030_Add5_Expert3_Growth2_NZ2050
SUP-004,Green Ridge Mining,Mining,APAC,Indonesia,Supplier Target,2035,Forecast,,7842.9,16616.4,7103.5,7207.1,0.4789,FY2030_Add5_Expert3_Growth2_NZ2050
SUP-004,Green Ridge Mining,Mining,APAC,Indonesia,Supplier Target,2036,Forecast,,7466.4,16616.4,6630.0,7583.6,0.5039,FY2030_Add5_Expert3_Growth2_NZ2050
SUP-004,Green Ridge Mining,Mining,APAC,Indonesia,Supplier Target,2037,Forecast,,7071.7,16616.4,6156.4,7978.3,0.5301,FY2030_Add5_Expert3_Growth2_NZ2050
SUP-004,Green Ridge Mining,Mining,APAC,Indonesia,Supplier Target,2038,Forecast,,6658.3,16616.4,5682.8,8391.7,0.5576,FY2030_Add5_Expert3_Growth2_NZ2050
SUP-004,Green Ridge Mining,Mining,APAC,Indonesia,Supplier Target,2039,Forecast,,6225.5,16616.4,5209.2,8824.5,0.5863,FY2030_Add5_Expert3_Growth2_NZ2050
SUP-004,Green Ridge Mining,Mining,APAC,Indonesia,Supplier Target,2040,Forecast,,5772.8,16616.4,4735.7,9277.2,0.6164,FY2030_Add5_Expert3_Growth2_NZ2050
SUP-004,Green Ridge Mining,Mining,APAC,Indonesia,Supplier Target,2041,Forecast,,5299.4,16616.4,4262.1,9750.6,0.6479,FY2030_Add5_Expert3_Growth2_NZ2050
SUP-004,Green Ridge Mining,Mining,APAC,Indonesia,Supplier Target,2042,Forecast,,4804.8,16616.4,3788.5,10245.2,0.6807,FY2030_Add5_Expert3_Growth2_NZ2050
SUP-004,Green Ridge Mining,Mining,APAC,Indonesia,Supplier Target,2043,Forecast,,4288.3,16616.4,3315.0,10761.7,0.7151,FY2030_Add5_Expert3_Growth2_NZ2050
SUP-004,Green Ridge Mining,Mining,APAC,Indonesia,Supplier Target,2044,Forecast,,3749.2,16616.4,2841.4,11300.8,0.7509,FY2030_Add5_Expert3_Growth2_NZ2050
SUP-004,Green Ridge Mining,Mining,APAC,Indonesia,Supplier Target,2045,Forecast,,3186.8,16616.4,2367.8,11863.2,0.7883,FY2030_Add5_Expert3_Growth2_NZ2050
SUP-004,Green Ridge Mining,Mining,APAC,Indonesia,Supplier Target,2046,Forecast,,2600.4,16616.4,1894.3,12449.6,0.8272,FY2030_Add5_Expert3_Growth2_NZ2050
SUP-004,Green Ridge Mining,Mining,APAC,Indonesia,Supplier Target,2047,Forecast,,1989.3,16616.4,1420.7,13060.7,0.8678,FY2030_Add5_Expert3_Growth2_NZ2050
SUP-004,Green Ridge Mining,Mining,APAC,Indonesia,Supplier Target,2048,Forecast,,1352.7,16616.4,947.1,13697.3,0.9101,FY2030_Add5_Expert3_Growth2_NZ2050
SUP-004,Green Ridge Mining,Mining,APAC,Indonesia,Supplier Target,2049,Forecast,,689.9,16616.4,473.6,14360.1,0.9542,FY2030_Add5_Expert3_Growth2_NZ2050
SUP-004,Green Ridge Mining,Mining,APAC,Indonesia,Supplier Target,2050,Forecast,,0,16616.4,0.0,15050.0,1.0,FY2030_Add5_Expert3_Growth2_NZ2050
SUP-005,BlueRock Aggregates,Mining,AMER,Canada,Expert Judgement,2018,Actual,13944.0,,,,-1944.0,-0.162,FY2030_Add5_Expert3_Growth2_NZ2050
SUP-005,BlueRock Aggregates,Mining,AMER,Canada,Expert Judgement,2019,Actual,13644.0,,,,-1644.0,-0.137,FY2030_Add5_Expert3_Growth2_NZ2050
SUP-005,BlueRock Aggregates,Mining,AMER,Canada,Expert Judgement,2020,Actual,13356.0,,,,-1356.0,-0.113,FY2030_Add5_Expert3_Growth2_NZ2050
SUP-005,BlueRock Aggregates,Mining,AMER,Canada,Expert Judgement,2021,Actual,13068.0,,,,-1068.0,-0.089,FY2030_Add5_Expert3_Growth2_NZ2050
SUP-005,BlueRock Aggregates,Mining,AMER,Canada,Expert Judgement,2022,Actual,12876.0,,,,-876.0,-0.073,FY2030_Add5_Expert3_Growth2_NZ2050
SUP-005,BlueRock Aggregates,Mining,AMER,Canada,Expert Judgement,2023,Actual,12492.0,,,,-492.0,-0.041,FY2030_Add5_Expert3_Growth2_NZ2050
SUP-005,BlueRock Aggregates,Mining,AMER,Canada,Expert Judgement,2024,Actual,12192.0,,,,-192.0,-0.016,FY2030_Add5_Expert3_Growth2_NZ2050
SUP-005,BlueRock Aggregates,Mining,AMER,Canada,Expert Judgement,2025,Actual,12000.0,,13249.0,,0.0,0.0,FY2030_Add5_Expert3_Growth2_NZ2050
SUP-005,BlueRock Aggregates,Mining,AMER,Canada,Expert Judgement,2026,Forecast,,11505.6,13249.0,,494.4,0.0412,FY2030_Add5_Expert3_Growth2_NZ2050
SUP-005,BlueRock Aggregates,Mining,AMER,Canada,Expert Judgement,2027,Forecast,,10986.6,13249.0,,1013.4,0.0844,FY2030_Add5_Expert3_Growth2_NZ2050
SUP-005,BlueRock Aggregates,Mining,AMER,Canada,Expert Judgement,2028,Forecast,,10442.3,13249.0,,1557.7,0.1298,FY2030_Add5_Expert3_Growth2_NZ2050
SUP-005,BlueRock Aggregates,Mining,AMER,Canada,Expert Judgement,2029,Forecast,,9871.8,13249.0,,2128.2,0.1774,FY2030_Add5_Expert3_Growth2_NZ2050
SUP-005,BlueRock Aggregates,Mining,AMER,Canada,Expert Judgement,2030,Forecast,,9274.3,13249.0,9274.3,2725.7,0.2271,FY2030_Add5_Expert3_Growth2_NZ2050
SUP-005,BlueRock Aggregates,Mining,AMER,Canada,Expert Judgement,2031,Forecast,,8986.8,13249.0,8810.6,3013.2,0.2511,FY2030_Add5_Expert3_Growth2_NZ2050
SUP-005,BlueRock Aggregates,Mining,AMER,Canada,Expert Judgement,2032,Forecast,,8684.1,13249.0,8346.9,3315.9,0.2763,FY2030_Add5_Expert3_Growth2_NZ2050
SUP-005,BlueRock Aggregates,Mining,AMER,Canada,Expert Judgement,2033,Forecast,,8365.6,13249.0,7883.1,3634.4,0.3029,FY2030_Add5_Expert3_Growth2_NZ2050
SUP-005,BlueRock Aggregates,Mining,AMER,Canada,Expert Judgement,2034,Forecast,,8031.0,13249.0,7419.4,3969.0,0.3307,FY2030_Add5_Expert3_Growth2_NZ2050
SUP-005,BlueRock Aggregates,Mining,AMER,Canada,Expert Judgement,2035,Forecast,,7679.7,13249.0,6955.7,4320.3,0.36,FY2030_Add5_Expert3_Growth2_NZ2050
SUP-005,BlueRock Aggregates,Mining,AMER,Canada,Expert Judgement,2036,Forecast,,7311.0,13249.0,6492.0,4689.0,0.3907,FY2030_Add5_Expert3_Growth2_NZ2050
SUP-005,BlueRock Aggregates,Mining,AMER,Canada,Expert Judgement,2037,Forecast,,6924.6,13249.0,6028.3,5075.4,0.4229,FY2030_Add5_Expert3_Growth2_NZ2050
SUP-005,BlueRock Aggregates,Mining,AMER,Canada,Expert Judgement,2038,Forecast,,6519.8,13249.0,5564.6,5480.2,0.4567,FY2030_Add5_Expert3_Growth2_NZ2050
SUP-005,BlueRock Aggregates,Mining,AMER,Canada,Expert Judgement,2039,Forecast,,6096.0,13249.0,5100.9,5904.0,0.492,FY2030_Add5_Expert3_Growth2_NZ2050
SUP-005,BlueRock Aggregates,Mining,AMER,Canada,Expert Judgement,2040,Forecast,,5652.6,13249.0,4637.1,6347.4,0.5289,FY2030_Add5_Expert3_Growth2_NZ2050
SUP-005,BlueRock Aggregates,Mining,AMER,Canada,Expert Judgement,2041,Forecast,,5189.1,13249.0,4173.4,6810.9,0.5676,FY2030_Add5_Expert3_Growth2_NZ2050
SUP-005,BlueRock Aggregates,Mining,AMER,Canada,Expert Judgement,2042,Forecast,,4704.8,13249.0,3709.7,7295.2,0.6079,FY2030_Add5_Expert3_Growth2_NZ2050
SUP-005,BlueRock Aggregates,Mining,AMER,Canada,Expert Judgement,2043,Forecast,,4199.0,13249.0,3246.0,7801.0,0.6501,FY2030_Add5_Expert3_Growth2_NZ2050
SUP-005,BlueRock Aggregates,Mining,AMER,Canada,Expert Judgement,2044,Forecast,,3671.2,13249.0,2782.3,8328.8,0.6941,FY2030_Add5_Expert3_Growth2_NZ2050
SUP-005,BlueRock Aggregates,Mining,AMER,Canada,Expert Judgement,2045,Forecast,,3120.5,13249.0,2318.6,8879.5,0.74,FY2030_Add5_Expert3_Growth2_NZ2050
SUP-005,BlueRock Aggregates,Mining,AMER,Canada,Expert Judgement,2046,Forecast,,2546.3,13249.0,1854.9,9453.7,0.7878,FY2030_Add5_Expert3_Growth2_NZ2050
SUP-005,BlueRock Aggregates,Mining,AMER,Canada,Expert Judgement,2047,Forecast,,1947.9,13249.0,1391.1,10052.1,0.8377,FY2030_Add5_Expert3_Growth2_NZ2050
SUP-005,BlueRock Aggregates,Mining,AMER,Canada,Expert Judgement,2048,Forecast,,1324.6,13249.0,927.4,10675.4,0.8896,FY2030_Add5_Expert3_Growth2_NZ2050
SUP-005,BlueRock Aggregates,Mining,AMER,Canada,Expert Judgement,2049,Forecast,,675.5,13249.0,463.7,11324.5,0.9437,FY2030_Add5_Expert3_Growth2_NZ2050
SUP-005,BlueRock Aggregates,Mining,AMER,Canada,Expert Judgement,2050,Forecast,,0,13249.0,0.0,12000.0,1.0,FY2030_Add5_Expert3_Growth2_NZ2050
SUP-006,Terra Excavation,Mining,EMEA,South Africa,Supplier Target,2018,Actual,23530.5,,,,-3280.5,-0.162,FY2030_Add5_Expert3_Growth2_NZ2050
SUP-006,Terra Excavation,Mining,EMEA,South Africa,Supplier Target,2019,Actual,23024.2,,,,-2774.2,-0.137,FY2030_Add5_Expert3_Growth2_NZ2050
SUP-006,Terra Excavation,Mining,EMEA,South Africa,Supplier Target,2020,Actual,22538.2,,,,-2288.2,-0.113,FY2030_Add5_Expert3_Growth2_NZ2050
SUP-006,Terra Excavation,Mining,EMEA,South Africa,Supplier Target,2021,Actual,22052.2,,,,-1802.2,-0.089,FY2030_Add5_Expert3_Growth2_NZ2050
SUP-006,Terra Excavation,Mining,EMEA,South Africa,Supplier Target,2022,Actual,21728.2,,,,-1478.2,-0.073,FY2030_Add5_Expert3_Growth2_NZ2050
SUP-006,Terra Excavation,Mining,EMEA,South Africa,Supplier Target,2023,Actual,21080.2,,,,-830.2,-0.041,FY2030_Add5_Expert3_Growth2_NZ2050
SUP-006,Terra Excavation,Mining,EMEA,South Africa,Supplier Target,2024,Actual,20574.0,,,,-324.0,-0.016,FY2030_Add5_Expert3_Growth2_NZ2050
SUP-006,Terra Excavation,Mining,EMEA,South Africa,Supplier Target,2025,Actual,20250.0,,22357.6,,0.0,0.0,FY2030_Add5_Expert3_Growth2_NZ2050
SUP-006,Terra Excavation,Mining,EMEA,South Africa,Supplier Target,2026,Forecast,,19126.5,22357.6,,1123.5,0.0555,FY2030_Add5_Expert3_Growth2_NZ2050
SUP-006,Terra Excavation,Mining,EMEA,South Africa,Supplier Target,2027,Forecast,,17950.0,22357.6,,2300.0,0.1136,FY2030_Add5_Expert3_Growth2_NZ2050
SUP-006,Terra Excavation,Mining,EMEA,South Africa,Supplier Target,2028,Forecast,,16718.8,22357.6,,3531.2,0.1744,FY2030_Add5_Expert3_Growth2_NZ2050
SUP-006,Terra Excavation,Mining,EMEA,South Africa,Supplier Target,2029,Forecast,,15431.2,22357.6,,4818.8,0.238,FY2030_Add5_Expert3_Growth2_NZ2050
SUP-006,Terra Excavation,Mining,EMEA,South Africa,Supplier Target,2030,Forecast,,14085.3,22357.6,14085.3,6164.7,0.3044,FY2030_Add5_Expert3_Growth2_NZ2050
SUP-006,Terra Excavation,Mining,EMEA,South Africa,Supplier Target,2031,Forecast,,13648.7,22357.6,13381.0,6601.3,0.326,FY2030_Add5_Expert3_Growth2_NZ2050
SUP-006,Terra Excavation,Mining,EMEA,South Africa,Supplier Target,2032,Forecast,,13188.9,22357.6,12676.8,7061.1,0.3487,FY2030_Add5_Expert3_Growth2_NZ2050
SUP-006,Terra Excavation,Mining,EMEA,South Africa,Supplier Target,2033,Forecast,,12705.3,22357.6,11972.5,7544.7,0.3726,FY2030_Add5_Expert3_Growth2_NZ2050
SUP-006,Terra Excavation,Mining,EMEA,South Africa,Supplier Target,2034,Forecast,,12197.1,22357.6,11268.2,8052.9,0.3977,FY2030_Add5_Expert3_Growth2_NZ2050
SUP-006,Terra Excavation,Mining,EMEA,South Africa,Supplier Target,2035,Forecast,,11663.5,22357.6,10564.0,8586.5,0.424,FY2030_Add5_Expert3_Growth2_NZ2050
SUP-006,Terra Excavation,Mining,EMEA,South Africa,Supplier Target,2036,Forecast,,11103.6,22357.6,9859.7,9146.4,0.4517,FY2030_Add5_Expert3_Growth2_NZ2050
SUP-006,Terra Excavation,Mining,EMEA,South Africa,Supplier Target,2037,Forecast,,10516.7,22357.6,9155.5,9733.3,0.4807,FY2030_Add5_Expert3_Growth2_NZ2050
SUP-006,Terra Excavation,Mining,EMEA,South Africa,Supplier Target,2038,Forecast,,9901.9,22357.6,8451.2,10348.1,0.511,FY2030_Add5_Expert3_Growth2_NZ2050
SUP-006,Terra Excavation,Mining,EMEA,South Africa,Supplier Target,2039,Forecast,,9258.3,22357.6,7746.9,10991.7,0.5428,FY2030_Add5_Expert3_Growth2_NZ2050
SUP-006,Terra Excavation,Mining,EMEA,South Africa,Supplier Target,2040,Forecast,,8585.0,22357.6,7042.7,11665.0,0.5761,FY2030_Add5_Expert3_Growth2_NZ2050
SUP-006,Terra Excavation,Mining,EMEA,South Africa,Supplier Target,2041,Forecast,,7881.0,22357.6,6338.4,12369.0,0.6108,FY2030_Add5_Expert3_Growth2_NZ2050
SUP-006,Terra Excavation,Mining,EMEA,South Africa,Supplier Target,2042,Forecast,,7145.4,22357.6,5634.1,13104.6,0.6471,FY2030_Add5_Expert3_Growth2_NZ2050
SUP-006,Terra Excavation,Mining,EMEA,South Africa,Supplier Target,2043,Forecast,,6377.3,22357.6,4929.9,13872.7,0.6851,FY2030_Add5_Expert3_Growth2_NZ2050
SUP-006,Terra Excavation,Mining,EMEA,South Africa,Supplier Target,2044,Forecast,,5575.6,22357.6,4225.6,14674.4,0.7247,FY2030_Add5_Expert3_Growth2_NZ2050
SUP-006,Terra Excavation,Mining,EMEA,South Africa,Supplier Target,2045,Forecast,,4739.2,22357.6,3521.3,15510.8,0.766,FY2030_Add5_Expert3_Growth2_NZ2050
SUP-006,Terra Excavation,Mining,EMEA,South Africa,Supplier Target,2046,Forecast,,3867.2,22357.6,2817.1,16382.8,0.809,FY2030_Add5_Expert3_Growth2_NZ2050
SUP-006,Terra Excavation,Mining,EMEA,South Africa,Supplier Target,2047,Forecast,,2958.4,22357.6,2112.8,17291.6,0.8539,FY2030_Add5_Expert3_Growth2_NZ2050
SUP-006,Terra Excavation,Mining,EMEA,South Africa,Supplier Target,2048,Forecast,,2011.7,22357.6,1408.5,18238.3,0.9007,FY2030_Add5_Expert3_Growth2_NZ2050
SUP-006,Terra Excavation,Mining,EMEA,South Africa,Supplier Target,2049,Forecast,,1026.0,22357.6,704.3,19224.0,0.9493,FY2030_Add5_Expert3_Growth2_NZ2050
SUP-006,Terra Excavation,Mining,EMEA,South Africa,Supplier Target,2050,Forecast,,0,22357.6,0.0,20250.0,1.0,FY2030_Add5_Expert3_Growth2_NZ2050
SUP-007,Horizon Steelworks,Steel,APAC,India,Supplier Target,2018,Actual,27946.1,,,,-3896.1,-0.162,FY2030_Add5_Expert3_Growth2_NZ2050
SUP-007,Horizon Steelworks,Steel,APAC,India,Supplier Target,2019,Actual,27344.8,,,,-3294.8,-0.137,FY2030_Add5_Expert3_Growth2_NZ2050
SUP-007,Horizon Steelworks,Steel,APAC,India,Supplier Target,2020,Actual,26767.7,,,,-2717.7,-0.113,FY2030_Add5_Expert3_Growth2_NZ2050
SUP-007,Horizon Steelworks,Steel,APAC,India,Supplier Target,2021,Actual,26190.5,,,,-2140.5,-0.089,FY2030_Add5_Expert3_Growth2_NZ2050
SUP-007,Horizon Steelworks,Steel,APAC,India,Supplier Target,2022,Actual,25805.6,,,,-1755.6,-0.073,FY2030_Add5_Expert3_Growth2_NZ2050
SUP-007,Horizon Steelworks,Steel,APAC,India,Supplier Target,2023,Actual,25036.0,,,,-986.0,-0.041,FY2030_Add5_Expert3_Growth2_NZ2050
SUP-007,Horizon Steelworks,Steel,APAC,India,Supplier Target,2024,Actual,24434.8,,,,-384.8,-0.016,FY2030_Add5_Expert3_Growth2_NZ2050
SUP-007,Horizon Steelworks,Steel,APAC,India,Supplier Target,2025,Actual,24050.0,,26553.1,,0.0,0.0,FY2030_Add5_Expert3_Growth2_NZ2050
SUP-007,Horizon Steelworks,Steel,APAC,India,Supplier Target,2026,Forecast,,22568.5,26553.1,,1481.5,0.0616,FY2030_Add5_Expert3_Growth2_NZ2050
SUP-007,Horizon Steelworks,Steel,APAC,India,Supplier Target,2027,Forecast,,21018.2,26553.1,,3031.8,0.1261,FY2030_Add5_Expert3_Growth2_NZ2050
SUP-007,Horizon Steelworks,Steel,APAC,India,Supplier Target,2028,Forecast,,19396.8,26553.1,,4653.2,0.1935,FY2030_Add5_Expert3_Growth2_NZ2050
SUP-007,Horizon Steelworks,Steel,APAC,India,Supplier Target,2029,Forecast,,17702.1,26553.1,,6347.9,0.2639,FY2030_Add5_Expert3_Growth2_NZ2050
SUP-007,Horizon Steelworks,Steel,APAC,India,Supplier Target,2030,Forecast,,15931.9,26553.1,15931.9,8118.1,0.3376,FY2030_Add5_Expert3_Growth2_NZ2050
SUP-007,Horizon Steelworks,Steel,APAC,India,Supplier Target,2031,Forecast,,15438.0,26553.1,15135.3,8612.0,0.3581,FY2030_Add5_Expert3_Growth2_NZ2050
SUP-007,Horizon Steelworks,Steel,APAC,India,Supplier Target,2032,Forecast,,14918.0,26553.1,14338.7,9132.0,0.3797,FY2030_Add5_Expert3_Growth2_NZ2050
SUP-007,Horizon Steelworks,Steel,APAC,India,Supplier Target,2033,Forecast,,14371.0,26553.1,13542.1,9679.0,0.4025,FY2030_Add5_Expert3_Growth2_NZ2050
SUP-007,Horizon Steelworks,Steel,APAC,India,Supplier Target,2034,Forecast,,13796.1,26553.1,12745.5,10253.9,0.4264,FY2030_Add5_Expert3_Growth2_NZ2050
SUP-007,Horizon Steelworks,Steel,APAC,India,Supplier Target,2035,Forecast,,13192.6,26553.1,11948.9,10857.4,0.4515,FY2030_Add5_Expert3_Growth2_NZ2050
SUP-007,Horizon Steelworks,Steel,APAC,India,Supplier Target,2036,Forecast,,12559.3,26553.1,11152.3,11490.7,0.4778,FY2030_Add5_Expert3_Growth2_NZ2050
SUP-007,Horizon Steelworks,Steel,APAC,India,Supplier Target,2037,Forecast,,11895.5,26553.1,10355.7,12154.5,0.5054,FY2030_Add5_Expert3_Growth2_NZ2050
SUP-007,Horizon Steelworks,Steel,APAC,India,Supplier Target,2038,Forecast,,11200.0,26553.1,9559.1,12850.0,0.5343,FY2030_Add5_Expert3_Growth2_NZ2050
SUP-007,Horizon Steelworks,Steel,APAC,India,Supplier Target,2039,Forecast,,10472.0,26553.1,8762.5,13578.0,0.5646,FY2030_Add5_Expert3_Growth2_NZ2050
SUP-007,Horizon Steelworks,Steel,APAC,India,Supplier Target,2040,Forecast,,9710.4,26553.1,7965.9,14339.6,0.5962,FY2030_Add5_Expert3_Growth2_NZ2050
SUP-007,Horizon Steelworks,Steel,APAC,India,Supplier Target,2041,Forecast,,8914.2,26553.1,7169.3,15135.8,0.6293,FY2030_Add5_Expert3_Growth2_NZ2050
SUP-007,Horizon Steelworks,Steel,APAC,India,Supplier Target,2042,Forecast,,8082.2,26553.1,6372.8,15967.8,0.6639,FY2030_Add5_Expert3_Growth2_NZ2050
SUP-007,Horizon Steelworks,Steel,APAC,India,Supplier Target,2043,Forecast,,7213.4,26553.1,5576.2,16836.6,0.7001,FY2030_Add5_Expert3_Growth2_NZ2050
SUP-007,Horizon Steelworks,Steel,APAC,India,Supplier Target,2044,Forecast,,6306.5,26553.1,4779.6,17743.5,0.7378,FY2030_Add5_Expert3_Growth2_NZ2050
SUP-007,Horizon Steelworks,Steel,APAC,India,Supplier Target,2045,Forecast,,5360.6,26553.1,3983.0,18689.4,0.7771,FY2030_Add5_Expert3_Growth2_NZ2050
SUP-007,Horizon Steelworks,Steel,APAC,India,Supplier Target,2046,Forecast,,4374.2,26553.1,3186.4,19675.8,0.8181,FY2030_Add5_Expert3_Growth2_NZ2050
SUP-007,Horizon Steelworks,Steel,APAC,India,Supplier Target,2047,Forecast,,3346.3,26553.1,2389.8,20703.7,0.8609,FY2030_Add5_Expert3_Growth2_NZ2050
SUP-007,Horizon Steelworks,Steel,APAC,India,Supplier Target,2048,Forecast,,2275.5,26553.1,1593.2,21774.5,0.9054,FY2030_Add5_Expert3_Growth2_NZ2050
SUP-007,Horizon Steelworks,Steel,APAC,India,Supplier Target,2049,Forecast,,1160.5,26553.1,796.6,22889.5,0.9517,FY2030_Add5_Expert3_Growth2_NZ2050
SUP-007,Horizon Steelworks,Steel,APAC,India,Supplier Target,2050,Forecast,,0,26553.1,0.0,24050.0,1.0,FY2030_Add5_Expert3_Growth2_NZ2050
SUP-008,Pioneer Metals,Steel,EMEA,Germany,Supplier Target,2018,Actual,23414.3,,,,-3264.3,-0.162,FY2030_Add5_Expert3_Growth2_NZ2050
SUP-008,Pioneer Metals,Steel,EMEA,Germany,Supplier Target,2019,Actual,22910.5,,,,-2760.5,-0.137,FY2030_Add5_Expert3_Growth2_NZ2050
SUP-008,Pioneer Metals,Steel,EMEA,Germany,Supplier Target,2020,Actual,22427.0,,,,-2277.0,-0.113,FY2030_Add5_Expert3_Growth2_NZ2050
SUP-008,Pioneer Metals,Steel,EMEA,Germany,Supplier Target,2021,Actual,21943.3,,,,-1793.3,-0.089,FY2030_Add5_Expert3_Growth2_NZ2050
SUP-008,Pioneer Metals,Steel,EMEA,Germany,Supplier Target,2022,Actual,21621.0,,,,-1471.0,-0.073,FY2030_Add5_Expert3_Growth2_NZ2050
SUP-008,Pioneer Metals,Steel,EMEA,Germany,Supplier Target,2023,Actual,20976.1,,,,-826.1,-0.041,FY2030_Add5_Expert3_Growth2_NZ2050
SUP-008,Pioneer Metals,Steel,EMEA,Germany,Supplier Target,2024,Actual,20472.4,,,,-322.4,-0.016,FY2030_Add5_Expert3_Growth2_NZ2050
SUP-008,Pioneer Metals,Steel,EMEA,Germany,Supplier Target,2025,Actual,20150.0,,22247.2,,0.0,0.0,FY2030_Add5_Expert3_Growth2_NZ2050
SUP-008,Pioneer Metals,Steel,EMEA,Germany,Supplier Target,2026,Forecast,,18991.0,22247.2,,1159.0,0.0575,FY2030_Add5_Expert3_Growth2_NZ2050
SUP-008,Pioneer Metals,Steel,EMEA,Germany,Supplier Target,2027,Forecast,,17777.5,22247.2,,2372.5,0.1177,FY2030_Add5_Expert3_Growth2_NZ2050
SUP-008,Pioneer Metals,Steel,EMEA,Germany,Supplier Target,2028,Forecast,,16507.9,22247.2,,3642.1,0.1807,FY2030_Add5_Expert3_Growth2_NZ2050
SUP-008,Pioneer Metals,Steel,EMEA,Germany,Supplier Target,2029,Forecast,,15180.5,22247.2,,4969.5,0.2466,FY2030_Add5_Expert3_Growth2_NZ2050
SUP-008,Pioneer Metals,Steel,EMEA,Germany,Supplier Target,2030,Forecast,,13793.3,22247.2,13793.3,6356.7,0.3155,FY2030_Add5_Expert3_Growth2_NZ2050
SUP-008,Pioneer Metals,Steel,EMEA,Germany,Supplier Target,2031,Forecast,,13365.7,22247.2,13103.6,6784.3,0.3367,FY2030_Add5_Expert3_Growth2_NZ2050
SUP-008,Pioneer Metals,Steel,EMEA,Germany,Supplier Target,2032,Forecast,,12915.5,22247.2,12414.0,7234.5,0.359,FY2030_Add5_Expert3_Growth2_NZ2050
SUP-008,Pioneer Metals,Steel,EMEA,Germany,Supplier Target,2033,Forecast,,12441.9,22247.2,11724.3,7708.1,0.3825,FY2030_Add5_Expert3_Growth2_NZ2050
SUP-008,Pioneer Metals,Steel,EMEA,Germany,Supplier Target,2034,Forecast,,11944.2,22247.2,11034.6,8205.8,0.4072,FY2030_Add5_Expert3_Growth2_NZ2050
SUP-008,Pioneer Metals,Steel,EMEA,Germany,Supplier Target,2035,Forecast,,11421.7,22247.2,10345.0,8728.3,0.4332,FY2030_Add5_Expert3_Growth2_NZ2050
SUP-008,Pioneer Metals,Steel,EMEA,Germany,Supplier Target,2036,Forecast,,10873.4,22247.2,9655.3,9276.6,0.4604,FY2030_Add5_Expert3_Growth2_NZ2050
SUP-008,Pioneer Metals,Steel,EMEA,Germany,Supplier Target,2037,Forecast,,10298.7,22247.2,8965.6,9851.3,0.4889,FY2030_Add5_Expert3_Growth2_NZ2050
SUP-008,Pioneer Metals,Steel,EMEA,Germany,Supplier Target,2038,Forecast,,9696.6,22247.2,8276.0,10453.4,0.5188,FY2030_Add5_Expert3_Growth2_NZ2050
SUP-008,Pioneer Metals,Steel,EMEA,Germany,Supplier Target,2039,Forecast,,9066.3,22247.2,7586.3,11083.7,0.5501,FY2030_Add5_Expert3_Growth2_NZ2050
SUP-008,Pioneer Metals,Steel,EMEA,Germany,Supplier Target,2040,Forecast,,8407.0,22247.2,6896.6,11743.0,0.5828,FY2030_Add5_Expert3_Growth2_NZ2050
SUP-008,Pioneer Metals,Steel,EMEA,Germany,Supplier Target,2041,Forecast,,7717.6,22247.2,6207.0,12432.4,0.617,FY2030_Add5_Expert3_Growth2_NZ2050
SUP-008,Pioneer Metals,Steel,EMEA,Germany,Supplier Target,2042,Forecast,,6997.3,22247.2,5517.3,13152.7,0.6527,FY2030_Add5_Expert3_Growth2_NZ2050
SUP-008,Pioneer Metals,Steel,EMEA,Germany,Supplier Target,2043,Forecast,,6245.1,22247.2,4827.6,13904.9,0.6901,FY2030_Add5_Expert3_Growth2_NZ2050
SUP-008,Pioneer Metals,Steel,EMEA,Germany,Supplier Target,2044,Forecast,,5460.0,22247.2,4138.0,14690.0,0.729,FY2030_Add5_Expert3_Growth2_NZ2050
SUP-008,Pioneer Metals,Steel,EMEA,Germany,Supplier Target,2045,Forecast,,4641.0,22247.2,3448.3,15509.0,0.7697,FY2030_Add5_Expert3_Growth2_NZ2050
SUP-008,Pioneer Metals,Steel,EMEA,Germany,Supplier Target,2046,Forecast,,3787.0,22247.2,2758.7,16363.0,0.8121,FY2030_Add5_Expert3_Growth2_NZ2050
SUP-008,Pioneer Metals,Steel,EMEA,Germany,Supplier Target,2047,Forecast,,2897.1,22247.2,2069.0,17252.9,0.8562,FY2030_Add5_Expert3_Growth2_NZ2050
SUP-008,Pioneer Metals,Steel,EMEA,Germany,Supplier Target,2048,Forecast,,1970.0,22247.2,1379.3,18180.0,0.9022,FY2030_Add5_Expert3_Growth2_NZ2050
SUP-008,Pioneer Metals,Steel,EMEA,Germany,Supplier Target,2049,Forecast,,1004.7,22247.2,689.7,19145.3,0.9501,FY2030_Add5_Expert3_Growth2_NZ2050
SUP-008,Pioneer Metals,Steel,EMEA,Germany,Supplier Target,2050,Forecast,,0,22247.2,0.0,20150.0,1.0,FY2030_Add5_Expert3_Growth2_NZ2050
SUP-009,Riverbend Steel,Steel,AMER,United States,Expert Judgement,2018,Actual,19289.2,,,,-2689.2,-0.162,FY2030_Add5_Expert3_Growth2_NZ2050
SUP-009,Riverbend Steel,Steel,AMER,United States,Expert Judgement,2019,Actual,18874.2,,,,-2274.2,-0.137,FY2030_Add5_Expert3_Growth2_NZ2050
SUP-009,Riverbend Steel,Steel,AMER,United States,Expert Judgement,2020,Actual,18475.8,,,,-1875.8,-0.113,FY2030_Add5_Expert3_Growth2_NZ2050
SUP-009,Riverbend Steel,Steel,AMER,United States,Expert Judgement,2021,Actual,18077.4,,,,-1477.4,-0.089,FY2030_Add5_Expert3_Growth2_NZ2050
SUP-009,Riverbend Steel,Steel,AMER,United States,Expert Judgement,2022,Actual,17811.8,,,,-1211.8,-0.073,FY2030_Add5_Expert3_Growth2_NZ2050
SUP-009,Riverbend Steel,Steel,AMER,United States,Expert Judgement,2023,Actual,17280.6,,,,-680.6,-0.041,FY2030_Add5_Expert3_Growth2_NZ2050
SUP-009,Riverbend Steel,Steel,AMER,United States,Expert Judgement,2024,Actual,16865.6,,,,-265.6,-0.016,FY2030_Add5_Expert3_Growth2_NZ2050
SUP-009,Riverbend Steel,Steel,AMER,United States,Expert Judgement,2025,Actual,16600.0,,18327.7,,0.0,0.0,FY2030_Add5_Expert3_Growth2_NZ2050
SUP-009,Riverbend Steel,Steel,AMER,United States,Expert Judgement,2026,Forecast,,15882.2,18327.7,,717.8,0.0432,FY2030_Add5_Expert3_Growth2_NZ2050
SUP-009,Riverbend Steel,Steel,AMER,United States,Expert Judgement,2027,Forecast,,15129.1,18327.7,,1470.9,0.0886,FY2030_Add5_Expert3_Growth2_NZ2050
SUP-009,Riverbend Steel,Steel,AMER,United States,Expert Judgement,2028,Forecast,,14339.5,18327.7,,2260.5,0.1362,FY2030_Add5_Expert3_Growth2_NZ2050
SUP-009,Riverbend Steel,Steel,AMER,United States,Expert Judgement,2029,Forecast,,13512.2,18327.7,,3087.8,0.186,FY2030_Add5_Expert3_Growth2_NZ2050
SUP-009,Riverbend Steel,Steel,AMER,United States,Expert Judgement,2030,Forecast,,12646.1,18327.7,12646.1,3953.9,0.2382,FY2030_Add5_Expert3_Growth2_NZ2050
SUP-009,Riverbend Steel,Steel,AMER,United States,Expert Judgement,2031,Forecast,,12254.1,18327.7,12013.8,4345.9,0.2618,FY2030_Add5_Expert3_Growth2_NZ2050
SUP-009,Riverbend Steel,Steel,AMER,United States,Expert Judgement,2032,Forecast,,11841.3,18327.7,11381.5,4758.7,0.2867,FY2030_Add5_Expert3_Growth2_NZ2050
SUP-009,Riverbend Steel,Steel,AMER,United States,Expert Judgement,2033,Forecast,,11407.2,18327.7,10749.2,5192.8,0.3128,FY2030_Add5_Expert3_Growth2_NZ2050
SUP-009,Riverbend Steel,Steel,AMER,United States,Expert Judgement,2034,Forecast,,10950.9,18327.7,10116.9,5649.1,0.3403,FY2030_Add5_Expert3_Growth2_NZ2050
SUP-009,Riverbend Steel,Steel,AMER,United States,Expert Judgement,2035,Forecast,,10471.8,18327.7,9484.6,6128.2,0.3692,FY2030_Add5_Expert3_Growth2_NZ2050
SUP-009,Riverbend Steel,Steel,AMER,United States,Expert Judgement,2036,Forecast,,9969.1,18327.7,8852.3,6630.9,0.3995,FY2030_Add5_Expert3_Growth2_NZ2050
SUP-009,Riverbend Steel,Steel,AMER,United States,Expert Judgement,2037,Forecast,,9442.2,18327.7,8220.0,7157.8,0.4312,FY2030_Add5_Expert3_Growth2_NZ2050
SUP-009,Riverbend Steel,Steel,AMER,United States,Expert Judgement,2038,Forecast,,8890.2,18327.7,7587.7,7709.8,0.4644,FY2030_Add5_Expert3_Growth2_NZ2050
SUP-009,Riverbend Steel,Steel,AMER,United States,Expert Judgement,2039,Forecast,,8312.3,18327.7,6955.4,8287.7,0.4993,FY2030_Add5_Expert3_Growth2_NZ2050
SUP-009,Riverbend Steel,Steel,AMER,United States,Expert Judgement,2040,Forecast,,7707.8,18327.7,6323.1,8892.2,0.5357,FY2030_Add5_Expert3_Growth2_NZ2050
SUP-009,Riverbend Steel,Steel,AMER,United States,Expert Judgement,2041,Forecast,,7075.7,18327.7,5690.8,9524.3,0.5738,FY2030_Add5_Expert3_Growth2_NZ2050
SUP-009,Riverbend Steel,Steel,AMER,United States,Expert Judgement,2042,Forecast,,6415.3,18327.7,5058.5,10184.7,0.6135,FY2030_Add5_Expert3_Growth2_NZ2050
SUP-009,Riverbend Steel,Steel,AMER,United States,Expert Judgement,2043,Forecast,,5725.7,18327.7,4426.1,10874.3,0.6551,FY2030_Add5_Expert3_Growth2_NZ2050
SUP-009,Riverbend Steel,Steel,AMER,United States,Expert Judgement,2044,Forecast,,5005.9,18327.7,3793.8,11594.1,0.6984,FY2030_Add5_Expert3_Growth2_NZ2050
SUP-009,Riverbend Steel,Steel,AMER,United States,Expert Judgement,2045,Forecast,,4255.0,18327.7,3161.5,12345.0,0.7437,FY2030_Add5_Expert3_Growth2_NZ2050
SUP-009,Riverbend Steel,Steel,AMER,United States,Expert Judgement,2046,Forecast,,3472.1,18327.7,2529.2,13127.9,0.7908,FY2030_Add5_Expert3_Growth2_NZ2050
SUP-009,Riverbend Steel,Steel,AMER,United States,Expert Judgement,2047,Forecast,,2656.1,18327.7,1896.9,13943.9,0.84,FY2030_Add5_Expert3_Growth2_NZ2050
SUP-009,Riverbend Steel,Steel,AMER,United States,Expert Judgement,2048,Forecast,,1806.2,18327.7,1264.6,14793.8,0.8912,FY2030_Add5_Expert3_Growth2_NZ2050
SUP-009,Riverbend Steel,Steel,AMER,United States,Expert Judgement,2049,Forecast,,921.2,18327.7,632.3,15678.8,0.9445,FY2030_Add5_Expert3_Growth2_NZ2050
SUP-009,Riverbend Steel,Steel,AMER,United States,Expert Judgement,2050,Forecast,,0,18327.7,0.0,16600.0,1.0,FY2030_Add5_Expert3_Growth2_NZ2050
SUP-010,Kanto Specialty Steel,Steel,APAC,Japan,Supplier Target,2018,Actual,18069.1,,,,-2519.1,-0.162,FY2030_Add5_Expert3_Growth2_NZ2050
SUP-010,Kanto Specialty Steel,Steel,APAC,Japan,Supplier Target,2019,Actual,17680.3,,,,-2130.3,-0.137,FY2030_Add5_Expert3_Growth2_NZ2050
SUP-010,Kanto Specialty Steel,Steel,APAC,Japan,Supplier Target,2020,Actual,17307.2,,,,-1757.2,-0.113,FY2030_Add5_Expert3_Growth2_NZ2050
SUP-010,Kanto Specialty Steel,Steel,APAC,Japan,Supplier Target,2021,Actual,16934.0,,,,-1384.0,-0.089,FY2030_Add5_Expert3_Growth2_NZ2050
SUP-010,Kanto Specialty Steel,Steel,APAC,Japan,Supplier Target,2022,Actual,16685.1,,,,-1135.1,-0.073,FY2030_Add5_Expert3_Growth2_NZ2050
SUP-010,Kanto Specialty Steel,Steel,APAC,Japan,Supplier Target,2023,Actual,16187.5,,,,-637.5,-0.041,FY2030_Add5_Expert3_Growth2_NZ2050
SUP-010,Kanto Specialty Steel,Steel,APAC,Japan,Supplier Target,2024,Actual,15798.8,,,,-248.8,-0.016,FY2030_Add5_Expert3_Growth2_NZ2050
SUP-010,Kanto Specialty Steel,Steel,APAC,Japan,Supplier Target,2025,Actual,15550.0,,17168.5,,0.0,0.0,FY2030_Add5_Expert3_Growth2_NZ2050
SUP-010,Kanto Specialty Steel,Steel,APAC,Japan,Supplier Target,2026,Forecast,,14528.7,17168.5,,1021.3,0.0657,FY2030_Add5_Expert3_Growth2_NZ2050
SUP-010,Kanto Specialty Steel,Steel,APAC,Japan,Supplier Target,2027,Forecast,,13460.3,17168.5,,2089.7,0.1344,FY2030_Add5_Expert3_Growth2_NZ2050
SUP-010,Kanto Specialty Steel,Steel,APAC,Japan,Supplier Target,2028,Forecast,,12343.3,17168.5,,3206.7,0.2062,FY2030_Add5_Expert3_Growth2_NZ2050
SUP-010,Kanto Specialty Steel,Steel,APAC,Japan,Supplier Target,2029,Forecast,,11176.3,17168.5,,4373.7,0.2813,FY2030_Add5_Expert3_Growth2_NZ2050
SUP-010,Kanto Specialty Steel,Steel,APAC,Japan,Supplier Target,2030,Forecast,,9957.7,17168.5,9957.7,5592.3,0.3596,FY2030_Add5_Expert3_Growth2_NZ2050
SUP-010,Kanto Specialty Steel,Steel,APAC,Japan,Supplier Target,2031,Forecast,,9649.0,17168.5,9459.8,5901.0,0.3795,FY2030_Add5_Expert3_Growth2_NZ2050
SUP-010,Kanto Specialty Steel,Steel,APAC,Japan,Supplier Target,2032,Forecast,,9324.0,17168.5,8961.9,6226.0,0.4004,FY2030_Add5_Expert3_Growth2_NZ2050
SUP-010,Kanto Specialty Steel,Steel,APAC,Japan,Supplier Target,2033,Forecast,,8982.1,17168.5,8464.0,6567.9,0.4224,FY2030_Add5_Expert3_Growth2_NZ2050
SUP-010,Kanto Specialty Steel,Steel,APAC,Japan,Supplier Target,2034,Forecast,,8622.8,17168.5,7966.2,6927.2,0.4455,FY2030_Add5_Expert3_Growth2_NZ2050
SUP-010,Kanto Specialty Steel,Steel,APAC,Japan,Supplier Target,2035,Forecast,,8245.6,17168.5,7468.3,7304.4,0.4697,FY2030_Add5_Expert3_Growth2_NZ2050
SUP-010,Kanto Specialty Steel,Steel,APAC,Japan,Supplier Target,2036,Forecast,,7849.8,17168.5,6970.4,7700.2,0.4952,FY2030_Add5_Expert3_Growth2_NZ2050
SUP-010,Kanto Specialty Steel,Steel,APAC,Japan,Supplier Target,2037,Forecast,,7434.9,17168.5,6472.5,8115.1,0.5219,FY2030_Add5_Expert3_Growth2_NZ2050
SUP-010,Kanto Specialty Steel,Steel,APAC,Japan,Supplier Target,2038,Forecast,,7000.2,17168.5,5974.6,8549.8,0.5498,FY2030_Add5_Expert3_Growth2_NZ2050
SUP-010,Kanto Specialty Steel,Steel,APAC,Japan,Supplier Target,2039,Forecast,,6545.2,17168.5,5476.7,9004.8,0.5791,FY2030_Add5_Expert3_Growth2_NZ2050
SUP-010,Kanto Specialty Steel,Steel,APAC,Japan,Supplier Target,2040,Forecast,,6069.2,17168.5,4978.9,9480.8,0.6097,FY2030_Add5_Expert3_Growth2_NZ2050
SUP-010,Kanto Specialty Steel,Steel,APAC,Japan,Supplier Target,2041,Forecast,,5571.5,17168.5,4481.0,9978.5,0.6417,FY2030_Add5_Expert3_Growth2_NZ2050
SUP-010,Kanto Specialty Steel,Steel,APAC,Japan,Supplier Target,2042,Forecast,,5051.5,17168.5,3983.1,10498.5,0.6751,FY2030_Add5_Expert3_Growth2_NZ2050
SUP-010,Kanto Specialty Steel,Steel,APAC,Japan,Supplier Target,2043,Forecast,,4508.5,17168.5,3485.2,11041.5,0.7101,FY2030_Add5_Expert3_Growth2_NZ2050
SUP-010,Kanto Specialty Steel,Steel,APAC,Japan,Supplier Target,2044,Forecast,,3941.7,17168.5,2987.3,11608.3,0.7465,FY2030_Add5_Expert3_Growth2_NZ2050
SUP-010,Kanto Specialty Steel,Steel,APAC,Japan,Supplier Target,2045,Forecast,,3350.4,17168.5,2489.4,12199.6,0.7845,FY2030_Add5_Expert3_Growth2_NZ2050
SUP-010,Kanto Specialty Steel,Steel,APAC,Japan,Supplier Target,2046,Forecast,,2734.0,17168.5,1991.5,12816.0,0.8242,FY2030_Add5_Expert3_Growth2_NZ2050
SUP-010,Kanto Specialty Steel,Steel,APAC,Japan,Supplier Target,2047,Forecast,,2091.5,17168.5,1493.7,13458.5,0.8655,FY2030_Add5_Expert3_Growth2_NZ2050
SUP-010,Kanto Specialty Steel,Steel,APAC,Japan,Supplier Target,2048,Forecast,,1422.2,17168.5,995.8,14127.8,0.9085,FY2030_Add5_Expert3_Growth2_NZ2050
SUP-010,Kanto Specialty Steel,Steel,APAC,Japan,Supplier Target,2049,Forecast,,725.3,17168.5,497.9,14824.7,0.9534,FY2030_Add5_Expert3_Growth2_NZ2050
SUP-010,Kanto Specialty Steel,Steel,APAC,Japan,Supplier Target,2050,Forecast,,0,17168.5,0.0,15550.0,1.0,FY2030_Add5_Expert3_Growth2_NZ2050
SUP-011,Crescent Alloy Ltd.,Steel,EMEA,Turkey,Expert Judgement,2018,Actual,15047.9,,,,-2097.9,-0.162,FY2030_Add5_Expert3_Growth2_NZ2050
SUP-011,Crescent Alloy Ltd.,Steel,EMEA,Turkey,Expert Judgement,2019,Actual,14724.1,,,,-1774.1,-0.137,FY2030_Add5_Expert3_Growth2_NZ2050
SUP-011,Crescent Alloy Ltd.,Steel,EMEA,Turkey,Expert Judgement,2020,Actual,14413.4,,,,-1463.4,-0.113,FY2030_Add5_Expert3_Growth2_NZ2050
SUP-011,Crescent Alloy Ltd.,Steel,EMEA,Turkey,Expert Judgement,2021,Actual,14102.5,,,,-1152.5,-0.089,FY2030_Add5_Expert3_Growth2_NZ2050
SUP-011,Crescent Alloy Ltd.,Steel,EMEA,Turkey,Expert Judgement,2022,Actual,13895.3,,,,-945.3,-0.073,FY2030_Add5_Expert3_Growth2_NZ2050
SUP-011,Crescent Alloy Ltd.,Steel,EMEA,Turkey,Expert Judgement,2023,Actual,13480.9,,,,-530.9,-0.041,FY2030_Add5_Expert3_Growth2_NZ2050
SUP-011,Crescent Alloy Ltd.,Steel,EMEA,Turkey,Expert Judgement,2024,Actual,13157.2,,,,-207.2,-0.016,FY2030_Add5_Expert3_Growth2_NZ2050
SUP-011,Crescent Alloy Ltd.,Steel,EMEA,Turkey,Expert Judgement,2025,Actual,12950.0,,14297.8,,0.0,0.0,FY2030_Add5_Expert3_Growth2_NZ2050
SUP-011,Crescent Alloy Ltd.,Steel,EMEA,Turkey,Expert Judgement,2026,Forecast,,12442.9,14297.8,,507.1,0.0392,FY2030_Add5_Expert3_Growth2_NZ2050
SUP-011,Crescent Alloy Ltd.,Steel,EMEA,Turkey,Expert Judgement,2027,Forecast,,11910.3,14297.8,,1039.7,0.0803,FY2030_Add5_Expert3_Growth2_NZ2050
SUP-011,Crescent Alloy Ltd.,Steel,EMEA,Turkey,Expert Judgement,2028,Forecast,,11351.4,14297.8,,1598.6,0.1234,FY2030_Add5_Expert3_Growth2_NZ2050
SUP-011,Crescent Alloy Ltd.,Steel,EMEA,Turkey,Expert Judgement,2029,Forecast,,10765.4,14297.8,,2184.6,0.1687,FY2030_Add5_Expert3_Growth2_NZ2050
SUP-011,Crescent Alloy Ltd.,Steel,EMEA,Turkey,Expert Judgement,2030,Forecast,,10151.5,14297.8,10151.5,2798.5,0.2161,FY2030_Add5_Expert3_Growth2_NZ2050
SUP-011,Crescent Alloy Ltd.,Steel,EMEA,Turkey,Expert Judgement,2031,Forecast,,9836.8,14297.8,9643.9,3113.2,0.2404,FY2030_Add5_Expert3_Growth2_NZ2050
SUP-011,Crescent Alloy Ltd.,Steel,EMEA,Turkey,Expert Judgement,2032,Forecast,,9505.4,14297.8,9136.3,3444.6,0.266,FY2030_Add5_Expert3_Growth2_NZ2050
SUP-011,Crescent Alloy Ltd.,Steel,EMEA,Turkey,Expert Judgement,2033,Forecast,,9156.9,14297.8,8628.8,3793.1,0.2929,FY2030_Add5_Expert3_Growth2_NZ2050
SUP-011,Crescent Alloy Ltd.,Steel,EMEA,Turkey,Expert Judgement,2034,Forecast,,8790.6,14297.8,8121.2,4159.4,0.3212,FY2030_Add5_Expert3_Growth2_NZ2050
SUP-011,Crescent Alloy Ltd.,Steel,EMEA,Turkey,Expert Judgement,2035,Forecast,,8406.0,14297.8,7613.6,4544.0,0.3509,FY2030_Add5_Expert3_Growth2_NZ2050
SUP-011,Crescent Alloy Ltd.,Steel,EMEA,Turkey,Expert Judgement,2036,Forecast,,8002.5,14297.8,7106.0,4947.5,0.382,FY2030_Add5_Expert3_Growth2_NZ2050
SUP-011,Crescent Alloy Ltd.,Steel,EMEA,Turkey,Expert Judgement,2037,Forecast,,7579.6,14297.8,6598.5,5370.4,0.4147,FY2030_Add5_Expert3_Growth2_NZ2050
SUP-011,Crescent Alloy Ltd.,Steel,EMEA,Turkey,Expert Judgement,2038,Forecast,,7136.4,14297.8,6090.9,5813.6,0.4489,FY2030_Add5_Expert3_Growth2_NZ2050
SUP-011,Crescent Alloy Ltd.,Steel,EMEA,Turkey,Expert Judgement,2039,Forecast,,6672.6,14297.8,5583.3,6277.4,0.4847,FY2030_Add5_Expert3_Growth2_NZ2050
SUP-011,Crescent Alloy Ltd.,Steel,EMEA,Turkey,Expert Judgement,2040,Forecast,,6187.3,14297.8,5075.7,6762.7,0.5222,FY2030_Add5_Expert3_Growth2_NZ2050
SUP-011,Crescent Alloy Ltd.,Steel,EMEA,Turkey,Expert Judgement,2041,Forecast,,5679.9,14297.8,4568.2,7270.1,0.5614,FY2030_Add5_Expert3_Growth2_NZ2050
SUP-011,Crescent Alloy Ltd.,Steel,EMEA,Turkey,Expert Judgement,2042,Forecast,,5149.8,14297.8,4060.6,7800.2,0.6023,FY2030_Add5_Expert3_Growth2_NZ2050
SUP-011,Crescent Alloy Ltd.,Steel,EMEA,Turkey,Expert Judgement,2043,Forecast,,4596.2,14297.8,3553.0,8353.8,0.6451,FY2030_Add5_Expert3_Growth2_NZ2050
SUP-011,Crescent Alloy Ltd.,Steel,EMEA,Turkey,Expert Judgement,2044,Forecast,,4018.4,14297.8,3045.4,8931.6,0.6897,FY2030_Add5_Expert3_Growth2_NZ2050
SUP-011,Crescent Alloy Ltd.,Steel,EMEA,Turkey,Expert Judgement,2045,Forecast,,3415.6,14297.8,2537.9,9534.4,0.7362,FY2030_Add5_Expert3_Growth2_NZ2050
SUP-011,Crescent Alloy Ltd.,Steel,EMEA,Turkey,Expert Judgement,2046,Forecast,,2787.2,14297.8,2030.3,10162.8,0.7848,FY2030_Add5_Expert3_Growth2_NZ2050
SUP-011,Crescent Alloy Ltd.,Steel,EMEA,Turkey,Expert Judgement,2047,Forecast,,2132.2,14297.8,1522.7,10817.8,0.8354,FY2030_Add5_Expert3_Growth2_NZ2050
SUP-011,Crescent Alloy Ltd.,Steel,EMEA,Turkey,Expert Judgement,2048,Forecast,,1449.9,14297.8,1015.1,11500.1,0.888,FY2030_Add5_Expert3_Growth2_NZ2050
SUP-011,Crescent Alloy Ltd.,Steel,EMEA,Turkey,Expert Judgement,2049,Forecast,,739.4,14297.8,507.6,12210.6,0.9429,FY2030_Add5_Expert3_Growth2_NZ2050
SUP-011,Crescent Alloy Ltd.,Steel,EMEA,Turkey,Expert Judgement,2050,Forecast,,0,14297.8,0.0,12950.0,1.0,FY2030_Add5_Expert3_Growth2_NZ2050
SUP-012,Metro Sheet Metals,Steel,AMER,Mexico,Supplier Target,2018,Actual,16849.0,,,,-2349.0,-0.162,FY2030_Add5_Expert3_Growth2_NZ2050
SUP-012,Metro Sheet Metals,Steel,AMER,Mexico,Supplier Target,2019,Actual,16486.5,,,,-1986.5,-0.137,FY2030_Add5_Expert3_Growth2_NZ2050
SUP-012,Metro Sheet Metals,Steel,AMER,Mexico,Supplier Target,2020,Actual,16138.5,,,,-1638.5,-0.113,FY2030_Add5_Expert3_Growth2_NZ2050
SUP-012,Metro Sheet Metals,Steel,AMER,Mexico,Supplier Target,2021,Actual,15790.5,,,,-1290.5,-0.089,FY2030_Add5_Expert3_Growth2_NZ2050
SUP-012,Metro Sheet Metals,Steel,AMER,Mexico,Supplier Target,2022,Actual,15558.5,,,,-1058.5,-0.073,FY2030_Add5_Expert3_Growth2_NZ2050
SUP-012,Metro Sheet Metals,Steel,AMER,Mexico,Supplier Target,2023,Actual,15094.5,,,,-594.5,-0.041,FY2030_Add5_Expert3_Growth2_NZ2050
SUP-012,Metro Sheet Metals,Steel,AMER,Mexico,Supplier Target,2024,Actual,14732.0,,,,-232.0,-0.016,FY2030_Add5_Expert3_Growth2_NZ2050
SUP-012,Metro Sheet Metals,Steel,AMER,Mexico,Supplier Target,2025,Actual,14500.0,,16009.2,,0.0,0.0,FY2030_Add5_Expert3_Growth2_NZ2050
SUP-012,Metro Sheet Metals,Steel,AMER,Mexico,Supplier Target,2026,Forecast,,13725.1,16009.2,,774.9,0.0534,FY2030_Add5_Expert3_Growth2_NZ2050
SUP-012,Metro Sheet Metals,Steel,AMER,Mexico,Supplier Target,2027,Forecast,,12913.4,16009.2,,1586.6,0.1094,FY2030_Add5_Expert3_Growth2_NZ2050
SUP-012,Metro Sheet Metals,Steel,AMER,Mexico,Supplier Target,2028,Forecast,,12063.8,16009.2,,2436.2,0.168,FY2030_Add5_Expert3_Growth2_NZ2050
SUP-012,Metro Sheet Metals,Steel,AMER,Mexico,Supplier Target,2029,Forecast,,11175.0,16009.2,,3325.0,0.2293,FY2030_Add5_Expert3_Growth2_NZ2050
SUP-012,Metro Sheet Metals,Steel,AMER,Mexico,Supplier Target,2030,Forecast,,10245.9,16009.2,10245.9,4254.1,0.2934,FY2030_Add5_Expert3_Growth2_NZ2050
SUP-012,Metro Sheet Metals,Steel,AMER,Mexico,Supplier Target,2031,Forecast,,9928.2,16009.2,9733.6,4571.8,0.3153,FY2030_Add5_Expert3_Growth2_NZ2050
SUP-012,Metro Sheet Metals,Steel,AMER,Mexico,Supplier Target,2032,Forecast,,9593.8,16009.2,9221.3,4906.2,0.3384,FY2030_Add5_Expert3_Growth2_NZ2050
SUP-012,Metro Sheet Metals,Steel,AMER,Mexico,Supplier Target,2033,Forecast,,9242.0,16009.2,8709.0,5258.0,0.3626,FY2030_Add5_Expert3_Growth2_NZ2050
SUP-012,Metro Sheet Metals,Steel,AMER,Mexico,Supplier Target,2034,Forecast,,8872.4,16009.2,8196.7,5627.6,0.3881,FY2030_Add5_Expert3_Growth2_NZ2050
SUP-012,Metro Sheet Metals,Steel,AMER,Mexico,Supplier Target,2035,Forecast,,8484.2,16009.2,7684.4,6015.8,0.4149,FY2030_Add5_Expert3_Growth2_NZ2050
SUP-012,Metro Sheet Metals,Steel,AMER,Mexico,Supplier Target,2036,Forecast,,8077.0,16009.2,7172.1,6423.0,0.443,FY2030_Add5_Expert3_Growth2_NZ2050
SUP-012,Metro Sheet Metals,Steel,AMER,Mexico,Supplier Target,2037,Forecast,,7650.0,16009.2,6659.8,6850.0,0.4724,FY2030_Add5_Expert3_Growth2_NZ2050
SUP-012,Metro Sheet Metals,Steel,AMER,Mexico,Supplier Target,2038,Forecast,,7202.8,16009.2,6147.5,7297.2,0.5033,FY2030_Add5_Expert3_Growth2_NZ2050
SUP-012,Metro Sheet Metals,Steel,AMER,Mexico,Supplier Target,2039,Forecast,,6734.6,16009.2,5635.2,7765.4,0.5355,FY2030_Add5_Expert3_Growth2_NZ2050
SUP-012,Metro Sheet Metals,Steel,AMER,Mexico,Supplier Target,2040,Forecast,,6244.8,16009.2,5122.9,8255.2,0.5693,FY2030_Add5_Expert3_Growth2_NZ2050
SUP-012,Metro Sheet Metals,Steel,AMER,Mexico,Supplier Target,2041,Forecast,,5732.8,16009.2,4610.6,8767.2,0.6046,FY2030_Add5_Expert3_Growth2_NZ2050
SUP-012,Metro Sheet Metals,Steel,AMER,Mexico,Supplier Target,2042,Forecast,,5197.7,16009.2,4098.3,9302.3,0.6415,FY2030_Add5_Expert3_Growth2_NZ2050
SUP-012,Metro Sheet Metals,Steel,AMER,Mexico,Supplier Target,2043,Forecast,,4638.9,16009.2,3586.1,9861.1,0.6801,FY2030_Add5_Expert3_Growth2_NZ2050
SUP-012,Metro Sheet Metals,Steel,AMER,Mexico,Supplier Target,2044,Forecast,,4055.8,16009.2,3073.8,10444.2,0.7203,FY2030_Add5_Expert3_Growth2_NZ2050
SUP-012,Metro Sheet Metals,Steel,AMER,Mexico,Supplier Target,2045,Forecast,,3447.4,16009.2,2561.5,11052.6,0.7622,FY2030_Add5_Expert3_Growth2_NZ2050
SUP-012,Metro Sheet Metals,Steel,AMER,Mexico,Supplier Target,2046,Forecast,,2813.1,16009.2,2049.2,11686.9,0.806,FY2030_Add5_Expert3_Growth2_NZ2050
SUP-012,Metro Sheet Metals,Steel,AMER,Mexico,Supplier Target,2047,Forecast,,2152.0,16009.2,1536.9,12348.0,0.8516,FY2030_Add5_Expert3_Growth2_NZ2050
SUP-012,Metro Sheet Metals,Steel,AMER,Mexico,Supplier Target,2048,Forecast,,1463.4,16009.2,1024.6,13036.6,0.8991,FY2030_Add5_Expert3_Growth2_NZ2050
SUP-012,Metro Sheet Metals,Steel,AMER,Mexico,Supplier Target,2049,Forecast,,746.3,16009.2,512.3,13753.7,0.9485,FY2030_Add5_Expert3_Growth2_NZ2050
SUP-012,Metro Sheet Metals,Steel,AMER,Mexico,Supplier Target,2050,Forecast,,0,16009.2,0.0,14500.0,1.0,FY2030_Add5_Expert3_Growth2_NZ2050
SUP-013,Continental Cement,Cement,EMEA,France,Supplier Target,2018,Actual,25331.6,,,,-3531.6,-0.162,FY2030_Add5_Expert3_Growth2_NZ2050
SUP-013,Continental Cement,Cement,EMEA,France,Supplier Target,2019,Actual,24786.6,,,,-2986.6,-0.137,FY2030_Add5_Expert3_Growth2_NZ2050
SUP-013,Continental Cement,Cement,EMEA,France,Supplier Target,2020,Actual,24263.4,,,,-2463.4,-0.113,FY2030_Add5_Expert3_Growth2_NZ2050
SUP-013,Continental Cement,Cement,EMEA,France,Supplier Target,2021,Actual,23740.2,,,,-1940.2,-0.089,FY2030_Add5_Expert3_Growth2_NZ2050
SUP-013,Continental Cement,Cement,EMEA,France,Supplier Target,2022,Actual,23391.4,,,,-1591.4,-0.073,FY2030_Add5_Expert3_Growth2_NZ2050
SUP-013,Continental Cement,Cement,EMEA,France,Supplier Target,2023,Actual,22693.8,,,,-893.8,-0.041,FY2030_Add5_Expert3_Growth2_NZ2050
SUP-013,Continental Cement,Cement,EMEA,France,Supplier Target,2024,Actual,22148.8,,,,-348.8,-0.016,FY2030_Add5_Expert3_Growth2_NZ2050
SUP-013,Continental Cement,Cement,EMEA,France,Supplier Target,2025,Actual,21800.0,,24069.0,,0.0,0.0,FY2030_Add5_Expert3_Growth2_NZ2050
SUP-013,Continental Cement,Cement,EMEA,France,Supplier Target,2026,Forecast,,20501.6,24069.0,,1298.4,0.0596,FY2030_Add5_Expert3_Growth2_NZ2050
SUP-013,Continental Cement,Cement,EMEA,France,Supplier Target,2027,Forecast,,19142.5,24069.0,,2657.5,0.1219,FY2030_Add5_Expert3_Growth2_NZ2050
SUP-013,Continental Cement,Cement,EMEA,France,Supplier Target,2028,Forecast,,17720.9,24069.0,,4079.1,0.1871,FY2030_Add5_Expert3_Growth2_NZ2050
SUP-013,Continental Cement,Cement,EMEA,France,Supplier Target,2029,Forecast,,16234.8,24069.0,,5565.2,0.2553,FY2030_Add5_Expert3_Growth2_NZ2050
SUP-013,Continental Cement,Cement,EMEA,France,Supplier Target,2030,Forecast,,14682.1,24069.0,14682.1,7117.9,0.3265,FY2030_Add5_Expert3_Growth2_NZ2050
SUP-013,Continental Cement,Cement,EMEA,France,Supplier Target,2031,Forecast,,14226.9,24069.0,13948.0,7573.1,0.3474,FY2030_Add5_Expert3_Growth2_NZ2050
SUP-013,Continental Cement,Cement,EMEA,France,Supplier Target,2032,Forecast,,13747.7,24069.0,13213.9,8052.3,0.3694,FY2030_Add5_Expert3_Growth2_NZ2050
SUP-013,Continental Cement,Cement,EMEA,France,Supplier Target,2033,Forecast,,13243.6,24069.0,12479.8,8556.4,0.3925,FY2030_Add5_Expert3_Growth2_NZ2050
SUP-013,Continental Cement,Cement,EMEA,France,Supplier Target,2034,Forecast,,12713.9,24069.0,11745.7,9086.1,0.4168,FY2030_Add5_Expert3_Growth2_NZ2050
SUP-013,Continental Cement,Cement,EMEA,France,Supplier Target,2035,Forecast,,12157.6,24069.0,11011.5,9642.4,0.4423,FY2030_Add5_Expert3_Growth2_NZ2050
SUP-013,Continental Cement,Cement,EMEA,France,Supplier Target,2036,Forecast,,11574.1,24069.0,10277.4,10225.9,0.4691,FY2030_Add5_Expert3_Growth2_NZ2050
SUP-013,Continental Cement,Cement,EMEA,France,Supplier Target,2037,Forecast,,10962.3,24069.0,9543.3,10837.7,0.4971,FY2030_Add5_Expert3_Growth2_NZ2050
SUP-013,Continental Cement,Cement,EMEA,France,Supplier Target,2038,Forecast,,10321.4,24069.0,8809.2,11478.6,0.5265,FY2030_Add5_Expert3_Growth2_NZ2050
SUP-013,Continental Cement,Cement,EMEA,France,Supplier Target,2039,Forecast,,9650.5,24069.0,8075.1,12149.5,0.5573,FY2030_Add5_Expert3_Growth2_NZ2050
SUP-013,Continental Cement,Cement,EMEA,France,Supplier Target,2040,Forecast,,8948.7,24069.0,7341.0,12851.3,0.5895,FY2030_Add5_Expert3_Growth2_NZ2050
SUP-013,Continental Cement,Cement,EMEA,France,Supplier Target,2041,Forecast,,8214.9,24069.0,6606.9,13585.1,0.6232,FY2030_Add5_Expert3_Growth2_NZ2050
SUP-013,Continental Cement,Cement,EMEA,France,Supplier Target,2042,Forecast,,7448.2,24069.0,5872.8,14351.8,0.6583,FY2030_Add5_Expert3_Growth2_NZ2050
SUP-013,Continental Cement,Cement,EMEA,France,Supplier Target,2043,Forecast,,6647.5,24069.0,5138.7,15152.5,0.6951,FY2030_Add5_Expert3_Growth2_NZ2050
SUP-013,Continental Cement,Cement,EMEA,France,Supplier Target,2044,Forecast,,5811.8,24069.0,4404.6,15988.2,0.7334,FY2030_Add5_Expert3_Growth2_NZ2050
SUP-013,Continental Cement,Cement,EMEA,France,Supplier Target,2045,Forecast,,4940.0,24069.0,3670.5,16860.0,0.7734,FY2030_Add5_Expert3_Growth2_NZ2050
SUP-013,Continental Cement,Cement,EMEA,France,Supplier Target,2046,Forecast,,4031.1,24069.0,2936.4,17768.9,0.8151,FY2030_Add5_Expert3_Growth2_NZ2050
SUP-013,Continental Cement,Cement,EMEA,France,Supplier Target,2047,Forecast,,3083.8,24069.0,2202.3,18716.2,0.8585,FY2030_Add5_Expert3_Growth2_NZ2050
SUP-013,Continental Cement,Cement,EMEA,France,Supplier Target,2048,Forecast,,2097.0,24069.0,1468.2,19703.0,0.9038,FY2030_Add5_Expert3_Growth2_NZ2050
SUP-013,Continental Cement,Cement,EMEA,France,Supplier Target,2049,Forecast,,1069.4,24069.0,734.1,20730.6,0.9509,FY2030_Add5_Expert3_Growth2_NZ2050
SUP-013,Continental Cement,Cement,EMEA,France,Supplier Target,2050,Forecast,,0,24069.0,0.0,21800.0,1.0,FY2030_Add5_Expert3_Growth2_NZ2050
SUP-014,Summit Cement Group,Cement,AMER,United States,Expert Judgement,2018,Actual,21903.7,,,,-3053.7,-0.162,FY2030_Add5_Expert3_Growth2_NZ2050
SUP-014,Summit Cement Group,Cement,AMER,United States,Expert Judgement,2019,Actual,21432.5,,,,-2582.5,-0.137,FY2030_Add5_Expert3_Growth2_NZ2050
SUP-014,Summit Cement Group,Cement,AMER,United States,Expert Judgement,2020,Actual,20980.0,,,,-2130.0,-0.113,FY2030_Add5_Expert3_Growth2_NZ2050
SUP-014,Summit Cement Group,Cement,AMER,United States,Expert Judgement,2021,Actual,20527.6,,,,-1677.6,-0.089,FY2030_Add5_Expert3_Growth2_NZ2050
SUP-014,Summit Cement Group,Cement,AMER,United States,Expert Judgement,2022,Actual,20226.0,,,,-1376.0,-0.073,FY2030_Add5_Expert3_Growth2_NZ2050
SUP-014,Summit Cement Group,Cement,AMER,United States,Expert Judgement,2023,Actual,19622.8,,,,-772.8,-0.041,FY2030_Add5_Expert3_Growth2_NZ2050
SUP-014,Summit Cement Group,Cement,AMER,United States,Expert Judgement,2024,Actual,19151.6,,,,-301.6,-0.016,FY2030_Add5_Expert3_Growth2_NZ2050
SUP-014,Summit Cement Group,Cement,AMER,United States,Expert Judgement,2025,Actual,18850.0,,20811.9,,0.0,0.0,FY2030_Add5_Expert3_Growth2_NZ2050
SUP-014,Summit Cement Group,Cement,AMER,United States,Expert Judgement,2026,Forecast,,17996.5,20811.9,,853.5,0.0453,FY2030_Add5_Expert3_Growth2_NZ2050
SUP-014,Summit Cement Group,Cement,AMER,United States,Expert Judgement,2027,Forecast,,17101.3,20811.9,,1748.7,0.0928,FY2030_Add5_Expert3_Growth2_NZ2050
SUP-014,Summit Cement Group,Cement,AMER,United States,Expert Judgement,2028,Forecast,,16163.0,20811.9,,2687.0,0.1425,FY2030_Add5_Expert3_Growth2_NZ2050
SUP-014,Summit Cement Group,Cement,AMER,United States,Expert Judgement,2029,Forecast,,15180.5,20811.9,,3669.5,0.1947,FY2030_Add5_Expert3_Growth2_NZ2050
SUP-014,Summit Cement Group,Cement,AMER,United States,Expert Judgement,2030,Forecast,,14152.1,20811.9,14152.1,4697.9,0.2492,FY2030_Add5_Expert3_Growth2_NZ2050
SUP-014,Summit Cement Group,Cement,AMER,United States,Expert Judgement,2031,Forecast,,13713.4,20811.9,13444.5,5136.6,0.2725,FY2030_Add5_Expert3_Growth2_NZ2050
SUP-014,Summit Cement Group,Cement,AMER,United States,Expert Judgement,2032,Forecast,,13251.5,20811.9,12736.9,5598.5,0.297,FY2030_Add5_Expert3_Growth2_NZ2050
SUP-014,Summit Cement Group,Cement,AMER,United States,Expert Judgement,2033,Forecast,,12765.6,20811.9,12029.3,6084.4,0.3228,FY2030_Add5_Expert3_Growth2_NZ2050
SUP-014,Summit Cement Group,Cement,AMER,United States,Expert Judgement,2034,Forecast,,12255.0,20811.9,11321.7,6595.0,0.3499,FY2030_Add5_Expert3_Growth2_NZ2050
SUP-014,Summit Cement Group,Cement,AMER,United States,Expert Judgement,2035,Forecast,,11718.8,20811.9,10614.1,7131.2,0.3783,FY2030_Add5_Expert3_Growth2_NZ2050
SUP-014,Summit Cement Group,Cement,AMER,United States,Expert Judgement,2036,Forecast,,11156.3,20811.9,9906.5,7693.7,0.4082,FY2030_Add5_Expert3_Growth2_NZ2050
SUP-014,Summit Cement Group,Cement,AMER,United States,Expert Judgement,2037,Forecast,,10566.6,20811.9,9198.9,8283.4,0.4394,FY2030_Add5_Expert3_Growth2_NZ2050
SUP-014,Summit Cement Group,Cement,AMER,United States,Expert Judgement,2038,Forecast,,9948.9,20811.9,8491.3,8901.1,0.4722,FY2030_Add5_Expert3_Growth2_NZ2050
SUP-014,Summit Cement Group,Cement,AMER,United States,Expert Judgement,2039,Forecast,,9302.2,20811.9,7783.7,9547.8,0.5065,FY2030_Add5_Expert3_Growth2_NZ2050
SUP-014,Summit Cement Group,Cement,AMER,United States,Expert Judgement,2040,Forecast,,8625.7,20811.9,7076.1,10224.3,0.5424,FY2030_Add5_Expert3_Growth2_NZ2050
SUP-014,Summit Cement Group,Cement,AMER,United States,Expert Judgement,2041,Forecast,,7918.4,20811.9,6368.4,10931.6,0.5799,FY2030_Add5_Expert3_Growth2_NZ2050
SUP-014,Summit Cement Group,Cement,AMER,United States,Expert Judgement,2042,Forecast,,7179.3,20811.9,5660.8,11670.7,0.6191,FY2030_Add5_Expert3_Growth2_NZ2050
SUP-014,Summit Cement Group,Cement,AMER,United States,Expert Judgement,2043,Forecast,,6407.5,20811.9,4953.2,12442.5,0.6601,FY2030_Add5_Expert3_Growth2_NZ2050
SUP-014,Summit Cement Group,Cement,AMER,United States,Expert Judgement,2044,Forecast,,5602.0,20811.9,4245.6,13248.0,0.7028,FY2030_Add5_Expert3_Growth2_NZ2050
SUP-014,Summit Cement Group,Cement,AMER,United States,Expert Judgement,2045,Forecast,,4761.7,20811.9,3538.0,14088.3,0.7474,FY2030_Add5_Expert3_Growth2_NZ2050
SUP-014,Summit Cement Group,Cement,AMER,United States,Expert Judgement,2046,Forecast,,3885.6,20811.9,2830.4,14964.4,0.7939,FY2030_Add5_Expert3_Growth2_NZ2050
SUP-014,Summit Cement Group,Cement,AMER,United States,Expert Judgement,2047,Forecast,,2972.5,20811.9,2122.8,15877.5,0.8423,FY2030_Add5_Expert3_Growth2_NZ2050
SUP-014,Summit Cement Group,Cement,AMER,United States,Expert Judgement,2048,Forecast,,2021.3,20811.9,1415.2,16828.7,0.8928,FY2030_Add5_Expert3_Growth2_NZ2050
SUP-014,Summit Cement Group,Cement,AMER,United States,Expert Judgement,2049,Forecast,,1030.8,20811.9,707.6,17819.2,0.9453,FY2030_Add5_Expert3_Growth2_NZ2050
SUP-014,Summit Cement Group,Cement,AMER,United States,Expert Judgement,2050,Forecast,,0,20811.9,0.0,18850.0,1.0,FY2030_Add5_Expert3_Growth2_NZ2050
SUP-015,Delta Building Materials,Cement,APAC,Vietnam,Supplier Target,2018,Actual,18359.6,,,,-2559.6,-0.162,FY2030_Add5_Expert3_Growth2_NZ2050
SUP-015,Delta Building Materials,Cement,APAC,Vietnam,Supplier Target,2019,Actual,17964.6,,,,-2164.6,-0.137,FY2030_Add5_Expert3_Growth2_NZ2050
SUP-015,Delta Building Materials,Cement,APAC,Vietnam,Supplier Target,2020,Actual,17585.4,,,,-1785.4,-0.113,FY2030_Add5_Expert3_Growth2_NZ2050
SUP-015,Delta Building Materials,Cement,APAC,Vietnam,Supplier Target,2021,Actual,17206.2,,,,-1406.2,-0.089,FY2030_Add5_Expert3_Growth2_NZ2050
SUP-015,Delta Building Materials,Cement,APAC,Vietnam,Supplier Target,2022,Actual,16953.4,,,,-1153.4,-0.073,FY2030_Add5_Expert3_Growth2_NZ2050
SUP-015,Delta Building Materials,Cement,APAC,Vietnam,Supplier Target,2023,Actual,16447.8,,,,-647.8,-0.041,FY2030_Add5_Expert3_Growth2_NZ2050
SUP-015,Delta Building Materials,Cement,APAC,Vietnam,Supplier Target,2024,Actual,16052.8,,,,-252.8,-0.016,FY2030_Add5_Expert3_Growth2_NZ2050
SUP-015,Delta Building Materials,Cement,APAC,Vietnam,Supplier Target,2025,Actual,15800.0,,17444.5,,0.0,0.0,FY2030_Add5_Expert3_Growth2_NZ2050
SUP-015,Delta Building Materials,Cement,APAC,Vietnam,Supplier Target,2026,Forecast,,14826.7,17444.5,,973.3,0.0616,FY2030_Add5_Expert3_Growth2_NZ2050
SUP-015,Delta Building Materials,Cement,APAC,Vietnam,Supplier Target,2027,Forecast,,13808.2,17444.5,,1991.8,0.1261,FY2030_Add5_Expert3_Growth2_NZ2050
SUP-015,Delta Building Materials,Cement,APAC,Vietnam,Supplier Target,2028,Forecast,,12743.0,17444.5,,3057.0,0.1935,FY2030_Add5_Expert3_Growth2_NZ2050
SUP-015,Delta Building Materials,Cement,APAC,Vietnam,Supplier Target,2029,Forecast,,11629.7,17444.5,,4170.3,0.2639,FY2030_Add5_Expert3_Growth2_NZ2050
SUP-015,Delta Building Materials,Cement,APAC,Vietnam,Supplier Target,2030,Forecast,,10466.7,17444.5,10466.7,5333.3,0.3376,FY2030_Add5_Expert3_Growth2_NZ2050
SUP-015,Delta Building Materials,Cement,APAC,Vietnam,Supplier Target,2031,Forecast,,10142.2,17444.5,9943.4,5657.8,0.3581,FY2030_Add5_Expert3_Growth2_NZ2050
SUP-015,Delta Building Materials,Cement,APAC,Vietnam,Supplier Target,2032,Forecast,,9800.6,17444.5,9420.0,5999.4,0.3797,FY2030_Add5_Expert3_Growth2_NZ2050
SUP-015,Delta Building Materials,Cement,APAC,Vietnam,Supplier Target,2033,Forecast,,9441.2,17444.5,8896.7,6358.8,0.4025,FY2030_Add5_Expert3_Growth2_NZ2050
SUP-015,Delta Building Materials,Cement,APAC,Vietnam,Supplier Target,2034,Forecast,,9063.6,17444.5,8373.3,6736.4,0.4264,FY2030_Add5_Expert3_Growth2_NZ2050
SUP-015,Delta Building Materials,Cement,APAC,Vietnam,Supplier Target,2035,Forecast,,8667.1,17444.5,7850.0,7132.9,0.4515,FY2030_Add5_Expert3_Growth2_NZ2050
SUP-015,Delta Building Materials,Cement,APAC,Vietnam,Supplier Target,2036,Forecast,,8251.0,17444.5,7326.7,7549.0,0.4778,FY2030_Add5_Expert3_Growth2_NZ2050
SUP-015,Delta Building Materials,Cement,APAC,Vietnam,Supplier Target,2037,Forecast,,7814.9,17444.5,6803.3,7985.1,0.5054,FY2030_Add5_Expert3_Growth2_NZ2050
SUP-015,Delta Building Materials,Cement,APAC,Vietnam,Supplier Target,2038,Forecast,,7358.0,17444.5,6280.0,8442.0,0.5343,FY2030_Add5_Expert3_Growth2_NZ2050
SUP-015,Delta Building Materials,Cement,APAC,Vietnam,Supplier Target,2039,Forecast,,6879.8,17444.5,5756.7,8920.2,0.5646,FY2030_Add5_Expert3_Growth2_NZ2050
SUP-015,Delta Building Materials,Cement,APAC,Vietnam,Supplier Target,2040,Forecast,,6379.4,17444.5,5233.3,9420.6,0.5962,FY2030_Add5_Expert3_Growth2_NZ2050
SUP-015,Delta Building Materials,Cement,APAC,Vietnam,Supplier Target,2041,Forecast,,5856.3,17444.5,4710.0,9943.7,0.6293,FY2030_Add5_Expert3_Growth2_NZ2050
SUP-015,Delta Building Materials,Cement,APAC,Vietnam,Supplier Target,2042,Forecast,,5309.7,17444.5,4186.7,10490.3,0.6639,FY2030_Add5_Expert3_Growth2_NZ2050
SUP-015,Delta Building Materials,Cement,APAC,Vietnam,Supplier Target,2043,Forecast,,4738.9,17444.5,3663.3,11061.1,0.7001,FY2030_Add5_Expert3_Growth2_NZ2050
SUP-015,Delta Building Materials,Cement,APAC,Vietnam,Supplier Target,2044,Forecast,,4143.2,17444.5,3140.0,11656.8,0.7378,FY2030_Add5_Expert3_Growth2_NZ2050
SUP-015,Delta Building Materials,Cement,APAC,Vietnam,Supplier Target,2045,Forecast,,3521.7,17444.5,2616.7,12278.3,0.7771,FY2030_Add5_Expert3_Growth2_NZ2050
SUP-015,Delta Building Materials,Cement,APAC,Vietnam,Supplier Target,2046,Forecast,,2873.7,17444.5,2093.3,12926.3,0.8181,FY2030_Add5_Expert3_Growth2_NZ2050
SUP-015,Delta Building Materials,Cement,APAC,Vietnam,Supplier Target,2047,Forecast,,2198.4,17444.5,1570.0,13601.6,0.8609,FY2030_Add5_Expert3_Growth2_NZ2050
SUP-015,Delta Building Materials,Cement,APAC,Vietnam,Supplier Target,2048,Forecast,,1494.9,17444.5,1046.7,14305.1,0.9054,FY2030_Add5_Expert3_Growth2_NZ2050
SUP-015,Delta Building Materials,Cement,APAC,Vietnam,Supplier Target,2049,Forecast,,762.4,17444.5,523.3,15037.6,0.9517,FY2030_Add5_Expert3_Growth2_NZ2050
SUP-015,Delta Building Materials,Cement,APAC,Vietnam,Supplier Target,2050,Forecast,,0,17444.5,0.0,15800.0,1.0,FY2030_Add5_Expert3_Growth2_NZ2050
SUP-016,LimeStone Works,Cement,EMEA,Italy,Expert Judgement,2018,Actual,14350.7,,,,-2000.7,-0.162,FY2030_Add5_Expert3_Growth2_NZ2050
SUP-016,LimeStone Works,Cement,EMEA,Italy,Expert Judgement,2019,Actual,14042.0,,,,-1692.0,-0.137,FY2030_Add5_Expert3_Growth2_NZ2050
SUP-016,LimeStone Works,Cement,EMEA,Italy,Expert Judgement,2020,Actual,13745.5,,,,-1395.5,-0.113,FY2030_Add5_Expert3_Growth2_NZ2050
SUP-016,LimeStone Works,Cement,EMEA,Italy,Expert Judgement,2021,Actual,13449.1,,,,-1099.1,-0.089,FY2030_Add5_Expert3_Growth2_NZ2050
SUP-016,LimeStone Works,Cement,EMEA,Italy,Expert Judgement,2022,Actual,13251.5,,,,-901.5,-0.073,FY2030_Add5_Expert3_Growth2_NZ2050
SUP-016,LimeStone Works,Cement,EMEA,Italy,Expert Judgement,2023,Actual,12856.3,,,,-506.3,-0.041,FY2030_Add5_Expert3_Growth2_NZ2050
SUP-016,LimeStone Works,Cement,EMEA,Italy,Expert Judgement,2024,Actual,12547.6,,,,-197.6,-0.016,FY2030_Add5_Expert3_Growth2_NZ2050
SUP-016,LimeStone Works,Cement,EMEA,Italy,Expert Judgement,2025,Actual,12350.0,,13635.4,,0.0,0.0,FY2030_Add5_Expert3_Growth2_NZ2050
SUP-016,LimeStone Works,Cement,EMEA,Italy,Expert Judgement,2026,Forecast,,11891.6,13635.4,,458.4,0.0371,FY2030_Add5_Expert3_Growth2_NZ2050
SUP-016,LimeStone Works,Cement,EMEA,Italy,Expert Judgement,2027,Forecast,,11409.9,13635.4,,940.1,0.0761,FY2030_Add5_Expert3_Growth2_NZ2050
SUP-016,LimeStone Works,Cement,EMEA,Italy,Expert Judgement,2028,Forecast,,10904.1,13635.4,,1445.9,0.1171,FY2030_Add5_Expert3_Growth2_NZ2050
SUP-016,LimeStone Works,Cement,EMEA,Italy,Expert Judgement,2029,Forecast,,10373.6,13635.4,,1976.4,0.16,FY2030_Add5_Expert3_Growth2_NZ2050
SUP-016,LimeStone Works,Cement,EMEA,Italy,Expert Judgement,2030,Forecast,,9817.5,13635.4,9817.5,2532.5,0.2051,FY2030_Add5_Expert3_Growth2_NZ2050
SUP-016,LimeStone Works,Cement,EMEA,Italy,Expert Judgement,2031,Forecast,,9513.1,13635.4,9326.6,2836.9,0.2297,FY2030_Add5_Expert3_Growth2_NZ2050
SUP-016,LimeStone Works,Cement,EMEA,Italy,Expert Judgement,2032,Forecast,,9192.7,13635.4,8835.7,3157.3,0.2557,FY2030_Add5_Expert3_Growth2_NZ2050
SUP-016,LimeStone Works,Cement,EMEA,Italy,Expert Judgement,2033,Forecast,,8855.6,13635.4,8344.9,3494.4,0.2829,FY2030_Add5_Expert3_Growth2_NZ2050
SUP-016,LimeStone Works,Cement,EMEA,Italy,Expert Judgement,2034,Forecast,,8501.4,13635.4,7854.0,3848.6,0.3116,FY2030_Add5_Expert3_Growth2_NZ2050
SUP-016,LimeStone Works,Cement,EMEA,Italy,Expert Judgement,2035,Forecast,,8129.5,13635.4,7363.1,4220.5,0.3417,FY2030_Add5_Expert3_Growth2_NZ2050
SUP-016,LimeStone Works,Cement,EMEA,Italy,Expert Judgement,2036,Forecast,,7739.3,13635.4,6872.2,4610.7,0.3733,FY2030_Add5_Expert3_Growth2_NZ2050
SUP-016,LimeStone Works,Cement,EMEA,Italy,Expert Judgement,2037,Forecast,,7330.2,13635.4,6381.4,5019.8,0.4065,FY2030_Add5_Expert3_Growth2_NZ2050
SUP-016,LimeStone Works,Cement,EMEA,Italy,Expert Judgement,2038,Forecast,,6901.7,13635.4,5890.5,5448.3,0.4412,FY2030_Add5_Expert3_Growth2_NZ2050
SUP-016,LimeStone Works,Cement,EMEA,Italy,Expert Judgement,2039,Forecast,,6453.0,13635.4,5399.6,5897.0,0.4775,FY2030_Add5_Expert3_Growth2_NZ2050
SUP-016,LimeStone Works,Cement,EMEA,Italy,Expert Judgement,2040,Forecast,,5983.7,13635.4,4908.7,6366.3,0.5155,FY2030_Add5_Expert3_Growth2_NZ2050
SUP-016,LimeStone Works,Cement,EMEA,Italy,Expert Judgement,2041,Forecast,,5493.1,13635.4,4417.9,6856.9,0.5552,FY2030_Add5_Expert3_Growth2_NZ2050
SUP-016,LimeStone Works,Cement,EMEA,Italy,Expert Judgement,2042,Forecast,,4980.4,13635.4,3927.0,7369.6,0.5967,FY2030_Add5_Expert3_Growth2_NZ2050
SUP-016,LimeStone Works,Cement,EMEA,Italy,Expert Judgement,2043,Forecast,,4445.0,13635.4,3436.1,7905.0,0.6401,FY2030_Add5_Expert3_Growth2_NZ2050
SUP-016,LimeStone Works,Cement,EMEA,Italy,Expert Judgement,2044,Forecast,,3886.2,13635.4,2945.2,8463.8,0.6853,FY2030_Add5_Expert3_Growth2_NZ2050
SUP-016,LimeStone Works,Cement,EMEA,Italy,Expert Judgement,2045,Forecast,,3303.3,13635.4,2454.4,9046.7,0.7325,FY2030_Add5_Expert3_Growth2_NZ2050
SUP-016,LimeStone Works,Cement,EMEA,Italy,Expert Judgement,2046,Forecast,,2695.5,13635.4,1963.5,9654.5,0.7817,FY2030_Add5_Expert3_Growth2_NZ2050
SUP-016,LimeStone Works,Cement,EMEA,Italy,Expert Judgement,2047,Forecast,,2062.0,13635.4,1472.6,10288.0,0.833,FY2030_Add5_Expert3_Growth2_NZ2050
SUP-016,LimeStone Works,Cement,EMEA,Italy,Expert Judgement,2048,Forecast,,1402.2,13635.4,981.7,10947.8,0.8865,FY2030_Add5_Expert3_Growth2_NZ2050
SUP-016,LimeStone Works,Cement,EMEA,Italy,Expert Judgement,2049,Forecast,,715.1,13635.4,490.9,11634.9,0.9421,FY2030_Add5_Expert3_Growth2_NZ2050
SUP-016,LimeStone Works,Cement,EMEA,Italy,Expert Judgement,2050,Forecast,,0,13635.4,0.0,12350.0,1.0,FY2030_Add5_Expert3_Growth2_NZ2050
SUP-017,Urban Concrete Supply,Cement,AMER,Brazil,Supplier Target,2018,Actual,16965.2,,,,-2365.2,-0.162,FY2030_Add5_Expert3_Growth2_NZ2050
SUP-017,Urban Concrete Supply,Cement,AMER,Brazil,Supplier Target,2019,Actual,16600.2,,,,-2000.2,-0.137,FY2030_Add5_Expert3_Growth2_NZ2050
SUP-017,Urban Concrete Supply,Cement,AMER,Brazil,Supplier Target,2020,Actual,16249.8,,,,-1649.8,-0.113,FY2030_Add5_Expert3_Growth2_NZ2050
SUP-017,Urban Concrete Supply,Cement,AMER,Brazil,Supplier Target,2021,Actual,15899.4,,,,-1299.4,-0.089,FY2030_Add5_Expert3_Growth2_NZ2050
SUP-017,Urban Concrete Supply,Cement,AMER,Brazil,Supplier Target,2022,Actual,15665.8,,,,-1065.8,-0.073,FY2030_Add5_Expert3_Growth2_NZ2050
SUP-017,Urban Concrete Supply,Cement,AMER,Brazil,Supplier Target,2023,Actual,15198.6,,,,-598.6,-0.041,FY2030_Add5_Expert3_Growth2_NZ2050
SUP-017,Urban Concrete Supply,Cement,AMER,Brazil,Supplier Target,2024,Actual,14833.6,,,,-233.6,-0.016,FY2030_Add5_Expert3_Growth2_NZ2050
SUP-017,Urban Concrete Supply,Cement,AMER,Brazil,Supplier Target,2025,Actual,14600.0,,16119.6,,0.0,0.0,FY2030_Add5_Expert3_Growth2_NZ2050
SUP-017,Urban Concrete Supply,Cement,AMER,Brazil,Supplier Target,2026,Forecast,,13790.0,16119.6,,810.0,0.0555,FY2030_Add5_Expert3_Growth2_NZ2050
SUP-017,Urban Concrete Supply,Cement,AMER,Brazil,Supplier Target,2027,Forecast,,12941.7,16119.6,,1658.3,0.1136,FY2030_Add5_Expert3_Growth2_NZ2050
SUP-017,Urban Concrete Supply,Cement,AMER,Brazil,Supplier Target,2028,Forecast,,12054.0,16119.6,,2546.0,0.1744,FY2030_Add5_Expert3_Growth2_NZ2050
SUP-017,Urban Concrete Supply,Cement,AMER,Brazil,Supplier Target,2029,Forecast,,11125.7,16119.6,,3474.3,0.238,FY2030_Add5_Expert3_Growth2_NZ2050
SUP-017,Urban Concrete Supply,Cement,AMER,Brazil,Supplier Target,2030,Forecast,,10155.3,16119.6,10155.3,4444.7,0.3044,FY2030_Add5_Expert3_Growth2_NZ2050
SUP-017,Urban Concrete Supply,Cement,AMER,Brazil,Supplier Target,2031,Forecast,,9840.5,16119.6,9647.6,4759.5,0.326,FY2030_Add5_Expert3_Growth2_NZ2050
SUP-017,Urban Concrete Supply,Cement,AMER,Brazil,Supplier Target,2032,Forecast,,9509.0,16119.6,9139.8,5091.0,0.3487,FY2030_Add5_Expert3_Growth2_NZ2050
SUP-017,Urban Concrete Supply,Cement,AMER,Brazil,Supplier Target,2033,Forecast,,9160.4,16119.6,8632.0,5439.6,0.3726,FY2030_Add5_Expert3_Growth2_NZ2050
SUP-017,Urban Concrete Supply,Cement,AMER,Brazil,Supplier Target,2034,Forecast,,8794.0,16119.6,8124.3,5806.0,0.3977,FY2030_Add5_Expert3_Growth2_NZ2050
SUP-017,Urban Concrete Supply,Cement,AMER,Brazil,Supplier Target,2035,Forecast,,8409.2,16119.6,7616.5,6190.8,0.424,FY2030_Add5_Expert3_Growth2_NZ2050
SUP-017,Urban Concrete Supply,Cement,AMER,Brazil,Supplier Target,2036,Forecast,,8005.6,16119.6,7108.7,6594.4,0.4517,FY2030_Add5_Expert3_Growth2_NZ2050
SUP-017,Urban Concrete Supply,Cement,AMER,Brazil,Supplier Target,2037,Forecast,,7582.4,16119.6,6601.0,7017.6,0.4807,FY2030_Add5_Expert3_Growth2_NZ2050
SUP-017,Urban Concrete Supply,Cement,AMER,Brazil,Supplier Target,2038,Forecast,,7139.2,16119.6,6093.2,7460.8,0.511,FY2030_Add5_Expert3_Growth2_NZ2050
SUP-017,Urban Concrete Supply,Cement,AMER,Brazil,Supplier Target,2039,Forecast,,6675.1,16119.6,5585.4,7924.9,0.5428,FY2030_Add5_Expert3_Growth2_NZ2050
SUP-017,Urban Concrete Supply,Cement,AMER,Brazil,Supplier Target,2040,Forecast,,6189.6,16119.6,5077.7,8410.4,0.5761,FY2030_Add5_Expert3_Growth2_NZ2050
SUP-017,Urban Concrete Supply,Cement,AMER,Brazil,Supplier Target,2041,Forecast,,5682.1,16119.6,4569.9,8917.9,0.6108,FY2030_Add5_Expert3_Growth2_NZ2050
SUP-017,Urban Concrete Supply,Cement,AMER,Brazil,Supplier Target,2042,Forecast,,5151.8,16119.6,4062.1,9448.2,0.6471,FY2030_Add5_Expert3_Growth2_NZ2050
SUP-017,Urban Concrete Supply,Cement,AMER,Brazil,Supplier Target,2043,Forecast,,4598.0,16119.6,3554.4,10002.0,0.6851,FY2030_Add5_Expert3_Growth2_NZ2050
SUP-017,Urban Concrete Supply,Cement,AMER,Brazil,Supplier Target,2044,Forecast,,4019.9,16119.6,3046.6,10580.1,0.7247,FY2030_Add5_Expert3_Growth2_NZ2050
SUP-017,Urban Concrete Supply,Cement,AMER,Brazil,Supplier Target,2045,Forecast,,3416.9,16119.6,2538.8,11183.1,0.766,FY2030_Add5_Expert3_Growth2_NZ2050
SUP-017,Urban Concrete Supply,Cement,AMER,Brazil,Supplier Target,2046,Forecast,,2788.2,16119.6,2031.1,11811.8,0.809,FY2030_Add5_Expert3_Growth2_NZ2050
SUP-017,Urban Concrete Supply,Cement,AMER,Brazil,Supplier Target,2047,Forecast,,2133.0,16119.6,1523.3,12467.0,0.8539,FY2030_Add5_Expert3_Growth2_NZ2050
SUP-017,Urban Concrete Supply,Cement,AMER,Brazil,Supplier Target,2048,Forecast,,1450.4,16119.6,1015.5,13149.6,0.9007,FY2030_Add5_Expert3_Growth2_NZ2050
SUP-017,Urban Concrete Supply,Cement,AMER,Brazil,Supplier Target,2049,Forecast,,739.7,16119.6,507.8,13860.3,0.9493,FY2030_Add5_Expert3_Growth2_NZ2050
SUP-017,Urban Concrete Supply,Cement,AMER,Brazil,Supplier Target,2050,Forecast,,0,16119.6,0.0,14600.0,1.0,FY2030_Add5_Expert3_Growth2_NZ2050
SUP-018,NovaChem Inputs,Chemicals,EMEA,Netherlands,Supplier Target,2018,Actual,20102.6,,,,-2802.6,-0.162,FY2030_Add5_Expert3_Growth2_NZ2050
SUP-018,NovaChem Inputs,Chemicals,EMEA,Netherlands,Supplier Target,2019,Actual,19670.1,,,,-2370.1,-0.137,FY2030_Add5_Expert3_Growth2_NZ2050
SUP-018,NovaChem Inputs,Chemicals,EMEA,Netherlands,Supplier Target,2020,Actual,19254.9,,,,-1954.9,-0.113,FY2030_Add5_Expert3_Growth2_NZ2050
SUP-018,NovaChem Inputs,Chemicals,EMEA,Netherlands,Supplier Target,2021,Actual,18839.7,,,,-1539.7,-0.089,FY2030_Add5_Expert3_Growth2_NZ2050
SUP-018,NovaChem Inputs,Chemicals,EMEA,Netherlands,Supplier Target,2022,Actual,18562.9,,,,-1262.9,-0.073,FY2030_Add5_Expert3_Growth2_NZ2050
SUP-018,NovaChem Inputs,Chemicals,EMEA,Netherlands,Supplier Target,2023,Actual,18009.3,,,,-709.3,-0.041,FY2030_Add5_Expert3_Growth2_NZ2050
SUP-018,NovaChem Inputs,Chemicals,EMEA,Netherlands,Supplier Target,2024,Actual,17576.8,,,,-276.8,-0.016,FY2030_Add5_Expert3_Growth2_NZ2050
SUP-018,NovaChem Inputs,Chemicals,EMEA,Netherlands,Supplier Target,2025,Actual,17300.0,,19100.6,,0.0,0.0,FY2030_Add5_Expert3_Growth2_NZ2050
SUP-018,NovaChem Inputs,Chemicals,EMEA,Netherlands,Supplier Target,2026,Forecast,,16199.0,19100.6,,1101.0,0.0636,FY2030_Add5_Expert3_Growth2_NZ2050
SUP-018,NovaChem Inputs,Chemicals,EMEA,Netherlands,Supplier Target,2027,Forecast,,15047.1,19100.6,,2252.9,0.1302,FY2030_Add5_Expert3_Growth2_NZ2050
SUP-018,NovaChem Inputs,Chemicals,EMEA,Netherlands,Supplier Target,2028,Forecast,,13842.6,19100.6,,3457.4,0.1998,FY2030_Add5_Expert3_Growth2_NZ2050
SUP-018,NovaChem Inputs,Chemicals,EMEA,Netherlands,Supplier Target,2029,Forecast,,12583.9,19100.6,,4716.1,0.2726,FY2030_Add5_Expert3_Growth2_NZ2050
SUP-018,NovaChem Inputs,Chemicals,EMEA,Netherlands,Supplier Target,2030,Forecast,,11269.4,19100.6,11269.4,6030.6,0.3486,FY2030_Add5_Expert3_Growth2_NZ2050
SUP-018,NovaChem Inputs,Chemicals,EMEA,Netherlands,Supplier Target,2031,Forecast,,10920.0,19100.6,10705.9,6380.0,0.3688,FY2030_Add5_Expert3_Growth2_NZ2050
SUP-018,NovaChem Inputs,Chemicals,EMEA,Netherlands,Supplier Target,2032,Forecast,,10552.2,19100.6,10142.4,6747.8,0.39,FY2030_Add5_Expert3_Growth2_NZ2050
SUP-018,NovaChem Inputs,Chemicals,EMEA,Netherlands,Supplier Target,2033,Forecast,,10165.3,19100.6,9578.9,7134.7,0.4124,FY2030_Add5_Expert3_Growth2_NZ2050
SUP-018,NovaChem Inputs,Chemicals,EMEA,Netherlands,Supplier Target,2034,Forecast,,9758.6,19100.6,9015.5,7541.4,0.4359,FY2030_Add5_Expert3_Growth2_NZ2050
SUP-018,NovaChem Inputs,Chemicals,EMEA,Netherlands,Supplier Target,2035,Forecast,,9331.7,19100.6,8452.0,7968.3,0.4606,FY2030_Add5_Expert3_Growth2_NZ2050
SUP-018,NovaChem Inputs,Chemicals,EMEA,Netherlands,Supplier Target,2036,Forecast,,8883.8,19100.6,7888.5,8416.2,0.4865,FY2030_Add5_Expert3_Growth2_NZ2050
SUP-018,NovaChem Inputs,Chemicals,EMEA,Netherlands,Supplier Target,2037,Forecast,,8414.2,19100.6,7325.1,8885.8,0.5136,FY2030_Add5_Expert3_Growth2_NZ2050
SUP-018,NovaChem Inputs,Chemicals,EMEA,Netherlands,Supplier Target,2038,Forecast,,7922.3,19100.6,6761.6,9377.7,0.5421,FY2030_Add5_Expert3_Growth2_NZ2050
SUP-018,NovaChem Inputs,Chemicals,EMEA,Netherlands,Supplier Target,2039,Forecast,,7407.4,19100.6,6198.1,9892.6,0.5718,FY2030_Add5_Expert3_Growth2_NZ2050
SUP-018,NovaChem Inputs,Chemicals,EMEA,Netherlands,Supplier Target,2040,Forecast,,6868.6,19100.6,5634.7,10431.4,0.603,FY2030_Add5_Expert3_Growth2_NZ2050
SUP-018,NovaChem Inputs,Chemicals,EMEA,Netherlands,Supplier Target,2041,Forecast,,6305.4,19100.6,5071.2,10994.6,0.6355,FY2030_Add5_Expert3_Growth2_NZ2050
SUP-018,NovaChem Inputs,Chemicals,EMEA,Netherlands,Supplier Target,2042,Forecast,,5716.9,19100.6,4507.7,11583.1,0.6695,FY2030_Add5_Expert3_Growth2_NZ2050
SUP-018,NovaChem Inputs,Chemicals,EMEA,Netherlands,Supplier Target,2043,Forecast,,5102.3,19100.6,3944.3,12197.7,0.7051,FY2030_Add5_Expert3_Growth2_NZ2050
SUP-018,NovaChem Inputs,Chemicals,EMEA,Netherlands,Supplier Target,2044,Forecast,,4460.9,19100.6,3380.8,12839.1,0.7421,FY2030_Add5_Expert3_Growth2_NZ2050
SUP-018,NovaChem Inputs,Chemicals,EMEA,Netherlands,Supplier Target,2045,Forecast,,3791.8,19100.6,2817.3,13508.2,0.7808,FY2030_Add5_Expert3_Growth2_NZ2050
SUP-018,NovaChem Inputs,Chemicals,EMEA,Netherlands,Supplier Target,2046,Forecast,,3094.1,19100.6,2253.9,14205.9,0.8212,FY2030_Add5_Expert3_Growth2_NZ2050
SUP-018,NovaChem Inputs,Chemicals,EMEA,Netherlands,Supplier Target,2047,Forecast,,2367.0,19100.6,1690.4,14933.0,0.8632,FY2030_Add5_Expert3_Growth2_NZ2050
SUP-018,NovaChem Inputs,Chemicals,EMEA,Netherlands,Supplier Target,2048,Forecast,,1609.5,19100.6,1126.9,15690.5,0.907,FY2030_Add5_Expert3_Growth2_NZ2050
SUP-018,NovaChem Inputs,Chemicals,EMEA,Netherlands,Supplier Target,2049,Forecast,,820.9,19100.6,563.5,16479.1,0.9526,FY2030_Add5_Expert3_Growth2_NZ2050
SUP-018,NovaChem Inputs,Chemicals,EMEA,Netherlands,Supplier Target,2050,Forecast,,0,19100.6,0.0,17300.0,1.0,FY2030_Add5_Expert3_Growth2_NZ2050
SUP-019,Evergreen Polymers,Chemicals,AMER,United States,Expert Judgement,2018,Actual,17894.8,,,,-2494.8,-0.162,FY2030_Add5_Expert3_Growth2_NZ2050
SUP-019,Evergreen Polymers,Chemicals,AMER,United States,Expert Judgement,2019,Actual,17509.8,,,,-2109.8,-0.137,FY2030_Add5_Expert3_Growth2_NZ2050
SUP-019,Evergreen Polymers,Chemicals,AMER,United States,Expert Judgement,2020,Actual,17140.2,,,,-1740.2,-0.113,FY2030_Add5_Expert3_Growth2_NZ2050
SUP-019,Evergreen Polymers,Chemicals,AMER,United States,Expert Judgement,2021,Actual,16770.6,,,,-1370.6,-0.089,FY2030_Add5_Expert3_Growth2_NZ2050
SUP-019,Evergreen Polymers,Chemicals,AMER,United States,Expert Judgement,2022,Actual,16524.2,,,,-1124.2,-0.073,FY2030_Add5_Expert3_Growth2_NZ2050
SUP-019,Evergreen Polymers,Chemicals,AMER,United States,Expert Judgement,2023,Actual,16031.4,,,,-631.4,-0.041,FY2030_Add5_Expert3_Growth2_NZ2050
SUP-019,Evergreen Polymers,Chemicals,AMER,United States,Expert Judgement,2024,Actual,15646.4,,,,-246.4,-0.016,FY2030_Add5_Expert3_Growth2_NZ2050
SUP-019,Evergreen Polymers,Chemicals,AMER,United States,Expert Judgement,2025,Actual,15400.0,,17002.8,,0.0,0.0,FY2030_Add5_Expert3_Growth2_NZ2050
SUP-019,Evergreen Polymers,Chemicals,AMER,United States,Expert Judgement,2026,Forecast,,14671.3,17002.8,,728.7,0.0473,FY2030_Add5_Expert3_Growth2_NZ2050
SUP-019,Evergreen Polymers,Chemicals,AMER,United States,Expert Judgement,2027,Forecast,,13907.2,17002.8,,1492.8,0.0969,FY2030_Add5_Expert3_Growth2_NZ2050
SUP-019,Evergreen Polymers,Chemicals,AMER,United States,Expert Judgement,2028,Forecast,,13106.8,17002.8,,2293.2,0.1489,FY2030_Add5_Expert3_Growth2_NZ2050
SUP-019,Evergreen Polymers,Chemicals,AMER,United States,Expert Judgement,2029,Forecast,,12268.7,17002.8,,3131.3,0.2033,FY2030_Add5_Expert3_Growth2_NZ2050
SUP-019,Evergreen Polymers,Chemicals,AMER,United States,Expert Judgement,2030,Forecast,,11391.9,17002.8,11391.9,4008.1,0.2603,FY2030_Add5_Expert3_Growth2_NZ2050
SUP-019,Evergreen Polymers,Chemicals,AMER,United States,Expert Judgement,2031,Forecast,,11038.8,17002.8,10822.3,4361.2,0.2832,FY2030_Add5_Expert3_Growth2_NZ2050
SUP-019,Evergreen Polymers,Chemicals,AMER,United States,Expert Judgement,2032,Forecast,,10666.9,17002.8,10252.7,4733.1,0.3073,FY2030_Add5_Expert3_Growth2_NZ2050
SUP-019,Evergreen Polymers,Chemicals,AMER,United States,Expert Judgement,2033,Forecast,,10275.8,17002.8,9683.1,5124.2,0.3327,FY2030_Add5_Expert3_Growth2_NZ2050
SUP-019,Evergreen Polymers,Chemicals,AMER,United States,Expert Judgement,2034,Forecast,,9864.8,17002.8,9113.5,5535.2,0.3594,FY2030_Add5_Expert3_Growth2_NZ2050
SUP-019,Evergreen Polymers,Chemicals,AMER,United States,Expert Judgement,2035,Forecast,,9433.2,17002.8,8543.9,5966.8,0.3875,FY2030_Add5_Expert3_Growth2_NZ2050
SUP-019,Evergreen Polymers,Chemicals,AMER,United States,Expert Judgement,2036,Forecast,,8980.4,17002.8,7974.3,6419.6,0.4169,FY2030_Add5_Expert3_Growth2_NZ2050
SUP-019,Evergreen Polymers,Chemicals,AMER,United States,Expert Judgement,2037,Forecast,,8505.7,17002.8,7404.7,6894.3,0.4477,FY2030_Add5_Expert3_Growth2_NZ2050
SUP-019,Evergreen Polymers,Chemicals,AMER,United States,Expert Judgement,2038,Forecast,,8008.5,17002.8,6835.1,7391.5,0.48,FY2030_Add5_Expert3_Growth2_NZ2050
SUP-019,Evergreen Polymers,Chemicals,AMER,United States,Expert Judgement,2039,Forecast,,7487.9,17002.8,6265.5,7912.1,0.5138,FY2030_Add5_Expert3_Growth2_NZ2050
SUP-019,Evergreen Polymers,Chemicals,AMER,United States,Expert Judgement,2040,Forecast,,6943.3,17002.8,5696.0,8456.7,0.5491,FY2030_Add5_Expert3_Growth2_NZ2050
SUP-019,Evergreen Polymers,Chemicals,AMER,United States,Expert Judgement,2041,Forecast,,6374.0,17002.8,5126.4,9026.0,0.5861,FY2030_Add5_Expert3_Growth2_NZ2050
SUP-019,Evergreen Polymers,Chemicals,AMER,United States,Expert Judgement,2042,Forecast,,5779.1,17002.8,4556.8,9620.9,0.6247,FY2030_Add5_Expert3_Growth2_NZ2050
SUP-019,Evergreen Polymers,Chemicals,AMER,United States,Expert Judgement,2043,Forecast,,5157.8,17002.8,3987.2,10242.2,0.6651,FY2030_Add5_Expert3_Growth2_NZ2050
SUP-019,Evergreen Polymers,Chemicals,AMER,United States,Expert Judgement,2044,Forecast,,4509.4,17002.8,3417.6,10890.6,0.7072,FY2030_Add5_Expert3_Growth2_NZ2050
SUP-019,Evergreen Polymers,Chemicals,AMER,United States,Expert Judgement,2045,Forecast,,3833.0,17002.8,2848.0,11567.0,0.7511,FY2030_Add5_Expert3_Growth2_NZ2050
SUP-019,Evergreen Polymers,Chemicals,AMER,United States,Expert Judgement,2046,Forecast,,3127.7,17002.8,2278.4,12272.3,0.7969,FY2030_Add5_Expert3_Growth2_NZ2050
SUP-019,Evergreen Polymers,Chemicals,AMER,United States,Expert Judgement,2047,Forecast,,2392.7,17002.8,1708.8,13007.3,0.8446,FY2030_Add5_Expert3_Growth2_NZ2050
SUP-019,Evergreen Polymers,Chemicals,AMER,United States,Expert Judgement,2048,Forecast,,1627.0,17002.8,1139.2,13773.0,0.8943,FY2030_Add5_Expert3_Growth2_NZ2050
SUP-019,Evergreen Polymers,Chemicals,AMER,United States,Expert Judgement,2049,Forecast,,829.8,17002.8,569.6,14570.2,0.9461,FY2030_Add5_Expert3_Growth2_NZ2050
SUP-019,Evergreen Polymers,Chemicals,AMER,United States,Expert Judgement,2050,Forecast,,0,17002.8,0.0,15400.0,1.0,FY2030_Add5_Expert3_Growth2_NZ2050
SUP-020,Pacific Additives,Chemicals,APAC,China,Supplier Target,2018,Actual,16151.8,,,,-2251.8,-0.162,FY2030_Add5_Expert3_Growth2_NZ2050
SUP-020,Pacific Additives,Chemicals,APAC,China,Supplier Target,2019,Actual,15804.3,,,,-1904.3,-0.137,FY2030_Add5_Expert3_Growth2_NZ2050
SUP-020,Pacific Additives,Chemicals,APAC,China,Supplier Target,2020,Actual,15470.7,,,,-1570.7,-0.113,FY2030_Add5_Expert3_Growth2_NZ2050
SUP-020,Pacific Additives,Chemicals,APAC,China,Supplier Target,2021,Actual,15137.1,,,,-1237.1,-0.089,FY2030_Add5_Expert3_Growth2_NZ2050
SUP-020,Pacific Additives,Chemicals,APAC,China,Supplier Target,2022,Actual,14914.7,,,,-1014.7,-0.073,FY2030_Add5_Expert3_Growth2_NZ2050
SUP-020,Pacific Additives,Chemicals,APAC,China,Supplier Target,2023,Actual,14469.9,,,,-569.9,-0.041,FY2030_Add5_Expert3_Growth2_NZ2050
SUP-020,Pacific Additives,Chemicals,APAC,China,Supplier Target,2024,Actual,14122.4,,,,-222.4,-0.016,FY2030_Add5_Expert3_Growth2_NZ2050
SUP-020,Pacific Additives,Chemicals,APAC,China,Supplier Target,2025,Actual,13900.0,,15346.7,,0.0,0.0,FY2030_Add5_Expert3_Growth2_NZ2050
SUP-020,Pacific Additives,Chemicals,APAC,China,Supplier Target,2026,Forecast,,13072.1,15346.7,,827.9,0.0596,FY2030_Add5_Expert3_Growth2_NZ2050
SUP-020,Pacific Additives,Chemicals,APAC,China,Supplier Target,2027,Forecast,,12205.6,15346.7,,1694.4,0.1219,FY2030_Add5_Expert3_Growth2_NZ2050
SUP-020,Pacific Additives,Chemicals,APAC,China,Supplier Target,2028,Forecast,,11299.1,15346.7,,2600.9,0.1871,FY2030_Add5_Expert3_Growth2_NZ2050
SUP-020,Pacific Additives,Chemicals,APAC,China,Supplier Target,2029,Forecast,,10351.5,15346.7,,3548.5,0.2553,FY2030_Add5_Expert3_Growth2_NZ2050
SUP-020,Pacific Additives,Chemicals,APAC,China,Supplier Target,2030,Forecast,,9361.5,15346.7,9361.5,4538.5,0.3265,FY2030_Add5_Expert3_Growth2_NZ2050
SUP-020,Pacific Additives,Chemicals,APAC,China,Supplier Target,2031,Forecast,,9071.3,15346.7,8893.4,4828.7,0.3474,FY2030_Add5_Expert3_Growth2_NZ2050
SUP-020,Pacific Additives,Chemicals,APAC,China,Supplier Target,2032,Forecast,,8765.7,15346.7,8425.4,5134.3,0.3694,FY2030_Add5_Expert3_Growth2_NZ2050
SUP-020,Pacific Additives,Chemicals,APAC,China,Supplier Target,2033,Forecast,,8444.3,15346.7,7957.3,5455.7,0.3925,FY2030_Add5_Expert3_Growth2_NZ2050
SUP-020,Pacific Additives,Chemicals,APAC,China,Supplier Target,2034,Forecast,,8106.6,15346.7,7489.2,5793.4,0.4168,FY2030_Add5_Expert3_Growth2_NZ2050
SUP-020,Pacific Additives,Chemicals,APAC,China,Supplier Target,2035,Forecast,,7751.9,15346.7,7021.1,6148.1,0.4423,FY2030_Add5_Expert3_Growth2_NZ2050
SUP-020,Pacific Additives,Chemicals,APAC,China,Supplier Target,2036,Forecast,,7379.8,15346.7,6553.1,6520.2,0.4691,FY2030_Add5_Expert3_Growth2_NZ2050
SUP-020,Pacific Additives,Chemicals,APAC,China,Supplier Target,2037,Forecast,,6989.7,15346.7,6085.0,6910.3,0.4971,FY2030_Add5_Expert3_Growth2_NZ2050
SUP-020,Pacific Additives,Chemicals,APAC,China,Supplier Target,2038,Forecast,,6581.1,15346.7,5616.9,7318.9,0.5265,FY2030_Add5_Expert3_Growth2_NZ2050
SUP-020,Pacific Additives,Chemicals,APAC,China,Supplier Target,2039,Forecast,,6153.3,15346.7,5148.8,7746.7,0.5573,FY2030_Add5_Expert3_Growth2_NZ2050
SUP-020,Pacific Additives,Chemicals,APAC,China,Supplier Target,2040,Forecast,,5705.8,15346.7,4680.8,8194.2,0.5895,FY2030_Add5_Expert3_Growth2_NZ2050
SUP-020,Pacific Additives,Chemicals,APAC,China,Supplier Target,2041,Forecast,,5237.9,15346.7,4212.7,8662.1,0.6232,FY2030_Add5_Expert3_Growth2_NZ2050
SUP-020,Pacific Additives,Chemicals,APAC,China,Supplier Target,2042,Forecast,,4749.1,15346.7,3744.6,9150.9,0.6583,FY2030_Add5_Expert3_Growth2_NZ2050
SUP-020,Pacific Additives,Chemicals,APAC,China,Supplier Target,2043,Forecast,,4238.5,15346.7,3276.5,9661.5,0.6951,FY2030_Add5_Expert3_Growth2_NZ2050
SUP-020,Pacific Additives,Chemicals,APAC,China,Supplier Target,2044,Forecast,,3705.7,15346.7,2808.5,10194.3,0.7334,FY2030_Add5_Expert3_Growth2_NZ2050
SUP-020,Pacific Additives,Chemicals,APAC,China,Supplier Target,2045,Forecast,,3149.8,15346.7,2340.4,10750.2,0.7734,FY2030_Add5_Expert3_Growth2_NZ2050
SUP-020,Pacific Additives,Chemicals,APAC,China,Supplier Target,2046,Forecast,,2570.3,15346.7,1872.3,11329.7,0.8151,FY2030_Add5_Expert3_Growth2_NZ2050
SUP-020,Pacific Additives,Chemicals,APAC,China,Supplier Target,2047,Forecast,,1966.3,15346.7,1404.2,11933.7,0.8585,FY2030_Add5_Expert3_Growth2_NZ2050
SUP-020,Pacific Additives,Chemicals,APAC,China,Supplier Target,2048,Forecast,,1337.1,15346.7,936.2,12562.9,0.9038,FY2030_Add5_Expert3_Growth2_NZ2050
SUP-020,Pacific Additives,Chemicals,APAC,China,Supplier Target,2049,Forecast,,681.9,15346.7,468.1,13218.1,0.9509,FY2030_Add5_Expert3_Growth2_NZ2050
SUP-020,Pacific Additives,Chemicals,APAC,China,Supplier Target,2050,Forecast,,0,15346.7,0.0,13900.0,1.0,FY2030_Add5_Expert3_Growth2_NZ2050
SUP-021,Solstice Chemicals,Chemicals,EMEA,Spain,Supplier Target,2018,Actual,13421.1,,,,-1871.1,-0.162,FY2030_Add5_Expert3_Growth2_NZ2050
SUP-021,Solstice Chemicals,Chemicals,EMEA,Spain,Supplier Target,2019,Actual,13132.4,,,,-1582.4,-0.137,FY2030_Add5_Expert3_Growth2_NZ2050
SUP-021,Solstice Chemicals,Chemicals,EMEA,Spain,Supplier Target,2020,Actual,12855.1,,,,-1305.1,-0.113,FY2030_Add5_Expert3_Growth2_NZ2050
SUP-021,Solstice Chemicals,Chemicals,EMEA,Spain,Supplier Target,2021,Actual,12577.9,,,,-1027.9,-0.089,FY2030_Add5_Expert3_Growth2_NZ2050
SUP-021,Solstice Chemicals,Chemicals,EMEA,Spain,Supplier Target,2022,Actual,12393.1,,,,-843.1,-0.073,FY2030_Add5_Expert3_Growth2_NZ2050
SUP-021,Solstice Chemicals,Chemicals,EMEA,Spain,Supplier Target,2023,Actual,12023.5,,,,-473.5,-0.041,FY2030_Add5_Expert3_Growth2_NZ2050
SUP-021,Solstice Chemicals,Chemicals,EMEA,Spain,Supplier Target,2024,Actual,11734.8,,,,-184.8,-0.016,FY2030_Add5_Expert3_Growth2_NZ2050
SUP-021,Solstice Chemicals,Chemicals,EMEA,Spain,Supplier Target,2025,Actual,11550.0,,12752.1,,0.0,0.0,FY2030_Add5_Expert3_Growth2_NZ2050
SUP-021,Solstice Chemicals,Chemicals,EMEA,Spain,Supplier Target,2026,Forecast,,10956.3,12752.1,,593.7,0.0514,FY2030_Add5_Expert3_Growth2_NZ2050
SUP-021,Solstice Chemicals,Chemicals,EMEA,Spain,Supplier Target,2027,Forecast,,10334.3,12752.1,,1215.7,0.1053,FY2030_Add5_Expert3_Growth2_NZ2050
SUP-021,Solstice Chemicals,Chemicals,EMEA,Spain,Supplier Target,2028,Forecast,,9683.0,12752.1,,1867.0,0.1616,FY2030_Add5_Expert3_Growth2_NZ2050
SUP-021,Solstice Chemicals,Chemicals,EMEA,Spain,Supplier Target,2029,Forecast,,9001.5,12752.1,,2548.5,0.2206,FY2030_Add5_Expert3_Growth2_NZ2050
SUP-021,Solstice Chemicals,Chemicals,EMEA,Spain,Supplier Target,2030,Forecast,,8288.9,12752.1,8288.9,3261.1,0.2823,FY2030_Add5_Expert3_Growth2_NZ2050
SUP-021,Solstice Chemicals,Chemicals,EMEA,Spain,Supplier Target,2031,Forecast,,8031.9,12752.1,7874.4,3518.1,0.3046,FY2030_Add5_Expert3_Growth2_NZ2050
SUP-021,Solstice Chemicals,Chemicals,EMEA,Spain,Supplier Target,2032,Forecast,,7761.4,12752.1,7460.0,3788.6,0.328,FY2030_Add5_Expert3_Growth2_NZ2050
SUP-021,Solstice Chemicals,Chemicals,EMEA,Spain,Supplier Target,2033,Forecast,,7476.8,12752.1,7045.6,4073.2,0.3527,FY2030_Add5_Expert3_Growth2_NZ2050
SUP-021,Solstice Chemicals,Chemicals,EMEA,Spain,Supplier Target,2034,Forecast,,7177.7,12752.1,6631.1,4372.3,0.3786,FY2030_Add5_Expert3_Growth2_NZ2050
SUP-021,Solstice Chemicals,Chemicals,EMEA,Spain,Supplier Target,2035,Forecast,,6863.7,12752.1,6216.7,4686.3,0.4057,FY2030_Add5_Expert3_Growth2_NZ2050
SUP-021,Solstice Chemicals,Chemicals,EMEA,Spain,Supplier Target,2036,Forecast,,6534.2,12752.1,5802.2,5015.8,0.4343,FY2030_Add5_Expert3_Growth2_NZ2050
SUP-021,Solstice Chemicals,Chemicals,EMEA,Spain,Supplier Target,2037,Forecast,,6188.9,12752.1,5387.8,5361.1,0.4642,FY2030_Add5_Expert3_Growth2_NZ2050
SUP-021,Solstice Chemicals,Chemicals,EMEA,Spain,Supplier Target,2038,Forecast,,5827.1,12752.1,4973.3,5722.9,0.4955,FY2030_Add5_Expert3_Growth2_NZ2050
SUP-021,Solstice Chemicals,Chemicals,EMEA,Spain,Supplier Target,2039,Forecast,,5448.3,12752.1,4558.9,6101.7,0.5283,FY2030_Add5_Expert3_Growth2_NZ2050
SUP-021,Solstice Chemicals,Chemicals,EMEA,Spain,Supplier Target,2040,Forecast,,5052.1,12752.1,4144.4,6497.9,0.5626,FY2030_Add5_Expert3_Growth2_NZ2050
SUP-021,Solstice Chemicals,Chemicals,EMEA,Spain,Supplier Target,2041,Forecast,,4637.8,12752.1,3730.0,6912.2,0.5985,FY2030_Add5_Expert3_Growth2_NZ2050
SUP-021,Solstice Chemicals,Chemicals,EMEA,Spain,Supplier Target,2042,Forecast,,4204.9,12752.1,3315.6,7345.1,0.6359,FY2030_Add5_Expert3_Growth2_NZ2050
SUP-021,Solstice Chemicals,Chemicals,EMEA,Spain,Supplier Target,2043,Forecast,,3752.9,12752.1,2901.1,7797.1,0.6751,FY2030_Add5_Expert3_Growth2_NZ2050
SUP-021,Solstice Chemicals,Chemicals,EMEA,Spain,Supplier Target,2044,Forecast,,3281.1,12752.1,2486.7,8268.9,0.7159,FY2030_Add5_Expert3_Growth2_NZ2050
SUP-021,Solstice Chemicals,Chemicals,EMEA,Spain,Supplier Target,2045,Forecast,,2788.9,12752.1,2072.2,8761.1,0.7585,FY2030_Add5_Expert3_Growth2_NZ2050
SUP-021,Solstice Chemicals,Chemicals,EMEA,Spain,Supplier Target,2046,Forecast,,2275.8,12752.1,1657.8,9274.2,0.803,FY2030_Add5_Expert3_Growth2_NZ2050
SUP-021,Solstice Chemicals,Chemicals,EMEA,Spain,Supplier Target,2047,Forecast,,1741.0,12752.1,1243.3,9809.0,0.8493,FY2030_Add5_Expert3_Growth2_NZ2050
SUP-021,Solstice Chemicals,Chemicals,EMEA,Spain,Supplier Target,2048,Forecast,,1183.9,12752.1,828.9,10366.1,0.8975,FY2030_Add5_Expert3_Growth2_NZ2050
SUP-021,Solstice Chemicals,Chemicals,EMEA,Spain,Supplier Target,2049,Forecast,,603.8,12752.1,414.4,10946.2,0.9477,FY2030_Add5_Expert3_Growth2_NZ2050
SUP-021,Solstice Chemicals,Chemicals,EMEA,Spain,Supplier Target,2050,Forecast,,0,12752.1,0.0,11550.0,1.0,FY2030_Add5_Expert3_Growth2_NZ2050
SUP-022,Orion Industrial Gases,Chemicals,AMER,Canada,Expert Judgement,2018,Actual,13014.4,,,,-1814.4,-0.162,FY2030_Add5_Expert3_Growth2_NZ2050
SUP-022,Orion Industrial Gases,Chemicals,AMER,Canada,Expert Judgement,2019,Actual,12734.4,,,,-1534.4,-0.137,FY2030_Add5_Expert3_Growth2_NZ2050
SUP-022,Orion Industrial Gases,Chemicals,AMER,Canada,Expert Judgement,2020,Actual,12465.6,,,,-1265.6,-0.113,FY2030_Add5_Expert3_Growth2_NZ2050
SUP-022,Orion Industrial Gases,Chemicals,AMER,Canada,Expert Judgement,2021,Actual,12196.8,,,,-996.8,-0.089,FY2030_Add5_Expert3_Growth2_NZ2050
SUP-022,Orion Industrial Gases,Chemicals,AMER,Canada,Expert Judgement,2022,Actual,12017.6,,,,-817.6,-0.073,FY2030_Add5_Expert3_Growth2_NZ2050
SUP-022,Orion Industrial Gases,Chemicals,AMER,Canada,Expert Judgement,2023,Actual,11659.2,,,,-459.2,-0.041,FY2030_Add5_Expert3_Growth2_NZ2050
SUP-022,Orion Industrial Gases,Chemicals,AMER,Canada,Expert Judgement,2024,Actual,11379.2,,,,-179.2,-0.016,FY2030_Add5_Expert3_Growth2_NZ2050
SUP-022,Orion Industrial Gases,Chemicals,AMER,Canada,Expert Judgement,2025,Actual,11200.0,,12365.7,,0.0,0.0,FY2030_Add5_Expert3_Growth2_NZ2050
SUP-022,Orion Industrial Gases,Chemicals,AMER,Canada,Expert Judgement,2026,Forecast,,10738.6,12365.7,,461.4,0.0412,FY2030_Add5_Expert3_Growth2_NZ2050
SUP-022,Orion Industrial Gases,Chemicals,AMER,Canada,Expert Judgement,2027,Forecast,,10254.2,12365.7,,945.8,0.0844,FY2030_Add5_Expert3_Growth2_NZ2050
SUP-022,Orion Industrial Gases,Chemicals,AMER,Canada,Expert Judgement,2028,Forecast,,9746.1,12365.7,,1453.9,0.1298,FY2030_Add5_Expert3_Growth2_NZ2050
SUP-022,Orion Industrial Gases,Chemicals,AMER,Canada,Expert Judgement,2029,Forecast,,9213.7,12365.7,,1986.3,0.1774,FY2030_Add5_Expert3_Growth2_NZ2050
SUP-022,Orion Industrial Gases,Chemicals,AMER,Canada,Expert Judgement,2030,Forecast,,8656.0,12365.7,8656.0,2544.0,0.2271,FY2030_Add5_Expert3_Growth2_NZ2050
SUP-022,Orion Industrial Gases,Chemicals,AMER,Canada,Expert Judgement,2031,Forecast,,8387.7,12365.7,8223.2,2812.3,0.2511,FY2030_Add5_Expert3_Growth2_NZ2050
SUP-022,Orion Industrial Gases,Chemicals,AMER,Canada,Expert Judgement,2032,Forecast,,8105.1,12365.7,7790.4,3094.9,0.2763,FY2030_Add5_Expert3_Growth2_NZ2050
SUP-022,Orion Industrial Gases,Chemicals,AMER,Canada,Expert Judgement,2033,Forecast,,7807.9,12365.7,7357.6,3392.1,0.3029,FY2030_Add5_Expert3_Growth2_NZ2050
SUP-022,Orion Industrial Gases,Chemicals,AMER,Canada,Expert Judgement,2034,Forecast,,7495.6,12365.7,6924.8,3704.4,0.3307,FY2030_Add5_Expert3_Growth2_NZ2050
SUP-022,Orion Industrial Gases,Chemicals,AMER,Canada,Expert Judgement,2035,Forecast,,7167.7,12365.7,6492.0,4032.3,0.36,FY2030_Add5_Expert3_Growth2_NZ2050
SUP-022,Orion Industrial Gases,Chemicals,AMER,Canada,Expert Judgement,2036,Forecast,,6823.6,12365.7,6059.2,4376.4,0.3907,FY2030_Add5_Expert3_Growth2_NZ2050
SUP-022,Orion Industrial Gases,Chemicals,AMER,Canada,Expert Judgement,2037,Forecast,,6463.0,12365.7,5626.4,4737.0,0.4229,FY2030_Add5_Expert3_Growth2_NZ2050
SUP-022,Orion Industrial Gases,Chemicals,AMER,Canada,Expert Judgement,2038,Forecast,,6085.1,12365.7,5193.6,5114.9,0.4567,FY2030_Add5_Expert3_Growth2_NZ2050
SUP-022,Orion Industrial Gases,Chemicals,AMER,Canada,Expert Judgement,2039,Forecast,,5689.6,12365.7,4760.8,5510.4,0.492,FY2030_Add5_Expert3_Growth2_NZ2050
SUP-022,Orion Industrial Gases,Chemicals,AMER,Canada,Expert Judgement,2040,Forecast,,5275.8,12365.7,4328.0,5924.2,0.5289,FY2030_Add5_Expert3_Growth2_NZ2050
SUP-022,Orion Industrial Gases,Chemicals,AMER,Canada,Expert Judgement,2041,Forecast,,4843.2,12365.7,3895.2,6356.8,0.5676,FY2030_Add5_Expert3_Growth2_NZ2050
SUP-022,Orion Industrial Gases,Chemicals,AMER,Canada,Expert Judgement,2042,Forecast,,4391.2,12365.7,3462.4,6808.8,0.6079,FY2030_Add5_Expert3_Growth2_NZ2050
SUP-022,Orion Industrial Gases,Chemicals,AMER,Canada,Expert Judgement,2043,Forecast,,3919.1,12365.7,3029.6,7280.9,0.6501,FY2030_Add5_Expert3_Growth2_NZ2050
SUP-022,Orion Industrial Gases,Chemicals,AMER,Canada,Expert Judgement,2044,Forecast,,3426.4,12365.7,2596.8,7773.6,0.6941,FY2030_Add5_Expert3_Growth2_NZ2050
SUP-022,Orion Industrial Gases,Chemicals,AMER,Canada,Expert Judgement,2045,Forecast,,2912.5,12365.7,2164.0,8287.5,0.74,FY2030_Add5_Expert3_Growth2_NZ2050
SUP-022,Orion Industrial Gases,Chemicals,AMER,Canada,Expert Judgement,2046,Forecast,,2376.6,12365.7,1731.2,8823.4,0.7878,FY2030_Add5_Expert3_Growth2_NZ2050
SUP-022,Orion Industrial Gases,Chemicals,AMER,Canada,Expert Judgement,2047,Forecast,,1818.1,12365.7,1298.4,9381.9,0.8377,FY2030_Add5_Expert3_Growth2_NZ2050
SUP-022,Orion Industrial Gases,Chemicals,AMER,Canada,Expert Judgement,2048,Forecast,,1236.3,12365.7,865.6,9963.7,0.8896,FY2030_Add5_Expert3_Growth2_NZ2050
SUP-022,Orion Industrial Gases,Chemicals,AMER,Canada,Expert Judgement,2049,Forecast,,630.5,12365.7,432.8,10569.5,0.9437,FY2030_Add5_Expert3_Growth2_NZ2050
SUP-022,Orion Industrial Gases,Chemicals,AMER,Canada,Expert Judgement,2050,Forecast,,0,12365.7,0.0,11200.0,1.0,FY2030_Add5_Expert3_Growth2_NZ2050
SUP-023,SwiftLine Freight,Logistics,AMER,United States,Supplier Target,2018,Actual,18185.3,,,,-2535.3,-0.162,FY2030_Add5_Expert3_Growth2_NZ2050
SUP-023,SwiftLine Freight,Logistics,AMER,United States,Supplier Target,2019,Actual,17794.0,,,,-2144.0,-0.137,FY2030_Add5_Expert3_Growth2_NZ2050
SUP-023,SwiftLine Freight,Logistics,AMER,United States,Supplier Target,2020,Actual,17418.5,,,,-1768.5,-0.113,FY2030_Add5_Expert3_Growth2_NZ2050
SUP-023,SwiftLine Freight,Logistics,AMER,United States,Supplier Target,2021,Actual,17042.8,,,,-1392.8,-0.089,FY2030_Add5_Expert3_Growth2_NZ2050
SUP-023,SwiftLine Freight,Logistics,AMER,United States,Supplier Target,2022,Actual,16792.5,,,,-1142.5,-0.073,FY2030_Add5_Expert3_Growth2_NZ2050
SUP-023,SwiftLine Freight,Logistics,AMER,United States,Supplier Target,2023,Actual,16291.6,,,,-641.6,-0.041,FY2030_Add5_Expert3_Growth2_NZ2050
SUP-023,SwiftLine Freight,Logistics,AMER,United States,Supplier Target,2024,Actual,15900.4,,,,-250.4,-0.016,FY2030_Add5_Expert3_Growth2_NZ2050
SUP-023,SwiftLine Freight,Logistics,AMER,United States,Supplier Target,2025,Actual,15650.0,,17278.9,,0.0,0.0,FY2030_Add5_Expert3_Growth2_NZ2050
SUP-023,SwiftLine Freight,Logistics,AMER,United States,Supplier Target,2026,Forecast,,14749.8,17278.9,,900.2,0.0575,FY2030_Add5_Expert3_Growth2_NZ2050
SUP-023,SwiftLine Freight,Logistics,AMER,United States,Supplier Target,2027,Forecast,,13807.4,17278.9,,1842.6,0.1177,FY2030_Add5_Expert3_Growth2_NZ2050
SUP-023,SwiftLine Freight,Logistics,AMER,United States,Supplier Target,2028,Forecast,,12821.3,17278.9,,2828.7,0.1807,FY2030_Add5_Expert3_Growth2_NZ2050
SUP-023,SwiftLine Freight,Logistics,AMER,United States,Supplier Target,2029,Forecast,,11790.3,17278.9,,3859.7,0.2466,FY2030_Add5_Expert3_Growth2_NZ2050
SUP-023,SwiftLine Freight,Logistics,AMER,United States,Supplier Target,2030,Forecast,,10712.9,17278.9,10712.9,4937.1,0.3155,FY2030_Add5_Expert3_Growth2_NZ2050
SUP-023,SwiftLine Freight,Logistics,AMER,United States,Supplier Target,2031,Forecast,,10380.8,17278.9,10177.3,5269.2,0.3367,FY2030_Add5_Expert3_Growth2_NZ2050
SUP-023,SwiftLine Freight,Logistics,AMER,United States,Supplier Target,2032,Forecast,,10031.1,17278.9,9641.6,5618.9,0.359,FY2030_Add5_Expert3_Growth2_NZ2050
SUP-023,SwiftLine Freight,Logistics,AMER,United States,Supplier Target,2033,Forecast,,9663.3,17278.9,9106.0,5986.7,0.3825,FY2030_Add5_Expert3_Growth2_NZ2050
SUP-023,SwiftLine Freight,Logistics,AMER,United States,Supplier Target,2034,Forecast,,9276.8,17278.9,8570.3,6373.2,0.4072,FY2030_Add5_Expert3_Growth2_NZ2050
SUP-023,SwiftLine Freight,Logistics,AMER,United States,Supplier Target,2035,Forecast,,8870.9,17278.9,8034.7,6779.1,0.4332,FY2030_Add5_Expert3_Growth2_NZ2050
SUP-023,SwiftLine Freight,Logistics,AMER,United States,Supplier Target,2036,Forecast,,8445.1,17278.9,7499.0,7204.9,0.4604,FY2030_Add5_Expert3_Growth2_NZ2050
SUP-023,SwiftLine Freight,Logistics,AMER,United States,Supplier Target,2037,Forecast,,7998.7,17278.9,6963.4,7651.3,0.4889,FY2030_Add5_Expert3_Growth2_NZ2050
SUP-023,SwiftLine Freight,Logistics,AMER,United States,Supplier Target,2038,Forecast,,7531.1,17278.9,6427.7,8118.9,0.5188,FY2030_Add5_Expert3_Growth2_NZ2050
SUP-023,SwiftLine Freight,Logistics,AMER,United States,Supplier Target,2039,Forecast,,7041.6,17278.9,5892.1,8608.4,0.5501,FY2030_Add5_Expert3_Growth2_NZ2050
SUP-023,SwiftLine Freight,Logistics,AMER,United States,Supplier Target,2040,Forecast,,6529.5,17278.9,5356.4,9120.5,0.5828,FY2030_Add5_Expert3_Growth2_NZ2050
SUP-023,SwiftLine Freight,Logistics,AMER,United States,Supplier Target,2041,Forecast,,5994.1,17278.9,4820.8,9655.9,0.617,FY2030_Add5_Expert3_Growth2_NZ2050
SUP-023,SwiftLine Freight,Logistics,AMER,United States,Supplier Target,2042,Forecast,,5434.6,17278.9,4285.2,10215.4,0.6527,FY2030_Add5_Expert3_Growth2_NZ2050
SUP-023,SwiftLine Freight,Logistics,AMER,United States,Supplier Target,2043,Forecast,,4850.4,17278.9,3749.5,10799.6,0.6901,FY2030_Add5_Expert3_Growth2_NZ2050
SUP-023,SwiftLine Freight,Logistics,AMER,United States,Supplier Target,2044,Forecast,,4240.6,17278.9,3213.9,11409.4,0.729,FY2030_Add5_Expert3_Growth2_NZ2050
SUP-023,SwiftLine Freight,Logistics,AMER,United States,Supplier Target,2045,Forecast,,3604.5,17278.9,2678.2,12045.5,0.7697,FY2030_Add5_Expert3_Growth2_NZ2050
SUP-023,SwiftLine Freight,Logistics,AMER,United States,Supplier Target,2046,Forecast,,2941.3,17278.9,2142.6,12708.7,0.8121,FY2030_Add5_Expert3_Growth2_NZ2050
SUP-023,SwiftLine Freight,Logistics,AMER,United States,Supplier Target,2047,Forecast,,2250.1,17278.9,1606.9,13399.9,0.8562,FY2030_Add5_Expert3_Growth2_NZ2050
SUP-023,SwiftLine Freight,Logistics,AMER,United States,Supplier Target,2048,Forecast,,1530.1,17278.9,1071.3,14119.9,0.9022,FY2030_Add5_Expert3_Growth2_NZ2050
SUP-023,SwiftLine Freight,Logistics,AMER,United States,Supplier Target,2049,Forecast,,780.3,17278.9,535.6,14869.7,0.9501,FY2030_Add5_Expert3_Growth2_NZ2050
SUP-023,SwiftLine Freight,Logistics,AMER,United States,Supplier Target,2050,Forecast,,0,17278.9,0.0,15650.0,1.0,FY2030_Add5_Expert3_Growth2_NZ2050
SUP-024,OceanBridge Carriers,Logistics,APAC,Singapore,Expert Judgement,2018,Actual,15222.2,,,,-2122.2,-0.162,FY2030_Add5_Expert3_Growth2_NZ2050
SUP-024,OceanBridge Carriers,Logistics,APAC,Singapore,Expert Judgement,2019,Actual,14894.7,,,,-1794.7,-0.137,FY2030_Add5_Expert3_Growth2_NZ2050
SUP-024,OceanBridge Carriers,Logistics,APAC,Singapore,Expert Judgement,2020,Actual,14580.3,,,,-1480.3,-0.113,FY2030_Add5_Expert3_Growth2_NZ2050
SUP-024,OceanBridge Carriers,Logistics,APAC,Singapore,Expert Judgement,2021,Actual,14265.9,,,,-1165.9,-0.089,FY2030_Add5_Expert3_Growth2_NZ2050
SUP-024,OceanBridge Carriers,Logistics,APAC,Singapore,Expert Judgement,2022,Actual,14056.3,,,,-956.3,-0.073,FY2030_Add5_Expert3_Growth2_NZ2050
SUP-024,OceanBridge Carriers,Logistics,APAC,Singapore,Expert Judgement,2023,Actual,13637.1,,,,-537.1,-0.041,FY2030_Add5_Expert3_Growth2_NZ2050
SUP-024,OceanBridge Carriers,Logistics,APAC,Singapore,Expert Judgement,2024,Actual,13309.6,,,,-209.6,-0.016,FY2030_Add5_Expert3_Growth2_NZ2050
SUP-024,OceanBridge Carriers,Logistics,APAC,Singapore,Expert Judgement,2025,Actual,13100.0,,14463.5,,0.0,0.0,FY2030_Add5_Expert3_Growth2_NZ2050
SUP-024,OceanBridge Carriers,Logistics,APAC,Singapore,Expert Judgement,2026,Forecast,,12533.6,14463.5,,566.4,0.0432,FY2030_Add5_Expert3_Growth2_NZ2050
SUP-024,OceanBridge Carriers,Logistics,APAC,Singapore,Expert Judgement,2027,Forecast,,11939.2,14463.5,,1160.8,0.0886,FY2030_Add5_Expert3_Growth2_NZ2050
SUP-024,OceanBridge Carriers,Logistics,APAC,Singapore,Expert Judgement,2028,Forecast,,11316.1,14463.5,,1783.9,0.1362,FY2030_Add5_Expert3_Growth2_NZ2050
SUP-024,OceanBridge Carriers,Logistics,APAC,Singapore,Expert Judgement,2029,Forecast,,10663.3,14463.5,,2436.7,0.186,FY2030_Add5_Expert3_Growth2_NZ2050
SUP-024,OceanBridge Carriers,Logistics,APAC,Singapore,Expert Judgement,2030,Forecast,,9979.8,14463.5,9979.8,3120.2,0.2382,FY2030_Add5_Expert3_Growth2_NZ2050
SUP-024,OceanBridge Carriers,Logistics,APAC,Singapore,Expert Judgement,2031,Forecast,,9670.4,14463.5,9480.8,3429.6,0.2618,FY2030_Add5_Expert3_Growth2_NZ2050
SUP-024,OceanBridge Carriers,Logistics,APAC,Singapore,Expert Judgement,2032,Forecast,,9344.7,14463.5,8981.8,3755.3,0.2867,FY2030_Add5_Expert3_Growth2_NZ2050
SUP-024,OceanBridge Carriers,Logistics,APAC,Singapore,Expert Judgement,2033,Forecast,,9002.0,14463.5,8482.8,4098.0,0.3128,FY2030_Add5_Expert3_Growth2_NZ2050
SUP-024,OceanBridge Carriers,Logistics,APAC,Singapore,Expert Judgement,2034,Forecast,,8642.0,14463.5,7983.8,4458.0,0.3403,FY2030_Add5_Expert3_Growth2_NZ2050
SUP-024,OceanBridge Carriers,Logistics,APAC,Singapore,Expert Judgement,2035,Forecast,,8263.9,14463.5,7484.8,4836.1,0.3692,FY2030_Add5_Expert3_Growth2_NZ2050
SUP-024,OceanBridge Carriers,Logistics,APAC,Singapore,Expert Judgement,2036,Forecast,,7867.2,14463.5,6985.9,5232.8,0.3995,FY2030_Add5_Expert3_Growth2_NZ2050
SUP-024,OceanBridge Carriers,Logistics,APAC,Singapore,Expert Judgement,2037,Forecast,,7451.4,14463.5,6486.9,5648.6,0.4312,FY2030_Add5_Expert3_Growth2_NZ2050
SUP-024,OceanBridge Carriers,Logistics,APAC,Singapore,Expert Judgement,2038,Forecast,,7015.7,14463.5,5987.9,6084.3,0.4644,FY2030_Add5_Expert3_Growth2_NZ2050
SUP-024,OceanBridge Carriers,Logistics,APAC,Singapore,Expert Judgement,2039,Forecast,,6559.7,14463.5,5488.9,6540.3,0.4993,FY2030_Add5_Expert3_Growth2_NZ2050
SUP-024,OceanBridge Carriers,Logistics,APAC,Singapore,Expert Judgement,2040,Forecast,,6082.7,14463.5,4989.9,7017.3,0.5357,FY2030_Add5_Expert3_Growth2_NZ2050
SUP-024,OceanBridge Carriers,Logistics,APAC,Singapore,Expert Judgement,2041,Forecast,,5583.9,14463.5,4490.9,7516.1,0.5738,FY2030_Add5_Expert3_Growth2_NZ2050
SUP-024,OceanBridge Carriers,Logistics,APAC,Singapore,Expert Judgement,2042,Forecast,,5062.7,14463.5,3991.9,8037.3,0.6135,FY2030_Add5_Expert3_Growth2_NZ2050
SUP-024,OceanBridge Carriers,Logistics,APAC,Singapore,Expert Judgement,2043,Forecast,,4518.5,14463.5,3492.9,8581.5,0.6551,FY2030_Add5_Expert3_Growth2_NZ2050
SUP-024,OceanBridge Carriers,Logistics,APAC,Singapore,Expert Judgement,2044,Forecast,,3950.4,14463.5,2993.9,9149.6,0.6984,FY2030_Add5_Expert3_Growth2_NZ2050
SUP-024,OceanBridge Carriers,Logistics,APAC,Singapore,Expert Judgement,2045,Forecast,,3357.9,14463.5,2494.9,9742.1,0.7437,FY2030_Add5_Expert3_Growth2_NZ2050
SUP-024,OceanBridge Carriers,Logistics,APAC,Singapore,Expert Judgement,2046,Forecast,,2740.0,14463.5,1996.0,10360.0,0.7908,FY2030_Add5_Expert3_Growth2_NZ2050
SUP-024,OceanBridge Carriers,Logistics,APAC,Singapore,Expert Judgement,2047,Forecast,,2096.1,14463.5,1497.0,11003.9,0.84,FY2030_Add5_Expert3_Growth2_NZ2050
SUP-024,OceanBridge Carriers,Logistics,APAC,Singapore,Expert Judgement,2048,Forecast,,1425.4,14463.5,998.0,11674.6,0.8912,FY2030_Add5_Expert3_Growth2_NZ2050
SUP-024,OceanBridge Carriers,Logistics,APAC,Singapore,Expert Judgement,2049,Forecast,,726.9,14463.5,499.0,12373.1,0.9445,FY2030_Add5_Expert3_Growth2_NZ2050
SUP-024,OceanBridge Carriers,Logistics,APAC,Singapore,Expert Judgement,2050,Forecast,,0,14463.5,0.0,13100.0,1.0,FY2030_Add5_Expert3_Growth2_NZ2050
SUP-025,EuroRail Logistics,Logistics,EMEA,Poland,Supplier Target,2018,Actual,12782.0,,,,-1782.0,-0.162,FY2030_Add5_Expert3_Growth2_NZ2050
SUP-025,EuroRail Logistics,Logistics,EMEA,Poland,Supplier Target,2019,Actual,12507.0,,,,-1507.0,-0.137,FY2030_Add5_Expert3_Growth2_NZ2050
SUP-025,EuroRail Logistics,Logistics,EMEA,Poland,Supplier Target,2020,Actual,12243.0,,,,-1243.0,-0.113,FY2030_Add5_Expert3_Growth2_NZ2050
SUP-025,EuroRail Logistics,Logistics,EMEA,Poland,Supplier Target,2021,Actual,11979.0,,,,-979.0,-0.089,FY2030_Add5_Expert3_Growth2_NZ2050
SUP-025,EuroRail Logistics,Logistics,EMEA,Poland,Supplier Target,2022,Actual,11803.0,,,,-803.0,-0.073,FY2030_Add5_Expert3_Growth2_NZ2050
SUP-025,EuroRail Logistics,Logistics,EMEA,Poland,Supplier Target,2023,Actual,11451.0,,,,-451.0,-0.041,FY2030_Add5_Expert3_Growth2_NZ2050
SUP-025,EuroRail Logistics,Logistics,EMEA,Poland,Supplier Target,2024,Actual,11176.0,,,,-176.0,-0.016,FY2030_Add5_Expert3_Growth2_NZ2050
SUP-025,EuroRail Logistics,Logistics,EMEA,Poland,Supplier Target,2025,Actual,11000.0,,12144.9,,0.0,0.0,FY2030_Add5_Expert3_Growth2_NZ2050
SUP-025,EuroRail Logistics,Logistics,EMEA,Poland,Supplier Target,2026,Forecast,,10255.1,12144.9,,744.9,0.0677,FY2030_Add5_Expert3_Growth2_NZ2050
SUP-025,EuroRail Logistics,Logistics,EMEA,Poland,Supplier Target,2027,Forecast,,9476.0,12144.9,,1524.0,0.1385,FY2030_Add5_Expert3_Growth2_NZ2050
SUP-025,EuroRail Logistics,Logistics,EMEA,Poland,Supplier Target,2028,Forecast,,8661.6,12144.9,,2338.4,0.2126,FY2030_Add5_Expert3_Growth2_NZ2050
SUP-025,EuroRail Logistics,Logistics,EMEA,Poland,Supplier Target,2029,Forecast,,7810.8,12144.9,,3189.2,0.2899,FY2030_Add5_Expert3_Growth2_NZ2050
SUP-025,EuroRail Logistics,Logistics,EMEA,Poland,Supplier Target,2030,Forecast,,6922.6,12144.9,6922.6,4077.4,0.3707,FY2030_Add5_Expert3_Growth2_NZ2050
SUP-025,EuroRail Logistics,Logistics,EMEA,Poland,Supplier Target,2031,Forecast,,6708.0,12144.9,6576.5,4292.0,0.3902,FY2030_Add5_Expert3_Growth2_NZ2050
SUP-025,EuroRail Logistics,Logistics,EMEA,Poland,Supplier Target,2032,Forecast,,6482.0,12144.9,6230.3,4518.0,0.4107,FY2030_Add5_Expert3_Growth2_NZ2050
SUP-025,EuroRail Logistics,Logistics,EMEA,Poland,Supplier Target,2033,Forecast,,6244.4,12144.9,5884.2,4755.6,0.4323,FY2030_Add5_Expert3_Growth2_NZ2050
SUP-025,EuroRail Logistics,Logistics,EMEA,Poland,Supplier Target,2034,Forecast,,5994.6,12144.9,5538.1,5005.4,0.455,FY2030_Add5_Expert3_Growth2_NZ2050
SUP-025,EuroRail Logistics,Logistics,EMEA,Poland,Supplier Target,2035,Forecast,,5732.3,12144.9,5191.9,5267.7,0.4789,FY2030_Add5_Expert3_Growth2_NZ2050
SUP-025,EuroRail Logistics,Logistics,EMEA,Poland,Supplier Target,2036,Forecast,,5457.2,12144.9,4845.8,5542.8,0.5039,FY2030_Add5_Expert3_Growth2_NZ2050
SUP-025,EuroRail Logistics,Logistics,EMEA,Poland,Supplier Target,2037,Forecast,,5168.7,12144.9,4499.7,5831.3,0.5301,FY2030_Add5_Expert3_Growth2_NZ2050
SUP-025,EuroRail Logistics,Logistics,EMEA,Poland,Supplier Target,2038,Forecast,,4866.5,12144.9,4153.6,6133.5,0.5576,FY2030_Add5_Expert3_Growth2_NZ2050
SUP-025,EuroRail Logistics,Logistics,EMEA,Poland,Supplier Target,2039,Forecast,,4550.2,12144.9,3807.4,6449.8,0.5863,FY2030_Add5_Expert3_Growth2_NZ2050
SUP-025,EuroRail Logistics,Logistics,EMEA,Poland,Supplier Target,2040,Forecast,,4219.3,12144.9,3461.3,6780.7,0.6164,FY2030_Add5_Expert3_Growth2_NZ2050
SUP-025,EuroRail Logistics,Logistics,EMEA,Poland,Supplier Target,2041,Forecast,,3873.3,12144.9,3115.2,7126.7,0.6479,FY2030_Add5_Expert3_Growth2_NZ2050
SUP-025,EuroRail Logistics,Logistics,EMEA,Poland,Supplier Target,2042,Forecast,,3511.8,12144.9,2769.0,7488.2,0.6807,FY2030_Add5_Expert3_Growth2_NZ2050
SUP-025,EuroRail Logistics,Logistics,EMEA,Poland,Supplier Target,2043,Forecast,,3134.3,12144.9,2422.9,7865.7,0.7151,FY2030_Add5_Expert3_Growth2_NZ2050
SUP-025,EuroRail Logistics,Logistics,EMEA,Poland,Supplier Target,2044,Forecast,,2740.3,12144.9,2076.8,8259.7,0.7509,FY2030_Add5_Expert3_Growth2_NZ2050
SUP-025,EuroRail Logistics,Logistics,EMEA,Poland,Supplier Target,2045,Forecast,,2329.2,12144.9,1730.6,8670.8,0.7883,FY2030_Add5_Expert3_Growth2_NZ2050
SUP-025,EuroRail Logistics,Logistics,EMEA,Poland,Supplier Target,2046,Forecast,,1900.6,12144.9,1384.5,9099.4,0.8272,FY2030_Add5_Expert3_Growth2_NZ2050
SUP-025,EuroRail Logistics,Logistics,EMEA,Poland,Supplier Target,2047,Forecast,,1454.0,12144.9,1038.4,9546.0,0.8678,FY2030_Add5_Expert3_Growth2_NZ2050
SUP-025,EuroRail Logistics,Logistics,EMEA,Poland,Supplier Target,2048,Forecast,,988.7,12144.9,692.3,10011.3,0.9101,FY2030_Add5_Expert3_Growth2_NZ2050
SUP-025,EuroRail Logistics,Logistics,EMEA,Poland,Supplier Target,2049,Forecast,,504.2,12144.9,346.1,10495.8,0.9542,FY2030_Add5_Expert3_Growth2_NZ2050
SUP-025,EuroRail Logistics,Logistics,EMEA,Poland,Supplier Target,2050,Forecast,,0,12144.9,0.0,11000.0,1.0,FY2030_Add5_Expert3_Growth2_NZ2050
SUP-026,Metro Distribution,Logistics,AMER,Mexico,Supplier Target,2018,Actual,10922.8,,,,-1522.8,-0.162,FY2030_Add5_Expert3_Growth2_NZ2050
SUP-026,Metro Distribution,Logistics,AMER,Mexico,Supplier Target,2019,Actual,10687.8,,,,-1287.8,-0.137,FY2030_Add5_Expert3_Growth2_NZ2050
SUP-026,Metro Distribution,Logistics,AMER,Mexico,Supplier Target,2020,Actual,10462.2,,,,-1062.2,-0.113,FY2030_Add5_Expert3_Growth2_NZ2050
SUP-026,Metro Distribution,Logistics,AMER,Mexico,Supplier Target,2021,Actual,10236.6,,,,-836.6,-0.089,FY2030_Add5_Expert3_Growth2_NZ2050
SUP-026,Metro Distribution,Logistics,AMER,Mexico,Supplier Target,2022,Actual,10086.2,,,,-686.2,-0.073,FY2030_Add5_Expert3_Growth2_NZ2050
SUP-026,Metro Distribution,Logistics,AMER,Mexico,Supplier Target,2023,Actual,9785.4,,,,-385.4,-0.041,FY2030_Add5_Expert3_Growth2_NZ2050
SUP-026,Metro Distribution,Logistics,AMER,Mexico,Supplier Target,2024,Actual,9550.4,,,,-150.4,-0.016,FY2030_Add5_Expert3_Growth2_NZ2050
SUP-026,Metro Distribution,Logistics,AMER,Mexico,Supplier Target,2025,Actual,9400.0,,10378.4,,0.0,0.0,FY2030_Add5_Expert3_Growth2_NZ2050
SUP-026,Metro Distribution,Logistics,AMER,Mexico,Supplier Target,2026,Forecast,,8897.7,10378.4,,502.3,0.0534,FY2030_Add5_Expert3_Growth2_NZ2050
SUP-026,Metro Distribution,Logistics,AMER,Mexico,Supplier Target,2027,Forecast,,8371.5,10378.4,,1028.5,0.1094,FY2030_Add5_Expert3_Growth2_NZ2050
SUP-026,Metro Distribution,Logistics,AMER,Mexico,Supplier Target,2028,Forecast,,7820.7,10378.4,,1579.3,0.168,FY2030_Add5_Expert3_Growth2_NZ2050
SUP-026,Metro Distribution,Logistics,AMER,Mexico,Supplier Target,2029,Forecast,,7244.5,10378.4,,2155.5,0.2293,FY2030_Add5_Expert3_Growth2_NZ2050
SUP-026,Metro Distribution,Logistics,AMER,Mexico,Supplier Target,2030,Forecast,,6642.2,10378.4,6642.2,2757.8,0.2934,FY2030_Add5_Expert3_Growth2_NZ2050
SUP-026,Metro Distribution,Logistics,AMER,Mexico,Supplier Target,2031,Forecast,,6436.2,10378.4,6310.0,2963.8,0.3153,FY2030_Add5_Expert3_Growth2_NZ2050
SUP-026,Metro Distribution,Logistics,AMER,Mexico,Supplier Target,2032,Forecast,,6219.4,10378.4,5977.9,3180.6,0.3384,FY2030_Add5_Expert3_Growth2_NZ2050
SUP-026,Metro Distribution,Logistics,AMER,Mexico,Supplier Target,2033,Forecast,,5991.4,10378.4,5645.8,3408.6,0.3626,FY2030_Add5_Expert3_Growth2_NZ2050
SUP-026,Metro Distribution,Logistics,AMER,Mexico,Supplier Target,2034,Forecast,,5751.7,10378.4,5313.7,3648.3,0.3881,FY2030_Add5_Expert3_Growth2_NZ2050
SUP-026,Metro Distribution,Logistics,AMER,Mexico,Supplier Target,2035,Forecast,,5500.1,10378.4,4981.6,3899.9,0.4149,FY2030_Add5_Expert3_Growth2_NZ2050
SUP-026,Metro Distribution,Logistics,AMER,Mexico,Supplier Target,2036,Forecast,,5236.1,10378.4,4649.5,4163.9,0.443,FY2030_Add5_Expert3_Growth2_NZ2050
SUP-026,Metro Distribution,Logistics,AMER,Mexico,Supplier Target,2037,Forecast,,4959.3,10378.4,4317.4,4440.7,0.4724,FY2030_Add5_Expert3_Growth2_NZ2050
SUP-026,Metro Distribution,Logistics,AMER,Mexico,Supplier Target,2038,Forecast,,4669.4,10378.4,3985.3,4730.6,0.5033,FY2030_Add5_Expert3_Growth2_NZ2050
SUP-026,Metro Distribution,Logistics,AMER,Mexico,Supplier Target,2039,Forecast,,4365.9,10378.4,3653.2,5034.1,0.5355,FY2030_Add5_Expert3_Growth2_NZ2050
SUP-026,Metro Distribution,Logistics,AMER,Mexico,Supplier Target,2040,Forecast,,4048.4,10378.4,3321.1,5351.6,0.5693,FY2030_Add5_Expert3_Growth2_NZ2050
SUP-026,Metro Distribution,Logistics,AMER,Mexico,Supplier Target,2041,Forecast,,3716.4,10378.4,2989.0,5683.6,0.6046,FY2030_Add5_Expert3_Growth2_NZ2050
SUP-026,Metro Distribution,Logistics,AMER,Mexico,Supplier Target,2042,Forecast,,3369.5,10378.4,2656.9,6030.5,0.6415,FY2030_Add5_Expert3_Growth2_NZ2050
SUP-026,Metro Distribution,Logistics,AMER,Mexico,Supplier Target,2043,Forecast,,3007.3,10378.4,2324.8,6392.7,0.6801,FY2030_Add5_Expert3_Growth2_NZ2050
SUP-026,Metro Distribution,Logistics,AMER,Mexico,Supplier Target,2044,Forecast,,2629.3,10378.4,1992.6,6770.7,0.7203,FY2030_Add5_Expert3_Growth2_NZ2050
SUP-026,Metro Distribution,Logistics,AMER,Mexico,Supplier Target,2045,Forecast,,2234.9,10378.4,1660.5,7165.1,0.7622,FY2030_Add5_Expert3_Growth2_NZ2050
SUP-026,Metro Distribution,Logistics,AMER,Mexico,Supplier Target,2046,Forecast,,1823.6,10378.4,1328.4,7576.4,0.806,FY2030_Add5_Expert3_Growth2_NZ2050
SUP-026,Metro Distribution,Logistics,AMER,Mexico,Supplier Target,2047,Forecast,,1395.1,10378.4,996.3,8004.9,0.8516,FY2030_Add5_Expert3_Growth2_NZ2050
SUP-026,Metro Distribution,Logistics,AMER,Mexico,Supplier Target,2048,Forecast,,948.7,10378.4,664.2,8451.3,0.8991,FY2030_Add5_Expert3_Growth2_NZ2050
SUP-026,Metro Distribution,Logistics,AMER,Mexico,Supplier Target,2049,Forecast,,483.8,10378.4,332.1,8916.2,0.9485,FY2030_Add5_Expert3_Growth2_NZ2050
SUP-026,Metro Distribution,Logistics,AMER,Mexico,Supplier Target,2050,Forecast,,0,10378.4,0.0,9400.0,1.0,FY2030_Add5_Expert3_Growth2_NZ2050
SUP-027,SkyLift Air Cargo,Logistics,EMEA,United Arab Emirates,Expert Judgement,2018,Actual,13188.7,,,,-1838.7,-0.162,FY2030_Add5_Expert3_Growth2_NZ2050
SUP-027,SkyLift Air Cargo,Logistics,EMEA,United Arab Emirates,Expert Judgement,2019,Actual,12905.0,,,,-1555.0,-0.137,FY2030_Add5_Expert3_Growth2_NZ2050
SUP-027,SkyLift Air Cargo,Logistics,EMEA,United Arab Emirates,Expert Judgement,2020,Actual,12632.5,,,,-1282.5,-0.113,FY2030_Add5_Expert3_Growth2_NZ2050
SUP-027,SkyLift Air Cargo,Logistics,EMEA,United Arab Emirates,Expert Judgement,2021,Actual,12360.1,,,,-1010.1,-0.089,FY2030_Add5_Expert3_Growth2_NZ2050
SUP-027,SkyLift Air Cargo,Logistics,EMEA,United Arab Emirates,Expert Judgement,2022,Actual,12178.5,,,,-828.5,-0.073,FY2030_Add5_Expert3_Growth2_NZ2050
SUP-027,SkyLift Air Cargo,Logistics,EMEA,United Arab Emirates,Expert Judgement,2023,Actual,11815.3,,,,-465.3,-0.041,FY2030_Add5_Expert3_Growth2_NZ2050
SUP-027,SkyLift Air Cargo,Logistics,EMEA,United Arab Emirates,Expert Judgement,2024,Actual,11531.6,,,,-181.6,-0.016,FY2030_Add5_Expert3_Growth2_NZ2050
SUP-027,SkyLift Air Cargo,Logistics,EMEA,United Arab Emirates,Expert Judgement,2025,Actual,11350.0,,12531.3,,0.0,0.0,FY2030_Add5_Expert3_Growth2_NZ2050
SUP-027,SkyLift Air Cargo,Logistics,EMEA,United Arab Emirates,Expert Judgement,2026,Forecast,,10951.8,12531.3,,398.2,0.0351,FY2030_Add5_Expert3_Growth2_NZ2050
SUP-027,SkyLift Air Cargo,Logistics,EMEA,United Arab Emirates,Expert Judgement,2027,Forecast,,10533.2,12531.3,,816.8,0.072,FY2030_Add5_Expert3_Growth2_NZ2050
SUP-027,SkyLift Air Cargo,Logistics,EMEA,United Arab Emirates,Expert Judgement,2028,Forecast,,10093.5,12531.3,,1256.5,0.1107,FY2030_Add5_Expert3_Growth2_NZ2050
SUP-027,SkyLift Air Cargo,Logistics,EMEA,United Arab Emirates,Expert Judgement,2029,Forecast,,9631.9,12531.3,,1718.1,0.1514,FY2030_Add5_Expert3_Growth2_NZ2050
SUP-027,SkyLift Air Cargo,Logistics,EMEA,United Arab Emirates,Expert Judgement,2030,Forecast,,9147.9,12531.3,9147.9,2202.1,0.194,FY2030_Add5_Expert3_Growth2_NZ2050
SUP-027,SkyLift Air Cargo,Logistics,EMEA,United Arab Emirates,Expert Judgement,2031,Forecast,,8864.3,12531.3,8690.5,2485.7,0.219,FY2030_Add5_Expert3_Growth2_NZ2050
SUP-027,SkyLift Air Cargo,Logistics,EMEA,United Arab Emirates,Expert Judgement,2032,Forecast,,8565.7,12531.3,8233.1,2784.3,0.2453,FY2030_Add5_Expert3_Growth2_NZ2050
SUP-027,SkyLift Air Cargo,Logistics,EMEA,United Arab Emirates,Expert Judgement,2033,Forecast,,8251.6,12531.3,7775.7,3098.4,0.273,FY2030_Add5_Expert3_Growth2_NZ2050
SUP-027,SkyLift Air Cargo,Logistics,EMEA,United Arab Emirates,Expert Judgement,2034,Forecast,,7921.6,12531.3,7318.3,3428.4,0.3021,FY2030_Add5_Expert3_Growth2_NZ2050
SUP-027,SkyLift Air Cargo,Logistics,EMEA,United Arab Emirates,Expert Judgement,2035,Forecast,,7575.0,12531.3,6860.9,3775.0,0.3326,FY2030_Add5_Expert3_Growth2_NZ2050
SUP-027,SkyLift Air Cargo,Logistics,EMEA,United Arab Emirates,Expert Judgement,2036,Forecast,,7211.4,12531.3,6403.5,4138.6,0.3646,FY2030_Add5_Expert3_Growth2_NZ2050
SUP-027,SkyLift Air Cargo,Logistics,EMEA,United Arab Emirates,Expert Judgement,2037,Forecast,,6830.2,12531.3,5946.1,4519.8,0.3982,FY2030_Add5_Expert3_Growth2_NZ2050
SUP-027,SkyLift Air Cargo,Logistics,EMEA,United Arab Emirates,Expert Judgement,2038,Forecast,,6430.9,12531.3,5488.7,4919.1,0.4334,FY2030_Add5_Expert3_Growth2_NZ2050
SUP-027,SkyLift Air Cargo,Logistics,EMEA,United Arab Emirates,Expert Judgement,2039,Forecast,,6012.9,12531.3,5031.3,5337.1,0.4702,FY2030_Add5_Expert3_Growth2_NZ2050
SUP-027,SkyLift Air Cargo,Logistics,EMEA,United Arab Emirates,Expert Judgement,2040,Forecast,,5575.6,12531.3,4573.9,5774.4,0.5088,FY2030_Add5_Expert3_Growth2_NZ2050
SUP-027,SkyLift Air Cargo,Logistics,EMEA,United Arab Emirates,Expert Judgement,2041,Forecast,,5118.4,12531.3,4116.5,6231.6,0.549,FY2030_Add5_Expert3_Growth2_NZ2050
SUP-027,SkyLift Air Cargo,Logistics,EMEA,United Arab Emirates,Expert Judgement,2042,Forecast,,4640.7,12531.3,3659.1,6709.3,0.5911,FY2030_Add5_Expert3_Growth2_NZ2050
SUP-027,SkyLift Air Cargo,Logistics,EMEA,United Arab Emirates,Expert Judgement,2043,Forecast,,4141.8,12531.3,3201.8,7208.2,0.6351,FY2030_Add5_Expert3_Growth2_NZ2050
SUP-027,SkyLift Air Cargo,Logistics,EMEA,United Arab Emirates,Expert Judgement,2044,Forecast,,3621.1,12531.3,2744.4,7728.9,0.681,FY2030_Add5_Expert3_Growth2_NZ2050
SUP-027,SkyLift Air Cargo,Logistics,EMEA,United Arab Emirates,Expert Judgement,2045,Forecast,,3078.0,12531.3,2287.0,8272.0,0.7288,FY2030_Add5_Expert3_Growth2_NZ2050
SUP-027,SkyLift Air Cargo,Logistics,EMEA,United Arab Emirates,Expert Judgement,2046,Forecast,,2511.6,12531.3,1829.6,8838.4,0.7787,FY2030_Add5_Expert3_Growth2_NZ2050
SUP-027,SkyLift Air Cargo,Logistics,EMEA,United Arab Emirates,Expert Judgement,2047,Forecast,,1921.4,12531.3,1372.2,9428.6,0.8307,FY2030_Add5_Expert3_Growth2_NZ2050
SUP-027,SkyLift Air Cargo,Logistics,EMEA,United Arab Emirates,Expert Judgement,2048,Forecast,,1306.5,12531.3,914.8,10043.5,0.8849,FY2030_Add5_Expert3_Growth2_NZ2050
SUP-027,SkyLift Air Cargo,Logistics,EMEA,United Arab Emirates,Expert Judgement,2049,Forecast,,666.3,12531.3,457.4,10683.7,0.9413,FY2030_Add5_Expert3_Growth2_NZ2050
SUP-027,SkyLift Air Cargo,Logistics,EMEA,United Arab Emirates,Expert Judgement,2050,Forecast,,0,12531.3,0.0,11350.0,1.0,FY2030_Add5_Expert3_Growth2_NZ2050
SUP-028,Harvest Foods Co.,Food & Beverage,AMER,United States,Supplier Target,2018,Actual,14583.1,,,,-2033.1,-0.162,FY2030_Add5_Expert3_Growth2_NZ2050
SUP-028,Harvest Foods Co.,Food & Beverage,AMER,United States,Supplier Target,2019,Actual,14269.4,,,,-1719.4,-0.137,FY2030_Add5_Expert3_Growth2_NZ2050
SUP-028,Harvest Foods Co.,Food & Beverage,AMER,United States,Supplier Target,2020,Actual,13968.1,,,,-1418.1,-0.113,FY2030_Add5_Expert3_Growth2_NZ2050
SUP-028,Harvest Foods Co.,Food & Beverage,AMER,United States,Supplier Target,2021,Actual,13666.9,,,,-1116.9,-0.089,FY2030_Add5_Expert3_Growth2_NZ2050
SUP-028,Harvest Foods Co.,Food & Beverage,AMER,United States,Supplier Target,2022,Actual,13466.1,,,,-916.1,-0.073,FY2030_Add5_Expert3_Growth2_NZ2050
SUP-028,Harvest Foods Co.,Food & Beverage,AMER,United States,Supplier Target,2023,Actual,13064.5,,,,-514.5,-0.041,FY2030_Add5_Expert3_Growth2_NZ2050
SUP-028,Harvest Foods Co.,Food & Beverage,AMER,United States,Supplier Target,2024,Actual,12750.8,,,,-200.8,-0.016,FY2030_Add5_Expert3_Growth2_NZ2050
SUP-028,Harvest Foods Co.,Food & Beverage,AMER,United States,Supplier Target,2025,Actual,12550.0,,13856.2,,0.0,0.0,FY2030_Add5_Expert3_Growth2_NZ2050
SUP-028,Harvest Foods Co.,Food & Beverage,AMER,United States,Supplier Target,2026,Forecast,,11853.7,13856.2,,696.3,0.0555,FY2030_Add5_Expert3_Growth2_NZ2050
SUP-028,Harvest Foods Co.,Food & Beverage,AMER,United States,Supplier Target,2027,Forecast,,11124.6,13856.2,,1425.4,0.1136,FY2030_Add5_Expert3_Growth2_NZ2050
SUP-028,Harvest Foods Co.,Food & Beverage,AMER,United States,Supplier Target,2028,Forecast,,10361.5,13856.2,,2188.5,0.1744,FY2030_Add5_Expert3_Growth2_NZ2050
SUP-028,Harvest Foods Co.,Food & Beverage,AMER,United States,Supplier Target,2029,Forecast,,9563.5,13856.2,,2986.5,0.238,FY2030_Add5_Expert3_Growth2_NZ2050
SUP-028,Harvest Foods Co.,Food & Beverage,AMER,United States,Supplier Target,2030,Forecast,,8729.4,13856.2,8729.4,3820.6,0.3044,FY2030_Add5_Expert3_Growth2_NZ2050
SUP-028,Harvest Foods Co.,Food & Beverage,AMER,United States,Supplier Target,2031,Forecast,,8458.8,13856.2,8292.9,4091.2,0.326,FY2030_Add5_Expert3_Growth2_NZ2050
SUP-028,Harvest Foods Co.,Food & Beverage,AMER,United States,Supplier Target,2032,Forecast,,8173.9,13856.2,7856.5,4376.1,0.3487,FY2030_Add5_Expert3_Growth2_NZ2050
SUP-028,Harvest Foods Co.,Food & Beverage,AMER,United States,Supplier Target,2033,Forecast,,7874.2,13856.2,7420.0,4675.8,0.3726,FY2030_Add5_Expert3_Growth2_NZ2050
SUP-028,Harvest Foods Co.,Food & Beverage,AMER,United States,Supplier Target,2034,Forecast,,7559.2,13856.2,6983.5,4990.8,0.3977,FY2030_Add5_Expert3_Growth2_NZ2050
SUP-028,Harvest Foods Co.,Food & Beverage,AMER,United States,Supplier Target,2035,Forecast,,7228.5,13856.2,6547.1,5321.5,0.424,FY2030_Add5_Expert3_Growth2_NZ2050
SUP-028,Harvest Foods Co.,Food & Beverage,AMER,United States,Supplier Target,2036,Forecast,,6881.5,13856.2,6110.6,5668.5,0.4517,FY2030_Add5_Expert3_Growth2_NZ2050
SUP-028,Harvest Foods Co.,Food & Beverage,AMER,United States,Supplier Target,2037,Forecast,,6517.8,13856.2,5674.1,6032.2,0.4807,FY2030_Add5_Expert3_Growth2_NZ2050
SUP-028,Harvest Foods Co.,Food & Beverage,AMER,United States,Supplier Target,2038,Forecast,,6136.7,13856.2,5237.6,6413.3,0.511,FY2030_Add5_Expert3_Growth2_NZ2050
SUP-028,Harvest Foods Co.,Food & Beverage,AMER,United States,Supplier Target,2039,Forecast,,5737.9,13856.2,4801.2,6812.1,0.5428,FY2030_Add5_Expert3_Growth2_NZ2050
SUP-028,Harvest Foods Co.,Food & Beverage,AMER,United States,Supplier Target,2040,Forecast,,5320.6,13856.2,4364.7,7229.4,0.5761,FY2030_Add5_Expert3_Growth2_NZ2050
SUP-028,Harvest Foods Co.,Food & Beverage,AMER,United States,Supplier Target,2041,Forecast,,4884.3,13856.2,3928.2,7665.7,0.6108,FY2030_Add5_Expert3_Growth2_NZ2050
SUP-028,Harvest Foods Co.,Food & Beverage,AMER,United States,Supplier Target,2042,Forecast,,4428.4,13856.2,3491.8,8121.6,0.6471,FY2030_Add5_Expert3_Growth2_NZ2050
SUP-028,Harvest Foods Co.,Food & Beverage,AMER,United States,Supplier Target,2043,Forecast,,3952.4,13856.2,3055.3,8597.6,0.6851,FY2030_Add5_Expert3_Growth2_NZ2050
SUP-028,Harvest Foods Co.,Food & Beverage,AMER,United States,Supplier Target,2044,Forecast,,3455.5,13856.2,2618.8,9094.5,0.7247,FY2030_Add5_Expert3_Growth2_NZ2050
SUP-028,Harvest Foods Co.,Food & Beverage,AMER,United States,Supplier Target,2045,Forecast,,2937.2,13856.2,2182.4,9612.8,0.766,FY2030_Add5_Expert3_Growth2_NZ2050
SUP-028,Harvest Foods Co.,Food & Beverage,AMER,United States,Supplier Target,2046,Forecast,,2396.7,13856.2,1745.9,10153.3,0.809,FY2030_Add5_Expert3_Growth2_NZ2050
SUP-028,Harvest Foods Co.,Food & Beverage,AMER,United States,Supplier Target,2047,Forecast,,1833.5,13856.2,1309.4,10716.5,0.8539,FY2030_Add5_Expert3_Growth2_NZ2050
SUP-028,Harvest Foods Co.,Food & Beverage,AMER,United States,Supplier Target,2048,Forecast,,1246.8,13856.2,872.9,11303.2,0.9007,FY2030_Add5_Expert3_Growth2_NZ2050
SUP-028,Harvest Foods Co.,Food & Beverage,AMER,United States,Supplier Target,2049,Forecast,,635.9,13856.2,436.5,11914.1,0.9493,FY2030_Add5_Expert3_Growth2_NZ2050
SUP-028,Harvest Foods Co.,Food & Beverage,AMER,United States,Supplier Target,2050,Forecast,,0,13856.2,0.0,12550.0,1.0,FY2030_Add5_Expert3_Growth2_NZ2050
SUP-029,FreshFields Produce,Food & Beverage,EMEA,Netherlands,Supplier Target,2018,Actual,12433.4,,,,-1733.4,-0.162,FY2030_Add5_Expert3_Growth2_NZ2050
SUP-029,FreshFields Produce,Food & Beverage,EMEA,Netherlands,Supplier Target,2019,Actual,12165.9,,,,-1465.9,-0.137,FY2030_Add5_Expert3_Growth2_NZ2050
SUP-029,FreshFields Produce,Food & Beverage,EMEA,Netherlands,Supplier Target,2020,Actual,11909.1,,,,-1209.1,-0.113,FY2030_Add5_Expert3_Growth2_NZ2050
SUP-029,FreshFields Produce,Food & Beverage,EMEA,Netherlands,Supplier Target,2021,Actual,11652.3,,,,-952.3,-0.089,FY2030_Add5_Expert3_Growth2_NZ2050
SUP-029,FreshFields Produce,Food & Beverage,EMEA,Netherlands,Supplier Target,2022,Actual,11481.1,,,,-781.1,-0.073,FY2030_Add5_Expert3_Growth2_NZ2050
SUP-029,FreshFields Produce,Food & Beverage,EMEA,Netherlands,Supplier Target,2023,Actual,11138.7,,,,-438.7,-0.041,FY2030_Add5_Expert3_Growth2_NZ2050
SUP-029,FreshFields Produce,Food & Beverage,EMEA,Netherlands,Supplier Target,2024,Actual,10871.2,,,,-171.2,-0.016,FY2030_Add5_Expert3_Growth2_NZ2050
SUP-029,FreshFields Produce,Food & Beverage,EMEA,Netherlands,Supplier Target,2025,Actual,10700.0,,11813.7,,0.0,0.0,FY2030_Add5_Expert3_Growth2_NZ2050
SUP-029,FreshFields Produce,Food & Beverage,EMEA,Netherlands,Supplier Target,2026,Forecast,,10019.1,11813.7,,680.9,0.0636,FY2030_Add5_Expert3_Growth2_NZ2050
SUP-029,FreshFields Produce,Food & Beverage,EMEA,Netherlands,Supplier Target,2027,Forecast,,9306.6,11813.7,,1393.4,0.1302,FY2030_Add5_Expert3_Growth2_NZ2050
SUP-029,FreshFields Produce,Food & Beverage,EMEA,Netherlands,Supplier Target,2028,Forecast,,8561.6,11813.7,,2138.4,0.1998,FY2030_Add5_Expert3_Growth2_NZ2050
SUP-029,FreshFields Produce,Food & Beverage,EMEA,Netherlands,Supplier Target,2029,Forecast,,7783.1,11813.7,,2916.9,0.2726,FY2030_Add5_Expert3_Growth2_NZ2050
SUP-029,FreshFields Produce,Food & Beverage,EMEA,Netherlands,Supplier Target,2030,Forecast,,6970.1,11813.7,6970.1,3729.9,0.3486,FY2030_Add5_Expert3_Growth2_NZ2050
SUP-029,FreshFields Produce,Food & Beverage,EMEA,Netherlands,Supplier Target,2031,Forecast,,6754.0,11813.7,6621.6,3946.0,0.3688,FY2030_Add5_Expert3_Growth2_NZ2050
SUP-029,FreshFields Produce,Food & Beverage,EMEA,Netherlands,Supplier Target,2032,Forecast,,6526.5,11813.7,6273.1,4173.5,0.39,FY2030_Add5_Expert3_Growth2_NZ2050
SUP-029,FreshFields Produce,Food & Beverage,EMEA,Netherlands,Supplier Target,2033,Forecast,,6287.2,11813.7,5924.6,4412.8,0.4124,FY2030_Add5_Expert3_Growth2_NZ2050
SUP-029,FreshFields Produce,Food & Beverage,EMEA,Netherlands,Supplier Target,2034,Forecast,,6035.7,11813.7,5576.0,4664.3,0.4359,FY2030_Add5_Expert3_Growth2_NZ2050
SUP-029,FreshFields Produce,Food & Beverage,EMEA,Netherlands,Supplier Target,2035,Forecast,,5771.6,11813.7,5227.5,4928.4,0.4606,FY2030_Add5_Expert3_Growth2_NZ2050
SUP-029,FreshFields Produce,Food & Beverage,EMEA,Netherlands,Supplier Target,2036,Forecast,,5494.6,11813.7,4879.0,5205.4,0.4865,FY2030_Add5_Expert3_Growth2_NZ2050
SUP-029,FreshFields Produce,Food & Beverage,EMEA,Netherlands,Supplier Target,2037,Forecast,,5204.2,11813.7,4530.5,5495.8,0.5136,FY2030_Add5_Expert3_Growth2_NZ2050
SUP-029,FreshFields Produce,Food & Beverage,EMEA,Netherlands,Supplier Target,2038,Forecast,,4899.9,11813.7,4182.0,5800.1,0.5421,FY2030_Add5_Expert3_Growth2_NZ2050
SUP-029,FreshFields Produce,Food & Beverage,EMEA,Netherlands,Supplier Target,2039,Forecast,,4581.4,11813.7,3833.5,6118.6,0.5718,FY2030_Add5_Expert3_Growth2_NZ2050
SUP-029,FreshFields Produce,Food & Beverage,EMEA,Netherlands,Supplier Target,2040,Forecast,,4248.2,11813.7,3485.0,6451.8,0.603,FY2030_Add5_Expert3_Growth2_NZ2050
SUP-029,FreshFields Produce,Food & Beverage,EMEA,Netherlands,Supplier Target,2041,Forecast,,3899.9,11813.7,3136.5,6800.1,0.6355,FY2030_Add5_Expert3_Growth2_NZ2050
SUP-029,FreshFields Produce,Food & Beverage,EMEA,Netherlands,Supplier Target,2042,Forecast,,3535.9,11813.7,2788.0,7164.1,0.6695,FY2030_Add5_Expert3_Growth2_NZ2050
SUP-029,FreshFields Produce,Food & Beverage,EMEA,Netherlands,Supplier Target,2043,Forecast,,3155.8,11813.7,2439.5,7544.2,0.7051,FY2030_Add5_Expert3_Growth2_NZ2050
SUP-029,FreshFields Produce,Food & Beverage,EMEA,Netherlands,Supplier Target,2044,Forecast,,2759.1,11813.7,2091.0,7940.9,0.7421,FY2030_Add5_Expert3_Growth2_NZ2050
SUP-029,FreshFields Produce,Food & Beverage,EMEA,Netherlands,Supplier Target,2045,Forecast,,2345.2,11813.7,1742.5,8354.8,0.7808,FY2030_Add5_Expert3_Growth2_NZ2050
SUP-029,FreshFields Produce,Food & Beverage,EMEA,Netherlands,Supplier Target,2046,Forecast,,1913.7,11813.7,1394.0,8786.3,0.8212,FY2030_Add5_Expert3_Growth2_NZ2050
SUP-029,FreshFields Produce,Food & Beverage,EMEA,Netherlands,Supplier Target,2047,Forecast,,1464.0,11813.7,1045.5,9236.0,0.8632,FY2030_Add5_Expert3_Growth2_NZ2050
SUP-029,FreshFields Produce,Food & Beverage,EMEA,Netherlands,Supplier Target,2048,Forecast,,995.5,11813.7,697.0,9704.5,0.907,FY2030_Add5_Expert3_Growth2_NZ2050
SUP-029,FreshFields Produce,Food & Beverage,EMEA,Netherlands,Supplier Target,2049,Forecast,,507.7,11813.7,348.5,10192.3,0.9526,FY2030_Add5_Expert3_Growth2_NZ2050
SUP-029,FreshFields Produce,Food & Beverage,EMEA,Netherlands,Supplier Target,2050,Forecast,,0,11813.7,0.0,10700.0,1.0,FY2030_Add5_Expert3_Growth2_NZ2050
SUP-030,Tropico Ingredients,Food & Beverage,APAC,Thailand,Expert Judgement,2018,Actual,11387.6,,,,-1587.6,-0.162,FY2030_Add5_Expert3_Growth2_NZ2050
SUP-030,Tropico Ingredients,Food & Beverage,APAC,Thailand,Expert Judgement,2019,Actual,11142.6,,,,-1342.6,-0.137,FY2030_Add5_Expert3_Growth2_NZ2050
SUP-030,Tropico Ingredients,Food & Beverage,APAC,Thailand,Expert Judgement,2020,Actual,10907.4,,,,-1107.4,-0.113,FY2030_Add5_Expert3_Growth2_NZ2050
SUP-030,Tropico Ingredients,Food & Beverage,APAC,Thailand,Expert Judgement,2021,Actual,10672.2,,,,-872.2,-0.089,FY2030_Add5_Expert3_Growth2_NZ2050
SUP-030,Tropico Ingredients,Food & Beverage,APAC,Thailand,Expert Judgement,2022,Actual,10515.4,,,,-715.4,-0.073,FY2030_Add5_Expert3_Growth2_NZ2050
SUP-030,Tropico Ingredients,Food & Beverage,APAC,Thailand,Expert Judgement,2023,Actual,10201.8,,,,-401.8,-0.041,FY2030_Add5_Expert3_Growth2_NZ2050
SUP-030,Tropico Ingredients,Food & Beverage,APAC,Thailand,Expert Judgement,2024,Actual,9956.8,,,,-156.8,-0.016,FY2030_Add5_Expert3_Growth2_NZ2050
SUP-030,Tropico Ingredients,Food & Beverage,APAC,Thailand,Expert Judgement,2025,Actual,9800.0,,10820.0,,0.0,0.0,FY2030_Add5_Expert3_Growth2_NZ2050
SUP-030,Tropico Ingredients,Food & Beverage,APAC,Thailand,Expert Judgement,2026,Forecast,,9396.2,10820.0,,403.8,0.0412,FY2030_Add5_Expert3_Growth2_NZ2050
SUP-030,Tropico Ingredients,Food & Beverage,APAC,Thailand,Expert Judgement,2027,Forecast,,8972.4,10820.0,,827.6,0.0844,FY2030_Add5_Expert3_Growth2_NZ2050
SUP-030,Tropico Ingredients,Food & Beverage,APAC,Thailand,Expert Judgement,2028,Forecast,,8527.9,10820.0,,1272.1,0.1298,FY2030_Add5_Expert3_Growth2_NZ2050
SUP-030,Tropico Ingredients,Food & Beverage,APAC,Thailand,Expert Judgement,2029,Forecast,,8062.0,10820.0,,1738.0,0.1774,FY2030_Add5_Expert3_Growth2_NZ2050
SUP-030,Tropico Ingredients,Food & Beverage,APAC,Thailand,Expert Judgement,2030,Forecast,,7574.0,10820.0,7574.0,2226.0,0.2271,FY2030_Add5_Expert3_Growth2_NZ2050
SUP-030,Tropico Ingredients,Food & Beverage,APAC,Thailand,Expert Judgement,2031,Forecast,,7339.2,10820.0,7195.3,2460.8,0.2511,FY2030_Add5_Expert3_Growth2_NZ2050
SUP-030,Tropico Ingredients,Food & Beverage,APAC,Thailand,Expert Judgement,2032,Forecast,,7092.0,10820.0,6816.6,2708.0,0.2763,FY2030_Add5_Expert3_Growth2_NZ2050
SUP-030,Tropico Ingredients,Food & Beverage,APAC,Thailand,Expert Judgement,2033,Forecast,,6831.9,10820.0,6437.9,2968.1,0.3029,FY2030_Add5_Expert3_Growth2_NZ2050
SUP-030,Tropico Ingredients,Food & Beverage,APAC,Thailand,Expert Judgement,2034,Forecast,,6558.7,10820.0,6059.2,3241.3,0.3307,FY2030_Add5_Expert3_Growth2_NZ2050
SUP-030,Tropico Ingredients,Food & Beverage,APAC,Thailand,Expert Judgement,2035,Forecast,,6271.7,10820.0,5680.5,3528.3,0.36,FY2030_Add5_Expert3_Growth2_NZ2050
SUP-030,Tropico Ingredients,Food & Beverage,APAC,Thailand,Expert Judgement,2036,Forecast,,5970.7,10820.0,5301.8,3829.3,0.3907,FY2030_Add5_Expert3_Growth2_NZ2050
SUP-030,Tropico Ingredients,Food & Beverage,APAC,Thailand,Expert Judgement,2037,Forecast,,5655.1,10820.0,4923.1,4144.9,0.4229,FY2030_Add5_Expert3_Growth2_NZ2050
SUP-030,Tropico Ingredients,Food & Beverage,APAC,Thailand,Expert Judgement,2038,Forecast,,5324.5,10820.0,4544.4,4475.5,0.4567,FY2030_Add5_Expert3_Growth2_NZ2050
SUP-030,Tropico Ingredients,Food & Beverage,APAC,Thailand,Expert Judgement,2039,Forecast,,4978.4,10820.0,4165.7,4821.6,0.492,FY2030_Add5_Expert3_Growth2_NZ2050
SUP-030,Tropico Ingredients,Food & Beverage,APAC,Thailand,Expert Judgement,2040,Forecast,,4616.3,10820.0,3787.0,5183.7,0.5289,FY2030_Add5_Expert3_Growth2_NZ2050
SUP-030,Tropico Ingredients,Food & Beverage,APAC,Thailand,Expert Judgement,2041,Forecast,,4237.8,10820.0,3408.3,5562.2,0.5676,FY2030_Add5_Expert3_Growth2_NZ2050
SUP-030,Tropico Ingredients,Food & Beverage,APAC,Thailand,Expert Judgement,2042,Forecast,,3842.3,10820.0,3029.6,5957.7,0.6079,FY2030_Add5_Expert3_Growth2_NZ2050
SUP-030,Tropico Ingredients,Food & Beverage,APAC,Thailand,Expert Judgement,2043,Forecast,,3429.2,10820.0,2650.9,6370.8,0.6501,FY2030_Add5_Expert3_Growth2_NZ2050
SUP-030,Tropico Ingredients,Food & Beverage,APAC,Thailand,Expert Judgement,2044,Forecast,,2998.1,10820.0,2272.2,6801.9,0.6941,FY2030_Add5_Expert3_Growth2_NZ2050
SUP-030,Tropico Ingredients,Food & Beverage,APAC,Thailand,Expert Judgement,2045,Forecast,,2548.4,10820.0,1893.5,7251.6,0.74,FY2030_Add5_Expert3_Growth2_NZ2050
SUP-030,Tropico Ingredients,Food & Beverage,APAC,Thailand,Expert Judgement,2046,Forecast,,2079.5,10820.0,1514.8,7720.5,0.7878,FY2030_Add5_Expert3_Growth2_NZ2050
SUP-030,Tropico Ingredients,Food & Beverage,APAC,Thailand,Expert Judgement,2047,Forecast,,1590.8,10820.0,1136.1,8209.2,0.8377,FY2030_Add5_Expert3_Growth2_NZ2050
SUP-030,Tropico Ingredients,Food & Beverage,APAC,Thailand,Expert Judgement,2048,Forecast,,1081.8,10820.0,757.4,8718.2,0.8896,FY2030_Add5_Expert3_Growth2_NZ2050
SUP-030,Tropico Ingredients,Food & Beverage,APAC,Thailand,Expert Judgement,2049,Forecast,,551.7,10820.0,378.7,9248.3,0.9437,FY2030_Add5_Expert3_Growth2_NZ2050
SUP-030,Tropico Ingredients,Food & Beverage,APAC,Thailand,Expert Judgement,2050,Forecast,,0,10820.0,0.0,9800.0,1.0,FY2030_Add5_Expert3_Growth2_NZ2050
SUP-031,DairyPath Supply,Food & Beverage,EMEA,Denmark,Supplier Target,2018,Actual,11097.1,,,,-1547.1,-0.162,FY2030_Add5_Expert3_Growth2_NZ2050
SUP-031,DairyPath Supply,Food & Beverage,EMEA,Denmark,Supplier Target,2019,Actual,10858.4,,,,-1308.4,-0.137,FY2030_Add5_Expert3_Growth2_NZ2050
SUP-031,DairyPath Supply,Food & Beverage,EMEA,Denmark,Supplier Target,2020,Actual,10629.1,,,,-1079.1,-0.113,FY2030_Add5_Expert3_Growth2_NZ2050
SUP-031,DairyPath Supply,Food & Beverage,EMEA,Denmark,Supplier Target,2021,Actual,10399.9,,,,-849.9,-0.089,FY2030_Add5_Expert3_Growth2_NZ2050
SUP-031,DairyPath Supply,Food & Beverage,EMEA,Denmark,Supplier Target,2022,Actual,10247.1,,,,-697.1,-0.073,FY2030_Add5_Expert3_Growth2_NZ2050
SUP-031,DairyPath Supply,Food & Beverage,EMEA,Denmark,Supplier Target,2023,Actual,9941.5,,,,-391.5,-0.041,FY2030_Add5_Expert3_Growth2_NZ2050
SUP-031,DairyPath Supply,Food & Beverage,EMEA,Denmark,Supplier Target,2024,Actual,9702.8,,,,-152.8,-0.016,FY2030_Add5_Expert3_Growth2_NZ2050
SUP-031,DairyPath Supply,Food & Beverage,EMEA,Denmark,Supplier Target,2025,Actual,9550.0,,10544.0,,0.0,0.0,FY2030_Add5_Expert3_Growth2_NZ2050
SUP-031,DairyPath Supply,Food & Beverage,EMEA,Denmark,Supplier Target,2026,Forecast,,8981.2,10544.0,,568.8,0.0596,FY2030_Add5_Expert3_Growth2_NZ2050
SUP-031,DairyPath Supply,Food & Beverage,EMEA,Denmark,Supplier Target,2027,Forecast,,8385.8,10544.0,,1164.2,0.1219,FY2030_Add5_Expert3_Growth2_NZ2050
SUP-031,DairyPath Supply,Food & Beverage,EMEA,Denmark,Supplier Target,2028,Forecast,,7763.1,10544.0,,1786.9,0.1871,FY2030_Add5_Expert3_Growth2_NZ2050
SUP-031,DairyPath Supply,Food & Beverage,EMEA,Denmark,Supplier Target,2029,Forecast,,7112.0,10544.0,,2438.0,0.2553,FY2030_Add5_Expert3_Growth2_NZ2050
SUP-031,DairyPath Supply,Food & Beverage,EMEA,Denmark,Supplier Target,2030,Forecast,,6431.8,10544.0,6431.8,3118.2,0.3265,FY2030_Add5_Expert3_Growth2_NZ2050
SUP-031,DairyPath Supply,Food & Beverage,EMEA,Denmark,Supplier Target,2031,Forecast,,6232.4,10544.0,6110.2,3317.6,0.3474,FY2030_Add5_Expert3_Growth2_NZ2050
SUP-031,DairyPath Supply,Food & Beverage,EMEA,Denmark,Supplier Target,2032,Forecast,,6022.5,10544.0,5788.6,3527.5,0.3694,FY2030_Add5_Expert3_Growth2_NZ2050
SUP-031,DairyPath Supply,Food & Beverage,EMEA,Denmark,Supplier Target,2033,Forecast,,5801.7,10544.0,5467.0,3748.3,0.3925,FY2030_Add5_Expert3_Growth2_NZ2050
SUP-031,DairyPath Supply,Food & Beverage,EMEA,Denmark,Supplier Target,2034,Forecast,,5569.6,10544.0,5145.5,3980.4,0.4168,FY2030_Add5_Expert3_Growth2_NZ2050
SUP-031,DairyPath Supply,Food & Beverage,EMEA,Denmark,Supplier Target,2035,Forecast,,5325.9,10544.0,4823.9,4224.1,0.4423,FY2030_Add5_Expert3_Growth2_NZ2050
SUP-031,DairyPath Supply,Food & Beverage,EMEA,Denmark,Supplier Target,2036,Forecast,,5070.3,10544.0,4502.3,4479.7,0.4691,FY2030_Add5_Expert3_Growth2_NZ2050
SUP-031,DairyPath Supply,Food & Beverage,EMEA,Denmark,Supplier Target,2037,Forecast,,4802.3,10544.0,4180.7,4747.7,0.4971,FY2030_Add5_Expert3_Growth2_NZ2050
SUP-031,DairyPath Supply,Food & Beverage,EMEA,Denmark,Supplier Target,2038,Forecast,,4521.5,10544.0,3859.1,5028.5,0.5265,FY2030_Add5_Expert3_Growth2_NZ2050
SUP-031,DairyPath Supply,Food & Beverage,EMEA,Denmark,Supplier Target,2039,Forecast,,4227.6,10544.0,3537.5,5322.4,0.5573,FY2030_Add5_Expert3_Growth2_NZ2050
SUP-031,DairyPath Supply,Food & Beverage,EMEA,Denmark,Supplier Target,2040,Forecast,,3920.2,10544.0,3215.9,5629.8,0.5895,FY2030_Add5_Expert3_Growth2_NZ2050
SUP-031,DairyPath Supply,Food & Beverage,EMEA,Denmark,Supplier Target,2041,Forecast,,3598.7,10544.0,2894.3,5951.3,0.6232,FY2030_Add5_Expert3_Growth2_NZ2050
SUP-031,DairyPath Supply,Food & Beverage,EMEA,Denmark,Supplier Target,2042,Forecast,,3262.8,10544.0,2572.7,6287.2,0.6583,FY2030_Add5_Expert3_Growth2_NZ2050
SUP-031,DairyPath Supply,Food & Beverage,EMEA,Denmark,Supplier Target,2043,Forecast,,2912.1,10544.0,2251.1,6637.9,0.6951,FY2030_Add5_Expert3_Growth2_NZ2050
SUP-031,DairyPath Supply,Food & Beverage,EMEA,Denmark,Supplier Target,2044,Forecast,,2546.0,10544.0,1929.5,7004.0,0.7334,FY2030_Add5_Expert3_Growth2_NZ2050
SUP-031,DairyPath Supply,Food & Beverage,EMEA,Denmark,Supplier Target,2045,Forecast,,2164.1,10544.0,1608.0,7385.9,0.7734,FY2030_Add5_Expert3_Growth2_NZ2050
SUP-031,DairyPath Supply,Food & Beverage,EMEA,Denmark,Supplier Target,2046,Forecast,,1765.9,10544.0,1286.4,7784.1,0.8151,FY2030_Add5_Expert3_Growth2_NZ2050
SUP-031,DairyPath Supply,Food & Beverage,EMEA,Denmark,Supplier Target,2047,Forecast,,1350.9,10544.0,964.8,8199.1,0.8585,FY2030_Add5_Expert3_Growth2_NZ2050
SUP-031,DairyPath Supply,Food & Beverage,EMEA,Denmark,Supplier Target,2048,Forecast,,918.6,10544.0,643.2,8631.4,0.9038,FY2030_Add5_Expert3_Growth2_NZ2050
SUP-031,DairyPath Supply,Food & Beverage,EMEA,Denmark,Supplier Target,2049,Forecast,,468.5,10544.0,321.6,9081.5,0.9509,FY2030_Add5_Expert3_Growth2_NZ2050
SUP-031,DairyPath Supply,Food & Beverage,EMEA,Denmark,Supplier Target,2050,Forecast,,0,10544.0,0.0,9550.0,1.0,FY2030_Add5_Expert3_Growth2_NZ2050
SUP-032,BlueLake Beverages,Food & Beverage,AMER,Brazil,Expert Judgement,2018,Actual,9063.6,,,,-1263.6,-0.162,FY2030_Add5_Expert3_Growth2_NZ2050
SUP-032,BlueLake Beverages,Food & Beverage,AMER,Brazil,Expert Judgement,2019,Actual,8868.6,,,,-1068.6,-0.137,FY2030_Add5_Expert3_Growth2_NZ2050
SUP-032,BlueLake Beverages,Food & Beverage,AMER,Brazil,Expert Judgement,2020,Actual,8681.4,,,,-881.4,-0.113,FY2030_Add5_Expert3_Growth2_NZ2050
SUP-032,BlueLake Beverages,Food & Beverage,AMER,Brazil,Expert Judgement,2021,Actual,8494.2,,,,-694.2,-0.089,FY2030_Add5_Expert3_Growth2_NZ2050
SUP-032,BlueLake Beverages,Food & Beverage,AMER,Brazil,Expert Judgement,2022,Actual,8369.4,,,,-569.4,-0.073,FY2030_Add5_Expert3_Growth2_NZ2050
SUP-032,BlueLake Beverages,Food & Beverage,AMER,Brazil,Expert Judgement,2023,Actual,8119.8,,,,-319.8,-0.041,FY2030_Add5_Expert3_Growth2_NZ2050
SUP-032,BlueLake Beverages,Food & Beverage,AMER,Brazil,Expert Judgement,2024,Actual,7924.8,,,,-124.8,-0.016,FY2030_Add5_Expert3_Growth2_NZ2050
SUP-032,BlueLake Beverages,Food & Beverage,AMER,Brazil,Expert Judgement,2025,Actual,7800.0,,8611.8,,0.0,0.0,FY2030_Add5_Expert3_Growth2_NZ2050
SUP-032,BlueLake Beverages,Food & Beverage,AMER,Brazil,Expert Judgement,2026,Forecast,,7510.5,8611.8,,289.5,0.0371,FY2030_Add5_Expert3_Growth2_NZ2050
SUP-032,BlueLake Beverages,Food & Beverage,AMER,Brazil,Expert Judgement,2027,Forecast,,7206.2,8611.8,,593.8,0.0761,FY2030_Add5_Expert3_Growth2_NZ2050
SUP-032,BlueLake Beverages,Food & Beverage,AMER,Brazil,Expert Judgement,2028,Forecast,,6886.8,8611.8,,913.2,0.1171,FY2030_Add5_Expert3_Growth2_NZ2050
SUP-032,BlueLake Beverages,Food & Beverage,AMER,Brazil,Expert Judgement,2029,Forecast,,6551.7,8611.8,,1248.3,0.16,FY2030_Add5_Expert3_Growth2_NZ2050
SUP-032,BlueLake Beverages,Food & Beverage,AMER,Brazil,Expert Judgement,2030,Forecast,,6200.5,8611.8,6200.5,1599.5,0.2051,FY2030_Add5_Expert3_Growth2_NZ2050
SUP-032,BlueLake Beverages,Food & Beverage,AMER,Brazil,Expert Judgement,2031,Forecast,,6008.3,8611.8,5890.5,1791.7,0.2297,FY2030_Add5_Expert3_Growth2_NZ2050
SUP-032,BlueLake Beverages,Food & Beverage,AMER,Brazil,Expert Judgement,2032,Forecast,,5805.9,8611.8,5580.5,1994.1,0.2557,FY2030_Add5_Expert3_Growth2_NZ2050
SUP-032,BlueLake Beverages,Food & Beverage,AMER,Brazil,Expert Judgement,2033,Forecast,,5593.0,8611.8,5270.4,2207.0,0.2829,FY2030_Add5_Expert3_Growth2_NZ2050
SUP-032,BlueLake Beverages,Food & Beverage,AMER,Brazil,Expert Judgement,2034,Forecast,,5369.3,8611.8,4960.4,2430.7,0.3116,FY2030_Add5_Expert3_Growth2_NZ2050
SUP-032,BlueLake Beverages,Food & Beverage,AMER,Brazil,Expert Judgement,2035,Forecast,,5134.4,8611.8,4650.4,2665.6,0.3417,FY2030_Add5_Expert3_Growth2_NZ2050
SUP-032,BlueLake Beverages,Food & Beverage,AMER,Brazil,Expert Judgement,2036,Forecast,,4888.0,8611.8,4340.4,2912.0,0.3733,FY2030_Add5_Expert3_Growth2_NZ2050
SUP-032,BlueLake Beverages,Food & Beverage,AMER,Brazil,Expert Judgement,2037,Forecast,,4629.6,8611.8,4030.3,3170.4,0.4065,FY2030_Add5_Expert3_Growth2_NZ2050
SUP-032,BlueLake Beverages,Food & Beverage,AMER,Brazil,Expert Judgement,2038,Forecast,,4358.9,8611.8,3720.3,3441.1,0.4412,FY2030_Add5_Expert3_Growth2_NZ2050
SUP-032,BlueLake Beverages,Food & Beverage,AMER,Brazil,Expert Judgement,2039,Forecast,,4075.6,8611.8,3410.3,3724.4,0.4775,FY2030_Add5_Expert3_Growth2_NZ2050
SUP-032,BlueLake Beverages,Food & Beverage,AMER,Brazil,Expert Judgement,2040,Forecast,,3779.2,8611.8,3100.3,4020.8,0.5155,FY2030_Add5_Expert3_Growth2_NZ2050
SUP-032,BlueLake Beverages,Food & Beverage,AMER,Brazil,Expert Judgement,2041,Forecast,,3469.3,8611.8,2790.2,4330.7,0.5552,FY2030_Add5_Expert3_Growth2_NZ2050
SUP-032,BlueLake Beverages,Food & Beverage,AMER,Brazil,Expert Judgement,2042,Forecast,,3145.5,8611.8,2480.2,4654.5,0.5967,FY2030_Add5_Expert3_Growth2_NZ2050
SUP-032,BlueLake Beverages,Food & Beverage,AMER,Brazil,Expert Judgement,2043,Forecast,,2807.4,8611.8,2170.2,4992.6,0.6401,FY2030_Add5_Expert3_Growth2_NZ2050
SUP-032,BlueLake Beverages,Food & Beverage,AMER,Brazil,Expert Judgement,2044,Forecast,,2454.4,8611.8,1860.2,5345.6,0.6853,FY2030_Add5_Expert3_Growth2_NZ2050
SUP-032,BlueLake Beverages,Food & Beverage,AMER,Brazil,Expert Judgement,2045,Forecast,,2086.3,8611.8,1550.1,5713.7,0.7325,FY2030_Add5_Expert3_Growth2_NZ2050
SUP-032,BlueLake Beverages,Food & Beverage,AMER,Brazil,Expert Judgement,2046,Forecast,,1702.4,8611.8,1240.1,6097.6,0.7817,FY2030_Add5_Expert3_Growth2_NZ2050
SUP-032,BlueLake Beverages,Food & Beverage,AMER,Brazil,Expert Judgement,2047,Forecast,,1302.3,8611.8,930.1,6497.7,0.833,FY2030_Add5_Expert3_Growth2_NZ2050
SUP-032,BlueLake Beverages,Food & Beverage,AMER,Brazil,Expert Judgement,2048,Forecast,,885.6,8611.8,620.1,6914.4,0.8865,FY2030_Add5_Expert3_Growth2_NZ2050
SUP-032,BlueLake Beverages,Food & Beverage,AMER,Brazil,Expert Judgement,2049,Forecast,,451.6,8611.8,310.0,7348.4,0.9421,FY2030_Add5_Expert3_Growth2_NZ2050
SUP-032,BlueLake Beverages,Food & Beverage,AMER,Brazil,Expert Judgement,2050,Forecast,,0,8611.8,0.0,7800.0,1.0,FY2030_Add5_Expert3_Growth2_NZ2050
SUP-033,CircuitPro Components,Electronics,APAC,Taiwan,Supplier Target,2018,Actual,13421.1,,,,-1871.1,-0.162,FY2030_Add5_Expert3_Growth2_NZ2050
SUP-033,CircuitPro Components,Electronics,APAC,Taiwan,Supplier Target,2019,Actual,13132.4,,,,-1582.4,-0.137,FY2030_Add5_Expert3_Growth2_NZ2050
SUP-033,CircuitPro Components,Electronics,APAC,Taiwan,Supplier Target,2020,Actual,12855.1,,,,-1305.1,-0.113,FY2030_Add5_Expert3_Growth2_NZ2050
SUP-033,CircuitPro Components,Electronics,APAC,Taiwan,Supplier Target,2021,Actual,12577.9,,,,-1027.9,-0.089,FY2030_Add5_Expert3_Growth2_NZ2050
SUP-033,CircuitPro Components,Electronics,APAC,Taiwan,Supplier Target,2022,Actual,12393.1,,,,-843.1,-0.073,FY2030_Add5_Expert3_Growth2_NZ2050
SUP-033,CircuitPro Components,Electronics,APAC,Taiwan,Supplier Target,2023,Actual,12023.5,,,,-473.5,-0.041,FY2030_Add5_Expert3_Growth2_NZ2050
SUP-033,CircuitPro Components,Electronics,APAC,Taiwan,Supplier Target,2024,Actual,11734.8,,,,-184.8,-0.016,FY2030_Add5_Expert3_Growth2_NZ2050
SUP-033,CircuitPro Components,Electronics,APAC,Taiwan,Supplier Target,2025,Actual,11550.0,,12752.1,,0.0,0.0,FY2030_Add5_Expert3_Growth2_NZ2050
SUP-033,CircuitPro Components,Electronics,APAC,Taiwan,Supplier Target,2026,Forecast,,10791.4,12752.1,,758.6,0.0657,FY2030_Add5_Expert3_Growth2_NZ2050
SUP-033,CircuitPro Components,Electronics,APAC,Taiwan,Supplier Target,2027,Forecast,,9997.8,12752.1,,1552.2,0.1344,FY2030_Add5_Expert3_Growth2_NZ2050
SUP-033,CircuitPro Components,Electronics,APAC,Taiwan,Supplier Target,2028,Forecast,,9168.2,12752.1,,2381.8,0.2062,FY2030_Add5_Expert3_Growth2_NZ2050
SUP-033,CircuitPro Components,Electronics,APAC,Taiwan,Supplier Target,2029,Forecast,,8301.4,12752.1,,3248.6,0.2813,FY2030_Add5_Expert3_Growth2_NZ2050
SUP-033,CircuitPro Components,Electronics,APAC,Taiwan,Supplier Target,2030,Forecast,,7396.2,12752.1,7396.2,4153.8,0.3596,FY2030_Add5_Expert3_Growth2_NZ2050
SUP-033,CircuitPro Components,Electronics,APAC,Taiwan,Supplier Target,2031,Forecast,,7167.0,12752.1,7026.4,4383.0,0.3795,FY2030_Add5_Expert3_Growth2_NZ2050
SUP-033,CircuitPro Components,Electronics,APAC,Taiwan,Supplier Target,2032,Forecast,,6925.5,12752.1,6656.6,4624.5,0.4004,FY2030_Add5_Expert3_Growth2_NZ2050
SUP-033,CircuitPro Components,Electronics,APAC,Taiwan,Supplier Target,2033,Forecast,,6671.6,12752.1,6286.8,4878.4,0.4224,FY2030_Add5_Expert3_Growth2_NZ2050
SUP-033,CircuitPro Components,Electronics,APAC,Taiwan,Supplier Target,2034,Forecast,,6404.7,12752.1,5917.0,5145.3,0.4455,FY2030_Add5_Expert3_Growth2_NZ2050
SUP-033,CircuitPro Components,Electronics,APAC,Taiwan,Supplier Target,2035,Forecast,,6124.5,12752.1,5547.2,5425.5,0.4697,FY2030_Add5_Expert3_Growth2_NZ2050
SUP-033,CircuitPro Components,Electronics,APAC,Taiwan,Supplier Target,2036,Forecast,,5830.6,12752.1,5177.4,5719.4,0.4952,FY2030_Add5_Expert3_Growth2_NZ2050
SUP-033,CircuitPro Components,Electronics,APAC,Taiwan,Supplier Target,2037,Forecast,,5522.4,12752.1,4807.6,6027.6,0.5219,FY2030_Add5_Expert3_Growth2_NZ2050
SUP-033,CircuitPro Components,Electronics,APAC,Taiwan,Supplier Target,2038,Forecast,,5199.5,12752.1,4437.7,6350.5,0.5498,FY2030_Add5_Expert3_Growth2_NZ2050
SUP-033,CircuitPro Components,Electronics,APAC,Taiwan,Supplier Target,2039,Forecast,,4861.6,12752.1,4067.9,6688.4,0.5791,FY2030_Add5_Expert3_Growth2_NZ2050
SUP-033,CircuitPro Components,Electronics,APAC,Taiwan,Supplier Target,2040,Forecast,,4508.0,12752.1,3698.1,7042.0,0.6097,FY2030_Add5_Expert3_Growth2_NZ2050
SUP-033,CircuitPro Components,Electronics,APAC,Taiwan,Supplier Target,2041,Forecast,,4138.3,12752.1,3328.3,7411.7,0.6417,FY2030_Add5_Expert3_Growth2_NZ2050
SUP-033,CircuitPro Components,Electronics,APAC,Taiwan,Supplier Target,2042,Forecast,,3752.1,12752.1,2958.5,7797.9,0.6751,FY2030_Add5_Expert3_Growth2_NZ2050
SUP-033,CircuitPro Components,Electronics,APAC,Taiwan,Supplier Target,2043,Forecast,,3348.7,12752.1,2588.7,8201.3,0.7101,FY2030_Add5_Expert3_Growth2_NZ2050
SUP-033,CircuitPro Components,Electronics,APAC,Taiwan,Supplier Target,2044,Forecast,,2927.8,12752.1,2218.9,8622.2,0.7465,FY2030_Add5_Expert3_Growth2_NZ2050
SUP-033,CircuitPro Components,Electronics,APAC,Taiwan,Supplier Target,2045,Forecast,,2488.6,12752.1,1849.1,9061.4,0.7845,FY2030_Add5_Expert3_Growth2_NZ2050
SUP-033,CircuitPro Components,Electronics,APAC,Taiwan,Supplier Target,2046,Forecast,,2030.7,12752.1,1479.2,9519.3,0.8242,FY2030_Add5_Expert3_Growth2_NZ2050
SUP-033,CircuitPro Components,Electronics,APAC,Taiwan,Supplier Target,2047,Forecast,,1553.5,12752.1,1109.4,9996.5,0.8655,FY2030_Add5_Expert3_Growth2_NZ2050
SUP-033,CircuitPro Components,Electronics,APAC,Taiwan,Supplier Target,2048,Forecast,,1056.4,12752.1,739.6,10493.6,0.9085,FY2030_Add5_Expert3_Growth2_NZ2050
SUP-033,CircuitPro Components,Electronics,APAC,Taiwan,Supplier Target,2049,Forecast,,538.7,12752.1,369.8,11011.3,0.9534,FY2030_Add5_Expert3_Growth2_NZ2050
SUP-033,CircuitPro Components,Electronics,APAC,Taiwan,Supplier Target,2050,Forecast,,0,12752.1,0.0,11550.0,1.0,FY2030_Add5_Expert3_Growth2_NZ2050
SUP-034,BrightChip Devices,Electronics,APAC,South Korea,Supplier Target,2018,Actual,12549.6,,,,-1749.6,-0.162,FY2030_Add5_Expert3_Growth2_NZ2050
SUP-034,BrightChip Devices,Electronics,APAC,South Korea,Supplier Target,2019,Actual,12279.6,,,,-1479.6,-0.137,FY2030_Add5_Expert3_Growth2_NZ2050
SUP-034,BrightChip Devices,Electronics,APAC,South Korea,Supplier Target,2020,Actual,12020.4,,,,-1220.4,-0.113,FY2030_Add5_Expert3_Growth2_NZ2050
SUP-034,BrightChip Devices,Electronics,APAC,South Korea,Supplier Target,2021,Actual,11761.2,,,,-961.2,-0.089,FY2030_Add5_Expert3_Growth2_NZ2050
SUP-034,BrightChip Devices,Electronics,APAC,South Korea,Supplier Target,2022,Actual,11588.4,,,,-788.4,-0.073,FY2030_Add5_Expert3_Growth2_NZ2050
SUP-034,BrightChip Devices,Electronics,APAC,South Korea,Supplier Target,2023,Actual,11242.8,,,,-442.8,-0.041,FY2030_Add5_Expert3_Growth2_NZ2050
SUP-034,BrightChip Devices,Electronics,APAC,South Korea,Supplier Target,2024,Actual,10972.8,,,,-172.8,-0.016,FY2030_Add5_Expert3_Growth2_NZ2050
SUP-034,BrightChip Devices,Electronics,APAC,South Korea,Supplier Target,2025,Actual,10800.0,,11924.1,,0.0,0.0,FY2030_Add5_Expert3_Growth2_NZ2050
SUP-034,BrightChip Devices,Electronics,APAC,South Korea,Supplier Target,2026,Forecast,,10134.7,11924.1,,665.3,0.0616,FY2030_Add5_Expert3_Growth2_NZ2050
SUP-034,BrightChip Devices,Electronics,APAC,South Korea,Supplier Target,2027,Forecast,,9438.5,11924.1,,1361.5,0.1261,FY2030_Add5_Expert3_Growth2_NZ2050
SUP-034,BrightChip Devices,Electronics,APAC,South Korea,Supplier Target,2028,Forecast,,8710.4,11924.1,,2089.6,0.1935,FY2030_Add5_Expert3_Growth2_NZ2050
SUP-034,BrightChip Devices,Electronics,APAC,South Korea,Supplier Target,2029,Forecast,,7949.4,11924.1,,2850.6,0.2639,FY2030_Add5_Expert3_Growth2_NZ2050
SUP-034,BrightChip Devices,Electronics,APAC,South Korea,Supplier Target,2030,Forecast,,7154.4,11924.1,7154.4,3645.6,0.3376,FY2030_Add5_Expert3_Growth2_NZ2050
SUP-034,BrightChip Devices,Electronics,APAC,South Korea,Supplier Target,2031,Forecast,,6932.7,11924.1,6796.7,3867.3,0.3581,FY2030_Add5_Expert3_Growth2_NZ2050
SUP-034,BrightChip Devices,Electronics,APAC,South Korea,Supplier Target,2032,Forecast,,6699.1,11924.1,6439.0,4100.9,0.3797,FY2030_Add5_Expert3_Growth2_NZ2050
SUP-034,BrightChip Devices,Electronics,APAC,South Korea,Supplier Target,2033,Forecast,,6453.5,11924.1,6081.3,4346.5,0.4025,FY2030_Add5_Expert3_Growth2_NZ2050
SUP-034,BrightChip Devices,Electronics,APAC,South Korea,Supplier Target,2034,Forecast,,6195.4,11924.1,5723.6,4604.6,0.4264,FY2030_Add5_Expert3_Growth2_NZ2050
SUP-034,BrightChip Devices,Electronics,APAC,South Korea,Supplier Target,2035,Forecast,,5924.3,11924.1,5365.8,4875.7,0.4515,FY2030_Add5_Expert3_Growth2_NZ2050
SUP-034,BrightChip Devices,Electronics,APAC,South Korea,Supplier Target,2036,Forecast,,5639.9,11924.1,5008.1,5160.1,0.4778,FY2030_Add5_Expert3_Growth2_NZ2050
SUP-034,BrightChip Devices,Electronics,APAC,South Korea,Supplier Target,2037,Forecast,,5341.8,11924.1,4650.4,5458.2,0.5054,FY2030_Add5_Expert3_Growth2_NZ2050
SUP-034,BrightChip Devices,Electronics,APAC,South Korea,Supplier Target,2038,Forecast,,5029.5,11924.1,4292.7,5770.5,0.5343,FY2030_Add5_Expert3_Growth2_NZ2050
SUP-034,BrightChip Devices,Electronics,APAC,South Korea,Supplier Target,2039,Forecast,,4702.6,11924.1,3934.9,6097.4,0.5646,FY2030_Add5_Expert3_Growth2_NZ2050
SUP-034,BrightChip Devices,Electronics,APAC,South Korea,Supplier Target,2040,Forecast,,4360.6,11924.1,3577.2,6439.4,0.5962,FY2030_Add5_Expert3_Growth2_NZ2050
SUP-034,BrightChip Devices,Electronics,APAC,South Korea,Supplier Target,2041,Forecast,,4003.0,11924.1,3219.5,6797.0,0.6293,FY2030_Add5_Expert3_Growth2_NZ2050
SUP-034,BrightChip Devices,Electronics,APAC,South Korea,Supplier Target,2042,Forecast,,3629.4,11924.1,2861.8,7170.6,0.6639,FY2030_Add5_Expert3_Growth2_NZ2050
SUP-034,BrightChip Devices,Electronics,APAC,South Korea,Supplier Target,2043,Forecast,,3239.3,11924.1,2504.1,7560.7,0.7001,FY2030_Add5_Expert3_Growth2_NZ2050
SUP-034,BrightChip Devices,Electronics,APAC,South Korea,Supplier Target,2044,Forecast,,2832.0,11924.1,2146.3,7968.0,0.7378,FY2030_Add5_Expert3_Growth2_NZ2050
SUP-034,BrightChip Devices,Electronics,APAC,South Korea,Supplier Target,2045,Forecast,,2407.2,11924.1,1788.6,8392.8,0.7771,FY2030_Add5_Expert3_Growth2_NZ2050
SUP-034,BrightChip Devices,Electronics,APAC,South Korea,Supplier Target,2046,Forecast,,1964.3,11924.1,1430.9,8835.7,0.8181,FY2030_Add5_Expert3_Growth2_NZ2050
SUP-034,BrightChip Devices,Electronics,APAC,South Korea,Supplier Target,2047,Forecast,,1502.7,11924.1,1073.2,9297.3,0.8609,FY2030_Add5_Expert3_Growth2_NZ2050
SUP-034,BrightChip Devices,Electronics,APAC,South Korea,Supplier Target,2048,Forecast,,1021.8,11924.1,715.4,9778.2,0.9054,FY2030_Add5_Expert3_Growth2_NZ2050
SUP-034,BrightChip Devices,Electronics,APAC,South Korea,Supplier Target,2049,Forecast,,521.1,11924.1,357.7,10278.9,0.9517,FY2030_Add5_Expert3_Growth2_NZ2050
SUP-034,BrightChip Devices,Electronics,APAC,South Korea,Supplier Target,2050,Forecast,,0,11924.1,0.0,10800.0,1.0,FY2030_Add5_Expert3_Growth2_NZ2050
SUP-035,NorthStar Sensors,Electronics,AMER,United States,Expert Judgement,2018,Actual,10283.7,,,,-1433.7,-0.162,FY2030_Add5_Expert3_Growth2_NZ2050
SUP-035,NorthStar Sensors,Electronics,AMER,United States,Expert Judgement,2019,Actual,10062.5,,,,-1212.5,-0.137,FY2030_Add5_Expert3_Growth2_NZ2050
SUP-035,NorthStar Sensors,Electronics,AMER,United States,Expert Judgement,2020,Actual,9850.0,,,,-1000.0,-0.113,FY2030_Add5_Expert3_Growth2_NZ2050
SUP-035,NorthStar Sensors,Electronics,AMER,United States,Expert Judgement,2021,Actual,9637.6,,,,-787.6,-0.089,FY2030_Add5_Expert3_Growth2_NZ2050
SUP-035,NorthStar Sensors,Electronics,AMER,United States,Expert Judgement,2022,Actual,9496.0,,,,-646.0,-0.073,FY2030_Add5_Expert3_Growth2_NZ2050
SUP-035,NorthStar Sensors,Electronics,AMER,United States,Expert Judgement,2023,Actual,9212.8,,,,-362.8,-0.041,FY2030_Add5_Expert3_Growth2_NZ2050
SUP-035,NorthStar Sensors,Electronics,AMER,United States,Expert Judgement,2024,Actual,8991.6,,,,-141.6,-0.016,FY2030_Add5_Expert3_Growth2_NZ2050
SUP-035,NorthStar Sensors,Electronics,AMER,United States,Expert Judgement,2025,Actual,8850.0,,9771.1,,0.0,0.0,FY2030_Add5_Expert3_Growth2_NZ2050
SUP-035,NorthStar Sensors,Electronics,AMER,United States,Expert Judgement,2026,Forecast,,8467.3,9771.1,,382.7,0.0432,FY2030_Add5_Expert3_Growth2_NZ2050
SUP-035,NorthStar Sensors,Electronics,AMER,United States,Expert Judgement,2027,Forecast,,8065.8,9771.1,,784.2,0.0886,FY2030_Add5_Expert3_Growth2_NZ2050
SUP-035,NorthStar Sensors,Electronics,AMER,United States,Expert Judgement,2028,Forecast,,7644.8,9771.1,,1205.2,0.1362,FY2030_Add5_Expert3_Growth2_NZ2050
SUP-035,NorthStar Sensors,Electronics,AMER,United States,Expert Judgement,2029,Forecast,,7203.8,9771.1,,1646.2,0.186,FY2030_Add5_Expert3_Growth2_NZ2050
SUP-035,NorthStar Sensors,Electronics,AMER,United States,Expert Judgement,2030,Forecast,,6742.1,9771.1,6742.1,2107.9,0.2382,FY2030_Add5_Expert3_Growth2_NZ2050
SUP-035,NorthStar Sensors,Electronics,AMER,United States,Expert Judgement,2031,Forecast,,6533.1,9771.1,6405.0,2316.9,0.2618,FY2030_Add5_Expert3_Growth2_NZ2050
SUP-035,NorthStar Sensors,Electronics,AMER,United States,Expert Judgement,2032,Forecast,,6313.0,9771.1,6067.9,2537.0,0.2867,FY2030_Add5_Expert3_Growth2_NZ2050
SUP-035,NorthStar Sensors,Electronics,AMER,United States,Expert Judgement,2033,Forecast,,6081.5,9771.1,5730.8,2768.5,0.3128,FY2030_Add5_Expert3_Growth2_NZ2050
SUP-035,NorthStar Sensors,Electronics,AMER,United States,Expert Judgement,2034,Forecast,,5838.3,9771.1,5393.7,3011.7,0.3403,FY2030_Add5_Expert3_Growth2_NZ2050
SUP-035,NorthStar Sensors,Electronics,AMER,United States,Expert Judgement,2035,Forecast,,5582.8,9771.1,5056.6,3267.2,0.3692,FY2030_Add5_Expert3_Growth2_NZ2050
SUP-035,NorthStar Sensors,Electronics,AMER,United States,Expert Judgement,2036,Forecast,,5314.9,9771.1,4719.4,3535.1,0.3995,FY2030_Add5_Expert3_Growth2_NZ2050
SUP-035,NorthStar Sensors,Electronics,AMER,United States,Expert Judgement,2037,Forecast,,5033.9,9771.1,4382.3,3816.1,0.4312,FY2030_Add5_Expert3_Growth2_NZ2050
SUP-035,NorthStar Sensors,Electronics,AMER,United States,Expert Judgement,2038,Forecast,,4739.6,9771.1,4045.2,4110.4,0.4644,FY2030_Add5_Expert3_Growth2_NZ2050
SUP-035,NorthStar Sensors,Electronics,AMER,United States,Expert Judgement,2039,Forecast,,4431.6,9771.1,3708.1,4418.4,0.4993,FY2030_Add5_Expert3_Growth2_NZ2050
SUP-035,NorthStar Sensors,Electronics,AMER,United States,Expert Judgement,2040,Forecast,,4109.3,9771.1,3371.0,4740.7,0.5357,FY2030_Add5_Expert3_Growth2_NZ2050
SUP-035,NorthStar Sensors,Electronics,AMER,United States,Expert Judgement,2041,Forecast,,3772.3,9771.1,3033.9,5077.7,0.5738,FY2030_Add5_Expert3_Growth2_NZ2050
SUP-035,NorthStar Sensors,Electronics,AMER,United States,Expert Judgement,2042,Forecast,,3420.2,9771.1,2696.8,5429.8,0.6135,FY2030_Add5_Expert3_Growth2_NZ2050
SUP-035,NorthStar Sensors,Electronics,AMER,United States,Expert Judgement,2043,Forecast,,3052.6,9771.1,2359.7,5797.4,0.6551,FY2030_Add5_Expert3_Growth2_NZ2050
SUP-035,NorthStar Sensors,Electronics,AMER,United States,Expert Judgement,2044,Forecast,,2668.8,9771.1,2022.6,6181.2,0.6984,FY2030_Add5_Expert3_Growth2_NZ2050
SUP-035,NorthStar Sensors,Electronics,AMER,United States,Expert Judgement,2045,Forecast,,2268.5,9771.1,1685.5,6581.5,0.7437,FY2030_Add5_Expert3_Growth2_NZ2050
SUP-035,NorthStar Sensors,Electronics,AMER,United States,Expert Judgement,2046,Forecast,,1851.1,9771.1,1348.4,6998.9,0.7908,FY2030_Add5_Expert3_Growth2_NZ2050
SUP-035,NorthStar Sensors,Electronics,AMER,United States,Expert Judgement,2047,Forecast,,1416.1,9771.1,1011.3,7433.9,0.84,FY2030_Add5_Expert3_Growth2_NZ2050
SUP-035,NorthStar Sensors,Electronics,AMER,United States,Expert Judgement,2048,Forecast,,962.9,9771.1,674.2,7887.1,0.8912,FY2030_Add5_Expert3_Growth2_NZ2050
SUP-035,NorthStar Sensors,Electronics,AMER,United States,Expert Judgement,2049,Forecast,,491.1,9771.1,337.1,8358.9,0.9445,FY2030_Add5_Expert3_Growth2_NZ2050
SUP-035,NorthStar Sensors,Electronics,AMER,United States,Expert Judgement,2050,Forecast,,0,9771.1,0.0,8850.0,1.0,FY2030_Add5_Expert3_Growth2_NZ2050
SUP-036,Electra Assemblies,Electronics,EMEA,Czech Republic,Supplier Target,2018,Actual,9760.8,,,,-1360.8,-0.162,FY2030_Add5_Expert3_Growth2_NZ2050
SUP-036,Electra Assemblies,Electronics,EMEA,Czech Republic,Supplier Target,2019,Actual,9550.8,,,,-1150.8,-0.137,FY2030_Add5_Expert3_Growth2_NZ2050
SUP-036,Electra Assemblies,Electronics,EMEA,Czech Republic,Supplier Target,2020,Actual,9349.2,,,,-949.2,-0.113,FY2030_Add5_Expert3_Growth2_NZ2050
SUP-036,Electra Assemblies,Electronics,EMEA,Czech Republic,Supplier Target,2021,Actual,9147.6,,,,-747.6,-0.089,FY2030_Add5_Expert3_Growth2_NZ2050
SUP-036,Electra Assemblies,Electronics,EMEA,Czech Republic,Supplier Target,2022,Actual,9013.2,,,,-613.2,-0.073,FY2030_Add5_Expert3_Growth2_NZ2050
SUP-036,Electra Assemblies,Electronics,EMEA,Czech Republic,Supplier Target,2023,Actual,8744.4,,,,-344.4,-0.041,FY2030_Add5_Expert3_Growth2_NZ2050
SUP-036,Electra Assemblies,Electronics,EMEA,Czech Republic,Supplier Target,2024,Actual,8534.4,,,,-134.4,-0.016,FY2030_Add5_Expert3_Growth2_NZ2050
SUP-036,Electra Assemblies,Electronics,EMEA,Czech Republic,Supplier Target,2025,Actual,8400.0,,9274.3,,0.0,0.0,FY2030_Add5_Expert3_Growth2_NZ2050
SUP-036,Electra Assemblies,Electronics,EMEA,Czech Republic,Supplier Target,2026,Forecast,,7951.1,9274.3,,448.9,0.0534,FY2030_Add5_Expert3_Growth2_NZ2050
SUP-036,Electra Assemblies,Electronics,EMEA,Czech Republic,Supplier Target,2027,Forecast,,7480.9,9274.3,,919.1,0.1094,FY2030_Add5_Expert3_Growth2_NZ2050
SUP-036,Electra Assemblies,Electronics,EMEA,Czech Republic,Supplier Target,2028,Forecast,,6988.7,9274.3,,1411.3,0.168,FY2030_Add5_Expert3_Growth2_NZ2050
SUP-036,Electra Assemblies,Electronics,EMEA,Czech Republic,Supplier Target,2029,Forecast,,6473.8,9274.3,,1926.2,0.2293,FY2030_Add5_Expert3_Growth2_NZ2050
SUP-036,Electra Assemblies,Electronics,EMEA,Czech Republic,Supplier Target,2030,Forecast,,5935.5,9274.3,5935.5,2464.5,0.2934,FY2030_Add5_Expert3_Growth2_NZ2050
SUP-036,Electra Assemblies,Electronics,EMEA,Czech Republic,Supplier Target,2031,Forecast,,5751.5,9274.3,5638.8,2648.5,0.3153,FY2030_Add5_Expert3_Growth2_NZ2050
SUP-036,Electra Assemblies,Electronics,EMEA,Czech Republic,Supplier Target,2032,Forecast,,5557.8,9274.3,5342.0,2842.2,0.3384,FY2030_Add5_Expert3_Growth2_NZ2050
SUP-036,Electra Assemblies,Electronics,EMEA,Czech Republic,Supplier Target,2033,Forecast,,5354.0,9274.3,5045.2,3046.0,0.3626,FY2030_Add5_Expert3_Growth2_NZ2050
SUP-036,Electra Assemblies,Electronics,EMEA,Czech Republic,Supplier Target,2034,Forecast,,5139.9,9274.3,4748.4,3260.1,0.3881,FY2030_Add5_Expert3_Growth2_NZ2050
SUP-036,Electra Assemblies,Electronics,EMEA,Czech Republic,Supplier Target,2035,Forecast,,4915.0,9274.3,4451.7,3485.0,0.4149,FY2030_Add5_Expert3_Growth2_NZ2050
SUP-036,Electra Assemblies,Electronics,EMEA,Czech Republic,Supplier Target,2036,Forecast,,4679.1,9274.3,4154.9,3720.9,0.443,FY2030_Add5_Expert3_Growth2_NZ2050
SUP-036,Electra Assemblies,Electronics,EMEA,Czech Republic,Supplier Target,2037,Forecast,,4431.7,9274.3,3858.1,3968.3,0.4724,FY2030_Add5_Expert3_Growth2_NZ2050
SUP-036,Electra Assemblies,Electronics,EMEA,Czech Republic,Supplier Target,2038,Forecast,,4172.7,9274.3,3561.3,4227.3,0.5033,FY2030_Add5_Expert3_Growth2_NZ2050
SUP-036,Electra Assemblies,Electronics,EMEA,Czech Republic,Supplier Target,2039,Forecast,,3901.4,9274.3,3264.5,4498.6,0.5355,FY2030_Add5_Expert3_Growth2_NZ2050
SUP-036,Electra Assemblies,Electronics,EMEA,Czech Republic,Supplier Target,2040,Forecast,,3617.7,9274.3,2967.8,4782.3,0.5693,FY2030_Add5_Expert3_Growth2_NZ2050
SUP-036,Electra Assemblies,Electronics,EMEA,Czech Republic,Supplier Target,2041,Forecast,,3321.0,9274.3,2671.0,5079.0,0.6046,FY2030_Add5_Expert3_Growth2_NZ2050
SUP-036,Electra Assemblies,Electronics,EMEA,Czech Republic,Supplier Target,2042,Forecast,,3011.1,9274.3,2374.2,5388.9,0.6415,FY2030_Add5_Expert3_Growth2_NZ2050
SUP-036,Electra Assemblies,Electronics,EMEA,Czech Republic,Supplier Target,2043,Forecast,,2687.4,9274.3,2077.4,5712.6,0.6801,FY2030_Add5_Expert3_Growth2_NZ2050
SUP-036,Electra Assemblies,Electronics,EMEA,Czech Republic,Supplier Target,2044,Forecast,,2349.5,9274.3,1780.7,6050.5,0.7203,FY2030_Add5_Expert3_Growth2_NZ2050
SUP-036,Electra Assemblies,Electronics,EMEA,Czech Republic,Supplier Target,2045,Forecast,,1997.1,9274.3,1483.9,6402.9,0.7622,FY2030_Add5_Expert3_Growth2_NZ2050
SUP-036,Electra Assemblies,Electronics,EMEA,Czech Republic,Supplier Target,2046,Forecast,,1629.6,9274.3,1187.1,6770.4,0.806,FY2030_Add5_Expert3_Growth2_NZ2050
SUP-036,Electra Assemblies,Electronics,EMEA,Czech Republic,Supplier Target,2047,Forecast,,1246.7,9274.3,890.3,7153.3,0.8516,FY2030_Add5_Expert3_Growth2_NZ2050
SUP-036,Electra Assemblies,Electronics,EMEA,Czech Republic,Supplier Target,2048,Forecast,,847.7,9274.3,593.6,7552.3,0.8991,FY2030_Add5_Expert3_Growth2_NZ2050
SUP-036,Electra Assemblies,Electronics,EMEA,Czech Republic,Supplier Target,2049,Forecast,,432.3,9274.3,296.8,7967.7,0.9485,FY2030_Add5_Expert3_Growth2_NZ2050
SUP-036,Electra Assemblies,Electronics,EMEA,Czech Republic,Supplier Target,2050,Forecast,,0,9274.3,0.0,8400.0,1.0,FY2030_Add5_Expert3_Growth2_NZ2050
SUP-037,ValueMart Retail Supply,Retail,AMER,United States,Expert Judgement,2018,Actual,10574.2,,,,-1474.2,-0.162,FY2030_Add5_Expert3_Growth2_NZ2050
SUP-037,ValueMart Retail Supply,Retail,AMER,United States,Expert Judgement,2019,Actual,10346.7,,,,-1246.7,-0.137,FY2030_Add5_Expert3_Growth2_NZ2050
SUP-037,ValueMart Retail Supply,Retail,AMER,United States,Expert Judgement,2020,Actual,10128.3,,,,-1028.3,-0.113,FY2030_Add5_Expert3_Growth2_NZ2050
SUP-037,ValueMart Retail Supply,Retail,AMER,United States,Expert Judgement,2021,Actual,9909.9,,,,-809.9,-0.089,FY2030_Add5_Expert3_Growth2_NZ2050
SUP-037,ValueMart Retail Supply,Retail,AMER,United States,Expert Judgement,2022,Actual,9764.3,,,,-664.3,-0.073,FY2030_Add5_Expert3_Growth2_NZ2050
SUP-037,ValueMart Retail Supply,Retail,AMER,United States,Expert Judgement,2023,Actual,9473.1,,,,-373.1,-0.041,FY2030_Add5_Expert3_Growth2_NZ2050
SUP-037,ValueMart Retail Supply,Retail,AMER,United States,Expert Judgement,2024,Actual,9245.6,,,,-145.6,-0.016,FY2030_Add5_Expert3_Growth2_NZ2050
SUP-037,ValueMart Retail Supply,Retail,AMER,United States,Expert Judgement,2025,Actual,9100.0,,10047.1,,0.0,0.0,FY2030_Add5_Expert3_Growth2_NZ2050
SUP-037,ValueMart Retail Supply,Retail,AMER,United States,Expert Judgement,2026,Forecast,,8743.6,10047.1,,356.4,0.0392,FY2030_Add5_Expert3_Growth2_NZ2050
SUP-037,ValueMart Retail Supply,Retail,AMER,United States,Expert Judgement,2027,Forecast,,8369.4,10047.1,,730.6,0.0803,FY2030_Add5_Expert3_Growth2_NZ2050
SUP-037,ValueMart Retail Supply,Retail,AMER,United States,Expert Judgement,2028,Forecast,,7976.7,10047.1,,1123.3,0.1234,FY2030_Add5_Expert3_Growth2_NZ2050
SUP-037,ValueMart Retail Supply,Retail,AMER,United States,Expert Judgement,2029,Forecast,,7564.9,10047.1,,1535.1,0.1687,FY2030_Add5_Expert3_Growth2_NZ2050
SUP-037,ValueMart Retail Supply,Retail,AMER,United States,Expert Judgement,2030,Forecast,,7133.5,10047.1,7133.5,1966.5,0.2161,FY2030_Add5_Expert3_Growth2_NZ2050
SUP-037,ValueMart Retail Supply,Retail,AMER,United States,Expert Judgement,2031,Forecast,,6912.3,10047.1,6776.8,2187.7,0.2404,FY2030_Add5_Expert3_Growth2_NZ2050
SUP-037,ValueMart Retail Supply,Retail,AMER,United States,Expert Judgement,2032,Forecast,,6679.5,10047.1,6420.1,2420.5,0.266,FY2030_Add5_Expert3_Growth2_NZ2050
SUP-037,ValueMart Retail Supply,Retail,AMER,United States,Expert Judgement,2033,Forecast,,6434.6,10047.1,6063.4,2665.4,0.2929,FY2030_Add5_Expert3_Growth2_NZ2050
SUP-037,ValueMart Retail Supply,Retail,AMER,United States,Expert Judgement,2034,Forecast,,6177.2,10047.1,5706.8,2922.8,0.3212,FY2030_Add5_Expert3_Growth2_NZ2050
SUP-037,ValueMart Retail Supply,Retail,AMER,United States,Expert Judgement,2035,Forecast,,5906.9,10047.1,5350.1,3193.1,0.3509,FY2030_Add5_Expert3_Growth2_NZ2050
SUP-037,ValueMart Retail Supply,Retail,AMER,United States,Expert Judgement,2036,Forecast,,5623.4,10047.1,4993.4,3476.6,0.382,FY2030_Add5_Expert3_Growth2_NZ2050
SUP-037,ValueMart Retail Supply,Retail,AMER,United States,Expert Judgement,2037,Forecast,,5326.2,10047.1,4636.8,3773.8,0.4147,FY2030_Add5_Expert3_Growth2_NZ2050
SUP-037,ValueMart Retail Supply,Retail,AMER,United States,Expert Judgement,2038,Forecast,,5014.8,10047.1,4280.1,4085.2,0.4489,FY2030_Add5_Expert3_Growth2_NZ2050
SUP-037,ValueMart Retail Supply,Retail,AMER,United States,Expert Judgement,2039,Forecast,,4688.8,10047.1,3923.4,4411.2,0.4847,FY2030_Add5_Expert3_Growth2_NZ2050
SUP-037,ValueMart Retail Supply,Retail,AMER,United States,Expert Judgement,2040,Forecast,,4347.8,10047.1,3566.7,4752.2,0.5222,FY2030_Add5_Expert3_Growth2_NZ2050
SUP-037,ValueMart Retail Supply,Retail,AMER,United States,Expert Judgement,2041,Forecast,,3991.3,10047.1,3210.1,5108.7,0.5614,FY2030_Add5_Expert3_Growth2_NZ2050
SUP-037,ValueMart Retail Supply,Retail,AMER,United States,Expert Judgement,2042,Forecast,,3618.8,10047.1,2853.4,5481.2,0.6023,FY2030_Add5_Expert3_Growth2_NZ2050
SUP-037,ValueMart Retail Supply,Retail,AMER,United States,Expert Judgement,2043,Forecast,,3229.8,10047.1,2496.7,5870.2,0.6451,FY2030_Add5_Expert3_Growth2_NZ2050
SUP-037,ValueMart Retail Supply,Retail,AMER,United States,Expert Judgement,2044,Forecast,,2823.7,10047.1,2140.0,6276.3,0.6897,FY2030_Add5_Expert3_Growth2_NZ2050
SUP-037,ValueMart Retail Supply,Retail,AMER,United States,Expert Judgement,2045,Forecast,,2400.2,10047.1,1783.4,6699.8,0.7362,FY2030_Add5_Expert3_Growth2_NZ2050
SUP-037,ValueMart Retail Supply,Retail,AMER,United States,Expert Judgement,2046,Forecast,,1958.5,10047.1,1426.7,7141.5,0.7848,FY2030_Add5_Expert3_Growth2_NZ2050
SUP-037,ValueMart Retail Supply,Retail,AMER,United States,Expert Judgement,2047,Forecast,,1498.3,10047.1,1070.0,7601.7,0.8354,FY2030_Add5_Expert3_Growth2_NZ2050
SUP-037,ValueMart Retail Supply,Retail,AMER,United States,Expert Judgement,2048,Forecast,,1018.8,10047.1,713.3,8081.2,0.888,FY2030_Add5_Expert3_Growth2_NZ2050
SUP-037,ValueMart Retail Supply,Retail,AMER,United States,Expert Judgement,2049,Forecast,,519.6,10047.1,356.7,8580.4,0.9429,FY2030_Add5_Expert3_Growth2_NZ2050
SUP-037,ValueMart Retail Supply,Retail,AMER,United States,Expert Judgement,2050,Forecast,,0,10047.1,0.0,9100.0,1.0,FY2030_Add5_Expert3_Growth2_NZ2050
SUP-038,Urban Merch Partners,Retail,EMEA,United Kingdom,Supplier Target,2018,Actual,9760.8,,,,-1360.8,-0.162,FY2030_Add5_Expert3_Growth2_NZ2050
SUP-038,Urban Merch Partners,Retail,EMEA,United Kingdom,Supplier Target,2019,Actual,9550.8,,,,-1150.8,-0.137,FY2030_Add5_Expert3_Growth2_NZ2050
SUP-038,Urban Merch Partners,Retail,EMEA,United Kingdom,Supplier Target,2020,Actual,9349.2,,,,-949.2,-0.113,FY2030_Add5_Expert3_Growth2_NZ2050
SUP-038,Urban Merch Partners,Retail,EMEA,United Kingdom,Supplier Target,2021,Actual,9147.6,,,,-747.6,-0.089,FY2030_Add5_Expert3_Growth2_NZ2050
SUP-038,Urban Merch Partners,Retail,EMEA,United Kingdom,Supplier Target,2022,Actual,9013.2,,,,-613.2,-0.073,FY2030_Add5_Expert3_Growth2_NZ2050
SUP-038,Urban Merch Partners,Retail,EMEA,United Kingdom,Supplier Target,2023,Actual,8744.4,,,,-344.4,-0.041,FY2030_Add5_Expert3_Growth2_NZ2050
SUP-038,Urban Merch Partners,Retail,EMEA,United Kingdom,Supplier Target,2024,Actual,8534.4,,,,-134.4,-0.016,FY2030_Add5_Expert3_Growth2_NZ2050
SUP-038,Urban Merch Partners,Retail,EMEA,United Kingdom,Supplier Target,2025,Actual,8400.0,,9274.3,,0.0,0.0,FY2030_Add5_Expert3_Growth2_NZ2050
SUP-038,Urban Merch Partners,Retail,EMEA,United Kingdom,Supplier Target,2026,Forecast,,7916.8,9274.3,,483.2,0.0575,FY2030_Add5_Expert3_Growth2_NZ2050
SUP-038,Urban Merch Partners,Retail,EMEA,United Kingdom,Supplier Target,2027,Forecast,,7411.0,9274.3,,989.0,0.1177,FY2030_Add5_Expert3_Growth2_NZ2050
SUP-038,Urban Merch Partners,Retail,EMEA,United Kingdom,Supplier Target,2028,Forecast,,6881.7,9274.3,,1518.3,0.1807,FY2030_Add5_Expert3_Growth2_NZ2050
SUP-038,Urban Merch Partners,Retail,EMEA,United Kingdom,Supplier Target,2029,Forecast,,6328.3,9274.3,,2071.7,0.2466,FY2030_Add5_Expert3_Growth2_NZ2050
SUP-038,Urban Merch Partners,Retail,EMEA,United Kingdom,Supplier Target,2030,Forecast,,5750.1,9274.3,5750.1,2649.9,0.3155,FY2030_Add5_Expert3_Growth2_NZ2050
SUP-038,Urban Merch Partners,Retail,EMEA,United Kingdom,Supplier Target,2031,Forecast,,5571.8,9274.3,5462.6,2828.2,0.3367,FY2030_Add5_Expert3_Growth2_NZ2050
SUP-038,Urban Merch Partners,Retail,EMEA,United Kingdom,Supplier Target,2032,Forecast,,5384.1,9274.3,5175.0,3015.9,0.359,FY2030_Add5_Expert3_Growth2_NZ2050
SUP-038,Urban Merch Partners,Retail,EMEA,United Kingdom,Supplier Target,2033,Forecast,,5186.7,9274.3,4887.5,3213.3,0.3825,FY2030_Add5_Expert3_Growth2_NZ2050
SUP-038,Urban Merch Partners,Retail,EMEA,United Kingdom,Supplier Target,2034,Forecast,,4979.2,9274.3,4600.0,3420.8,0.4072,FY2030_Add5_Expert3_Growth2_NZ2050
SUP-038,Urban Merch Partners,Retail,EMEA,United Kingdom,Supplier Target,2035,Forecast,,4761.4,9274.3,4312.5,3638.6,0.4332,FY2030_Add5_Expert3_Growth2_NZ2050
SUP-038,Urban Merch Partners,Retail,EMEA,United Kingdom,Supplier Target,2036,Forecast,,4532.8,9274.3,4025.0,3867.2,0.4604,FY2030_Add5_Expert3_Growth2_NZ2050
SUP-038,Urban Merch Partners,Retail,EMEA,United Kingdom,Supplier Target,2037,Forecast,,4293.3,9274.3,3737.5,4106.7,0.4889,FY2030_Add5_Expert3_Growth2_NZ2050
SUP-038,Urban Merch Partners,Retail,EMEA,United Kingdom,Supplier Target,2038,Forecast,,4042.3,9274.3,3450.0,4357.7,0.5188,FY2030_Add5_Expert3_Growth2_NZ2050
SUP-038,Urban Merch Partners,Retail,EMEA,United Kingdom,Supplier Target,2039,Forecast,,3779.5,9274.3,3162.5,4620.5,0.5501,FY2030_Add5_Expert3_Growth2_NZ2050
SUP-038,Urban Merch Partners,Retail,EMEA,United Kingdom,Supplier Target,2040,Forecast,,3504.6,9274.3,2875.0,4895.4,0.5828,FY2030_Add5_Expert3_Growth2_NZ2050
SUP-038,Urban Merch Partners,Retail,EMEA,United Kingdom,Supplier Target,2041,Forecast,,3217.3,9274.3,2587.5,5182.7,0.617,FY2030_Add5_Expert3_Growth2_NZ2050
SUP-038,Urban Merch Partners,Retail,EMEA,United Kingdom,Supplier Target,2042,Forecast,,2917.0,9274.3,2300.0,5483.0,0.6527,FY2030_Add5_Expert3_Growth2_NZ2050
SUP-038,Urban Merch Partners,Retail,EMEA,United Kingdom,Supplier Target,2043,Forecast,,2603.4,9274.3,2012.5,5796.6,0.6901,FY2030_Add5_Expert3_Growth2_NZ2050
SUP-038,Urban Merch Partners,Retail,EMEA,United Kingdom,Supplier Target,2044,Forecast,,2276.1,9274.3,1725.0,6123.9,0.729,FY2030_Add5_Expert3_Growth2_NZ2050
SUP-038,Urban Merch Partners,Retail,EMEA,United Kingdom,Supplier Target,2045,Forecast,,1934.7,9274.3,1437.5,6465.3,0.7697,FY2030_Add5_Expert3_Growth2_NZ2050
SUP-038,Urban Merch Partners,Retail,EMEA,United Kingdom,Supplier Target,2046,Forecast,,1578.7,9274.3,1150.0,6821.3,0.8121,FY2030_Add5_Expert3_Growth2_NZ2050
SUP-038,Urban Merch Partners,Retail,EMEA,United Kingdom,Supplier Target,2047,Forecast,,1207.7,9274.3,862.5,7192.3,0.8562,FY2030_Add5_Expert3_Growth2_NZ2050
SUP-038,Urban Merch Partners,Retail,EMEA,United Kingdom,Supplier Target,2048,Forecast,,821.2,9274.3,575.0,7578.8,0.9022,FY2030_Add5_Expert3_Growth2_NZ2050
SUP-038,Urban Merch Partners,Retail,EMEA,United Kingdom,Supplier Target,2049,Forecast,,418.8,9274.3,287.5,7981.2,0.9501,FY2030_Add5_Expert3_Growth2_NZ2050
SUP-038,Urban Merch Partners,Retail,EMEA,United Kingdom,Supplier Target,2050,Forecast,,0,9274.3,0.0,8400.0,1.0,FY2030_Add5_Expert3_Growth2_NZ2050
SUP-039,OmniStore Services,Retail,APAC,Malaysia,Expert Judgement,2018,Actual,8598.8,,,,-1198.8,-0.162,FY2030_Add5_Expert3_Growth2_NZ2050
SUP-039,OmniStore Services,Retail,APAC,Malaysia,Expert Judgement,2019,Actual,8413.8,,,,-1013.8,-0.137,FY2030_Add5_Expert3_Growth2_NZ2050
SUP-039,OmniStore Services,Retail,APAC,Malaysia,Expert Judgement,2020,Actual,8236.2,,,,-836.2,-0.113,FY2030_Add5_Expert3_Growth2_NZ2050
SUP-039,OmniStore Services,Retail,APAC,Malaysia,Expert Judgement,2021,Actual,8058.6,,,,-658.6,-0.089,FY2030_Add5_Expert3_Growth2_NZ2050
SUP-039,OmniStore Services,Retail,APAC,Malaysia,Expert Judgement,2022,Actual,7940.2,,,,-540.2,-0.073,FY2030_Add5_Expert3_Growth2_NZ2050
SUP-039,OmniStore Services,Retail,APAC,Malaysia,Expert Judgement,2023,Actual,7703.4,,,,-303.4,-0.041,FY2030_Add5_Expert3_Growth2_NZ2050
SUP-039,OmniStore Services,Retail,APAC,Malaysia,Expert Judgement,2024,Actual,7518.4,,,,-118.4,-0.016,FY2030_Add5_Expert3_Growth2_NZ2050
SUP-039,OmniStore Services,Retail,APAC,Malaysia,Expert Judgement,2025,Actual,7400.0,,8170.2,,0.0,0.0,FY2030_Add5_Expert3_Growth2_NZ2050
SUP-039,OmniStore Services,Retail,APAC,Malaysia,Expert Judgement,2026,Forecast,,7095.1,8170.2,,304.9,0.0412,FY2030_Add5_Expert3_Growth2_NZ2050
SUP-039,OmniStore Services,Retail,APAC,Malaysia,Expert Judgement,2027,Forecast,,6775.1,8170.2,,624.9,0.0844,FY2030_Add5_Expert3_Growth2_NZ2050
SUP-039,OmniStore Services,Retail,APAC,Malaysia,Expert Judgement,2028,Forecast,,6439.4,8170.2,,960.6,0.1298,FY2030_Add5_Expert3_Growth2_NZ2050
SUP-039,OmniStore Services,Retail,APAC,Malaysia,Expert Judgement,2029,Forecast,,6087.6,8170.2,,1312.4,0.1774,FY2030_Add5_Expert3_Growth2_NZ2050
SUP-039,OmniStore Services,Retail,APAC,Malaysia,Expert Judgement,2030,Forecast,,5719.1,8170.2,5719.1,1680.9,0.2271,FY2030_Add5_Expert3_Growth2_NZ2050
SUP-039,OmniStore Services,Retail,APAC,Malaysia,Expert Judgement,2031,Forecast,,5541.8,8170.2,5433.2,1858.2,0.2511,FY2030_Add5_Expert3_Growth2_NZ2050
SUP-039,OmniStore Services,Retail,APAC,Malaysia,Expert Judgement,2032,Forecast,,5355.2,8170.2,5147.2,2044.8,0.2763,FY2030_Add5_Expert3_Growth2_NZ2050
SUP-039,OmniStore Services,Retail,APAC,Malaysia,Expert Judgement,2033,Forecast,,5158.8,8170.2,4861.3,2241.2,0.3029,FY2030_Add5_Expert3_Growth2_NZ2050
SUP-039,OmniStore Services,Retail,APAC,Malaysia,Expert Judgement,2034,Forecast,,4952.5,8170.2,4575.3,2447.5,0.3307,FY2030_Add5_Expert3_Growth2_NZ2050
SUP-039,OmniStore Services,Retail,APAC,Malaysia,Expert Judgement,2035,Forecast,,4735.8,8170.2,4289.4,2664.2,0.36,FY2030_Add5_Expert3_Growth2_NZ2050
SUP-039,OmniStore Services,Retail,APAC,Malaysia,Expert Judgement,2036,Forecast,,4508.5,8170.2,4003.4,2891.5,0.3907,FY2030_Add5_Expert3_Growth2_NZ2050
SUP-039,OmniStore Services,Retail,APAC,Malaysia,Expert Judgement,2037,Forecast,,4270.2,8170.2,3717.4,3129.8,0.4229,FY2030_Add5_Expert3_Growth2_NZ2050
SUP-039,OmniStore Services,Retail,APAC,Malaysia,Expert Judgement,2038,Forecast,,4020.5,8170.2,3431.5,3379.5,0.4567,FY2030_Add5_Expert3_Growth2_NZ2050
SUP-039,OmniStore Services,Retail,APAC,Malaysia,Expert Judgement,2039,Forecast,,3759.2,8170.2,3145.5,3640.8,0.492,FY2030_Add5_Expert3_Growth2_NZ2050
SUP-039,OmniStore Services,Retail,APAC,Malaysia,Expert Judgement,2040,Forecast,,3485.8,8170.2,2859.6,3914.2,0.5289,FY2030_Add5_Expert3_Growth2_NZ2050
SUP-039,OmniStore Services,Retail,APAC,Malaysia,Expert Judgement,2041,Forecast,,3200.0,8170.2,2573.6,4200.0,0.5676,FY2030_Add5_Expert3_Growth2_NZ2050
SUP-039,OmniStore Services,Retail,APAC,Malaysia,Expert Judgement,2042,Forecast,,2901.3,8170.2,2287.7,4498.7,0.6079,FY2030_Add5_Expert3_Growth2_NZ2050
SUP-039,OmniStore Services,Retail,APAC,Malaysia,Expert Judgement,2043,Forecast,,2589.4,8170.2,2001.7,4810.6,0.6501,FY2030_Add5_Expert3_Growth2_NZ2050
SUP-039,OmniStore Services,Retail,APAC,Malaysia,Expert Judgement,2044,Forecast,,2263.9,8170.2,1715.7,5136.1,0.6941,FY2030_Add5_Expert3_Growth2_NZ2050
SUP-039,OmniStore Services,Retail,APAC,Malaysia,Expert Judgement,2045,Forecast,,1924.3,8170.2,1429.8,5475.7,0.74,FY2030_Add5_Expert3_Growth2_NZ2050
SUP-039,OmniStore Services,Retail,APAC,Malaysia,Expert Judgement,2046,Forecast,,1570.2,8170.2,1143.8,5829.8,0.7878,FY2030_Add5_Expert3_Growth2_NZ2050
SUP-039,OmniStore Services,Retail,APAC,Malaysia,Expert Judgement,2047,Forecast,,1201.2,8170.2,857.9,6198.8,0.8377,FY2030_Add5_Expert3_Growth2_NZ2050
SUP-039,OmniStore Services,Retail,APAC,Malaysia,Expert Judgement,2048,Forecast,,816.8,8170.2,571.9,6583.2,0.8896,FY2030_Add5_Expert3_Growth2_NZ2050
SUP-039,OmniStore Services,Retail,APAC,Malaysia,Expert Judgement,2049,Forecast,,416.6,8170.2,286.0,6983.4,0.9437,FY2030_Add5_Expert3_Growth2_NZ2050
SUP-039,OmniStore Services,Retail,APAC,Malaysia,Expert Judgement,2050,Forecast,,0,8170.2,0.0,7400.0,1.0,FY2030_Add5_Expert3_Growth2_NZ2050
SUP-040,ShelfReady Goods,Retail,AMER,Canada,Expert Judgement,2018,Actual,7959.7,,,,-1109.7,-0.162,FY2030_Add5_Expert3_Growth2_NZ2050
SUP-040,ShelfReady Goods,Retail,AMER,Canada,Expert Judgement,2019,Actual,7788.4,,,,-938.4,-0.137,FY2030_Add5_Expert3_Growth2_NZ2050
SUP-040,ShelfReady Goods,Retail,AMER,Canada,Expert Judgement,2020,Actual,7624.1,,,,-774.1,-0.113,FY2030_Add5_Expert3_Growth2_NZ2050
SUP-040,ShelfReady Goods,Retail,AMER,Canada,Expert Judgement,2021,Actual,7459.6,,,,-609.6,-0.089,FY2030_Add5_Expert3_Growth2_NZ2050
SUP-040,ShelfReady Goods,Retail,AMER,Canada,Expert Judgement,2022,Actual,7350.0,,,,-500.0,-0.073,FY2030_Add5_Expert3_Growth2_NZ2050
SUP-040,ShelfReady Goods,Retail,AMER,Canada,Expert Judgement,2023,Actual,7130.8,,,,-280.8,-0.041,FY2030_Add5_Expert3_Growth2_NZ2050
SUP-040,ShelfReady Goods,Retail,AMER,Canada,Expert Judgement,2024,Actual,6959.6,,,,-109.6,-0.016,FY2030_Add5_Expert3_Growth2_NZ2050
SUP-040,ShelfReady Goods,Retail,AMER,Canada,Expert Judgement,2025,Actual,6850.0,,7563.0,,0.0,0.0,FY2030_Add5_Expert3_Growth2_NZ2050
SUP-040,ShelfReady Goods,Retail,AMER,Canada,Expert Judgement,2026,Forecast,,6595.7,7563.0,,254.3,0.0371,FY2030_Add5_Expert3_Growth2_NZ2050
SUP-040,ShelfReady Goods,Retail,AMER,Canada,Expert Judgement,2027,Forecast,,6328.5,7563.0,,521.5,0.0761,FY2030_Add5_Expert3_Growth2_NZ2050
SUP-040,ShelfReady Goods,Retail,AMER,Canada,Expert Judgement,2028,Forecast,,6048.0,7563.0,,802.0,0.1171,FY2030_Add5_Expert3_Growth2_NZ2050
SUP-040,ShelfReady Goods,Retail,AMER,Canada,Expert Judgement,2029,Forecast,,5753.8,7563.0,,1096.2,0.16,FY2030_Add5_Expert3_Growth2_NZ2050
SUP-040,ShelfReady Goods,Retail,AMER,Canada,Expert Judgement,2030,Forecast,,5445.3,7563.0,5445.3,1404.7,0.2051,FY2030_Add5_Expert3_Growth2_NZ2050
SUP-040,ShelfReady Goods,Retail,AMER,Canada,Expert Judgement,2031,Forecast,,5276.5,7563.0,5173.1,1573.5,0.2297,FY2030_Add5_Expert3_Growth2_NZ2050
SUP-040,ShelfReady Goods,Retail,AMER,Canada,Expert Judgement,2032,Forecast,,5098.8,7563.0,4900.8,1751.2,0.2557,FY2030_Add5_Expert3_Growth2_NZ2050
SUP-040,ShelfReady Goods,Retail,AMER,Canada,Expert Judgement,2033,Forecast,,4911.8,7563.0,4628.5,1938.2,0.2829,FY2030_Add5_Expert3_Growth2_NZ2050
SUP-040,ShelfReady Goods,Retail,AMER,Canada,Expert Judgement,2034,Forecast,,4715.4,7563.0,4356.3,2134.6,0.3116,FY2030_Add5_Expert3_Growth2_NZ2050
SUP-040,ShelfReady Goods,Retail,AMER,Canada,Expert Judgement,2035,Forecast,,4509.1,7563.0,4084.0,2340.9,0.3417,FY2030_Add5_Expert3_Growth2_NZ2050
SUP-040,ShelfReady Goods,Retail,AMER,Canada,Expert Judgement,2036,Forecast,,4292.6,7563.0,3811.7,2557.4,0.3733,FY2030_Add5_Expert3_Growth2_NZ2050
SUP-040,ShelfReady Goods,Retail,AMER,Canada,Expert Judgement,2037,Forecast,,4065.7,7563.0,3539.5,2784.3,0.4065,FY2030_Add5_Expert3_Growth2_NZ2050
SUP-040,ShelfReady Goods,Retail,AMER,Canada,Expert Judgement,2038,Forecast,,3828.0,7563.0,3267.2,3022.0,0.4412,FY2030_Add5_Expert3_Growth2_NZ2050
SUP-040,ShelfReady Goods,Retail,AMER,Canada,Expert Judgement,2039,Forecast,,3579.2,7563.0,2994.9,3270.8,0.4775,FY2030_Add5_Expert3_Growth2_NZ2050
SUP-040,ShelfReady Goods,Retail,AMER,Canada,Expert Judgement,2040,Forecast,,3318.9,7563.0,2722.7,3531.1,0.5155,FY2030_Add5_Expert3_Growth2_NZ2050
SUP-040,ShelfReady Goods,Retail,AMER,Canada,Expert Judgement,2041,Forecast,,3046.8,7563.0,2450.4,3803.2,0.5552,FY2030_Add5_Expert3_Growth2_NZ2050
SUP-040,ShelfReady Goods,Retail,AMER,Canada,Expert Judgement,2042,Forecast,,2762.4,7563.0,2178.1,4087.6,0.5967,FY2030_Add5_Expert3_Growth2_NZ2050
SUP-040,ShelfReady Goods,Retail,AMER,Canada,Expert Judgement,2043,Forecast,,2465.4,7563.0,1905.9,4384.6,0.6401,FY2030_Add5_Expert3_Growth2_NZ2050
SUP-040,ShelfReady Goods,Retail,AMER,Canada,Expert Judgement,2044,Forecast,,2155.5,7563.0,1633.6,4694.5,0.6853,FY2030_Add5_Expert3_Growth2_NZ2050
SUP-040,ShelfReady Goods,Retail,AMER,Canada,Expert Judgement,2045,Forecast,,1832.2,7563.0,1361.3,5017.8,0.7325,FY2030_Add5_Expert3_Growth2_NZ2050
SUP-040,ShelfReady Goods,Retail,AMER,Canada,Expert Judgement,2046,Forecast,,1495.1,7563.0,1089.1,5354.9,0.7817,FY2030_Add5_Expert3_Growth2_NZ2050
SUP-040,ShelfReady Goods,Retail,AMER,Canada,Expert Judgement,2047,Forecast,,1143.7,7563.0,816.8,5706.3,0.833,FY2030_Add5_Expert3_Growth2_NZ2050
SUP-040,ShelfReady Goods,Retail,AMER,Canada,Expert Judgement,2048,Forecast,,777.7,7563.0,544.5,6072.3,0.8865,FY2030_Add5_Expert3_Growth2_NZ2050
SUP-040,ShelfReady Goods,Retail,AMER,Canada,Expert Judgement,2049,Forecast,,396.6,7563.0,272.3,6453.4,0.9421,FY2030_Add5_Expert3_Growth2_NZ2050
SUP-040,ShelfReady Goods,Retail,AMER,Canada,Expert Judgement,2050,Forecast,,0,7563.0,0.0,6850.0,1.0,FY2030_Add5_Expert3_Growth2_NZ2050
SUP-041,EcoPack Films,Packaging,EMEA,Germany,Supplier Target,2018,Actual,9993.2,,,,-1393.2,-0.162,FY2030_Add5_Expert3_Growth2_NZ2050
SUP-041,EcoPack Films,Packaging,EMEA,Germany,Supplier Target,2019,Actual,9778.2,,,,-1178.2,-0.137,FY2030_Add5_Expert3_Growth2_NZ2050
SUP-041,EcoPack Films,Packaging,EMEA,Germany,Supplier Target,2020,Actual,9571.8,,,,-971.8,-0.113,FY2030_Add5_Expert3_Growth2_NZ2050
SUP-041,EcoPack Films,Packaging,EMEA,Germany,Supplier Target,2021,Actual,9365.4,,,,-765.4,-0.089,FY2030_Add5_Expert3_Growth2_NZ2050
SUP-041,EcoPack Films,Packaging,EMEA,Germany,Supplier Target,2022,Actual,9227.8,,,,-627.8,-0.073,FY2030_Add5_Expert3_Growth2_NZ2050
SUP-041,EcoPack Films,Packaging,EMEA,Germany,Supplier Target,2023,Actual,8952.6,,,,-352.6,-0.041,FY2030_Add5_Expert3_Growth2_NZ2050
SUP-041,EcoPack Films,Packaging,EMEA,Germany,Supplier Target,2024,Actual,8737.6,,,,-137.6,-0.016,FY2030_Add5_Expert3_Growth2_NZ2050
SUP-041,EcoPack Films,Packaging,EMEA,Germany,Supplier Target,2025,Actual,8600.0,,9495.1,,0.0,0.0,FY2030_Add5_Expert3_Growth2_NZ2050
SUP-041,EcoPack Films,Packaging,EMEA,Germany,Supplier Target,2026,Forecast,,8087.8,9495.1,,512.2,0.0596,FY2030_Add5_Expert3_Growth2_NZ2050
SUP-041,EcoPack Films,Packaging,EMEA,Germany,Supplier Target,2027,Forecast,,7551.6,9495.1,,1048.4,0.1219,FY2030_Add5_Expert3_Growth2_NZ2050
SUP-041,EcoPack Films,Packaging,EMEA,Germany,Supplier Target,2028,Forecast,,6990.8,9495.1,,1609.2,0.1871,FY2030_Add5_Expert3_Growth2_NZ2050
SUP-041,EcoPack Films,Packaging,EMEA,Germany,Supplier Target,2029,Forecast,,6404.5,9495.1,,2195.5,0.2553,FY2030_Add5_Expert3_Growth2_NZ2050
SUP-041,EcoPack Films,Packaging,EMEA,Germany,Supplier Target,2030,Forecast,,5792.0,9495.1,5792.0,2808.0,0.3265,FY2030_Add5_Expert3_Growth2_NZ2050
SUP-041,EcoPack Films,Packaging,EMEA,Germany,Supplier Target,2031,Forecast,,5612.5,9495.1,5502.4,2987.5,0.3474,FY2030_Add5_Expert3_Growth2_NZ2050
SUP-041,EcoPack Films,Packaging,EMEA,Germany,Supplier Target,2032,Forecast,,5423.4,9495.1,5212.8,3176.6,0.3694,FY2030_Add5_Expert3_Growth2_NZ2050
SUP-041,EcoPack Films,Packaging,EMEA,Germany,Supplier Target,2033,Forecast,,5224.5,9495.1,4923.2,3375.5,0.3925,FY2030_Add5_Expert3_Growth2_NZ2050
SUP-041,EcoPack Films,Packaging,EMEA,Germany,Supplier Target,2034,Forecast,,5015.6,9495.1,4633.6,3584.4,0.4168,FY2030_Add5_Expert3_Growth2_NZ2050
SUP-041,EcoPack Films,Packaging,EMEA,Germany,Supplier Target,2035,Forecast,,4796.1,9495.1,4344.0,3803.9,0.4423,FY2030_Add5_Expert3_Growth2_NZ2050
SUP-041,EcoPack Films,Packaging,EMEA,Germany,Supplier Target,2036,Forecast,,4565.9,9495.1,4054.4,4034.1,0.4691,FY2030_Add5_Expert3_Growth2_NZ2050
SUP-041,EcoPack Films,Packaging,EMEA,Germany,Supplier Target,2037,Forecast,,4324.6,9495.1,3764.8,4275.4,0.4971,FY2030_Add5_Expert3_Growth2_NZ2050
SUP-041,EcoPack Films,Packaging,EMEA,Germany,Supplier Target,2038,Forecast,,4071.8,9495.1,3475.2,4528.2,0.5265,FY2030_Add5_Expert3_Growth2_NZ2050
SUP-041,EcoPack Films,Packaging,EMEA,Germany,Supplier Target,2039,Forecast,,3807.1,9495.1,3185.6,4792.9,0.5573,FY2030_Add5_Expert3_Growth2_NZ2050
SUP-041,EcoPack Films,Packaging,EMEA,Germany,Supplier Target,2040,Forecast,,3530.2,9495.1,2896.0,5069.8,0.5895,FY2030_Add5_Expert3_Growth2_NZ2050
SUP-041,EcoPack Films,Packaging,EMEA,Germany,Supplier Target,2041,Forecast,,3240.7,9495.1,2606.4,5359.3,0.6232,FY2030_Add5_Expert3_Growth2_NZ2050
SUP-041,EcoPack Films,Packaging,EMEA,Germany,Supplier Target,2042,Forecast,,2938.3,9495.1,2316.8,5661.7,0.6583,FY2030_Add5_Expert3_Growth2_NZ2050
SUP-041,EcoPack Films,Packaging,EMEA,Germany,Supplier Target,2043,Forecast,,2622.4,9495.1,2027.2,5977.6,0.6951,FY2030_Add5_Expert3_Growth2_NZ2050
SUP-041,EcoPack Films,Packaging,EMEA,Germany,Supplier Target,2044,Forecast,,2292.7,9495.1,1737.6,6307.3,0.7334,FY2030_Add5_Expert3_Growth2_NZ2050
SUP-041,EcoPack Films,Packaging,EMEA,Germany,Supplier Target,2045,Forecast,,1948.8,9495.1,1448.0,6651.2,0.7734,FY2030_Add5_Expert3_Growth2_NZ2050
SUP-041,EcoPack Films,Packaging,EMEA,Germany,Supplier Target,2046,Forecast,,1590.2,9495.1,1158.4,7009.8,0.8151,FY2030_Add5_Expert3_Growth2_NZ2050
SUP-041,EcoPack Films,Packaging,EMEA,Germany,Supplier Target,2047,Forecast,,1216.5,9495.1,868.8,7383.5,0.8585,FY2030_Add5_Expert3_Growth2_NZ2050
SUP-041,EcoPack Films,Packaging,EMEA,Germany,Supplier Target,2048,Forecast,,827.2,9495.1,579.2,7772.8,0.9038,FY2030_Add5_Expert3_Growth2_NZ2050
SUP-041,EcoPack Films,Packaging,EMEA,Germany,Supplier Target,2049,Forecast,,421.9,9495.1,289.6,8178.1,0.9509,FY2030_Add5_Expert3_Growth2_NZ2050
SUP-041,EcoPack Films,Packaging,EMEA,Germany,Supplier Target,2050,Forecast,,0,9495.1,0.0,8600.0,1.0,FY2030_Add5_Expert3_Growth2_NZ2050
SUP-042,BoxWorks International,Packaging,AMER,United States,Supplier Target,2018,Actual,8947.4,,,,-1247.4,-0.162,FY2030_Add5_Expert3_Growth2_NZ2050
SUP-042,BoxWorks International,Packaging,AMER,United States,Supplier Target,2019,Actual,8754.9,,,,-1054.9,-0.137,FY2030_Add5_Expert3_Growth2_NZ2050
SUP-042,BoxWorks International,Packaging,AMER,United States,Supplier Target,2020,Actual,8570.1,,,,-870.1,-0.113,FY2030_Add5_Expert3_Growth2_NZ2050
SUP-042,BoxWorks International,Packaging,AMER,United States,Supplier Target,2021,Actual,8385.3,,,,-685.3,-0.089,FY2030_Add5_Expert3_Growth2_NZ2050
SUP-042,BoxWorks International,Packaging,AMER,United States,Supplier Target,2022,Actual,8262.1,,,,-562.1,-0.073,FY2030_Add5_Expert3_Growth2_NZ2050
SUP-042,BoxWorks International,Packaging,AMER,United States,Supplier Target,2023,Actual,8015.7,,,,-315.7,-0.041,FY2030_Add5_Expert3_Growth2_NZ2050
SUP-042,BoxWorks International,Packaging,AMER,United States,Supplier Target,2024,Actual,7823.2,,,,-123.2,-0.016,FY2030_Add5_Expert3_Growth2_NZ2050
SUP-042,BoxWorks International,Packaging,AMER,United States,Supplier Target,2025,Actual,7700.0,,8501.4,,0.0,0.0,FY2030_Add5_Expert3_Growth2_NZ2050
SUP-042,BoxWorks International,Packaging,AMER,United States,Supplier Target,2026,Forecast,,7210.0,8501.4,,490.0,0.0636,FY2030_Add5_Expert3_Growth2_NZ2050
SUP-042,BoxWorks International,Packaging,AMER,United States,Supplier Target,2027,Forecast,,6697.3,8501.4,,1002.7,0.1302,FY2030_Add5_Expert3_Growth2_NZ2050
SUP-042,BoxWorks International,Packaging,AMER,United States,Supplier Target,2028,Forecast,,6161.2,8501.4,,1538.8,0.1998,FY2030_Add5_Expert3_Growth2_NZ2050
SUP-042,BoxWorks International,Packaging,AMER,United States,Supplier Target,2029,Forecast,,5600.9,8501.4,,2099.1,0.2726,FY2030_Add5_Expert3_Growth2_NZ2050
SUP-042,BoxWorks International,Packaging,AMER,United States,Supplier Target,2030,Forecast,,5015.8,8501.4,5015.8,2684.2,0.3486,FY2030_Add5_Expert3_Growth2_NZ2050
SUP-042,BoxWorks International,Packaging,AMER,United States,Supplier Target,2031,Forecast,,4860.3,8501.4,4765.0,2839.7,0.3688,FY2030_Add5_Expert3_Growth2_NZ2050
SUP-042,BoxWorks International,Packaging,AMER,United States,Supplier Target,2032,Forecast,,4696.6,8501.4,4514.3,3003.4,0.39,FY2030_Add5_Expert3_Growth2_NZ2050
SUP-042,BoxWorks International,Packaging,AMER,United States,Supplier Target,2033,Forecast,,4524.4,8501.4,4263.5,3175.6,0.4124,FY2030_Add5_Expert3_Growth2_NZ2050
SUP-042,BoxWorks International,Packaging,AMER,United States,Supplier Target,2034,Forecast,,4343.4,8501.4,4012.7,3356.6,0.4359,FY2030_Add5_Expert3_Growth2_NZ2050
SUP-042,BoxWorks International,Packaging,AMER,United States,Supplier Target,2035,Forecast,,4153.4,8501.4,3761.9,3546.6,0.4606,FY2030_Add5_Expert3_Growth2_NZ2050
SUP-042,BoxWorks International,Packaging,AMER,United States,Supplier Target,2036,Forecast,,3954.1,8501.4,3511.1,3745.9,0.4865,FY2030_Add5_Expert3_Growth2_NZ2050
SUP-042,BoxWorks International,Packaging,AMER,United States,Supplier Target,2037,Forecast,,3745.1,8501.4,3260.3,3954.9,0.5136,FY2030_Add5_Expert3_Growth2_NZ2050
SUP-042,BoxWorks International,Packaging,AMER,United States,Supplier Target,2038,Forecast,,3526.1,8501.4,3009.5,4173.9,0.5421,FY2030_Add5_Expert3_Growth2_NZ2050
SUP-042,BoxWorks International,Packaging,AMER,United States,Supplier Target,2039,Forecast,,3296.9,8501.4,2758.7,4403.1,0.5718,FY2030_Add5_Expert3_Growth2_NZ2050
SUP-042,BoxWorks International,Packaging,AMER,United States,Supplier Target,2040,Forecast,,3057.1,8501.4,2507.9,4642.9,0.603,FY2030_Add5_Expert3_Growth2_NZ2050
SUP-042,BoxWorks International,Packaging,AMER,United States,Supplier Target,2041,Forecast,,2806.5,8501.4,2257.1,4893.5,0.6355,FY2030_Add5_Expert3_Growth2_NZ2050
SUP-042,BoxWorks International,Packaging,AMER,United States,Supplier Target,2042,Forecast,,2544.5,8501.4,2006.3,5155.5,0.6695,FY2030_Add5_Expert3_Growth2_NZ2050
SUP-042,BoxWorks International,Packaging,AMER,United States,Supplier Target,2043,Forecast,,2271.0,8501.4,1755.5,5429.0,0.7051,FY2030_Add5_Expert3_Growth2_NZ2050
SUP-042,BoxWorks International,Packaging,AMER,United States,Supplier Target,2044,Forecast,,1985.5,8501.4,1504.8,5714.5,0.7421,FY2030_Add5_Expert3_Growth2_NZ2050
SUP-042,BoxWorks International,Packaging,AMER,United States,Supplier Target,2045,Forecast,,1687.7,8501.4,1254.0,6012.3,0.7808,FY2030_Add5_Expert3_Growth2_NZ2050
SUP-042,BoxWorks International,Packaging,AMER,United States,Supplier Target,2046,Forecast,,1377.1,8501.4,1003.2,6322.9,0.8212,FY2030_Add5_Expert3_Growth2_NZ2050
SUP-042,BoxWorks International,Packaging,AMER,United States,Supplier Target,2047,Forecast,,1053.5,8501.4,752.4,6646.5,0.8632,FY2030_Add5_Expert3_Growth2_NZ2050
SUP-042,BoxWorks International,Packaging,AMER,United States,Supplier Target,2048,Forecast,,716.4,8501.4,501.6,6983.6,0.907,FY2030_Add5_Expert3_Growth2_NZ2050
SUP-042,BoxWorks International,Packaging,AMER,United States,Supplier Target,2049,Forecast,,365.4,8501.4,250.8,7334.6,0.9526,FY2030_Add5_Expert3_Growth2_NZ2050
SUP-042,BoxWorks International,Packaging,AMER,United States,Supplier Target,2050,Forecast,,0,8501.4,0.0,7700.0,1.0,FY2030_Add5_Expert3_Growth2_NZ2050
SUP-043,ClearBottle Plastics,Packaging,APAC,Thailand,Expert Judgement,2018,Actual,8250.2,,,,-1150.2,-0.162,FY2030_Add5_Expert3_Growth2_NZ2050
SUP-043,ClearBottle Plastics,Packaging,APAC,Thailand,Expert Judgement,2019,Actual,8072.7,,,,-972.7,-0.137,FY2030_Add5_Expert3_Growth2_NZ2050
SUP-043,ClearBottle Plastics,Packaging,APAC,Thailand,Expert Judgement,2020,Actual,7902.3,,,,-802.3,-0.113,FY2030_Add5_Expert3_Growth2_NZ2050
SUP-043,ClearBottle Plastics,Packaging,APAC,Thailand,Expert Judgement,2021,Actual,7731.9,,,,-631.9,-0.089,FY2030_Add5_Expert3_Growth2_NZ2050
SUP-043,ClearBottle Plastics,Packaging,APAC,Thailand,Expert Judgement,2022,Actual,7618.3,,,,-518.3,-0.073,FY2030_Add5_Expert3_Growth2_NZ2050
SUP-043,ClearBottle Plastics,Packaging,APAC,Thailand,Expert Judgement,2023,Actual,7391.1,,,,-291.1,-0.041,FY2030_Add5_Expert3_Growth2_NZ2050
SUP-043,ClearBottle Plastics,Packaging,APAC,Thailand,Expert Judgement,2024,Actual,7213.6,,,,-113.6,-0.016,FY2030_Add5_Expert3_Growth2_NZ2050
SUP-043,ClearBottle Plastics,Packaging,APAC,Thailand,Expert Judgement,2025,Actual,7100.0,,7839.0,,0.0,0.0,FY2030_Add5_Expert3_Growth2_NZ2050
SUP-043,ClearBottle Plastics,Packaging,APAC,Thailand,Expert Judgement,2026,Forecast,,6807.5,7839.0,,292.5,0.0412,FY2030_Add5_Expert3_Growth2_NZ2050
SUP-043,ClearBottle Plastics,Packaging,APAC,Thailand,Expert Judgement,2027,Forecast,,6500.4,7839.0,,599.6,0.0844,FY2030_Add5_Expert3_Growth2_NZ2050
SUP-043,ClearBottle Plastics,Packaging,APAC,Thailand,Expert Judgement,2028,Forecast,,6178.4,7839.0,,921.6,0.1298,FY2030_Add5_Expert3_Growth2_NZ2050
SUP-043,ClearBottle Plastics,Packaging,APAC,Thailand,Expert Judgement,2029,Forecast,,5840.8,7839.0,,1259.2,0.1774,FY2030_Add5_Expert3_Growth2_NZ2050
SUP-043,ClearBottle Plastics,Packaging,APAC,Thailand,Expert Judgement,2030,Forecast,,5487.3,7839.0,5487.3,1612.7,0.2271,FY2030_Add5_Expert3_Growth2_NZ2050
SUP-043,ClearBottle Plastics,Packaging,APAC,Thailand,Expert Judgement,2031,Forecast,,5317.2,7839.0,5212.9,1782.8,0.2511,FY2030_Add5_Expert3_Growth2_NZ2050
SUP-043,ClearBottle Plastics,Packaging,APAC,Thailand,Expert Judgement,2032,Forecast,,5138.1,7839.0,4938.6,1961.9,0.2763,FY2030_Add5_Expert3_Growth2_NZ2050
SUP-043,ClearBottle Plastics,Packaging,APAC,Thailand,Expert Judgement,2033,Forecast,,4949.7,7839.0,4664.2,2150.3,0.3029,FY2030_Add5_Expert3_Growth2_NZ2050
SUP-043,ClearBottle Plastics,Packaging,APAC,Thailand,Expert Judgement,2034,Forecast,,4751.7,7839.0,4389.8,2348.3,0.3307,FY2030_Add5_Expert3_Growth2_NZ2050
SUP-043,ClearBottle Plastics,Packaging,APAC,Thailand,Expert Judgement,2035,Forecast,,4543.8,7839.0,4115.5,2556.2,0.36,FY2030_Add5_Expert3_Growth2_NZ2050
SUP-043,ClearBottle Plastics,Packaging,APAC,Thailand,Expert Judgement,2036,Forecast,,4325.7,7839.0,3841.1,2774.3,0.3907,FY2030_Add5_Expert3_Growth2_NZ2050
SUP-043,ClearBottle Plastics,Packaging,APAC,Thailand,Expert Judgement,2037,Forecast,,4097.1,7839.0,3566.7,3002.9,0.4229,FY2030_Add5_Expert3_Growth2_NZ2050
SUP-043,ClearBottle Plastics,Packaging,APAC,Thailand,Expert Judgement,2038,Forecast,,3857.5,7839.0,3292.4,3242.5,0.4567,FY2030_Add5_Expert3_Growth2_NZ2050
SUP-043,ClearBottle Plastics,Packaging,APAC,Thailand,Expert Judgement,2039,Forecast,,3606.8,7839.0,3018.0,3493.2,0.492,FY2030_Add5_Expert3_Growth2_NZ2050
SUP-043,ClearBottle Plastics,Packaging,APAC,Thailand,Expert Judgement,2040,Forecast,,3344.5,7839.0,2743.6,3755.5,0.5289,FY2030_Add5_Expert3_Growth2_NZ2050
SUP-043,ClearBottle Plastics,Packaging,APAC,Thailand,Expert Judgement,2041,Forecast,,3070.2,7839.0,2469.3,4029.8,0.5676,FY2030_Add5_Expert3_Growth2_NZ2050
SUP-043,ClearBottle Plastics,Packaging,APAC,Thailand,Expert Judgement,2042,Forecast,,2783.7,7839.0,2194.9,4316.3,0.6079,FY2030_Add5_Expert3_Growth2_NZ2050
SUP-043,ClearBottle Plastics,Packaging,APAC,Thailand,Expert Judgement,2043,Forecast,,2484.4,7839.0,1920.5,4615.6,0.6501,FY2030_Add5_Expert3_Growth2_NZ2050
SUP-043,ClearBottle Plastics,Packaging,APAC,Thailand,Expert Judgement,2044,Forecast,,2172.1,7839.0,1646.2,4927.9,0.6941,FY2030_Add5_Expert3_Growth2_NZ2050
SUP-043,ClearBottle Plastics,Packaging,APAC,Thailand,Expert Judgement,2045,Forecast,,1846.3,7839.0,1371.8,5253.7,0.74,FY2030_Add5_Expert3_Growth2_NZ2050
SUP-043,ClearBottle Plastics,Packaging,APAC,Thailand,Expert Judgement,2046,Forecast,,1506.6,7839.0,1097.5,5593.4,0.7878,FY2030_Add5_Expert3_Growth2_NZ2050
SUP-043,ClearBottle Plastics,Packaging,APAC,Thailand,Expert Judgement,2047,Forecast,,1152.5,7839.0,823.1,5947.5,0.8377,FY2030_Add5_Expert3_Growth2_NZ2050
SUP-043,ClearBottle Plastics,Packaging,APAC,Thailand,Expert Judgement,2048,Forecast,,783.7,7839.0,548.7,6316.3,0.8896,FY2030_Add5_Expert3_Growth2_NZ2050
SUP-043,ClearBottle Plastics,Packaging,APAC,Thailand,Expert Judgement,2049,Forecast,,399.7,7839.0,274.4,6700.3,0.9437,FY2030_Add5_Expert3_Growth2_NZ2050
SUP-043,ClearBottle Plastics,Packaging,APAC,Thailand,Expert Judgement,2050,Forecast,,0,7839.0,0.0,7100.0,1.0,FY2030_Add5_Expert3_Growth2_NZ2050
SUP-044,PaperLoop Mills,Packaging,EMEA,Finland,Supplier Target,2018,Actual,7204.4,,,,-1004.4,-0.162,FY2030_Add5_Expert3_Growth2_NZ2050
SUP-044,PaperLoop Mills,Packaging,EMEA,Finland,Supplier Target,2019,Actual,7049.4,,,,-849.4,-0.137,FY2030_Add5_Expert3_Growth2_NZ2050
SUP-044,PaperLoop Mills,Packaging,EMEA,Finland,Supplier Target,2020,Actual,6900.6,,,,-700.6,-0.113,FY2030_Add5_Expert3_Growth2_NZ2050
SUP-044,PaperLoop Mills,Packaging,EMEA,Finland,Supplier Target,2021,Actual,6751.8,,,,-551.8,-0.089,FY2030_Add5_Expert3_Growth2_NZ2050
SUP-044,PaperLoop Mills,Packaging,EMEA,Finland,Supplier Target,2022,Actual,6652.6,,,,-452.6,-0.073,FY2030_Add5_Expert3_Growth2_NZ2050
SUP-044,PaperLoop Mills,Packaging,EMEA,Finland,Supplier Target,2023,Actual,6454.2,,,,-254.2,-0.041,FY2030_Add5_Expert3_Growth2_NZ2050
SUP-044,PaperLoop Mills,Packaging,EMEA,Finland,Supplier Target,2024,Actual,6299.2,,,,-99.2,-0.016,FY2030_Add5_Expert3_Growth2_NZ2050
SUP-044,PaperLoop Mills,Packaging,EMEA,Finland,Supplier Target,2025,Actual,6200.0,,6845.3,,0.0,0.0,FY2030_Add5_Expert3_Growth2_NZ2050
SUP-044,PaperLoop Mills,Packaging,EMEA,Finland,Supplier Target,2026,Forecast,,5780.1,6845.3,,419.9,0.0677,FY2030_Add5_Expert3_Growth2_NZ2050
SUP-044,PaperLoop Mills,Packaging,EMEA,Finland,Supplier Target,2027,Forecast,,5341.0,6845.3,,859.0,0.1385,FY2030_Add5_Expert3_Growth2_NZ2050
SUP-044,PaperLoop Mills,Packaging,EMEA,Finland,Supplier Target,2028,Forecast,,4882.0,6845.3,,1318.0,0.2126,FY2030_Add5_Expert3_Growth2_NZ2050
SUP-044,PaperLoop Mills,Packaging,EMEA,Finland,Supplier Target,2029,Forecast,,4402.5,6845.3,,1797.5,0.2899,FY2030_Add5_Expert3_Growth2_NZ2050
SUP-044,PaperLoop Mills,Packaging,EMEA,Finland,Supplier Target,2030,Forecast,,3901.8,6845.3,3901.8,2298.2,0.3707,FY2030_Add5_Expert3_Growth2_NZ2050
SUP-044,PaperLoop Mills,Packaging,EMEA,Finland,Supplier Target,2031,Forecast,,3780.9,6845.3,3706.7,2419.1,0.3902,FY2030_Add5_Expert3_Growth2_NZ2050
SUP-044,PaperLoop Mills,Packaging,EMEA,Finland,Supplier Target,2032,Forecast,,3653.5,6845.3,3511.6,2546.5,0.4107,FY2030_Add5_Expert3_Growth2_NZ2050
SUP-044,PaperLoop Mills,Packaging,EMEA,Finland,Supplier Target,2033,Forecast,,3519.5,6845.3,3316.5,2680.5,0.4323,FY2030_Add5_Expert3_Growth2_NZ2050
SUP-044,PaperLoop Mills,Packaging,EMEA,Finland,Supplier Target,2034,Forecast,,3378.8,6845.3,3121.5,2821.2,0.455,FY2030_Add5_Expert3_Growth2_NZ2050
SUP-044,PaperLoop Mills,Packaging,EMEA,Finland,Supplier Target,2035,Forecast,,3230.9,6845.3,2926.4,2969.1,0.4789,FY2030_Add5_Expert3_Growth2_NZ2050
SUP-044,PaperLoop Mills,Packaging,EMEA,Finland,Supplier Target,2036,Forecast,,3075.9,6845.3,2731.3,3124.1,0.5039,FY2030_Add5_Expert3_Growth2_NZ2050
SUP-044,PaperLoop Mills,Packaging,EMEA,Finland,Supplier Target,2037,Forecast,,2913.3,6845.3,2536.2,3286.7,0.5301,FY2030_Add5_Expert3_Growth2_NZ2050
SUP-044,PaperLoop Mills,Packaging,EMEA,Finland,Supplier Target,2038,Forecast,,2743.0,6845.3,2341.1,3457.0,0.5576,FY2030_Add5_Expert3_Growth2_NZ2050
SUP-044,PaperLoop Mills,Packaging,EMEA,Finland,Supplier Target,2039,Forecast,,2564.7,6845.3,2146.0,3635.3,0.5863,FY2030_Add5_Expert3_Growth2_NZ2050
SUP-044,PaperLoop Mills,Packaging,EMEA,Finland,Supplier Target,2040,Forecast,,2378.1,6845.3,1950.9,3821.9,0.6164,FY2030_Add5_Expert3_Growth2_NZ2050
SUP-044,PaperLoop Mills,Packaging,EMEA,Finland,Supplier Target,2041,Forecast,,2183.1,6845.3,1755.8,4016.9,0.6479,FY2030_Add5_Expert3_Growth2_NZ2050
SUP-044,PaperLoop Mills,Packaging,EMEA,Finland,Supplier Target,2042,Forecast,,1979.4,6845.3,1560.7,4220.6,0.6807,FY2030_Add5_Expert3_Growth2_NZ2050
SUP-044,PaperLoop Mills,Packaging,EMEA,Finland,Supplier Target,2043,Forecast,,1766.6,6845.3,1365.6,4433.4,0.7151,FY2030_Add5_Expert3_Growth2_NZ2050
SUP-044,PaperLoop Mills,Packaging,EMEA,Finland,Supplier Target,2044,Forecast,,1544.5,6845.3,1170.5,4655.5,0.7509,FY2030_Add5_Expert3_Growth2_NZ2050
SUP-044,PaperLoop Mills,Packaging,EMEA,Finland,Supplier Target,2045,Forecast,,1312.8,6845.3,975.5,4887.2,0.7883,FY2030_Add5_Expert3_Growth2_NZ2050
SUP-044,PaperLoop Mills,Packaging,EMEA,Finland,Supplier Target,2046,Forecast,,1071.3,6845.3,780.4,5128.7,0.8272,FY2030_Add5_Expert3_Growth2_NZ2050
SUP-044,PaperLoop Mills,Packaging,EMEA,Finland,Supplier Target,2047,Forecast,,819.5,6845.3,585.3,5380.5,0.8678,FY2030_Add5_Expert3_Growth2_NZ2050
SUP-044,PaperLoop Mills,Packaging,EMEA,Finland,Supplier Target,2048,Forecast,,557.3,6845.3,390.2,5642.7,0.9101,FY2030_Add5_Expert3_Growth2_NZ2050
SUP-044,PaperLoop Mills,Packaging,EMEA,Finland,Supplier Target,2049,Forecast,,284.2,6845.3,195.1,5915.8,0.9542,FY2030_Add5_Expert3_Growth2_NZ2050
SUP-044,PaperLoop Mills,Packaging,EMEA,Finland,Supplier Target,2050,Forecast,,0,6845.3,0.0,6200.0,1.0,FY2030_Add5_Expert3_Growth2_NZ2050
SUP-045,GreenWrap Packaging,Packaging,AMER,Mexico,Expert Judgement,2018,Actual,6332.9,,,,-882.9,-0.162,FY2030_Add5_Expert3_Growth2_NZ2050
SUP-045,GreenWrap Packaging,Packaging,AMER,Mexico,Expert Judgement,2019,Actual,6196.6,,,,-746.6,-0.137,FY2030_Add5_Expert3_Growth2_NZ2050
SUP-045,GreenWrap Packaging,Packaging,AMER,Mexico,Expert Judgement,2020,Actual,6065.9,,,,-615.9,-0.113,FY2030_Add5_Expert3_Growth2_NZ2050
SUP-045,GreenWrap Packaging,Packaging,AMER,Mexico,Expert Judgement,2021,Actual,5935.1,,,,-485.1,-0.089,FY2030_Add5_Expert3_Growth2_NZ2050
SUP-045,GreenWrap Packaging,Packaging,AMER,Mexico,Expert Judgement,2022,Actual,5847.8,,,,-397.8,-0.073,FY2030_Add5_Expert3_Growth2_NZ2050
SUP-045,GreenWrap Packaging,Packaging,AMER,Mexico,Expert Judgement,2023,Actual,5673.4,,,,-223.4,-0.041,FY2030_Add5_Expert3_Growth2_NZ2050
SUP-045,GreenWrap Packaging,Packaging,AMER,Mexico,Expert Judgement,2024,Actual,5537.2,,,,-87.2,-0.016,FY2030_Add5_Expert3_Growth2_NZ2050
SUP-045,GreenWrap Packaging,Packaging,AMER,Mexico,Expert Judgement,2025,Actual,5450.0,,6017.2,,0.0,0.0,FY2030_Add5_Expert3_Growth2_NZ2050
SUP-045,GreenWrap Packaging,Packaging,AMER,Mexico,Expert Judgement,2026,Forecast,,5236.6,6017.2,,213.4,0.0392,FY2030_Add5_Expert3_Growth2_NZ2050
SUP-045,GreenWrap Packaging,Packaging,AMER,Mexico,Expert Judgement,2027,Forecast,,5012.4,6017.2,,437.6,0.0803,FY2030_Add5_Expert3_Growth2_NZ2050
SUP-045,GreenWrap Packaging,Packaging,AMER,Mexico,Expert Judgement,2028,Forecast,,4777.2,6017.2,,672.8,0.1234,FY2030_Add5_Expert3_Growth2_NZ2050
SUP-045,GreenWrap Packaging,Packaging,AMER,Mexico,Expert Judgement,2029,Forecast,,4530.6,6017.2,,919.4,0.1687,FY2030_Add5_Expert3_Growth2_NZ2050
SUP-045,GreenWrap Packaging,Packaging,AMER,Mexico,Expert Judgement,2030,Forecast,,4272.2,6017.2,4272.2,1177.8,0.2161,FY2030_Add5_Expert3_Growth2_NZ2050
SUP-045,GreenWrap Packaging,Packaging,AMER,Mexico,Expert Judgement,2031,Forecast,,4139.8,6017.2,4058.6,1310.2,0.2404,FY2030_Add5_Expert3_Growth2_NZ2050
SUP-045,GreenWrap Packaging,Packaging,AMER,Mexico,Expert Judgement,2032,Forecast,,4000.4,6017.2,3845.0,1449.6,0.266,FY2030_Add5_Expert3_Growth2_NZ2050
SUP-045,GreenWrap Packaging,Packaging,AMER,Mexico,Expert Judgement,2033,Forecast,,3853.7,6017.2,3631.4,1596.3,0.2929,FY2030_Add5_Expert3_Growth2_NZ2050
SUP-045,GreenWrap Packaging,Packaging,AMER,Mexico,Expert Judgement,2034,Forecast,,3699.5,6017.2,3417.8,1750.5,0.3212,FY2030_Add5_Expert3_Growth2_NZ2050
SUP-045,GreenWrap Packaging,Packaging,AMER,Mexico,Expert Judgement,2035,Forecast,,3537.7,6017.2,3204.2,1912.3,0.3509,FY2030_Add5_Expert3_Growth2_NZ2050
SUP-045,GreenWrap Packaging,Packaging,AMER,Mexico,Expert Judgement,2036,Forecast,,3367.9,6017.2,2990.6,2082.1,0.382,FY2030_Add5_Expert3_Growth2_NZ2050
SUP-045,GreenWrap Packaging,Packaging,AMER,Mexico,Expert Judgement,2037,Forecast,,3189.9,6017.2,2777.0,2260.1,0.4147,FY2030_Add5_Expert3_Growth2_NZ2050
SUP-045,GreenWrap Packaging,Packaging,AMER,Mexico,Expert Judgement,2038,Forecast,,3003.4,6017.2,2563.3,2446.6,0.4489,FY2030_Add5_Expert3_Growth2_NZ2050
SUP-045,GreenWrap Packaging,Packaging,AMER,Mexico,Expert Judgement,2039,Forecast,,2808.1,6017.2,2349.7,2641.9,0.4847,FY2030_Add5_Expert3_Growth2_NZ2050
SUP-045,GreenWrap Packaging,Packaging,AMER,Mexico,Expert Judgement,2040,Forecast,,2603.9,6017.2,2136.1,2846.1,0.5222,FY2030_Add5_Expert3_Growth2_NZ2050
SUP-045,GreenWrap Packaging,Packaging,AMER,Mexico,Expert Judgement,2041,Forecast,,2390.4,6017.2,1922.5,3059.6,0.5614,FY2030_Add5_Expert3_Growth2_NZ2050
SUP-045,GreenWrap Packaging,Packaging,AMER,Mexico,Expert Judgement,2042,Forecast,,2167.3,6017.2,1708.9,3282.7,0.6023,FY2030_Add5_Expert3_Growth2_NZ2050
SUP-045,GreenWrap Packaging,Packaging,AMER,Mexico,Expert Judgement,2043,Forecast,,1934.3,6017.2,1495.3,3515.7,0.6451,FY2030_Add5_Expert3_Growth2_NZ2050
SUP-045,GreenWrap Packaging,Packaging,AMER,Mexico,Expert Judgement,2044,Forecast,,1691.1,6017.2,1281.7,3758.9,0.6897,FY2030_Add5_Expert3_Growth2_NZ2050
SUP-045,GreenWrap Packaging,Packaging,AMER,Mexico,Expert Judgement,2045,Forecast,,1437.5,6017.2,1068.1,4012.5,0.7362,FY2030_Add5_Expert3_Growth2_NZ2050
SUP-045,GreenWrap Packaging,Packaging,AMER,Mexico,Expert Judgement,2046,Forecast,,1173.0,6017.2,854.4,4277.0,0.7848,FY2030_Add5_Expert3_Growth2_NZ2050
SUP-045,GreenWrap Packaging,Packaging,AMER,Mexico,Expert Judgement,2047,Forecast,,897.3,6017.2,640.8,4552.7,0.8354,FY2030_Add5_Expert3_Growth2_NZ2050
SUP-045,GreenWrap Packaging,Packaging,AMER,Mexico,Expert Judgement,2048,Forecast,,610.2,6017.2,427.2,4839.8,0.888,FY2030_Add5_Expert3_Growth2_NZ2050
SUP-045,GreenWrap Packaging,Packaging,AMER,Mexico,Expert Judgement,2049,Forecast,,311.2,6017.2,213.6,5138.8,0.9429,FY2030_Add5_Expert3_Growth2_NZ2050
SUP-045,GreenWrap Packaging,Packaging,AMER,Mexico,Expert Judgement,2050,Forecast,,0,6017.2,0.0,5450.0,1.0,FY2030_Add5_Expert3_Growth2_NZ2050
SUP-046,CottonWay Textiles,Textiles,APAC,India,Supplier Target,2018,Actual,8947.4,,,,-1247.4,-0.162,FY2030_Add5_Expert3_Growth2_NZ2050
SUP-046,CottonWay Textiles,Textiles,APAC,India,Supplier Target,2019,Actual,8754.9,,,,-1054.9,-0.137,FY2030_Add5_Expert3_Growth2_NZ2050
SUP-046,CottonWay Textiles,Textiles,APAC,India,Supplier Target,2020,Actual,8570.1,,,,-870.1,-0.113,FY2030_Add5_Expert3_Growth2_NZ2050
SUP-046,CottonWay Textiles,Textiles,APAC,India,Supplier Target,2021,Actual,8385.3,,,,-685.3,-0.089,FY2030_Add5_Expert3_Growth2_NZ2050
SUP-046,CottonWay Textiles,Textiles,APAC,India,Supplier Target,2022,Actual,8262.1,,,,-562.1,-0.073,FY2030_Add5_Expert3_Growth2_NZ2050
SUP-046,CottonWay Textiles,Textiles,APAC,India,Supplier Target,2023,Actual,8015.7,,,,-315.7,-0.041,FY2030_Add5_Expert3_Growth2_NZ2050
SUP-046,CottonWay Textiles,Textiles,APAC,India,Supplier Target,2024,Actual,7823.2,,,,-123.2,-0.016,FY2030_Add5_Expert3_Growth2_NZ2050
SUP-046,CottonWay Textiles,Textiles,APAC,India,Supplier Target,2025,Actual,7700.0,,8501.4,,0.0,0.0,FY2030_Add5_Expert3_Growth2_NZ2050
SUP-046,CottonWay Textiles,Textiles,APAC,India,Supplier Target,2026,Forecast,,7257.1,8501.4,,442.9,0.0575,FY2030_Add5_Expert3_Growth2_NZ2050
SUP-046,CottonWay Textiles,Textiles,APAC,India,Supplier Target,2027,Forecast,,6793.4,8501.4,,906.6,0.1177,FY2030_Add5_Expert3_Growth2_NZ2050
SUP-046,CottonWay Textiles,Textiles,APAC,India,Supplier Target,2028,Forecast,,6308.2,8501.4,,1391.8,0.1807,FY2030_Add5_Expert3_Growth2_NZ2050
SUP-046,CottonWay Textiles,Textiles,APAC,India,Supplier Target,2029,Forecast,,5801.0,8501.4,,1899.0,0.2466,FY2030_Add5_Expert3_Growth2_NZ2050
SUP-046,CottonWay Textiles,Textiles,APAC,India,Supplier Target,2030,Forecast,,5270.9,8501.4,5270.9,2429.1,0.3155,FY2030_Add5_Expert3_Growth2_NZ2050
SUP-046,CottonWay Textiles,Textiles,APAC,India,Supplier Target,2031,Forecast,,5107.5,8501.4,5007.3,2592.5,0.3367,FY2030_Add5_Expert3_Growth2_NZ2050
SUP-046,CottonWay Textiles,Textiles,APAC,India,Supplier Target,2032,Forecast,,4935.4,8501.4,4743.8,2764.6,0.359,FY2030_Add5_Expert3_Growth2_NZ2050
SUP-046,CottonWay Textiles,Textiles,APAC,India,Supplier Target,2033,Forecast,,4754.5,8501.4,4480.2,2945.5,0.3825,FY2030_Add5_Expert3_Growth2_NZ2050
SUP-046,CottonWay Textiles,Textiles,APAC,India,Supplier Target,2034,Forecast,,4564.3,8501.4,4216.7,3135.7,0.4072,FY2030_Add5_Expert3_Growth2_NZ2050
SUP-046,CottonWay Textiles,Textiles,APAC,India,Supplier Target,2035,Forecast,,4364.6,8501.4,3953.2,3335.4,0.4332,FY2030_Add5_Expert3_Growth2_NZ2050
SUP-046,CottonWay Textiles,Textiles,APAC,India,Supplier Target,2036,Forecast,,4155.1,8501.4,3689.6,3544.9,0.4604,FY2030_Add5_Expert3_Growth2_NZ2050
SUP-046,CottonWay Textiles,Textiles,APAC,India,Supplier Target,2037,Forecast,,3935.5,8501.4,3426.1,3764.5,0.4889,FY2030_Add5_Expert3_Growth2_NZ2050
SUP-046,CottonWay Textiles,Textiles,APAC,India,Supplier Target,2038,Forecast,,3705.4,8501.4,3162.5,3994.6,0.5188,FY2030_Add5_Expert3_Growth2_NZ2050
SUP-046,CottonWay Textiles,Textiles,APAC,India,Supplier Target,2039,Forecast,,3464.6,8501.4,2899.0,4235.4,0.5501,FY2030_Add5_Expert3_Growth2_NZ2050
SUP-046,CottonWay Textiles,Textiles,APAC,India,Supplier Target,2040,Forecast,,3212.6,8501.4,2635.4,4487.4,0.5828,FY2030_Add5_Expert3_Growth2_NZ2050
SUP-046,CottonWay Textiles,Textiles,APAC,India,Supplier Target,2041,Forecast,,2949.2,8501.4,2371.9,4750.8,0.617,FY2030_Add5_Expert3_Growth2_NZ2050
SUP-046,CottonWay Textiles,Textiles,APAC,India,Supplier Target,2042,Forecast,,2673.9,8501.4,2108.4,5026.1,0.6527,FY2030_Add5_Expert3_Growth2_NZ2050
SUP-046,CottonWay Textiles,Textiles,APAC,India,Supplier Target,2043,Forecast,,2386.5,8501.4,1844.8,5313.5,0.6901,FY2030_Add5_Expert3_Growth2_NZ2050
SUP-046,CottonWay Textiles,Textiles,APAC,India,Supplier Target,2044,Forecast,,2086.4,8501.4,1581.3,5613.6,0.729,FY2030_Add5_Expert3_Growth2_NZ2050
SUP-046,CottonWay Textiles,Textiles,APAC,India,Supplier Target,2045,Forecast,,1773.5,8501.4,1317.7,5926.5,0.7697,FY2030_Add5_Expert3_Growth2_NZ2050
SUP-046,CottonWay Textiles,Textiles,APAC,India,Supplier Target,2046,Forecast,,1447.2,8501.4,1054.2,6252.8,0.8121,FY2030_Add5_Expert3_Growth2_NZ2050
SUP-046,CottonWay Textiles,Textiles,APAC,India,Supplier Target,2047,Forecast,,1107.1,8501.4,790.6,6592.9,0.8562,FY2030_Add5_Expert3_Growth2_NZ2050
SUP-046,CottonWay Textiles,Textiles,APAC,India,Supplier Target,2048,Forecast,,752.8,8501.4,527.1,6947.2,0.9022,FY2030_Add5_Expert3_Growth2_NZ2050
SUP-046,CottonWay Textiles,Textiles,APAC,India,Supplier Target,2049,Forecast,,383.9,8501.4,263.5,7316.1,0.9501,FY2030_Add5_Expert3_Growth2_NZ2050
SUP-046,CottonWay Textiles,Textiles,APAC,India,Supplier Target,2050,Forecast,,0,8501.4,0.0,7700.0,1.0,FY2030_Add5_Expert3_Growth2_NZ2050
SUP-047,WeaveRight Mills,Textiles,EMEA,Portugal,Supplier Target,2018,Actual,7669.2,,,,-1069.2,-0.162,FY2030_Add5_Expert3_Growth2_NZ2050
SUP-047,WeaveRight Mills,Textiles,EMEA,Portugal,Supplier Target,2019,Actual,7504.2,,,,-904.2,-0.137,FY2030_Add5_Expert3_Growth2_NZ2050
SUP-047,WeaveRight Mills,Textiles,EMEA,Portugal,Supplier Target,2020,Actual,7345.8,,,,-745.8,-0.113,FY2030_Add5_Expert3_Growth2_NZ2050
SUP-047,WeaveRight Mills,Textiles,EMEA,Portugal,Supplier Target,2021,Actual,7187.4,,,,-587.4,-0.089,FY2030_Add5_Expert3_Growth2_NZ2050
SUP-047,WeaveRight Mills,Textiles,EMEA,Portugal,Supplier Target,2022,Actual,7081.8,,,,-481.8,-0.073,FY2030_Add5_Expert3_Growth2_NZ2050
SUP-047,WeaveRight Mills,Textiles,EMEA,Portugal,Supplier Target,2023,Actual,6870.6,,,,-270.6,-0.041,FY2030_Add5_Expert3_Growth2_NZ2050
SUP-047,WeaveRight Mills,Textiles,EMEA,Portugal,Supplier Target,2024,Actual,6705.6,,,,-105.6,-0.016,FY2030_Add5_Expert3_Growth2_NZ2050
SUP-047,WeaveRight Mills,Textiles,EMEA,Portugal,Supplier Target,2025,Actual,6600.0,,7286.9,,0.0,0.0,FY2030_Add5_Expert3_Growth2_NZ2050
SUP-047,WeaveRight Mills,Textiles,EMEA,Portugal,Supplier Target,2026,Forecast,,6193.4,7286.9,,406.6,0.0616,FY2030_Add5_Expert3_Growth2_NZ2050
SUP-047,WeaveRight Mills,Textiles,EMEA,Portugal,Supplier Target,2027,Forecast,,5768.0,7286.9,,832.0,0.1261,FY2030_Add5_Expert3_Growth2_NZ2050
SUP-047,WeaveRight Mills,Textiles,EMEA,Portugal,Supplier Target,2028,Forecast,,5323.0,7286.9,,1277.0,0.1935,FY2030_Add5_Expert3_Growth2_NZ2050
SUP-047,WeaveRight Mills,Textiles,EMEA,Portugal,Supplier Target,2029,Forecast,,4858.0,7286.9,,1742.0,0.2639,FY2030_Add5_Expert3_Growth2_NZ2050
SUP-047,WeaveRight Mills,Textiles,EMEA,Portugal,Supplier Target,2030,Forecast,,4372.2,7286.9,4372.2,2227.8,0.3376,FY2030_Add5_Expert3_Growth2_NZ2050
SUP-047,WeaveRight Mills,Textiles,EMEA,Portugal,Supplier Target,2031,Forecast,,4236.6,7286.9,4153.6,2363.4,0.3581,FY2030_Add5_Expert3_Growth2_NZ2050
SUP-047,WeaveRight Mills,Textiles,EMEA,Portugal,Supplier Target,2032,Forecast,,4093.9,7286.9,3934.9,2506.1,0.3797,FY2030_Add5_Expert3_Growth2_NZ2050
SUP-047,WeaveRight Mills,Textiles,EMEA,Portugal,Supplier Target,2033,Forecast,,3943.8,7286.9,3716.3,2656.2,0.4025,FY2030_Add5_Expert3_Growth2_NZ2050
SUP-047,WeaveRight Mills,Textiles,EMEA,Portugal,Supplier Target,2034,Forecast,,3786.1,7286.9,3497.7,2813.9,0.4264,FY2030_Add5_Expert3_Growth2_NZ2050
SUP-047,WeaveRight Mills,Textiles,EMEA,Portugal,Supplier Target,2035,Forecast,,3620.4,7286.9,3279.1,2979.6,0.4515,FY2030_Add5_Expert3_Growth2_NZ2050
SUP-047,WeaveRight Mills,Textiles,EMEA,Portugal,Supplier Target,2036,Forecast,,3446.6,7286.9,3060.5,3153.4,0.4778,FY2030_Add5_Expert3_Growth2_NZ2050
SUP-047,WeaveRight Mills,Textiles,EMEA,Portugal,Supplier Target,2037,Forecast,,3264.5,7286.9,2841.9,3335.5,0.5054,FY2030_Add5_Expert3_Growth2_NZ2050
SUP-047,WeaveRight Mills,Textiles,EMEA,Portugal,Supplier Target,2038,Forecast,,3073.6,7286.9,2623.3,3526.4,0.5343,FY2030_Add5_Expert3_Growth2_NZ2050
SUP-047,WeaveRight Mills,Textiles,EMEA,Portugal,Supplier Target,2039,Forecast,,2873.8,7286.9,2404.7,3726.2,0.5646,FY2030_Add5_Expert3_Growth2_NZ2050
SUP-047,WeaveRight Mills,Textiles,EMEA,Portugal,Supplier Target,2040,Forecast,,2664.8,7286.9,2186.1,3935.2,0.5962,FY2030_Add5_Expert3_Growth2_NZ2050
SUP-047,WeaveRight Mills,Textiles,EMEA,Portugal,Supplier Target,2041,Forecast,,2446.3,7286.9,1967.5,4153.7,0.6293,FY2030_Add5_Expert3_Growth2_NZ2050
SUP-047,WeaveRight Mills,Textiles,EMEA,Portugal,Supplier Target,2042,Forecast,,2218.0,7286.9,1748.9,4382.0,0.6639,FY2030_Add5_Expert3_Growth2_NZ2050
SUP-047,WeaveRight Mills,Textiles,EMEA,Portugal,Supplier Target,2043,Forecast,,1979.5,7286.9,1530.3,4620.5,0.7001,FY2030_Add5_Expert3_Growth2_NZ2050
SUP-047,WeaveRight Mills,Textiles,EMEA,Portugal,Supplier Target,2044,Forecast,,1730.7,7286.9,1311.6,4869.3,0.7378,FY2030_Add5_Expert3_Growth2_NZ2050
SUP-047,WeaveRight Mills,Textiles,EMEA,Portugal,Supplier Target,2045,Forecast,,1471.1,7286.9,1093.0,5128.9,0.7771,FY2030_Add5_Expert3_Growth2_NZ2050
SUP-047,WeaveRight Mills,Textiles,EMEA,Portugal,Supplier Target,2046,Forecast,,1200.4,7286.9,874.4,5399.6,0.8181,FY2030_Add5_Expert3_Growth2_NZ2050
SUP-047,WeaveRight Mills,Textiles,EMEA,Portugal,Supplier Target,2047,Forecast,,918.3,7286.9,655.8,5681.7,0.8609,FY2030_Add5_Expert3_Growth2_NZ2050
SUP-047,WeaveRight Mills,Textiles,EMEA,Portugal,Supplier Target,2048,Forecast,,624.5,7286.9,437.2,5975.5,0.9054,FY2030_Add5_Expert3_Growth2_NZ2050
SUP-047,WeaveRight Mills,Textiles,EMEA,Portugal,Supplier Target,2049,Forecast,,318.5,7286.9,218.6,6281.5,0.9517,FY2030_Add5_Expert3_Growth2_NZ2050
SUP-047,WeaveRight Mills,Textiles,EMEA,Portugal,Supplier Target,2050,Forecast,,0,7286.9,0.0,6600.0,1.0,FY2030_Add5_Expert3_Growth2_NZ2050
SUP-048,DyeStar Processing,Textiles,APAC,Bangladesh,Expert Judgement,2018,Actual,7204.4,,,,-1004.4,-0.162,FY2030_Add5_Expert3_Growth2_NZ2050
SUP-048,DyeStar Processing,Textiles,APAC,Bangladesh,Expert Judgement,2019,Actual,7049.4,,,,-849.4,-0.137,FY2030_Add5_Expert3_Growth2_NZ2050
SUP-048,DyeStar Processing,Textiles,APAC,Bangladesh,Expert Judgement,2020,Actual,6900.6,,,,-700.6,-0.113,FY2030_Add5_Expert3_Growth2_NZ2050
SUP-048,DyeStar Processing,Textiles,APAC,Bangladesh,Expert Judgement,2021,Actual,6751.8,,,,-551.8,-0.089,FY2030_Add5_Expert3_Growth2_NZ2050
SUP-048,DyeStar Processing,Textiles,APAC,Bangladesh,Expert Judgement,2022,Actual,6652.6,,,,-452.6,-0.073,FY2030_Add5_Expert3_Growth2_NZ2050
SUP-048,DyeStar Processing,Textiles,APAC,Bangladesh,Expert Judgement,2023,Actual,6454.2,,,,-254.2,-0.041,FY2030_Add5_Expert3_Growth2_NZ2050
SUP-048,DyeStar Processing,Textiles,APAC,Bangladesh,Expert Judgement,2024,Actual,6299.2,,,,-99.2,-0.016,FY2030_Add5_Expert3_Growth2_NZ2050
SUP-048,DyeStar Processing,Textiles,APAC,Bangladesh,Expert Judgement,2025,Actual,6200.0,,6845.3,,0.0,0.0,FY2030_Add5_Expert3_Growth2_NZ2050
SUP-048,DyeStar Processing,Textiles,APAC,Bangladesh,Expert Judgement,2026,Forecast,,5944.6,6845.3,,255.4,0.0412,FY2030_Add5_Expert3_Growth2_NZ2050
SUP-048,DyeStar Processing,Textiles,APAC,Bangladesh,Expert Judgement,2027,Forecast,,5676.4,6845.3,,523.6,0.0844,FY2030_Add5_Expert3_Growth2_NZ2050
SUP-048,DyeStar Processing,Textiles,APAC,Bangladesh,Expert Judgement,2028,Forecast,,5395.2,6845.3,,804.8,0.1298,FY2030_Add5_Expert3_Growth2_NZ2050
SUP-048,DyeStar Processing,Textiles,APAC,Bangladesh,Expert Judgement,2029,Forecast,,5100.4,6845.3,,1099.6,0.1774,FY2030_Add5_Expert3_Growth2_NZ2050
SUP-048,DyeStar Processing,Textiles,APAC,Bangladesh,Expert Judgement,2030,Forecast,,4791.7,6845.3,4791.7,1408.3,0.2271,FY2030_Add5_Expert3_Growth2_NZ2050
SUP-048,DyeStar Processing,Textiles,APAC,Bangladesh,Expert Judgement,2031,Forecast,,4643.2,6845.3,4552.1,1556.8,0.2511,FY2030_Add5_Expert3_Growth2_NZ2050
SUP-048,DyeStar Processing,Textiles,APAC,Bangladesh,Expert Judgement,2032,Forecast,,4486.8,6845.3,4312.5,1713.2,0.2763,FY2030_Add5_Expert3_Growth2_NZ2050
SUP-048,DyeStar Processing,Textiles,APAC,Bangladesh,Expert Judgement,2033,Forecast,,4322.3,6845.3,4073.0,1877.7,0.3029,FY2030_Add5_Expert3_Growth2_NZ2050
SUP-048,DyeStar Processing,Textiles,APAC,Bangladesh,Expert Judgement,2034,Forecast,,4149.4,6845.3,3833.4,2050.6,0.3307,FY2030_Add5_Expert3_Growth2_NZ2050
SUP-048,DyeStar Processing,Textiles,APAC,Bangladesh,Expert Judgement,2035,Forecast,,3967.8,6845.3,3593.8,2232.2,0.36,FY2030_Add5_Expert3_Growth2_NZ2050
SUP-048,DyeStar Processing,Textiles,APAC,Bangladesh,Expert Judgement,2036,Forecast,,3777.4,6845.3,3354.2,2422.6,0.3907,FY2030_Add5_Expert3_Growth2_NZ2050
SUP-048,DyeStar Processing,Textiles,APAC,Bangladesh,Expert Judgement,2037,Forecast,,3577.7,6845.3,3114.6,2622.3,0.4229,FY2030_Add5_Expert3_Growth2_NZ2050
SUP-048,DyeStar Processing,Textiles,APAC,Bangladesh,Expert Judgement,2038,Forecast,,3368.6,6845.3,2875.0,2831.4,0.4567,FY2030_Add5_Expert3_Growth2_NZ2050
SUP-048,DyeStar Processing,Textiles,APAC,Bangladesh,Expert Judgement,2039,Forecast,,3149.6,6845.3,2635.4,3050.4,0.492,FY2030_Add5_Expert3_Growth2_NZ2050
SUP-048,DyeStar Processing,Textiles,APAC,Bangladesh,Expert Judgement,2040,Forecast,,2920.5,6845.3,2395.9,3279.5,0.5289,FY2030_Add5_Expert3_Growth2_NZ2050
SUP-048,DyeStar Processing,Textiles,APAC,Bangladesh,Expert Judgement,2041,Forecast,,2681.1,6845.3,2156.3,3518.9,0.5676,FY2030_Add5_Expert3_Growth2_NZ2050
SUP-048,DyeStar Processing,Textiles,APAC,Bangladesh,Expert Judgement,2042,Forecast,,2430.8,6845.3,1916.7,3769.2,0.6079,FY2030_Add5_Expert3_Growth2_NZ2050
SUP-048,DyeStar Processing,Textiles,APAC,Bangladesh,Expert Judgement,2043,Forecast,,2169.5,6845.3,1677.1,4030.5,0.6501,FY2030_Add5_Expert3_Growth2_NZ2050
SUP-048,DyeStar Processing,Textiles,APAC,Bangladesh,Expert Judgement,2044,Forecast,,1896.8,6845.3,1437.5,4303.2,0.6941,FY2030_Add5_Expert3_Growth2_NZ2050
SUP-048,DyeStar Processing,Textiles,APAC,Bangladesh,Expert Judgement,2045,Forecast,,1612.3,6845.3,1197.9,4587.7,0.74,FY2030_Add5_Expert3_Growth2_NZ2050
SUP-048,DyeStar Processing,Textiles,APAC,Bangladesh,Expert Judgement,2046,Forecast,,1315.6,6845.3,958.3,4884.4,0.7878,FY2030_Add5_Expert3_Growth2_NZ2050
SUP-048,DyeStar Processing,Textiles,APAC,Bangladesh,Expert Judgement,2047,Forecast,,1006.4,6845.3,718.8,5193.6,0.8377,FY2030_Add5_Expert3_Growth2_NZ2050
SUP-048,DyeStar Processing,Textiles,APAC,Bangladesh,Expert Judgement,2048,Forecast,,684.4,6845.3,479.2,5515.6,0.8896,FY2030_Add5_Expert3_Growth2_NZ2050
SUP-048,DyeStar Processing,Textiles,APAC,Bangladesh,Expert Judgement,2049,Forecast,,349.0,6845.3,239.6,5851.0,0.9437,FY2030_Add5_Expert3_Growth2_NZ2050
SUP-048,DyeStar Processing,Textiles,APAC,Bangladesh,Expert Judgement,2050,Forecast,,0,6845.3,0.0,6200.0,1.0,FY2030_Add5_Expert3_Growth2_NZ2050
SUP-049,FiberLink Global,Textiles,AMER,Peru,Supplier Target,2018,Actual,6507.2,,,,-907.2,-0.162,FY2030_Add5_Expert3_Growth2_NZ2050
SUP-049,FiberLink Global,Textiles,AMER,Peru,Supplier Target,2019,Actual,6367.2,,,,-767.2,-0.137,FY2030_Add5_Expert3_Growth2_NZ2050
SUP-049,FiberLink Global,Textiles,AMER,Peru,Supplier Target,2020,Actual,6232.8,,,,-632.8,-0.113,FY2030_Add5_Expert3_Growth2_NZ2050
SUP-049,FiberLink Global,Textiles,AMER,Peru,Supplier Target,2021,Actual,6098.4,,,,-498.4,-0.089,FY2030_Add5_Expert3_Growth2_NZ2050
SUP-049,FiberLink Global,Textiles,AMER,Peru,Supplier Target,2022,Actual,6008.8,,,,-408.8,-0.073,FY2030_Add5_Expert3_Growth2_NZ2050
SUP-049,FiberLink Global,Textiles,AMER,Peru,Supplier Target,2023,Actual,5829.6,,,,-229.6,-0.041,FY2030_Add5_Expert3_Growth2_NZ2050
SUP-049,FiberLink Global,Textiles,AMER,Peru,Supplier Target,2024,Actual,5689.6,,,,-89.6,-0.016,FY2030_Add5_Expert3_Growth2_NZ2050
SUP-049,FiberLink Global,Textiles,AMER,Peru,Supplier Target,2025,Actual,5600.0,,6182.9,,0.0,0.0,FY2030_Add5_Expert3_Growth2_NZ2050
SUP-049,FiberLink Global,Textiles,AMER,Peru,Supplier Target,2026,Forecast,,5289.3,6182.9,,310.7,0.0555,FY2030_Add5_Expert3_Growth2_NZ2050
SUP-049,FiberLink Global,Textiles,AMER,Peru,Supplier Target,2027,Forecast,,4964.0,6182.9,,636.0,0.1136,FY2030_Add5_Expert3_Growth2_NZ2050
SUP-049,FiberLink Global,Textiles,AMER,Peru,Supplier Target,2028,Forecast,,4623.5,6182.9,,976.5,0.1744,FY2030_Add5_Expert3_Growth2_NZ2050
SUP-049,FiberLink Global,Textiles,AMER,Peru,Supplier Target,2029,Forecast,,4267.4,6182.9,,1332.6,0.238,FY2030_Add5_Expert3_Growth2_NZ2050
SUP-049,FiberLink Global,Textiles,AMER,Peru,Supplier Target,2030,Forecast,,3895.2,6182.9,3895.2,1704.8,0.3044,FY2030_Add5_Expert3_Growth2_NZ2050
SUP-049,FiberLink Global,Textiles,AMER,Peru,Supplier Target,2031,Forecast,,3774.4,6182.9,3700.4,1825.6,0.326,FY2030_Add5_Expert3_Growth2_NZ2050
SUP-049,FiberLink Global,Textiles,AMER,Peru,Supplier Target,2032,Forecast,,3647.3,6182.9,3505.7,1952.7,0.3487,FY2030_Add5_Expert3_Growth2_NZ2050
SUP-049,FiberLink Global,Textiles,AMER,Peru,Supplier Target,2033,Forecast,,3513.6,6182.9,3310.9,2086.4,0.3726,FY2030_Add5_Expert3_Growth2_NZ2050
SUP-049,FiberLink Global,Textiles,AMER,Peru,Supplier Target,2034,Forecast,,3373.0,6182.9,3116.2,2227.0,0.3977,FY2030_Add5_Expert3_Growth2_NZ2050
SUP-049,FiberLink Global,Textiles,AMER,Peru,Supplier Target,2035,Forecast,,3225.5,6182.9,2921.4,2374.5,0.424,FY2030_Add5_Expert3_Growth2_NZ2050
SUP-049,FiberLink Global,Textiles,AMER,Peru,Supplier Target,2036,Forecast,,3070.6,6182.9,2726.6,2529.4,0.4517,FY2030_Add5_Expert3_Growth2_NZ2050
SUP-049,FiberLink Global,Textiles,AMER,Peru,Supplier Target,2037,Forecast,,2908.3,6182.9,2531.9,2691.7,0.4807,FY2030_Add5_Expert3_Growth2_NZ2050
SUP-049,FiberLink Global,Textiles,AMER,Peru,Supplier Target,2038,Forecast,,2738.3,6182.9,2337.1,2861.7,0.511,FY2030_Add5_Expert3_Growth2_NZ2050
SUP-049,FiberLink Global,Textiles,AMER,Peru,Supplier Target,2039,Forecast,,2560.3,6182.9,2142.4,3039.7,0.5428,FY2030_Add5_Expert3_Growth2_NZ2050
SUP-049,FiberLink Global,Textiles,AMER,Peru,Supplier Target,2040,Forecast,,2374.1,6182.9,1947.6,3225.9,0.5761,FY2030_Add5_Expert3_Growth2_NZ2050
SUP-049,FiberLink Global,Textiles,AMER,Peru,Supplier Target,2041,Forecast,,2179.4,6182.9,1752.8,3420.6,0.6108,FY2030_Add5_Expert3_Growth2_NZ2050
SUP-049,FiberLink Global,Textiles,AMER,Peru,Supplier Target,2042,Forecast,,1976.0,6182.9,1558.1,3624.0,0.6471,FY2030_Add5_Expert3_Growth2_NZ2050
SUP-049,FiberLink Global,Textiles,AMER,Peru,Supplier Target,2043,Forecast,,1763.6,6182.9,1363.3,3836.4,0.6851,FY2030_Add5_Expert3_Growth2_NZ2050
SUP-049,FiberLink Global,Textiles,AMER,Peru,Supplier Target,2044,Forecast,,1541.9,6182.9,1168.6,4058.1,0.7247,FY2030_Add5_Expert3_Growth2_NZ2050
SUP-049,FiberLink Global,Textiles,AMER,Peru,Supplier Target,2045,Forecast,,1310.6,6182.9,973.8,4289.4,0.766,FY2030_Add5_Expert3_Growth2_NZ2050
SUP-049,FiberLink Global,Textiles,AMER,Peru,Supplier Target,2046,Forecast,,1069.5,6182.9,779.0,4530.5,0.809,FY2030_Add5_Expert3_Growth2_NZ2050
SUP-049,FiberLink Global,Textiles,AMER,Peru,Supplier Target,2047,Forecast,,818.1,6182.9,584.3,4781.9,0.8539,FY2030_Add5_Expert3_Growth2_NZ2050
SUP-049,FiberLink Global,Textiles,AMER,Peru,Supplier Target,2048,Forecast,,556.3,6182.9,389.5,5043.7,0.9007,FY2030_Add5_Expert3_Growth2_NZ2050
SUP-049,FiberLink Global,Textiles,AMER,Peru,Supplier Target,2049,Forecast,,283.7,6182.9,194.8,5316.3,0.9493,FY2030_Add5_Expert3_Growth2_NZ2050
SUP-049,FiberLink Global,Textiles,AMER,Peru,Supplier Target,2050,Forecast,,0,6182.9,0.0,5600.0,1.0,FY2030_Add5_Expert3_Growth2_NZ2050
SUP-050,DenimSource Ltd.,Textiles,EMEA,Turkey,Expert Judgement,2018,Actual,6042.4,,,,-842.4,-0.162,FY2030_Add5_Expert3_Growth2_NZ2050
SUP-050,DenimSource Ltd.,Textiles,EMEA,Turkey,Expert Judgement,2019,Actual,5912.4,,,,-712.4,-0.137,FY2030_Add5_Expert3_Growth2_NZ2050
SUP-050,DenimSource Ltd.,Textiles,EMEA,Turkey,Expert Judgement,2020,Actual,5787.6,,,,-587.6,-0.113,FY2030_Add5_Expert3_Growth2_NZ2050
SUP-050,DenimSource Ltd.,Textiles,EMEA,Turkey,Expert Judgement,2021,Actual,5662.8,,,,-462.8,-0.089,FY2030_Add5_Expert3_Growth2_NZ2050
SUP-050,DenimSource Ltd.,Textiles,EMEA,Turkey,Expert Judgement,2022,Actual,5579.6,,,,-379.6,-0.073,FY2030_Add5_Expert3_Growth2_NZ2050
SUP-050,DenimSource Ltd.,Textiles,EMEA,Turkey,Expert Judgement,2023,Actual,5413.2,,,,-213.2,-0.041,FY2030_Add5_Expert3_Growth2_NZ2050
SUP-050,DenimSource Ltd.,Textiles,EMEA,Turkey,Expert Judgement,2024,Actual,5283.2,,,,-83.2,-0.016,FY2030_Add5_Expert3_Growth2_NZ2050
SUP-050,DenimSource Ltd.,Textiles,EMEA,Turkey,Expert Judgement,2025,Actual,5200.0,,5741.2,,0.0,0.0,FY2030_Add5_Expert3_Growth2_NZ2050
SUP-050,DenimSource Ltd.,Textiles,EMEA,Turkey,Expert Judgement,2026,Forecast,,5007.0,5741.2,,193.0,0.0371,FY2030_Add5_Expert3_Growth2_NZ2050
SUP-050,DenimSource Ltd.,Textiles,EMEA,Turkey,Expert Judgement,2027,Forecast,,4804.2,5741.2,,395.8,0.0761,FY2030_Add5_Expert3_Growth2_NZ2050
SUP-050,DenimSource Ltd.,Textiles,EMEA,Turkey,Expert Judgement,2028,Forecast,,4591.2,5741.2,,608.8,0.1171,FY2030_Add5_Expert3_Growth2_NZ2050
SUP-050,DenimSource Ltd.,Textiles,EMEA,Turkey,Expert Judgement,2029,Forecast,,4367.8,5741.2,,832.2,0.16,FY2030_Add5_Expert3_Growth2_NZ2050
SUP-050,DenimSource Ltd.,Textiles,EMEA,Turkey,Expert Judgement,2030,Forecast,,4133.7,5741.2,4133.7,1066.3,0.2051,FY2030_Add5_Expert3_Growth2_NZ2050
SUP-050,DenimSource Ltd.,Textiles,EMEA,Turkey,Expert Judgement,2031,Forecast,,4005.5,5741.2,3927.0,1194.5,0.2297,FY2030_Add5_Expert3_Growth2_NZ2050
SUP-050,DenimSource Ltd.,Textiles,EMEA,Turkey,Expert Judgement,2032,Forecast,,3870.6,5741.2,3720.3,1329.4,0.2557,FY2030_Add5_Expert3_Growth2_NZ2050
SUP-050,DenimSource Ltd.,Textiles,EMEA,Turkey,Expert Judgement,2033,Forecast,,3728.7,5741.2,3513.6,1471.3,0.2829,FY2030_Add5_Expert3_Growth2_NZ2050
SUP-050,DenimSource Ltd.,Textiles,EMEA,Turkey,Expert Judgement,2034,Forecast,,3579.5,5741.2,3306.9,1620.5,0.3116,FY2030_Add5_Expert3_Growth2_NZ2050
SUP-050,DenimSource Ltd.,Textiles,EMEA,Turkey,Expert Judgement,2035,Forecast,,3422.9,5741.2,3100.3,1777.1,0.3417,FY2030_Add5_Expert3_Growth2_NZ2050
SUP-050,DenimSource Ltd.,Textiles,EMEA,Turkey,Expert Judgement,2036,Forecast,,3258.6,5741.2,2893.6,1941.4,0.3733,FY2030_Add5_Expert3_Growth2_NZ2050
SUP-050,DenimSource Ltd.,Textiles,EMEA,Turkey,Expert Judgement,2037,Forecast,,3086.4,5741.2,2686.9,2113.6,0.4065,FY2030_Add5_Expert3_Growth2_NZ2050
SUP-050,DenimSource Ltd.,Textiles,EMEA,Turkey,Expert Judgement,2038,Forecast,,2906.0,5741.2,2480.2,2294.0,0.4412,FY2030_Add5_Expert3_Growth2_NZ2050
SUP-050,DenimSource Ltd.,Textiles,EMEA,Turkey,Expert Judgement,2039,Forecast,,2717.1,5741.2,2273.5,2482.9,0.4775,FY2030_Add5_Expert3_Growth2_NZ2050
SUP-050,DenimSource Ltd.,Textiles,EMEA,Turkey,Expert Judgement,2040,Forecast,,2519.5,5741.2,2066.8,2680.5,0.5155,FY2030_Add5_Expert3_Growth2_NZ2050
SUP-050,DenimSource Ltd.,Textiles,EMEA,Turkey,Expert Judgement,2041,Forecast,,2312.9,5741.2,1860.2,2887.1,0.5552,FY2030_Add5_Expert3_Growth2_NZ2050
SUP-050,DenimSource Ltd.,Textiles,EMEA,Turkey,Expert Judgement,2042,Forecast,,2097.0,5741.2,1653.5,3103.0,0.5967,FY2030_Add5_Expert3_Growth2_NZ2050
SUP-050,DenimSource Ltd.,Textiles,EMEA,Turkey,Expert Judgement,2043,Forecast,,1871.6,5741.2,1446.8,3328.4,0.6401,FY2030_Add5_Expert3_Growth2_NZ2050
SUP-050,DenimSource Ltd.,Textiles,EMEA,Turkey,Expert Judgement,2044,Forecast,,1636.3,5741.2,1240.1,3563.7,0.6853,FY2030_Add5_Expert3_Growth2_NZ2050
SUP-050,DenimSource Ltd.,Textiles,EMEA,Turkey,Expert Judgement,2045,Forecast,,1390.8,5741.2,1033.4,3809.2,0.7325,FY2030_Add5_Expert3_Growth2_NZ2050
SUP-050,DenimSource Ltd.,Textiles,EMEA,Turkey,Expert Judgement,2046,Forecast,,1134.9,5741.2,826.7,4065.1,0.7817,FY2030_Add5_Expert3_Growth2_NZ2050
SUP-050,DenimSource Ltd.,Textiles,EMEA,Turkey,Expert Judgement,2047,Forecast,,868.2,5741.2,620.1,4331.8,0.833,FY2030_Add5_Expert3_Growth2_NZ2050
SUP-050,DenimSource Ltd.,Textiles,EMEA,Turkey,Expert Judgement,2048,Forecast,,590.4,5741.2,413.4,4609.6,0.8865,FY2030_Add5_Expert3_Growth2_NZ2050
SUP-050,DenimSource Ltd.,Textiles,EMEA,Turkey,Expert Judgement,2049,Forecast,,301.1,5741.2,206.7,4898.9,0.9421,FY2030_Add5_Expert3_Growth2_NZ2050
SUP-050,DenimSource Ltd.,Textiles,EMEA,Turkey,Expert Judgement,2050,Forecast,,0,5741.2,0.0,5200.0,1.0,FY2030_Add5_Expert3_Growth2_NZ2050
